Row ID,Order ID,Order Date,Order Priority,Order Quantity,Sales,Discount,Ship Mode,Profit,Unit Price,Shipping Cost,Customer Name,Province,Region,Customer Segment,Product Category,Product Sub-Category,Product Name,Product Container,Product Base Margin,Ship Date
1,3,10/13/2010,Low,6,261.54,0.04,Regular Air,-213.25,38.94,35,Muhammed MacIntyre,Nunavut,Nunavut,Small Business,Office Supplies,Storage & Organization,"Eldon Base for stackable storage shelf, platinum",Large Box,0.8,10/20/2010
85,515,8/28/2010,Not Specified,19,394.27,0.08,Regular Air,30.94,21.78,5.94,Carlos Soltero,Nunavut,Nunavut,Consumer,Office Supplies,Appliances,Holmes HEPA Air Purifier,Medium Box,0.5,8/30/2010
86,515,8/28/2010,Not Specified,21,146.69,0.05,Regular Air,4.43,6.64,4.95,Carlos Soltero,Nunavut,Nunavut,Consumer,Furniture,Office Furnishings,G.E. Longer-Life Indoor Recessed Floodlight Bulbs,Small Pack,0.37,8/30/2010
107,678,2/26/2010,Low,44,228.41,0.07,Regular Air,-226.36,4.98,8.33,Dorothy Badders,Nunavut,Nunavut,Home Office,Office Supplies,Paper,Xerox 198,Small Box,0.38,2/26/2010
127,807,11/23/2010,Medium,45,196.85,0.01,Regular Air,-166.85,4.28,6.18,Neola Schneider,Nunavut,Nunavut,Home Office,Office Supplies,Paper,Xerox 1980,Small Box,0.4,11/24/2010
128,807,11/23/2010,Medium,32,124.56,0.04,Regular Air,-14.33,3.95,2,Neola Schneider,Nunavut,Nunavut,Home Office,Office Supplies,Rubber Bands,Advantus Map Pennant Flags and Round Head Tacks,Wrap Bag,0.53,11/24/2010
213,1412,3/12/2010,Not Specified,13,59.03,0.1,Express Air,26.92,3.69,0.5,Carlos Soltero,Nunavut,Nunavut,Consumer,Office Supplies,Labels,Avery 52,Small Box,0.38,3/14/2010
214,1412,3/12/2010,Not Specified,21,97.48,0.05,Regular Air,-5.77,4.71,0.7,Carlos Soltero,Nunavut,Nunavut,Consumer,Office Supplies,Rubber Bands,Plymouth Boxed Rubber Bands by Plymouth,Wrap Bag,0.8,3/14/2010
250,1761,12/23/2010,High,25,12028.23,0.01,Delivery Truck,-547.61,449.99,49,Carl Ludwig,Nunavut,Nunavut,Corporate,Technology,Copiers and Fax,Canon PC940 Copier,Jumbo Drum,0.38,12/25/2010
256,1792,11/8/2010,Low,28,370.48,0.04,Regular Air,-5.45,13.48,4.51,Carlos Soltero,Nunavut,Nunavut,Consumer,Office Supplies,Storage & Organization,"Tenex Personal Project File with Scoop Front Design, Black",Small Box,0.59,11/13/2010
381,2631,9/23/2010,Low,27,1078.49,0.08,Regular Air,252.66,40.96,1.99,Jack Garza,Nunavut,Nunavut,Corporate,Technology,Computer Peripherals,Fuji 5.2GB DVD-RAM,Small Pack,0.55,9/25/2010
440,2976,12/9/2010,Not Specified,30,14223.82,0.09,Delivery Truck,3424.22,500.98,26,Edward Hooks,Nunavut,Nunavut,Consumer,Furniture,Chairs & Chairmats,Global Troyª Executive Leather Low-Back Tilter,Jumbo Drum,0.6,12/11/2010
577,3908,3/8/2010,Medium,8,820.284,0,Regular Air,-180.20,115.99,2.5,Dorothy Wardle,Nunavut,Nunavut,Corporate,Technology,Telephones and Communication,6160,Small Box,0.57,3/8/2010
656,4612,9/19/2010,Medium,9,89.55,0.06,Regular Air,-375.64,4.48,49,Jim Radford,Nunavut,Nunavut,Corporate,Office Supplies,Appliances,Hoover Portapowerª Portable Vacuum,Large Box,0.6,9/21/2010
769,5506,11/7/2010,Critical,22,129.62,0.05,Regular Air,4.41,5.88,3.04,Beth Thompson,Nunavut,Nunavut,Corporate,Office Supplies,Paper,"Adams Telephone Message Book W/Dividers/Space For Phone Numbers, 5 1/4""X8 1/2"", 300/Messages",Wrap Bag,0.36,11/8/2010
782,5569,4/29/2010,Not Specified,12,118.97,0.09,Regular Air,-0.06,9.65,6.22,Frank Price,Nunavut,Nunavut,Corporate,Furniture,Office Furnishings,"Eldon Expressionsª Desk Accessory, Wood Pencil Holder, Oak",Small Box,0.55,5/1/2010
956,6916,6/4/2010,Low,40,436.17,0.08,Express Air,-141.27,10.9,7.46,Andrew Gjertsen,Nunavut,Nunavut,Consumer,Office Supplies,Storage & Organization,Crate-A-Filesª,Small Box,0.59,6/8/2010
963,6980,2/18/2010,Not Specified,18,136.29,0.05,Regular Air,-77.28,7.3,7.72,Ralph Knight,Nunavut,Nunavut,Consumer,Office Supplies,Binders and Binder Accessories,"Angle-D Binders with Locking Rings, Label Holders",Small Box,0.38,2/19/2010
1017,7430,6/8/2010,Medium,50,751.77,0.05,Regular Air,353.20,15.67,1.39,Barry Weirich,Nunavut,Nunavut,Corporate,Office Supplies,Envelopes,"#10 White Business Envelopes,4 1/8 x 9 1/2",Small Box,0.38,6/9/2010
1457,10499,11/16/2010,Not Specified,29,6250.936,0.01,Delivery Truck,31.21,262.11,62.74,Doug Bickford,Northwest Territories,Northwest Territories,Corporate,Furniture,Tables,Bevis Boat-Shaped Conference Table,Jumbo Box,0.75,11/17/2010
1495,10789,8/23/2010,Not Specified,15,308.54,0,Express Air,76.42,19.84,4.1,Jamie Kunitz,Northwest Territories,Northwest Territories,Corporate,Office Supplies,Pens & Art Supplies,Prismacolor Color Pencil Set,Wrap Bag,0.44,8/24/2010
1589,11456,4/12/2010,Low,15,1519.9,0.09,Regular Air,399.37,105.34,24.49,Doug Bickford,Northwest Territories,Northwest Territories,Corporate,Furniture,Office Furnishings,Deflect-o DuraMat Antistatic Studded Beveled Mat for Medium Pile Carpeting,Large Box,0.61,4/19/2010
1590,11460,8/24/2010,High,30,102.24,0.09,Regular Air,37.79,3.69,0.5,Carl Jackson,Northwest Territories,Northwest Territories,Home Office,Office Supplies,Labels,Avery 487,Small Box,0.38,8/26/2010
1654,11911,11/10/2010,Critical,25,397.84,0,Regular Air,-14.75,15.22,9.73,Edward Hooks,Northwest Territories,Northwest Territories,Consumer,Office Supplies,Binders and Binder Accessories,"GBC Twin Loopª Wire Binding Elements, 9/16"" Spine, Black",Small Box,0.36,11/12/2010
1655,11941,6/24/2010,Critical,4,73.07,0.08,Regular Air,-41.01,15.7,11.25,Jamie Kunitz,Northwest Territories,Northwest Territories,Corporate,Office Supplies,Storage & Organization,Hanging Personal Folder File,Small Box,0.6,6/25/2010
1656,11941,6/24/2010,Critical,26,4679.1,0.05,Delivery Truck,111.52,179.29,29.21,Jamie Kunitz,Northwest Territories,Northwest Territories,Corporate,Furniture,Tables,"Bevis Round Conference Table Top, X-Base",Jumbo Box,0.74,6/25/2010
1745,12485,8/7/2010,Critical,24,5407.31,0.04,Delivery Truck,1068.48,226.67,28.16,Eugene Barchas,Northwest Territories,Northwest Territories,Home Office,Furniture,Chairs & Chairmats,Hon GuestStacker Chair,Jumbo Drum,0.59,8/8/2010
1770,12704,2/9/2010,Low,44,21506.77,0.06,Regular Air,1260.51,499.99,24.49,Carlos Soltero,Northwest Territories,Northwest Territories,Small Business,Technology,Copiers and Fax,Sharp AL-1530CS Digital Copier,Large Box,0.36,2/9/2010
1771,12704,2/9/2010,Low,28,669.02,0.02,Delivery Truck,-1274.02,20.98,53.03,Carlos Soltero,Northwest Territories,Northwest Territories,Small Business,Office Supplies,Storage & Organization,"Tennsco Lockers, Gray",Jumbo Drum,0.78,2/11/2010
1806,12929,8/30/2010,Critical,19,5297.47,0.02,Delivery Truck,-158.93,270.98,50,Jim Radford,Northwest Territories,Northwest Territories,Corporate,Furniture,Chairs & Chairmats,Global Enterprise Series Seating High-Back Swivel/Tilt Chairs,Jumbo Drum,0.77,8/31/2010
1807,12929,8/30/2010,Critical,20,95.3,0,Regular Air,29.68,4.48,1.22,Jim Radford,Northwest Territories,Northwest Territories,Corporate,Office Supplies,Paper,Spiral Phone Message Books with Labels by Adams,Wrap Bag,0.36,8/31/2010
2070,14819,1/25/2010,Not Specified,48,9062.73,0.09,Regular Air,3122.78,207.48,0.99,Carl Jackson,Northwest Territories,Northwest Territories,Home Office,Office Supplies,Appliances,Kensington 7 Outlet MasterPiece Power Center with Fax/Phone Line Protection,Small Box,0.55,1/27/2010
2071,14819,1/25/2010,Not Specified,27,1584.1,0.07,Delivery Truck,-478.22,58.14,36.61,Carl Jackson,Northwest Territories,Northwest Territories,Home Office,Furniture,Bookcases,O'Sullivan 3-Shelf Heavy-Duty Bookcases,Jumbo Box,0.61,1/26/2010
2294,16545,5/9/2010,Not Specified,10,50.97,0.09,Regular Air,4.45,5.16,0.73,Carlos Soltero,Northwest Territories,Northwest Territories,Small Business,Office Supplies,Pens & Art Supplies,Colorific¨ Watercolor Pencils,Wrap Bag,0.56,5/11/2010
2295,16545,5/9/2010,Not Specified,1,4.99,0.04,Regular Air,-3.06,3.68,1.32,Carlos Soltero,Northwest Territories,Northwest Territories,Small Business,Office Supplies,"Scissors, Rulers and Trimmers","*Staples* vLetter Openers, 2/Pack",Wrap Bag,0.83,5/11/2010
2323,16741,9/30/2010,Medium,6,157.97,0.01,Regular Air,-42.38,22.84,16.87,Nicole Hansen,Northwest Territories,Northwest Territories,Small Business,Office Supplies,Paper,Xerox 1982,Small Box,0.39,10/1/2010
2346,16932,4/15/2010,Critical,25,144.84,0.09,Regular Air,-120.99,5.78,8.09,Carlos Soltero,Northwest Territories,Northwest Territories,Consumer,Office Supplies,Paper,Xerox 1924,Small Box,0.36,4/16/2010
2347,16932,4/15/2010,Critical,20,127.16,0.09,Regular Air,12.88,6.7,1.56,Carlos Soltero,Northwest Territories,Northwest Territories,Consumer,Office Supplies,Pens & Art Supplies,Turquoise Lead Holder with Pocket Clip,Wrap Bag,0.52,4/15/2010
2384,17286,9/21/2010,High,7,1810.67,0.09,Delivery Truck,-541.87,270.98,50,Muhammed MacIntyre,Northwest Territories,Northwest Territories,Small Business,Furniture,Chairs & Chairmats,Global Enterprise Series Seating High-Back Swivel/Tilt Chairs,Jumbo Drum,0.77,9/22/2010
2402,17409,8/17/2010,Not Specified,31,633.56,0.09,Regular Air,-158.87,20.97,6.5,Muhammed MacIntyre,Northwest Territories,Northwest Territories,Small Business,Technology,Computer Peripherals,Microsoft Internet Keyboard,Small Box,0.78,8/19/2010
2615,18887,12/5/2010,Not Specified,9,173.417,0,Regular Air,18.23,20.99,0.99,Clay Rozendal,Northwest Territories,Northwest Territories,Corporate,Technology,Telephones and Communication,Accessory21,Wrap Bag,0.37,12/7/2010
2727,19686,8/15/2010,Medium,2,42.31,0.06,Regular Air,-53.08,17.98,8.51,Alan Barnes,Northwest Territories,Northwest Territories,Corporate,Technology,Office Machines,Canon P1-DHIII Palm Printing Calculator,Medium Box,0.4,8/15/2010
2728,19686,8/15/2010,Medium,11,152.67,0.04,Regular Air,12.76,12.95,4.98,Alan Barnes,Northwest Territories,Northwest Territories,Corporate,Office Supplies,Binders and Binder Accessories,GBC Binding covers,Small Box,0.4,8/17/2010
2935,21285,7/3/2010,Medium,32,54.78,0.02,Regular Air,-30.54,1.68,1.57,Adrian Hane,Northwest Territories,Northwest Territories,Corporate,Office Supplies,Pens & Art Supplies,Newell 323,Wrap Bag,0.59,7/4/2010
2936,21285,7/3/2010,Medium,47,304.83,0.1,Regular Air,23.82,7.08,2.35,Adrian Hane,Northwest Territories,Northwest Territories,Corporate,Office Supplies,Pens & Art Supplies,SANFORD Major Accentª Highlighters,Wrap Bag,0.47,7/5/2010
3052,21889,4/1/2010,Low,21,1049.79,0.08,Regular Air,135.79,51.75,19.99,Becky Castell,Northwest Territories,Northwest Territories,Consumer,Furniture,Office Furnishings,"Howard Miller 13-3/4"" Diameter Brushed Chrome Round Wall Clock",Small Box,0.55,4/8/2010
3053,21889,4/1/2010,Low,16,817.18,0.1,Regular Air,103.38,55.29,5.08,Becky Castell,Northwest Territories,Northwest Territories,Consumer,Office Supplies,Storage & Organization,Recycled Steel Personal File for Standard File Folders,Small Box,0.59,4/3/2010
3089,22151,7/31/2010,High,49,465.83,0.1,Regular Air,-79.72,9.65,6.22,Beth Thompson,Northwest Territories,Northwest Territories,Corporate,Furniture,Office Furnishings,"Eldon Expressionsª Desk Accessory, Wood Pencil Holder, Oak",Small Box,0.55,7/31/2010
3135,22469,10/11/2010,High,44,275.91,0.1,Regular Air,-162.37,7.99,5.03,Jack Lebron,Northwest Territories,Northwest Territories,Corporate,Technology,Telephones and Communication,Bell Sonecor JB700 Caller ID,Medium Box,0.6,10/13/2010
3138,22501,5/18/2010,High,2,30.83,0.04,Express Air,7.27,7.64,1.39,Alan Barnes,Northwest Territories,Northwest Territories,Corporate,Office Supplies,Envelopes,"#10- 4 1/8"" x 9 1/2"" Security-Tint Envelopes",Small Box,0.36,5/19/2010
3244,23264,12/7/2010,Critical,16,108.42,0.02,Regular Air,-50.82,6.48,6.81,Clay Rozendal,Northwest Territories,Northwest Territories,Corporate,Office Supplies,Paper,Xerox 1930,Small Box,0.36,12/9/2010
3245,23264,12/7/2010,Critical,27,78.47,0.06,Regular Air,17.99,2.88,0.99,Clay Rozendal,Northwest Territories,Northwest Territories,Corporate,Office Supplies,Labels,Avery 474,Small Box,0.36,12/9/2010
3355,24007,8/26/2010,Low,26,531.66,0.08,Regular Air,135.65,20.89,1.99,Joy Bell,Northwest Territories,Northwest Territories,Home Office,Technology,Computer Peripherals,"IBM 80 Minute CD-R Spindle, 50/Pack",Small Pack,0.48,9/2/2010
3356,24007,8/26/2010,Low,28,317.85,0.06,Regular Air,-13.95,11.58,6.97,Joy Bell,Northwest Territories,Northwest Territories,Home Office,Office Supplies,Envelopes,"Peel & Seel¨ Recycled Catalog Envelopes, Brown",Small Box,0.35,9/2/2010
3357,24007,8/26/2010,Low,42,163.08,0.09,Regular Air,66.17,4.13,0.5,Joy Bell,Northwest Territories,Northwest Territories,Home Office,Office Supplies,Labels,Avery 506,Small Box,0.39,8/30/2010
3371,24097,8/4/2010,High,1,17.19,0,Regular Air,-35.34,14.48,1.99,Anthony Johnson,Northwest Territories,Northwest Territories,Small Business,Technology,Computer Peripherals,TDK 4.7GB DVD+RW,Small Pack,0.49,8/4/2010
3372,24097,8/4/2010,High,27,2689.48,0.04,Regular Air,399.93,99.99,19.99,Anthony Johnson,Northwest Territories,Northwest Territories,Small Business,Technology,Computer Peripherals,U.S. Robotics 56K Internet Call Modem,Small Box,0.5,8/6/2010
3373,24097,8/4/2010,High,2,15.31,0.01,Regular Air,-8.15,4.98,4.86,Anthony Johnson,Northwest Territories,Northwest Territories,Small Business,Office Supplies,Paper,Xerox 190,Small Box,0.38,8/6/2010
3380,24128,11/23/2010,High,13,270.63,0.1,Regular Air,7.07,21.98,8.32,Eugene Barchas,Northwest Territories,Northwest Territories,Corporate,Office Supplies,Paper,Standard Lineª ÒWhile You Were OutÓ Hardbound Telephone Message Book,Wrap Bag,0.39,11/25/2010
3381,24128,11/23/2010,High,43,6583.913,0.09,Regular Air,1459.79,195.99,3.99,Eugene Barchas,Northwest Territories,Northwest Territories,Corporate,Technology,Telephones and Communication,CF 888,Small Box,0.59,11/25/2010
3434,24515,5/6/2010,Critical,41,3051.27,0.1,Delivery Truck,121.48,80.97,33.6,Eugene Barchas,Northwest Territories,Northwest Territories,Home Office,Technology,Office Machines,Lexmark Z25 Color Inkjet Printer,Jumbo Drum,0.37,5/8/2010
3591,25634,7/29/2010,Not Specified,29,593.32,0.03,Regular Air,28.99,20.95,4,Mike Pelletier,Northwest Territories,Northwest Territories,Corporate,Technology,Computer Peripherals,"Fellowes Basic 104-Key Keyboard, Platinum",Small Box,0.6,8/1/2010
3592,25634,7/29/2010,Not Specified,26,626.07,0.03,Express Air,185.32,23.99,6.71,Mike Pelletier,Northwest Territories,Northwest Territories,Corporate,Office Supplies,Envelopes,"Recycled Interoffice Envelopes with String and Button Closure, 10 x 13",Small Box,0.35,7/30/2010
3641,26023,8/20/2010,High,49,120.77,0.03,Regular Air,19.86,2.47,1.02,Charles McCrossin,Northwest Territories,Northwest Territories,Corporate,Office Supplies,Rubber Bands,Staples Paper Clips,Wrap Bag,0.38,8/21/2010
3643,26051,6/27/2010,Not Specified,22,795.74,0,Delivery Truck,-127.39,33.94,19.19,Annie Cyprus,Northwest Territories,Northwest Territories,Home Office,Furniture,Chairs & Chairmats,"Metal Folding Chairs, Beige, 4/Carton",Jumbo Drum,0.58,6/29/2010
3644,26051,6/27/2010,Not Specified,31,251.75,0.07,Regular Air,22.46,8.33,1.99,Annie Cyprus,Northwest Territories,Northwest Territories,Home Office,Technology,Computer Peripherals,"80 Minute Slim Jewel Case CD-R , 10/Pack - Staples",Small Pack,0.52,6/28/2010
3658,26182,1/16/2010,Not Specified,30,4684.9,0.01,Delivery Truck,-549.27,150.98,66.27,Doug Bickford,Northwest Territories,Northwest Territories,Corporate,Furniture,Bookcases,Bush Mission Pointe Library,Jumbo Box,0.65,1/19/2010
3711,26499,2/21/2010,Medium,11,32.4,0.05,Regular Air,8.78,2.88,0.5,Sylvia Foulston,Northwest Territories,Northwest Territories,Corporate,Office Supplies,Labels,Avery 507,Small Box,0.39,2/22/2010
3873,27680,1/26/2010,Critical,32,324.4,0.1,Regular Air,-46.98,10.89,4.5,Delfina Latchford,Northwest Territories,Northwest Territories,Small Business,Office Supplies,Appliances,Belkin 6 Outlet Metallic Surge Strip,Small Box,0.59,1/27/2010
3874,27680,1/26/2010,Critical,19,137.02,0.01,Regular Air,-46.89,6.48,6.6,Delfina Latchford,Northwest Territories,Northwest Territories,Small Business,Office Supplies,Paper,Xerox 21,Small Box,0.37,1/27/2010
3963,28289,1/14/2010,High,31,166.76,0.01,Regular Air,-46.03,4.98,4.75,Carl Ludwig,Northwest Territories,Northwest Territories,Corporate,Office Supplies,Paper,Hammermill CopyPlus Copy Paper (20Lb. and 84 Bright),Small Box,0.36,1/15/2010
4346,30947,7/14/2010,Low,17,691.59,0.03,Regular Air,261.24,41.94,2.99,Charles McCrossin,Northwest Territories,Northwest Territories,Corporate,Office Supplies,Binders and Binder Accessories,"Avery Trapezoid Extra Heavy Duty 4"" Binders",Small Box,0.35,7/18/2010
4347,30947,7/14/2010,Low,45,345.2,0.01,Regular Air,183.53,7.31,0.49,Charles McCrossin,Northwest Territories,Northwest Territories,Corporate,Office Supplies,Labels,Self-Adhesive Address Labels for Typewriters by Universal,Small Box,0.38,7/18/2010
4362,31077,10/23/2010,Not Specified,36,1955.0765,0.06,Regular Air,470.83,65.99,3.9,Bryan Mills,Northwest Territories,Northwest Territories,Small Business,Technology,Telephones and Communication,StarTAC Series,Small Box,0.55,10/25/2010
4411,31492,10/15/2010,Critical,26,321.68,0.04,Regular Air,-12.25,11.97,4.98,Nicole Hansen,Northwest Territories,Northwest Territories,Small Business,Office Supplies,Appliances,Staples 6 Outlet Surge,Small Box,0.58,10/17/2010
4412,31492,10/15/2010,Critical,34,971.95,0.09,Express Air,-21.10,29.74,6.64,Nicole Hansen,Northwest Territories,Northwest Territories,Small Business,Office Supplies,Storage & Organization,Acco Perma¨ 2700 Stacking Storage Drawers,Small Box,0.7,10/18/2010
4413,31492,10/15/2010,Critical,23,2149.03,0.03,Regular Air,-235.56,95.43,19.99,Nicole Hansen,Northwest Territories,Northwest Territories,Small Business,Office Supplies,Storage & Organization,Fellowes Stor/Drawer¨ Steel Plusª Storage Drawers,Small Box,0.79,10/16/2010
4524,32193,10/20/2010,Low,4,40.72,0.1,Express Air,-10.25,6.68,6.93,Chad Cunningham,Northwest Territories,Northwest Territories,Small Business,Office Supplies,Paper,HP Office Paper (20Lb. and 87 Bright),Small Box,0.37,10/22/2010
4525,32193,10/20/2010,Low,27,113.3,0.02,Regular Air,37.33,3.93,0.99,Chad Cunningham,Northwest Territories,Northwest Territories,Small Business,Office Supplies,Rubber Bands,Staples Vinyl Coated Paper Clips,Wrap Bag,0.39,10/25/2010
4532,32229,8/30/2010,High,8,1219.19,0.02,Regular Air,44.37,150.98,13.99,Carlos Daly,Northwest Territories,Northwest Territories,Corporate,Technology,Office Machines,Canon MP41DH Printing Calculator,Medium Box,0.38,8/30/2010
4533,32229,8/30/2010,High,15,28.68,0,Regular Air,-0.12,1.76,0.7,Carlos Daly,Northwest Territories,Northwest Territories,Corporate,Office Supplies,Pens & Art Supplies,Newell 310,Wrap Bag,0.56,8/31/2010
4599,32743,5/7/2010,Critical,19,3548.67,0.01,Regular Air,1280.19,177.98,0.99,Grant Carroll,Northwest Territories,Northwest Territories,Corporate,Office Supplies,Appliances,Kensington 7 Outlet MasterPiece Power Center,Small Box,0.56,5/9/2010
4651,33123,11/24/2010,Medium,41,6045.98,0.08,Delivery Truck,-996.67,150.98,66.27,Roy Skaria,Northwest Territories,Northwest Territories,Corporate,Furniture,Bookcases,Bush Mission Pointe Library,Jumbo Box,0.65,11/26/2010
4738,33703,2/6/2010,Not Specified,4,242.36,0.08,Regular Air,-131.48,60.98,1.99,Carl Ludwig,Northwest Territories,Northwest Territories,Corporate,Technology,Computer Peripherals,Imation 5.2GB DVD-RAM,Small Pack,0.5,2/7/2010
4739,33703,2/6/2010,Not Specified,25,802.19,0,Regular Air,56.26,29.74,6.64,Carl Ludwig,Northwest Territories,Northwest Territories,Corporate,Office Supplies,Storage & Organization,Acco Perma¨ 2700 Stacking Storage Drawers,Small Box,0.7,2/7/2010
4740,33703,2/6/2010,Not Specified,4,63.52,0.08,Express Air,-8.47,12.21,4.81,Carl Ludwig,Northwest Territories,Northwest Territories,Corporate,Office Supplies,Storage & Organization,Portable Personal File Box,Small Box,0.58,2/8/2010
4772,33894,6/14/2010,Critical,14,140.66,0,Regular Air,11.34,9.27,4.39,Doug Bickford,Northwest Territories,Northwest Territories,Corporate,Office Supplies,Paper,"Wirebound Message Books, Four 2 3/4"" x 5"" Forms per Page, 600 Sets per Book",Wrap Bag,0.38,6/17/2010
4773,33894,6/14/2010,Critical,5,42.89,0.02,Regular Air,-32.48,6.84,8.37,Doug Bickford,Northwest Territories,Northwest Territories,Corporate,Office Supplies,"Scissors, Rulers and Trimmers","Acme Design Line 8"" Stainless Steel Bent Scissors w/Champagne Handles, 3-1/8"" Cut",Small Pack,0.58,6/15/2010
4774,33894,6/14/2010,Critical,48,226.5,0.09,Regular Air,-173.15,4.98,4.62,Doug Bickford,Northwest Territories,Northwest Territories,Corporate,Technology,Computer Peripherals,"Imation 3.5"", DISKETTE 44766 HGHLD3.52HD/FM, 10/Pack",Small Pack,0.64,6/16/2010
4775,33894,6/14/2010,Critical,13,438.93,0.04,Express Air,-119.02,32.98,5.5,Doug Bickford,Northwest Territories,Northwest Territories,Corporate,Technology,Computer Peripherals,PC Concepts 116 Key Quantum 3000 Keyboard,Small Box,0.75,6/16/2010
4777,33922,2/27/2010,Not Specified,31,15251.5,0.06,Delivery Truck,5353.19,500.97,69.3,Carlos Daly,Northwest Territories,Northwest Territories,Home Office,Technology,Office Machines,Epson Stylus 1520 Color Inkjet Printer,Jumbo Drum,0.37,2/27/2010
4820,34246,10/7/2010,Critical,49,199.86,0.03,Regular Air,-257.11,4.06,6.89,Thomas Seio,Northwest Territories,Northwest Territories,Home Office,Office Supplies,Appliances,Eureka Disposable Bags for Sanitaire¨ Vibra Groomer I¨ Upright Vac,Small Box,0.6,10/8/2010
4821,34246,10/7/2010,Critical,18,1888.02,0.03,Regular Air,192.33,99.99,19.99,Thomas Seio,Northwest Territories,Northwest Territories,Home Office,Technology,Office Machines,AT&T 2230 Dual Handset Phone With Caller ID/Call Waiting,Small Box,0.52,10/8/2010
4822,34246,10/7/2010,Critical,27,322.69,0.01,Regular Air,1.91,11.58,6.97,Thomas Seio,Northwest Territories,Northwest Territories,Home Office,Office Supplies,Envelopes,"Peel & Seel¨ Recycled Catalog Envelopes, Brown",Small Box,0.35,10/9/2010
4929,35047,6/9/2010,Medium,31,148.17,0,Regular Air,-7.06,4.71,0.7,Charlotte Melton,Northwest Territories,Northwest Territories,Home Office,Office Supplies,Rubber Bands,Sterling Rubber Bands by Alliance,Wrap Bag,0.85,6/11/2010
5074,36134,11/22/2010,Low,6,826.9735,0.01,Regular Air,-413.33,155.99,8.99,Grant Carroll,Northwest Territories,Northwest Territories,Corporate,Technology,Telephones and Communication,R280,Small Box,0.55,11/22/2010
5139,36646,6/8/2010,Medium,24,1168.15,0.04,Express Air,-743.96,48.91,35,Muhammed MacIntyre,Northwest Territories,Northwest Territories,Small Business,Office Supplies,Storage & Organization,Tennsco Industrial Shelving,Large Box,0.83,6/9/2010
5275,37541,2/26/2010,Medium,3,71.94,0.01,Regular Air,-70.68,20.95,5.99,Claudia Miner,Northwest Territories,Northwest Territories,Small Business,Technology,Computer Peripherals,"Fellowes Basic 104-Key Keyboard, Platinum",Small Box,0.65,2/28/2010
5276,37541,2/26/2010,Medium,10,550.61,0.08,Express Air,98.32,55.98,13.88,Claudia Miner,Northwest Territories,Northwest Territories,Small Business,Office Supplies,Paper,Xerox 1882,Small Box,0.36,2/27/2010
5277,37541,2/26/2010,Medium,18,1373.11,0.1,Regular Air,-599.54,80.98,35,Claudia Miner,Northwest Territories,Northwest Territories,Small Business,Office Supplies,Storage & Organization,Carina Double Wide Media Storage Towers in Natural & Black,Large Box,0.81,2/28/2010
5325,37860,8/27/2010,Medium,1,104.85,0.07,Regular Air,-98.31,55.5,52.2,Mike Pelletier,Northwest Territories,Northwest Territories,Corporate,Furniture,Office Furnishings,Eldon Cleatmat¨ Chair Mats for Medium Pile Carpets,Medium Box,0.72,8/29/2010
5659,40036,6/7/2010,Not Specified,10,568.3355,0.02,Regular Air,-147.36,65.99,8.99,Heather Kirkland,Northwest Territories,Northwest Territories,Home Office,Technology,Telephones and Communication,8260,Small Box,0.58,6/8/2010
5746,40804,3/12/2010,Medium,36,4273.8,0.06,Delivery Truck,-1775.83,122.99,70.2,Barry French,Northwest Territories,Northwest Territories,Consumer,Furniture,Chairs & Chairmats,"Global High-Back Leather Tilter, Burgundy",Jumbo Drum,0.74,3/14/2010
5944,42209,3/29/2010,High,5,324.55,0.08,Regular Air,-12.82,67.84,0.99,Alan Barnes,Northwest Territories,Northwest Territories,Corporate,Office Supplies,Appliances,Fellowes Command Center 5-outlet power strip,Small Box,0.58,3/29/2010
5945,42209,3/29/2010,High,31,8901.78,0.04,Regular Air,2795.36,276.2,24.49,Alan Barnes,Northwest Territories,Northwest Territories,Corporate,Furniture,Chairs & Chairmats,SAFCO Arco Folding Chair,Large Box,,4/1/2010
6007,42561,2/6/2010,Low,15,1062.959,0.07,Express Air,298.48,85.99,2.5,Beth Paige,Northwest Territories,Northwest Territories,Consumer,Technology,Telephones and Communication,Accessory12,Small Box,0.35,2/8/2010
6029,42695,12/22/2010,Not Specified,12,710.328,0.02,Regular Air,-10.30,65.99,5.31,Delfina Latchford,Northwest Territories,Northwest Territories,Small Business,Technology,Telephones and Communication,3390,Small Box,0.57,12/24/2010
6103,43236,7/3/2010,Not Specified,20,205.33,0,Regular Air,10.68,9.77,6.02,Jamie Kunitz,Northwest Territories,Northwest Territories,Corporate,Furniture,Office Furnishings,DAX Solid Wood Frames,Medium Box,0.48,7/5/2010
6118,43329,3/7/2010,Medium,42,2475.83,0.09,Regular Air,752.37,59.98,3.99,Doug Bickford,Northwest Territories,Northwest Territories,Corporate,Office Supplies,Appliances,Belkin 8 Outlet SurgeMaster II Gold Surge Protector,Small Box,0.57,3/10/2010
6129,43392,12/31/2010,Medium,39,6553.45,0.03,Regular Air,2969.81,162.93,19.99,Doug Bickford,Northwest Territories,Northwest Territories,Small Business,Office Supplies,Envelopes,Multimedia Mailers,Small Box,0.39,1/2/2011
6176,43781,2/2/2010,Not Specified,45,497.14,0.05,Regular Air,240.41,10.94,1.39,Claudia Miner,Northwest Territories,Northwest Territories,Small Business,Office Supplies,Envelopes,"White Business Envelopes with Contemporary Seam, Recycled White Business Envelopes",Small Box,0.35,2/2/2010
6177,43781,2/2/2010,Not Specified,21,917.39,0.02,Express Air,393.41,40.98,2.99,Claudia Miner,Northwest Territories,Northwest Territories,Small Business,Office Supplies,Binders and Binder Accessories,"Avery Trapezoid Ring Binder, 3"" Capacity, Black, 1040 sheets",Small Box,0.36,2/3/2010
6290,44519,5/19/2010,High,48,224.58,0.03,Regular Air,-144.76,4.57,5.42,Dorothy Wardle,Northwest Territories,Northwest Territories,Corporate,Office Supplies,Binders and Binder Accessories,Newell¨ 3-Hole Punched Plastic Slotted Magazine Holders for Binders,Small Box,0.37,5/20/2010
6291,44519,5/19/2010,High,34,365.77,0.07,Regular Air,155.69,10.67,1.39,Dorothy Wardle,Northwest Territories,Northwest Territories,Corporate,Office Supplies,Envelopes,Laser & Ink Jet Business Envelopes,Small Box,0.39,5/20/2010
6292,44519,5/19/2010,High,34,16073.03,0.01,Delivery Truck,5386.32,442.14,14.7,Dorothy Wardle,Northwest Territories,Northwest Territories,Corporate,Technology,Office Machines,Okidata ML390 Turbo Dot Matrix Printers,Jumbo Drum,0.56,5/20/2010
6372,45217,9/1/2010,Not Specified,40,6789.9275,0.08,Regular Air,1864.66,200.99,4.2,Ralph Knight,Northwest Territories,Northwest Territories,Consumer,Technology,Telephones and Communication,2160i,Small Box,0.59,9/2/2010
6439,45766,5/7/2010,High,37,2522.21,0,Regular Air,1026.07,63.94,14.48,Charlotte Melton,Northwest Territories,Northwest Territories,Home Office,Furniture,Office Furnishings,"Howard Miller 16"" Diameter Gallery Wall Clock",Small Box,0.46,5/9/2010
6440,45766,5/7/2010,High,28,4181.82,0.01,Regular Air,1765.48,140.99,13.99,Charlotte Melton,Northwest Territories,Northwest Territories,Home Office,Technology,Office Machines,Canon MP100DHII Printing Calculator,Medium Box,0.37,5/8/2010
6450,45957,9/21/2010,Critical,20,759.84,0.06,Regular Air,162.83,39.24,1.99,Neola Schneider,Northwest Territories,Northwest Territories,Home Office,Technology,Computer Peripherals,Verbatim DVD-R 4.7GB authoring disc,Small Pack,0.51,9/23/2010
6451,45957,9/21/2010,Critical,19,147.39,0.08,Regular Air,-30.92,7.64,5.83,Neola Schneider,Northwest Territories,Northwest Territories,Home Office,Office Supplies,Paper,"Rediform Wirebound ""Phone Memo"" Message Book, 11 x 5-3/4",Wrap Bag,0.36,9/23/2010
6665,47460,10/10/2010,Critical,12,31.6,0.1,Regular Air,-3.64,2.84,0.93,Jamie Kunitz,Northwest Territories,Northwest Territories,Corporate,Office Supplies,Pens & Art Supplies,SANFORD Liquid Accentª Tank-Style Highlighters,Wrap Bag,0.54,10/12/2010
6704,47749,3/16/2010,Medium,46,399.58,0.04,Regular Air,-188.53,8.45,7.77,Cari Schnelling,Northwest Territories,Northwest Territories,Small Business,Office Supplies,"Scissors, Rulers and Trimmers","Elite 5"" Scissors",Small Pack,0.55,3/16/2010
6721,47873,11/13/2010,Critical,8,52.39,0.08,Regular Air,-17.38,5.89,5.57,Doug Bickford,Northwest Territories,Northwest Territories,Corporate,Furniture,Office Furnishings,Eldon Wave Desk Accessories,Small Box,0.41,11/15/2010
6858,48839,7/10/2010,Critical,1,97.13,0.05,Regular Air,-37.06,98.31,0.49,Carlos Daly,Northwest Territories,Northwest Territories,Corporate,Office Supplies,Labels,"Dot Matrix Printer Tape Reel Labels, White, 5000/Box",Small Box,0.36,7/12/2010
7042,50278,5/25/2010,High,2,51.21,0,Regular Air,-27.53,20.98,8.83,Beth Thompson,Northwest Territories,Northwest Territories,Corporate,Office Supplies,Binders and Binder Accessories,Premium Transparent Presentation Covers by GBC,Small Box,0.37,5/25/2010
7043,50278,5/25/2010,High,20,2195.55,0.01,Delivery Truck,-355.94,100.8,60,Beth Thompson,Northwest Territories,Northwest Territories,Corporate,Furniture,Tables,"Barricks 18"" x 48"" Non-Folding Utility Table with Bottom Storage Shelf",Jumbo Drum,0.59,5/27/2010
7168,51169,12/24/2010,High,2,291.66,0.08,Regular Air,-192.92,136.98,24.49,Cari Schnelling,Northwest Territories,Northwest Territories,Home Office,Furniture,Office Furnishings,"3M Polarizing Task Lamp with Clamp Arm, Light Gray",Large Box,0.59,12/26/2010
7318,52193,3/5/2010,Not Specified,1,17.89,0.04,Express Air,10.51,2.88,0.5,Mike Pelletier,Northwest Territories,Northwest Territories,Corporate,Office Supplies,Labels,Avery 492,Small Box,0.39,3/7/2010
7319,52193,3/5/2010,Not Specified,47,137.18,0.07,Regular Air,6.04,2.94,0.96,Mike Pelletier,Northwest Territories,Northwest Territories,Corporate,Office Supplies,Pens & Art Supplies,Newell 343,Wrap Bag,0.58,3/7/2010
7404,52807,11/25/2010,Medium,28,667.55,0,Regular Air,204.74,21.98,2.87,Andrew Gjertsen,Northwest Territories,Northwest Territories,Consumer,Office Supplies,Pens & Art Supplies,Panasonic KP-310 Heavy-Duty Electric Pencil Sharpener,Small Pack,0.55,11/27/2010
7430,52964,3/31/2010,Critical,44,5735.79,0.08,Regular Air,828.27,136.98,24.49,Jim Radford,Northwest Territories,Northwest Territories,Corporate,Furniture,Office Furnishings,"3M Polarizing Task Lamp with Clamp Arm, Light Gray",Large Box,0.59,4/1/2010
7584,54274,11/23/2010,Not Specified,20,1583.06,0.05,Regular Air,328.00,78.65,13.99,Don Jones,Northwest Territories,Northwest Territories,Corporate,Office Supplies,Appliances,Honeywell Quietcare HEPA Air Cleaner,Medium Box,0.52,11/25/2010
7585,54276,2/6/2010,Not Specified,21,756.6,0,Regular Air,299.59,35.44,4.92,Chad Cunningham,Northwest Territories,Northwest Territories,Small Business,Office Supplies,Paper,Staples Colored Bar Computer Paper,Small Box,0.38,2/7/2010
7633,54628,6/5/2010,High,21,471.24,0.07,Regular Air,115.54,22.98,1.99,Fred Wasserman,Northwest Territories,Northwest Territories,Home Office,Technology,Computer Peripherals,"Memorex 80 Minute CD-R, 30/Pack",Small Pack,0.46,6/6/2010
7729,55363,12/28/2010,High,14,2232.06,0.03,Regular Air,542.16,155.06,7.07,Ralph Arnett,Northwest Territories,Northwest Territories,Consumer,Office Supplies,Storage & Organization,"Dual Level, Single-Width Filing Carts",Small Box,0.59,12/30/2010
7993,57127,2/16/2010,Low,13,735.54,0,Regular Air,171.82,55.48,14.3,Ralph Knight,Northwest Territories,Northwest Territories,Consumer,Office Supplies,Paper,Xerox 194,Small Box,0.37,2/18/2010
8024,57344,9/24/2010,High,47,1060.0605,0.1,Regular Air,-71.03,28.99,8.59,Sylvia Foulston,Northwest Territories,Northwest Territories,Corporate,Technology,Telephones and Communication,SouthWestern Bell FA970 Digital Answering Machine with Time/Day Stamp,Medium Box,0.56,9/26/2010
8136,58150,5/7/2010,Critical,24,60.36,0.03,Regular Air,-119.62,2.16,6.05,Susan Vittorini,Prince Edward Island,Atlantic,Corporate,Office Supplies,Binders and Binder Accessories,Peel & Stick Add-On Corner Pockets,Small Box,0.37,5/7/2010
8344,59651,5/20/2010,Critical,36,283.21,0.08,Regular Air,-196.06,8.04,8.94,Brendan Dodson,Prince Edward Island,Atlantic,Corporate,Office Supplies,Binders and Binder Accessories,"Fellowes Twister Kit, Gray/Clear, 3/pkg",Small Box,0.4,5/22/2010
8345,59651,5/20/2010,Critical,18,45.8,0.04,Regular Air,-52.92,2.23,4.57,Brendan Dodson,Prince Edward Island,Atlantic,Corporate,Furniture,Office Furnishings,Eldon Pizzazª Desk Accessories,Small Pack,0.41,5/22/2010
115,769,6/1/2010,Medium,37,4261.94,0.02,Delivery Truck,4.15,115.99,56.14,Roy French,Prince Edward Island,Atlantic,Consumer,Technology,Office Machines,Hewlett-Packard Deskjet 5550 Color Inkjet Printer,Jumbo Drum,0.4,6/2/2010
119,773,9/25/2010,Medium,38,2071.3395,0.06,Regular Air,324.93,65.99,8.99,Helen Abelman,Prince Edward Island,Atlantic,Home Office,Technology,Telephones and Communication,Talkabout T8367,Small Box,0.56,9/26/2010
342,2339,12/14/2010,Low,12,1634.98,0.09,Regular Air,-120.45,140.85,19.99,Jennifer Braxton,Prince Edward Island,Atlantic,Small Business,Office Supplies,Storage & Organization,"Fellowes Strictly Business¨ Drawer File, Letter/Legal Size",Small Box,0.73,12/16/2010
587,4007,6/17/2010,High,18,1038.4,0.01,Regular Air,112.36,56.96,13.22,Jack Lebron,Prince Edward Island,Atlantic,Corporate,Office Supplies,Appliances,"Conquestª 14 Commercial Heavy-Duty Upright Vacuum, Collection System, Accessory Kit",Small Box,0.56,6/18/2010
588,4007,6/17/2010,High,1,305.82,0.05,Regular Air,-232.24,279.48,35,Jack Lebron,Prince Edward Island,Atlantic,Corporate,Office Supplies,Storage & Organization,"Tennsco Snap-Together Open Shelving Units, Starter Sets and Add-On Units",Large Box,0.8,6/18/2010
1106,8131,5/3/2010,Critical,24,717.29,0.01,Regular Air,191.29,29.89,1.99,Helen Abelman,Prince Edward Island,Atlantic,Home Office,Technology,Computer Peripherals,"Verbatim DVD-RAM, 5.2GB, Rewritable, Type 1, DS",Small Pack,0.5,5/3/2010
1442,10435,8/10/2010,Medium,38,871.25,0.06,Regular Air,-14.31,22.99,8.99,Evan Minnotte,Prince Edward Island,Atlantic,Corporate,Office Supplies,Pens & Art Supplies,Boston KS Multi-Size Manual Pencil Sharpener,Small Pack,0.57,8/12/2010
1443,10435,8/10/2010,Medium,46,537.87,0.05,Regular Air,-162.24,11.66,7.95,Evan Minnotte,Prince Edward Island,Atlantic,Corporate,Office Supplies,Pens & Art Supplies,"Hunt BOSTON¨ Vista¨ Battery-Operated Pencil Sharpener, Black",Small Pack,0.58,8/11/2010
1503,10852,10/26/2010,High,17,285.84,0.02,Regular Air,-27.26,15.28,10.91,Harold Engle,Prince Edward Island,Atlantic,Home Office,Office Supplies,Binders and Binder Accessories,Recycled Premium Regency Composition Covers,Small Box,0.36,10/28/2010
1504,10852,10/26/2010,High,40,12450.48,0.01,Delivery Truck,3030.16,300.98,54.92,Harold Engle,Prince Edward Island,Atlantic,Home Office,Furniture,Bookcases,"Atlantic Metals Mobile 5-Shelf Bookcases, Custom Colors",Jumbo Box,0.55,10/27/2010
2158,15463,7/24/2010,Low,48,293.3,0.04,Express Air,-193.48,5.98,7.5,Evan Minnotte,Prince Edward Island,Atlantic,Corporate,Office Supplies,Paper,Xerox 1920,Small Box,0.4,7/26/2010
2164,15618,8/4/2010,Medium,9,50.93,0.06,Regular Air,-34.98,5.28,6.26,Joy Smith,Prince Edward Island,Atlantic,Consumer,Office Supplies,Paper,Xerox 1928,Small Box,0.4,8/7/2010
2165,15618,8/4/2010,Medium,44,792.8,0.08,Regular Air,26.27,18.97,9.54,Joy Smith,Prince Edward Island,Atlantic,Consumer,Office Supplies,Paper,Xerox 1939,Small Box,0.37,8/6/2010
2166,15618,8/4/2010,Medium,14,782.4505,0.06,Regular Air,-11.40,65.99,3.99,Joy Smith,Prince Edward Island,Atlantic,Consumer,Technology,Telephones and Communication,StarTAC 7760,Small Box,0.59,8/6/2010
2362,17090,4/28/2010,Low,30,4177.52,0.04,Delivery Truck,-443.78,140.98,36.09,Greg Guthrie,Prince Edward Island,Atlantic,Corporate,Furniture,Bookcases,"Sauder Forest Hills Library, Woodland Oak Finish",Jumbo Box,0.77,4/30/2010
2363,17090,4/28/2010,Low,26,3351.08,0.05,Delivery Truck,-1086.43,122.99,70.2,Greg Guthrie,Prince Edward Island,Atlantic,Corporate,Furniture,Chairs & Chairmats,"Global High-Back Leather Tilter, Burgundy",Jumbo Drum,0.74,5/3/2010
2506,18210,8/6/2010,Not Specified,27,9293.82,0.08,Regular Air,2437.17,363.25,19.99,Greg Guthrie,Prince Edward Island,Atlantic,Small Business,Office Supplies,Appliances,Hoover WindTunnelª Plus Canister Vacuum,Small Box,0.57,8/7/2010
2507,18210,8/6/2010,Not Specified,27,80.79,0,Regular Air,12.58,2.88,0.7,Greg Guthrie,Prince Edward Island,Atlantic,Small Business,Office Supplies,Pens & Art Supplies,Newell 335,Wrap Bag,0.56,8/7/2010
2770,20033,5/21/2010,Critical,5,2543.95,0.04,Regular Air,-1011.32,499.99,24.49,Jack Lebron,Prince Edward Island,Atlantic,Corporate,Technology,Copiers and Fax,Sharp AL-1530CS Digital Copier,Large Box,0.36,5/23/2010
3133,22469,10/11/2010,High,24,1482.81,0.03,Regular Air,-678.63,60.98,49,Jack Lebron,Prince Edward Island,Atlantic,Corporate,Office Supplies,Appliances,Euro Pro Shark Stick Mini Vacuum,Large Box,0.59,10/13/2010
3134,22469,10/11/2010,High,23,6693.28,0.02,Regular Air,40.32,290.98,69,Jack Lebron,Prince Edward Island,Atlantic,Corporate,Furniture,Tables,Hon 5100 Series Wood Tables,Large Box,0.67,10/13/2010
3155,22656,12/22/2010,Not Specified,10,309.3,0.05,Express Air,-77.89,30.98,6.5,Evan Minnotte,Prince Edward Island,Atlantic,Corporate,Technology,Computer Peripherals,Belkin ErgoBoardª Keyboard,Small Box,0.64,12/24/2010
3487,24806,9/6/2010,Not Specified,20,112.03,0.05,Regular Air,-57.99,5.18,5.74,Filia McAdams,Prince Edward Island,Atlantic,Small Business,Office Supplies,Binders and Binder Accessories,Wilson Jones Impact Binders,Small Box,0.36,9/8/2010
3533,25154,8/20/2010,High,16,102.5,0.1,Regular Air,13.84,6.68,1.5,Giulietta Baptist,Prince Edward Island,Atlantic,Home Office,Office Supplies,Pens & Art Supplies,Sanford Liquid Accent Highlighters,Wrap Bag,0.48,8/21/2010
3549,25315,12/2/2010,Low,36,7783.36,0.07,Express Air,3506.24,225.04,11.79,Joy Smith,Prince Edward Island,Atlantic,Consumer,Office Supplies,Appliances,Holmes Harmony HEPA Air Purifier for 17 x 20 Room,Medium Box,0.42,12/2/2010
3550,25315,12/2/2010,Low,21,61.76,0,Regular Air,4.34,2.84,0.93,Joy Smith,Prince Edward Island,Atlantic,Consumer,Office Supplies,Pens & Art Supplies,SANFORD Liquid Accentª Tank-Style Highlighters,Wrap Bag,0.54,12/2/2010
3551,25315,12/2/2010,Low,36,1280.34,0,Delivery Truck,-1048.25,31.76,45.51,Joy Smith,Prince Edward Island,Atlantic,Consumer,Furniture,Tables,Hon iLevelª Computer Training Table,Jumbo Box,0.65,12/4/2010
4042,28836,10/24/2010,High,50,8221.2935,0.06,Regular Air,2342.21,195.99,4.2,Erica Bern,Prince Edward Island,Atlantic,Corporate,Technology,Telephones and Communication,688,Small Box,0.6,10/25/2010
4043,28836,10/24/2010,High,7,1158.26,0.06,Regular Air,170.08,172.99,19.99,Erica Bern,Prince Edward Island,Atlantic,Corporate,Office Supplies,Binders and Binder Accessories,Ibico EB-19 Dual Function Manual Binding System,Small Box,0.39,10/26/2010
4071,28995,5/12/2010,High,9,298.52,0,Regular Air,73.19,30.98,5.76,Hilary Holden,Prince Edward Island,Atlantic,Corporate,Office Supplies,Paper,"IBM Multi-Purpose Copy Paper, 8 1/2 x 11"", Case",Small Box,0.4,5/13/2010
4072,28995,5/12/2010,High,34,667.35,0.04,Regular Air,80.92,19.98,8.68,Hilary Holden,Prince Edward Island,Atlantic,Corporate,Office Supplies,Paper,Southworth 25% Cotton Premium Laser Paper and Envelopes,Small Box,0.37,5/13/2010
4085,29121,4/11/2010,Medium,31,3206.965,0.08,Regular Air,575.33,125.99,7.69,Jack Lebron,Prince Edward Island,Atlantic,Corporate,Technology,Telephones and Communication,Timeport L7089,Small Box,0.58,4/13/2010
4137,29382,11/17/2010,High,42,239.35,0.05,Regular Air,78.96,5.68,1.39,Greg Guthrie,Prince Edward Island,Atlantic,Small Business,Office Supplies,Envelopes,Staples Standard Envelopes,Small Box,0.38,11/20/2010
4138,29382,11/17/2010,High,34,684.66,0.07,Express Air,35.09,19.98,10.49,Greg Guthrie,Prince Edward Island,Atlantic,Small Business,Furniture,Office Furnishings,12-1/2 Diameter Round Wall Clock,Small Box,0.49,11/19/2010
4151,29445,9/29/2010,High,28,2531.35,0.09,Delivery Truck,415.55,90.97,28,Harold Engle,Prince Edward Island,Atlantic,Consumer,Technology,Office Machines,Lexmark Z55se Color Inkjet Printer,Jumbo Drum,0.38,10/1/2010
4187,29762,8/3/2010,Critical,15,22.45,0.03,Regular Air,0.78,1.48,0.7,Philip Brown,Prince Edward Island,Atlantic,Home Office,Office Supplies,Rubber Bands,Binder Clips by OIC,Wrap Bag,0.37,8/5/2010
4249,30243,5/5/2010,Critical,44,2435.32,0.09,Regular Air,650.56,60.22,3.5,Hilary Holden,Prince Edward Island,Atlantic,Corporate,Office Supplies,Appliances,"Fellowes Smart Surge Ten-Outlet Protector, Platinum",Small Box,0.57,5/7/2010
4250,30243,5/5/2010,Critical,21,4242.76,0.07,Regular Air,340.88,199.99,24.49,Hilary Holden,Prince Edward Island,Atlantic,Corporate,Technology,Copiers and Fax,Canon PC-428 Personal Copier,Large Box,0.46,5/7/2010
4267,30372,8/30/2010,High,1,14.4,0.1,Regular Air,-7.39,12.22,2.85,Christopher Schild,Prince Edward Island,Atlantic,Corporate,Furniture,Office Furnishings,Aluminum Document Frame,Small Pack,0.55,9/1/2010
4748,33763,9/23/2010,Not Specified,23,10791.38,0.08,Regular Air,-234.79,499.99,24.49,Evan Minnotte,Prince Edward Island,Atlantic,Corporate,Technology,Copiers and Fax,Sharp AL-1530CS Digital Copier,Large Box,0.36,9/25/2010
4844,34438,12/11/2010,High,28,588.54,0.04,Regular Air,-30.72,20.15,8.99,Harold Engle,Prince Edward Island,Atlantic,Consumer,Office Supplies,Pens & Art Supplies,Boston 19500 Mighty Mite Electric Pencil Sharpener,Small Pack,0.58,12/12/2010
4945,35141,9/11/2010,Medium,29,2046.81,0.02,Regular Air,469.28,67.28,19.99,Jennifer Braxton,Prince Edward Island,Atlantic,Small Business,Office Supplies,Binders and Binder Accessories,Catalog Binders with Expanding Posts,Small Box,0.4,9/12/2010
4962,35300,3/2/2010,Medium,10,28.81,0.02,Regular Air,7.15,2.89,0.49,Dan Reichenbach,Prince Edward Island,Atlantic,Corporate,Office Supplies,Labels,*Staples* Packaging Labels,Small Box,0.38,3/3/2010
4963,35300,3/2/2010,Medium,35,1445.6,0.08,Regular Air,126.03,41.32,8.66,Dan Reichenbach,Prince Edward Island,Atlantic,Corporate,Furniture,Office Furnishings,"Deflect-o EconoMat Studded, No Bevel Mat for Low Pile Carpeting",Medium Box,0.76,3/5/2010
4964,35300,3/2/2010,Medium,13,119.03,0.06,Regular Air,29.62,8.95,2.01,Dan Reichenbach,Prince Edward Island,Atlantic,Corporate,Office Supplies,Paper,"Recycled Desk Saver Line ""While You Were Out"" Book, 5 1/2"" X 4""",Wrap Bag,0.39,3/3/2010
5091,36293,12/30/2010,Medium,13,1272.83,0.04,Regular Air,250.47,100.98,7.18,Carlos Soltero,Prince Edward Island,Atlantic,Small Business,Technology,Computer Peripherals,Logitech Cordless Elite Duo,Small Box,0.4,1/10/2011
5092,36293,12/30/2010,Medium,25,165.36,0.09,Express Air,-94.79,6.48,7.49,Carlos Soltero,Prince Edward Island,Atlantic,Small Business,Office Supplies,Paper,Xerox 220,Small Box,0.37,1/14/2011
5741,40800,12/4/2010,Not Specified,18,101.34,0.06,Regular Air,26.11,5.68,1.39,Jim Sink,Prince Edward Island,Atlantic,Corporate,Office Supplies,Envelopes,Staples Standard Envelopes,Small Box,0.38,12/6/2010
5857,41570,12/3/2010,Not Specified,24,2289.92,0.09,Regular Air,1037.55,104.85,4.65,Harold Engle,Prince Edward Island,Atlantic,Consumer,Office Supplies,Paper,Xerox 1941,Small Box,0.37,12/5/2010
6036,42754,8/24/2010,Critical,31,341.71,0.04,Regular Air,32.19,10.98,5.14,Paul Gonzalez,Prince Edward Island,Atlantic,Corporate,Office Supplies,Binders and Binder Accessories,GBC Imprintable Covers,Small Box,0.36,8/25/2010
7161,51075,11/23/2010,Not Specified,43,1290.2065,0.06,Express Air,-160.68,35.99,5,Carlos Soltero,Manitoba,Prarie,Small Business,Technology,Telephones and Communication,Accessory17,Wrap Bag,0.82,11/25/2010
7232,51558,3/29/2010,Not Specified,34,245.4,0,Regular Air,-87.27,6.68,6.92,Greg Guthrie,Manitoba,Prarie,Corporate,Office Supplies,Paper,Xerox 1898,Small Box,0.37,3/29/2010
7233,51558,3/29/2010,Not Specified,47,4177.66,0.04,Delivery Truck,85.29,85.29,60,Greg Guthrie,Manitoba,Prarie,Corporate,Furniture,Tables,"Barricks Non-Folding Utility Table with Steel Legs, Laminate Tops",Jumbo Drum,0.56,3/29/2010
7522,53703,6/14/2010,Not Specified,14,1966.26,0.06,Regular Air,-34.79,140.85,19.99,Guy Armstrong,Manitoba,Prarie,Corporate,Office Supplies,Storage & Organization,"Fellowes Strictly Business¨ Drawer File, Letter/Legal Size",Small Box,0.73,6/15/2010
7607,54437,12/19/2010,High,15,653.871,0.09,Regular Air,-311.05,55.99,5,Logan Haushalter,Manitoba,Prarie,Corporate,Technology,Telephones and Communication,Accessory36,Small Pack,0.83,12/19/2010
7722,55331,12/13/2010,High,13,50.35,0.05,Regular Air,-8.24,3.69,2.5,Jennifer Braxton,Manitoba,Prarie,Small Business,Office Supplies,Envelopes,Colored Envelopes,Small Box,0.39,12/15/2010
8001,57159,2/12/2010,Critical,17,4621.1,0.09,Delivery Truck,-635.65,280.98,57,Hilary Holden,Manitoba,Prarie,Corporate,Furniture,Chairs & Chairmats,Hon 2090 ÒPillow SoftÓ Series Mid Back Swivel/Tilt Chairs,Jumbo Drum,0.78,2/13/2010
8002,57159,2/12/2010,Critical,42,460.2,0.01,Regular Air,-214.39,9.99,11.59,Hilary Holden,Manitoba,Prarie,Corporate,Office Supplies,Paper,Hammermill Color Copier Paper (28Lb. and 96 Bright),Small Box,0.4,2/12/2010
8185,58502,2/12/2010,Critical,23,5186.31,0.03,Delivery Truck,1009.38,226.67,28.16,Harold Engle,Manitoba,Prarie,Consumer,Furniture,Chairs & Chairmats,Hon GuestStacker Chair,Jumbo Drum,0.59,2/14/2010
8225,58788,2/1/2010,Low,31,983.78,0.04,Regular Air,43.72,30.98,6.5,Christopher Schild,Manitoba,Prarie,Corporate,Technology,Computer Peripherals,Belkin ErgoBoardª Keyboard,Small Box,0.64,2/3/2010
8263,59074,8/12/2010,Low,37,589.63,0.03,Regular Air,70.80,14.98,8.99,Jack Lebron,British Columbia,West,Corporate,Furniture,Office Furnishings,"GE 4 Foot Flourescent Tube, 40 Watt",Small Pack,0.39,8/14/2010
8292,59233,8/20/2010,High,3,336.84,0.08,Delivery Truck,-160.46,100.98,35.84,Jack Lebron,British Columbia,West,Corporate,Furniture,Bookcases,"Bush Westfield Collection Bookcases, Fully Assembled",Jumbo Box,0.62,8/22/2010
8293,59233,8/20/2010,High,30,397.17,0.1,Express Air,7.69,14.34,5,Jack Lebron,British Columbia,West,Corporate,Furniture,Office Furnishings,Nu-Dell Leatherette Frames,Small Pack,0.49,8/20/2010
8360,59750,7/9/2010,Low,34,223.59,0.04,Regular Air,-66.05,6.48,5.74,Jim Sink,British Columbia,West,Corporate,Office Supplies,Paper,Xerox 1994,Small Box,0.37,7/13/2010
51,294,7/15/2010,Medium,35,6375.28,0.06,Regular Air,489.02,193.17,19.99,Sanjit Chand,British Columbia,West,Home Office,Office Supplies,Storage & Organization,Fellowes Staxonsteel¨ Drawer Files,Small Box,0.71,7/16/2010
333,2279,2/22/2010,Medium,49,4577.18,0,Delivery Truck,205.83,90.98,30,Rob Haberlin,British Columbia,West,Corporate,Furniture,Chairs & Chairmats,Office Star - Task Chair with Contemporary Loop Arms,Jumbo Drum,0.61,2/23/2010
334,2279,2/22/2010,Medium,39,845.9,0.04,Regular Air,52.53,20.98,5.42,Rob Haberlin,British Columbia,West,Corporate,Office Supplies,Storage & Organization,Acco Perma¨ 3000 Stacking Storage Drawers,Small Box,0.66,2/24/2010
739,5318,4/3/2010,High,8,1042.25,0.08,Regular Air,195.16,131.12,0.99,Matt Collins,British Columbia,West,Consumer,Office Supplies,Appliances,Kensington 7 Outlet MasterPiece¨ HOMEOFFICE Power Control Center,Small Box,0.55,4/5/2010
740,5318,4/3/2010,High,29,5010.7415,0.03,Express Air,1196.37,200.99,4.2,Matt Collins,British Columbia,West,Consumer,Technology,Telephones and Communication,2160i,Small Box,0.59,4/4/2010
835,5988,11/21/2010,Not Specified,40,19109.61,0.1,Express Air,-379.29,499.99,24.49,Sanjit Chand,British Columbia,West,Home Office,Technology,Copiers and Fax,Sharp AL-1530CS Digital Copier,Large Box,0.36,11/22/2010
851,6115,9/11/2010,Medium,25,409.08,0.1,Regular Air,78.86,17.78,5.03,Matt Collins,British Columbia,West,Consumer,Furniture,Office Furnishings,"Seth Thomas 13 1/2"" Wall Clock",Small Box,0.54,9/12/2010
1029,7489,9/30/2010,Critical,38,6900.13,0.01,Delivery Truck,552.97,180.98,23.58,Kimberly Carter,British Columbia,West,Home Office,Furniture,Bookcases,O'Sullivan Manor Hill 2-Door Library in Brianna Oak,Jumbo Box,0.74,10/3/2010
1083,7968,9/15/2010,Low,10,1449.21,0.06,Delivery Truck,-270.00,150.98,30,Gene Hale,British Columbia,West,Consumer,Furniture,Chairs & Chairmats,Novimex Swivel Fabric Task Chair,Jumbo Drum,0.74,9/15/2010
1122,8227,1/10/2010,Not Specified,32,162.25,0.05,Express Air,-43.21,4.77,2.39,Christina Vanderzanden,British Columbia,West,Small Business,Technology,Computer Peripherals,"Imation Primaris 3.5"" 2HD Unformatted Diskettes, 10/Pack",Small Pack,0.72,1/11/2010
1255,9123,6/26/2010,Critical,27,384.9,0.07,Express Air,-108.28,14.03,9.37,Matt Collins,British Columbia,West,Consumer,Office Supplies,Storage & Organization,Project Tote Personal File,Small Box,0.56,6/27/2010
1352,9860,10/10/2010,Critical,43,319.69,0,Regular Air,-73.66,7.28,3.52,Kimberly Carter,British Columbia,West,Home Office,Technology,Computer Peripherals,"Imation 3.5"" DS-HD Macintosh Formatted Diskettes, 10/Pack",Small Pack,0.68,10/11/2010
2004,14275,6/13/2010,Low,20,42.22,0.04,Regular Air,-7.73,2.08,1.49,Gene Hale,British Columbia,West,Consumer,Office Supplies,Binders and Binder Accessories,Economy Binders,Small Box,0.36,6/15/2010
2005,14275,6/13/2010,Low,4,653.44,0.06,Delivery Truck,-187.75,160.98,30,Gene Hale,British Columbia,West,Consumer,Furniture,Chairs & Chairmats,Office Star - Mid Back Dual function Ergonomic High Back Chair with 2-Way Adjustable Arms,Jumbo Drum,0.62,6/15/2010
2043,14535,10/1/2010,Not Specified,22,245.96,0.03,Regular Air,-33.82,11.29,5.03,Gene Hale,British Columbia,West,Consumer,Office Supplies,Storage & Organization,X-Rackª File for Hanging Folders,Small Box,0.59,10/2/2010
2745,19813,3/2/2010,Critical,29,1098.506,0.05,Regular Air,218.73,45.99,2.5,Lena Cacioppo,British Columbia,West,Home Office,Technology,Telephones and Communication,T61,Small Box,0.56,3/3/2010
3056,21892,7/4/2010,High,6,34.88,0.06,Regular Air,-18.34,4.91,4.97,Justin Knight,British Columbia,West,Corporate,Office Supplies,Binders and Binder Accessories,"Pressboard Covers with Storage Hooks, 9 1/2"" x 11"", Light Blue",Small Box,0.38,7/6/2010
3362,24064,7/25/2010,Medium,23,6366.52,0.07,Delivery Truck,935.80,297.64,14.7,Sanjit Chand,British Columbia,West,Home Office,Technology,Office Machines,Panasonic KX-P3200 Dot Matrix Printer,Jumbo Drum,0.57,7/28/2010
3784,26978,6/25/2010,Medium,2,48.84,0.01,Regular Air,-21.20,18.97,9.03,Seth Vernon,British Columbia,West,Home Office,Office Supplies,Paper,Computer Printout Paper with Letter-Trim Perforations,Small Box,0.37,6/26/2010
3940,28068,8/26/2010,Low,23,631.99,0.08,Regular Air,-43.96,27.48,4,Julie Creighton,British Columbia,West,Corporate,Technology,Computer Peripherals,Belkin MediaBoard 104- Keyboard,Small Box,0.75,8/28/2010
4032,28802,11/4/2010,High,23,413.8,0.08,Express Air,51.36,17.67,8.99,Sanjit Chand,British Columbia,West,Home Office,Furniture,Office Furnishings,"Executive Impressions 12"" Wall Clock",Small Pack,0.47,11/6/2010
4033,28802,11/4/2010,High,36,336.25,0,Express Air,25.95,8.34,4.82,Sanjit Chand,British Columbia,West,Home Office,Office Supplies,Paper,Southworth 25% Cotton Antique Laid Paper & Envelopes,Small Box,0.4,11/7/2010
4034,28802,11/4/2010,High,22,4001.4685,0.02,Regular Air,884.91,205.99,3,Sanjit Chand,British Columbia,West,Home Office,Technology,Telephones and Communication,6185,Small Box,0.58,11/6/2010
4893,34816,11/5/2010,Not Specified,29,1158.45,0.1,Regular Air,267.16,41.71,4.5,Sally Knutson,British Columbia,West,Corporate,Office Supplies,Appliances,Fellowes 8 Outlet Superior Workstation Surge Protector,Small Box,0.56,11/5/2010
4894,34816,11/5/2010,Not Specified,43,2568.71,0.1,Regular Air,590.77,60.98,19.99,Sally Knutson,British Columbia,West,Corporate,Office Supplies,Envelopes,"Tyvek Interoffice Envelopes, 9 1/2"" x 12 1/2"", 100/Box",Small Box,0.38,11/7/2010
5340,37925,9/26/2010,Medium,46,3780.16,0.1,Delivery Truck,1265.82,90.97,14,Luke Weiss,British Columbia,West,Corporate,Technology,Office Machines,Lexmark Z54se Color Inkjet Printer,Jumbo Drum,0.36,9/27/2010
5341,37925,9/26/2010,Medium,31,1784.048,0.05,Regular Air,394.45,65.99,3.99,Luke Weiss,British Columbia,West,Corporate,Technology,Telephones and Communication,StarTAC 7760,Small Box,0.59,9/27/2010
5997,42500,2/5/2010,Not Specified,39,1836.06,0.04,Regular Air,437.07,48.92,4.5,Michelle Arnett,British Columbia,West,Home Office,Office Supplies,Appliances,"Fellowes Premier Superior Surge Suppressor, 10-Outlet, With Phone and Remote",Small Box,0.59,2/7/2010
5998,42500,2/5/2010,Not Specified,2,21.03,0.03,Regular Air,-10.48,8.69,2.99,Michelle Arnett,British Columbia,West,Home Office,Office Supplies,Binders and Binder Accessories,"Cardinal Slant-D¨ Ring Binder, Heavy Gauge Vinyl",Small Box,0.39,2/7/2010
6233,44162,3/19/2010,High,46,507.64,0.04,Regular Air,42.76,10.98,3.37,Julie Creighton,British Columbia,West,Corporate,Office Supplies,"Scissors, Rulers and Trimmers",Fiskars¨ Softgrip Scissors,Small Pack,0.57,3/20/2010
6705,47750,6/15/2010,Low,37,102.46,0.08,Regular Air,36.64,2.88,0.5,Sally Knutson,British Columbia,West,Corporate,Office Supplies,Labels,Avery 492,Small Box,0.39,6/20/2010
6706,47750,6/15/2010,Low,43,1097.6,0.05,Regular Air,216.12,25.38,8.99,Sally Knutson,British Columbia,West,Corporate,Furniture,Office Furnishings,"Executive Impressions 13"" Chairman Wall Clock",Small Pack,0.5,6/20/2010
7035,50210,7/19/2010,Low,47,178.51,0,Regular Air,82.30,3.75,0.5,Michelle Arnett,British Columbia,West,Home Office,Office Supplies,Labels,Avery 510,Small Box,0.37,7/24/2010
7036,50210,7/19/2010,Low,15,31.32,0,Regular Air,-30.26,1.86,2.58,Michelle Arnett,British Columbia,West,Home Office,Office Supplies,Rubber Bands,"Super Bands, 12/Pack",Wrap Bag,0.82,7/28/2010
7159,51073,5/14/2010,Not Specified,17,2475.08,0,Express Air,958.80,136.98,24.49,Luke Weiss,British Columbia,West,Corporate,Furniture,Office Furnishings,"3M Polarizing Task Lamp with Clamp Arm, Light Gray",Large Box,0.59,5/16/2010
7160,51073,5/14/2010,Not Specified,49,1610.42,0,Regular Air,813.35,30.93,3.92,Luke Weiss,British Columbia,West,Corporate,Furniture,Office Furnishings,"Advantus Employee of the Month Certificate Frame, 11 x 13-1/2",Small Pack,0.44,5/15/2010
7235,51584,10/17/2010,Critical,48,5620.2,0.01,Delivery Truck,176.04,110.98,30,Rob Haberlin,British Columbia,West,Corporate,Furniture,Chairs & Chairmats,Office Star Flex Back Scooter Chair with White Frame,Jumbo Drum,0.71,10/18/2010
7273,51879,8/24/2010,Not Specified,26,1382.31,0.03,Regular Air,372.26,51.94,19.99,Monica Federle,British Columbia,West,Corporate,Furniture,Office Furnishings,"Howard Miller 11-1/2"" Diameter Ridgewood Wall Clock",Small Box,0.44,8/26/2010
7274,51879,8/24/2010,Not Specified,46,991.36,0.01,Regular Air,212.06,19.98,8.68,Monica Federle,British Columbia,West,Corporate,Office Supplies,Paper,Southworth 25% Cotton Premium Laser Paper and Envelopes,Small Box,0.37,8/25/2010
7506,53572,5/7/2010,Medium,17,184.09,0.07,Regular Air,4.79,11.09,5.25,Marina Lichtenstein,British Columbia,West,Corporate,Office Supplies,Envelopes,#10 Self-Seal White Envelopes,Small Box,0.36,5/8/2010
7534,53863,6/3/2010,High,46,7807.45,0.02,Express Air,1660.15,161.55,19.99,Christina DeMoss,British Columbia,West,Home Office,Office Supplies,Storage & Organization,Fellowes Super Stor/Drawer¨ Files,Small Box,0.66,6/6/2010
7565,54119,5/22/2010,Medium,45,261,0.04,Express Air,-43.45,5.81,3.37,Monica Federle,British Columbia,West,Corporate,Office Supplies,Rubber Bands,"Advantus Push Pins, Aluminum Head",Wrap Bag,0.54,5/23/2010
7566,54119,5/22/2010,Medium,4,127.56,0.05,Regular Air,-41.75,29.74,6.64,Monica Federle,British Columbia,West,Corporate,Office Supplies,Storage & Organization,Acco Perma¨ 2700 Stacking Storage Drawers,Small Box,0.7,5/25/2010
7873,56293,1/5/2010,Not Specified,34,702.79,0.04,Regular Air,-44.81,19.99,11.17,Michelle Arnett,British Columbia,West,Home Office,Furniture,Office Furnishings,Telescoping Adjustable Floor Lamp,Large Box,0.6,1/5/2010
7874,56293,1/5/2010,Not Specified,44,712.64,0.06,Regular Air,-27.72,16.91,6.25,Michelle Arnett,British Columbia,West,Home Office,Office Supplies,Storage & Organization,"Tenex Personal Self-Stacking Standard File Box, Black/Gray",Small Box,0.58,1/6/2010
8335,59584,5/28/2010,Medium,3,336.84,0.08,Delivery Truck,-160.46,100.98,35.84,Joy Smith,British Columbia,West,Consumer,Furniture,Bookcases,"Bush Westfield Collection Bookcases, Fully Assembled",Jumbo Box,0.62,5/29/2010
8336,59584,5/28/2010,Medium,7,1120.27,0,Regular Air,16.81,150.98,13.99,Joy Smith,British Columbia,West,Consumer,Technology,Office Machines,Canon MP41DH Printing Calculator,Medium Box,0.38,5/28/2010
45,261,6/28/2010,Medium,47,5677.609,0.04,Regular Air,1680.79,140.99,4.2,Sonia Sunley,British Columbia,West,Small Business,Technology,Telephones and Communication,7160,Small Box,0.59,6/29/2010
767,5504,1/5/2010,High,6,49.55,0.06,Express Air,-20.33,5.78,7.64,Anna Andreadi,British Columbia,West,Small Business,Office Supplies,Paper,HP Office Recycled Paper (20Lb. and 87 Bright),Small Box,0.36,1/7/2010
768,5504,1/5/2010,High,15,606.56,0.04,Regular Air,20.23,45.99,4.99,Anna Andreadi,British Columbia,West,Small Business,Technology,Telephones and Communication,KF 788,Small Box,0.56,1/7/2010
2014,14375,1/31/2010,Medium,7,44.05,0.07,Regular Air,-21.77,5.78,5.67,Rick Duston,British Columbia,West,Corporate,Office Supplies,Paper,Xerox 1978,Small Box,0.36,2/1/2010
2256,16230,2/27/2010,Low,2,13.3,0.09,Regular Air,-7.86,7.31,0.49,Sonia Sunley,British Columbia,West,Corporate,Office Supplies,Labels,Self-Adhesive Address Labels for Typewriters by Universal,Small Box,0.38,3/1/2010
2257,16230,2/27/2010,Low,27,3379.01,0.06,Delivery Truck,-801.09,130.98,54.74,Sonia Sunley,British Columbia,West,Corporate,Furniture,Bookcases,"O'Sullivan Elevations Bookcase, Cherry Finish",Jumbo Box,0.69,3/1/2010
2258,16230,2/27/2010,Low,15,687.52,0.08,Regular Air,223.76,48.91,5.81,Sonia Sunley,British Columbia,West,Corporate,Office Supplies,Paper,Xerox 1891,Small Box,0.38,3/6/2010
2259,16230,2/27/2010,Low,40,4538.66,0,Regular Air,506.86,111.03,8.64,Sonia Sunley,British Columbia,West,Corporate,Office Supplies,Storage & Organization,Fellowes Recycled Storage Drawers,Small Box,0.78,3/4/2010
2912,21024,12/28/2010,Medium,34,195.49,0.05,Regular Air,33.80,5.84,1.2,Stewart Carmichael,British Columbia,West,Corporate,Office Supplies,Pens & Art Supplies,Newell 312,Wrap Bag,0.55,12/30/2010
3154,22629,4/15/2010,Low,5,365.93,0.05,Regular Air,-243.02,73.98,14.52,Sonia Sunley,British Columbia,West,Small Business,Technology,Computer Peripherals,Keytronic French Keyboard,Small Box,0.65,4/20/2010
3208,23011,6/15/2010,Low,1,12.2,0.01,Regular Air,-33.93,10.01,1.99,Kelly Williams,British Columbia,West,Corporate,Technology,Computer Peripherals,TDK 4.7GB DVD-R,Small Pack,0.41,6/22/2010
3691,26373,7/22/2010,Medium,7,285.08,0.08,Regular Air,2.30,40.98,5.33,Anna Andreadi,British Columbia,West,Small Business,Office Supplies,Appliances,Belkin 8 Outlet Surge Protector,Small Box,0.57,7/25/2010
3781,26978,6/25/2010,Medium,46,27875.54,0,Regular Air,-635.69,599.99,24.49,Seth Vernon,British Columbia,West,Home Office,Technology,Copiers and Fax,Canon Image Class D660 Copier,Large Box,0.44,6/27/2010
3782,26978,6/25/2010,Medium,49,2030.44,0.04,Regular Air,938.26,40.99,5.86,Seth Vernon,British Columbia,West,Home Office,Office Supplies,Paper,Xerox 1919,Small Box,0.36,6/27/2010
3783,26978,6/25/2010,Medium,47,695.99,0.09,Express Air,-157.44,15.31,8.78,Seth Vernon,British Columbia,West,Home Office,Office Supplies,Storage & Organization,Eldon Jumbo ProFileª Portable File Boxes Graphite/Black,Small Box,0.57,6/27/2010
3910,27876,9/7/2010,Low,44,777.63,0.03,Regular Air,-70.54,16.99,8.99,Sarah Foster,British Columbia,West,Corporate,Office Supplies,Pens & Art Supplies,Berol Giant Pencil Sharpener,Small Pack,0.56,9/14/2010
4332,30883,8/21/2010,Medium,30,201.37,0.1,Regular Air,59.84,6.98,1.6,Alex Avila,British Columbia,West,Home Office,Office Supplies,Paper,"Adams Phone Message Book, Professional, 400 Message Capacity, 5 3/6Ó x 11Ó",Wrap Bag,0.38,8/22/2010
4718,33600,10/6/2010,Low,42,187.28,0.06,Regular Air,-94.36,4.28,4.79,Sonia Sunley,British Columbia,West,Corporate,Office Supplies,Paper,Xerox 1962,Small Box,0.4,10/8/2010
4722,33632,3/13/2010,Critical,8,763.6485,0.06,Regular Air,-277.78,115.99,5.26,Alex Avila,British Columbia,West,Home Office,Technology,Telephones and Communication,636,Small Box,0.57,3/14/2010
4885,34753,1/18/2010,Not Specified,7,117.062,0.09,Regular Air,-63.70,20.99,0.99,Barbara Fisher,British Columbia,West,Small Business,Technology,Telephones and Communication,Accessory25,Wrap Bag,0.57,1/20/2010
5019,35812,1/22/2010,Critical,24,2722.85,0.08,Delivery Truck,-112.62,113.98,30,Barbara Fisher,British Columbia,West,Small Business,Furniture,Chairs & Chairmats,Hon Comfortask¨ Task/Swivel Chairs,Jumbo Drum,0.69,1/24/2010
5020,35812,1/22/2010,Critical,2,59.93,0.09,Regular Air,-147.81,30.73,4,Barbara Fisher,British Columbia,West,Small Business,Technology,Computer Peripherals,Fellowes 17-key keypad for PS/2 interface,Small Box,0.75,1/24/2010
5021,35812,1/22/2010,Critical,19,851.52,0.08,Regular Air,307.64,47.9,5.86,Barbara Fisher,British Columbia,West,Small Business,Office Supplies,Paper,Xerox 1938,Small Box,0.37,1/24/2010
5347,38017,7/20/2010,Low,26,122.51,0.06,Regular Air,45.14,4.98,0.8,Seth Vernon,British Columbia,West,Home Office,Office Supplies,Paper,Rediform S.O.S. Phone Message Books,Wrap Bag,0.36,7/24/2010
5348,38017,7/20/2010,Low,27,2846.361,0.08,Regular Air,453.65,125.99,7.69,Seth Vernon,British Columbia,West,Home Office,Technology,Telephones and Communication,StarTAC 3000,Small Box,0.59,7/27/2010
6438,45763,7/7/2010,High,25,67.45,0.05,Regular Air,24.28,2.61,0.5,Lisa DeCherney,British Columbia,West,Corporate,Office Supplies,Labels,Avery 494,Small Box,0.39,7/8/2010
6761,48165,11/5/2010,High,28,199.94,0.01,Regular Air,-147.27,6.48,9.54,Dennis Bolton,British Columbia,West,Small Business,Office Supplies,Paper,Xerox 1905,Small Box,0.37,11/7/2010
6808,48484,6/23/2010,Medium,22,346.42,0.05,Regular Air,67.96,16.48,1.99,Barbara Fisher,British Columbia,West,Small Business,Technology,Computer Peripherals,Maxell DVD-RAM Discs,Small Pack,0.42,6/24/2010
6809,48484,6/23/2010,Medium,41,773.44,0.08,Express Air,133.83,20.24,6.67,Barbara Fisher,British Columbia,West,Small Business,Furniture,Office Furnishings,"DAX Contemporary Wood Frame with Silver Metal Mat, Desktop, 11 x 14 Size",Small Pack,0.49,6/24/2010
6810,48484,6/23/2010,Medium,43,881.84,0,Regular Air,153.80,18.97,9.03,Barbara Fisher,British Columbia,West,Small Business,Office Supplies,Paper,Computer Printout Paper with Letter-Trim Perforations,Small Box,0.37,6/25/2010
6811,48484,6/23/2010,Medium,50,5067.5725,0.09,Regular Air,1275.91,125.99,8.99,Barbara Fisher,British Columbia,West,Small Business,Technology,Telephones and Communication,StarTAC ST7868,Small Box,0.55,6/25/2010
7348,52326,8/4/2010,Low,41,152.28,0.06,Regular Air,-154.81,3.81,5.44,Dennis Bolton,British Columbia,West,Consumer,Office Supplies,Binders and Binder Accessories,"Acco Pressboard Covers with Storage Hooks, 14 7/8"" x 11"", Dark Blue",Small Box,0.36,8/8/2010
7400,52737,11/8/2010,Not Specified,14,125.54,0.03,Express Air,-15.74,7.68,6.16,Alex Avila,British Columbia,West,Home Office,Office Supplies,Binders and Binder Accessories,GBC VeloBinder Strips,Small Box,0.35,11/9/2010
7830,56001,4/12/2010,Low,17,118.36,0.08,Express Air,-60.65,6.48,7.37,Alex Avila,British Columbia,West,Home Office,Office Supplies,Paper,Xerox 210,Small Box,0.37,4/16/2010
8313,59393,11/20/2010,Medium,34,398.76,0.07,Regular Air,0.82,11.58,6.97,Seth Vernon,British Columbia,West,Home Office,Office Supplies,Envelopes,"Peel & Seel¨ Recycled Catalog Envelopes, Brown",Small Box,0.35,11/21/2010
8357,59712,6/15/2010,Critical,25,67.58,0.09,Express Air,16.80,2.62,0.8,Sonia Sunley,British Columbia,West,Small Business,Office Supplies,Rubber Bands,Staples Metal Binder Clips,Wrap Bag,0.39,6/17/2010
393,2720,6/7/2010,Critical,36,2051.016,0.02,Express Air,483.97,65.99,3.99,Christopher Martinez,British Columbia,West,Small Business,Technology,Telephones and Communication,StarTAC 7760,Small Box,0.59,6/10/2010
549,3687,2/2/2010,Critical,25,79.37,0.07,Regular Air,6.14,3.29,1.35,Marc Harrigan,British Columbia,West,Home Office,Office Supplies,Rubber Bands,Acco¨ Hot Clipsª Clips to Go,Wrap Bag,0.4,2/2/2010
741,5346,12/25/2010,Critical,34,2932.99,0.07,Regular Air,-1448.83,90.98,56.2,Khloe Miller,British Columbia,West,Home Office,Furniture,Office Furnishings,Eldon ClusterMat Chair Mat with Cordless Antistatic Protection,Medium Box,0.74,12/26/2010
742,5346,12/25/2010,Critical,45,9194.8,0.1,Delivery Truck,-1760.57,218.75,69.64,Khloe Miller,British Columbia,West,Home Office,Furniture,Tables,BoxOffice By Design Rectangular and Half-Moon Meeting Room Tables,Jumbo Box,0.77,12/27/2010
743,5346,12/25/2010,Critical,17,2285.12,0.08,Delivery Truck,-455.80,140.98,36.09,Khloe Miller,British Columbia,West,Home Office,Furniture,Bookcases,"Sauder Forest Hills Library, Woodland Oak Finish",Jumbo Box,0.77,12/27/2010
992,7169,3/26/2010,Medium,22,446.72,0.05,Regular Air,-39.00,20.28,14.39,Lela Donovan,British Columbia,West,Corporate,Furniture,Office Furnishings,"Career Cubicle Clock, 8 1/4"", Black",Small Box,0.47,3/28/2010
993,7169,3/26/2010,Medium,30,1580.6005,0.07,Regular Air,303.53,65.99,2.79,Lela Donovan,British Columbia,West,Corporate,Technology,Telephones and Communication,V8162,Small Box,0.56,3/28/2010
1167,8515,12/21/2010,Critical,33,729.92,0,Regular Air,99.31,20.95,4,Trudy Schmidt,British Columbia,West,Small Business,Technology,Computer Peripherals,"Fellowes Basic 104-Key Keyboard, Platinum",Small Box,0.6,12/22/2010
1221,8992,11/12/2010,High,3,441.43,0.06,Regular Air,-154.45,140.81,24.49,Shahid Shariari,British Columbia,West,Corporate,Furniture,Chairs & Chairmats,Hon Olson Stacker Stools,Large Box,0.57,11/13/2010
1222,8992,11/12/2010,High,14,2145.6975,0.08,Regular Air,-176.79,195.99,4.2,Shahid Shariari,British Columbia,West,Corporate,Technology,Telephones and Communication,688,Small Box,0.6,11/14/2010
1223,8992,11/12/2010,High,18,1341.963,0,Regular Air,180.78,85.99,2.79,Shahid Shariari,British Columbia,West,Corporate,Technology,Telephones and Communication,6340,Small Box,0.58,11/13/2010
1420,10306,7/21/2010,Low,20,310.31,0.02,Regular Air,51.50,14.58,7.4,Lela Donovan,British Columbia,West,Corporate,Furniture,Office Furnishings,DAX Clear Channel Poster Frame,Small Box,0.48,7/21/2010
1497,10819,8/24/2010,Critical,35,233.39,0.06,Regular Air,-197.39,6.48,9.54,Mike Vittorini,British Columbia,West,Small Business,Office Supplies,Paper,Xerox 1905,Small Box,0.37,8/24/2010
1650,11907,8/23/2010,Low,45,4729.85,0.03,Delivery Truck,2014.82,100.97,14,Mark Cousins,British Columbia,West,Home Office,Technology,Office Machines,Hewlett-Packard Deskjet 3820 Color Inkjet Printer,Jumbo Drum,0.37,8/23/2010
1779,12743,6/23/2010,High,39,677.518,0.09,Regular Air,168.22,20.99,0.99,Mark Cousins,British Columbia,West,Corporate,Technology,Telephones and Communication,Accessory25,Wrap Bag,0.57,6/25/2010
1803,12902,10/29/2010,Not Specified,9,302.05,0,Regular Air,-58.81,30.98,6.5,Daniel Byrd,British Columbia,West,Home Office,Technology,Computer Peripherals,Belkin ErgoBoardª Keyboard,Small Box,0.64,10/31/2010
2037,14529,9/20/2010,Low,44,3819.42,0.1,Delivery Truck,-821.87,89.99,42,Lena Hernandez,British Columbia,West,Home Office,Furniture,Chairs & Chairmats,"Global Leather Task Chair, Black",Jumbo Drum,0.66,9/24/2010
2038,14529,9/20/2010,Low,42,208.78,0.05,Regular Air,24.87,5.08,2.03,Lena Hernandez,British Columbia,West,Home Office,Furniture,Office Furnishings,"Master Caster Door Stop, Brown",Wrap Bag,0.51,9/22/2010
2335,16806,6/17/2010,High,4,167.37,0.1,Regular Air,-132.15,43.22,4,Vicky Freymann,British Columbia,West,Home Office,Technology,Computer Peripherals,"Fellowes Mobile Numeric Keypad, Graphite",Small Box,0.64,6/18/2010
2336,16806,6/17/2010,High,18,1026.6385,0,Regular Air,-201.05,65.99,19.99,Vicky Freymann,British Columbia,West,Home Office,Technology,Telephones and Communication,iDENi80s,Small Box,0.59,6/19/2010
2393,17344,7/19/2010,Critical,40,2405.4575,0.01,Regular Air,571.54,65.99,7.69,Rob Dowd,British Columbia,West,Corporate,Technology,Telephones and Communication,5190,Small Box,0.59,7/21/2010
2777,20038,2/26/2010,Low,42,173.44,0.05,Regular Air,-172.40,4.14,6.6,Sally Knutson,British Columbia,West,Consumer,Furniture,Office Furnishings,Eldon Image Series Black Desk Accessories,Small Box,0.49,2/28/2010
2902,20961,1/14/2010,Not Specified,34,6607.92,0.06,Regular Air,1462.72,199.99,24.49,Lela Donovan,British Columbia,West,Corporate,Technology,Copiers and Fax,Canon PC-428 Personal Copier,Large Box,0.46,1/16/2010
3014,21671,6/15/2010,High,15,670.94,0.02,Regular Air,87.51,45.19,1.99,Thomas Brumley,British Columbia,West,Consumer,Technology,Computer Peripherals,"Verbatim DVD-RAM, 9.4GB, Rewritable, Type 1, DS, DataLife Plus",Small Pack,0.55,6/18/2010
3238,23207,10/22/2010,Critical,11,336.91,0.1,Regular Air,42.50,30.98,8.74,Ralph Kennedy,British Columbia,West,Corporate,Office Supplies,Paper,Xerox 1979,Small Box,0.4,10/23/2010
3488,24833,7/16/2010,Not Specified,45,5205.83,0.08,Delivery Truck,-818.77,124.49,51.94,Sally Knutson,British Columbia,West,Small Business,Furniture,Tables,Bevis 36 x 72 Conference Tables,Jumbo Box,0.63,7/18/2010
3618,25830,5/6/2010,Low,5,25.34,0.1,Regular Air,-21.29,4.06,6.89,Justin Hirsh,British Columbia,West,Consumer,Office Supplies,Appliances,Eureka Disposable Bags for Sanitaire¨ Vibra Groomer I¨ Upright Vac,Small Box,0.6,5/6/2010
3619,25830,5/6/2010,Low,11,178.57,0.05,Regular Air,-37.39,15.28,10.91,Justin Hirsh,British Columbia,West,Consumer,Office Supplies,Binders and Binder Accessories,Recycled Premium Regency Composition Covers,Small Box,0.36,5/11/2010
3687,26368,7/15/2010,Medium,25,1809.0125,0.01,Regular Air,795.05,85.99,2.5,Shahid Shariari,British Columbia,West,Corporate,Technology,Telephones and Communication,Accessory12,Small Box,0.35,7/17/2010
4091,29185,1/20/2010,High,8,468.49,0.03,Regular Air,-6.37,56.96,13.22,Rob Dowd,British Columbia,West,Corporate,Office Supplies,Appliances,"Conquestª 14 Commercial Heavy-Duty Upright Vacuum, Collection System, Accessory Kit",Small Box,0.56,1/21/2010
4092,29185,1/20/2010,High,48,446.53,0.04,Express Air,-261.45,8.37,10.16,Rob Dowd,British Columbia,West,Corporate,Furniture,Office Furnishings,Westinghouse Clip-On Gooseneck Lamps,Large Box,0.59,1/22/2010
4093,29185,1/20/2010,High,5,217.85,0.02,Express Air,-25.31,40.99,17.48,Rob Dowd,British Columbia,West,Corporate,Office Supplies,Paper,Xerox 1893,Small Box,0.36,1/22/2010
4143,29408,5/2/2010,Not Specified,44,4260.73,0.07,Delivery Truck,251.58,119.99,56.14,Neil Knudson,British Columbia,West,Home Office,Technology,Office Machines,Hewlett-Packard 2600DN Business Color Inkjet Printer,Jumbo Box,0.39,5/3/2010
4238,30149,12/12/2010,Medium,8,16.47,0.1,Regular Air,-6.82,2.08,1.49,Mark Cousins,British Columbia,West,Corporate,Office Supplies,Binders and Binder Accessories,Round Ring Binders,Small Box,0.38,12/13/2010
4239,30149,12/12/2010,Medium,5,173.62,0.09,Delivery Truck,-88.64,33.94,19.19,Mark Cousins,British Columbia,West,Corporate,Furniture,Chairs & Chairmats,"Metal Folding Chairs, Beige, 4/Carton",Jumbo Drum,0.58,12/14/2010
4240,30149,12/12/2010,Medium,50,690.97,0.03,Regular Air,-16.94,13.79,8.78,Mark Cousins,British Columbia,West,Corporate,Furniture,Office Furnishings,9-3/4 Diameter Round Wall Clock,Small Box,0.43,12/15/2010
4471,31872,9/6/2010,Low,34,2833.19,0.06,Express Air,1409.87,83.98,5.01,Vicky Freymann,British Columbia,West,Home Office,Office Supplies,Envelopes,Ames Color-File¨ Green Diamond Border X-ray Mailers,Small Box,0.38,9/10/2010
4472,31872,9/6/2010,Low,30,4452.65,0.09,Delivery Truck,-265.12,159.31,60,Vicky Freymann,British Columbia,West,Home Office,Furniture,Tables,Hon Non-Folding Utility Tables,Jumbo Drum,0.55,9/10/2010
5121,36480,8/22/2010,Medium,44,1190.8,0.07,Regular Air,502.49,28.53,1.49,Lela Donovan,British Columbia,West,Corporate,Office Supplies,Binders and Binder Accessories,Lock-Up Easel 'Spel-Binder',Small Box,0.38,8/23/2010
5174,36805,12/14/2010,Medium,7,263.8,0,Regular Air,165.33,34.23,5.02,Shahid Shariari,British Columbia,West,Corporate,Furniture,Office Furnishings,Hand-Finished Solid Wood Document Frame,Small Box,0.55,12/16/2010
5175,36805,12/14/2010,Medium,28,1546.3965,0.07,Express Air,226.72,65.99,5.26,Shahid Shariari,British Columbia,West,Corporate,Technology,Telephones and Communication,g520,Small Box,0.59,12/16/2010
5255,37410,10/12/2010,Medium,45,18775.76,0.03,Delivery Truck,8504.47,400.97,48.26,Chuck Clark,British Columbia,West,Corporate,Technology,Office Machines,Hewlett-Packard Deskjet 1220Cse Color Inkjet Printer,Jumbo Box,0.36,10/14/2010
5683,40164,4/10/2010,Not Specified,8,184.07,0.04,Regular Air,75.63,22.98,7.58,Chuck Clark,British Columbia,West,Corporate,Furniture,Office Furnishings,"Seth Thomas 12"" Clock w/ Goldtone Case",Small Box,0.51,4/12/2010
5856,41569,7/21/2010,Critical,16,60.76,0.03,Regular Air,5.25,3.7,1.61,Khloe Miller,British Columbia,West,Corporate,Furniture,Office Furnishings,3M Hangers With Command Adhesive,Wrap Bag,0.44,7/23/2010
5866,41633,11/9/2010,Low,29,3636.91,0,Delivery Truck,-1284.24,122.99,70.2,Bill Eplett,British Columbia,West,Corporate,Furniture,Chairs & Chairmats,"Global High-Back Leather Tilter, Burgundy",Jumbo Drum,0.74,11/9/2010
5936,42112,12/24/2010,Not Specified,16,2744.361,0.01,Regular Air,201.03,195.99,8.99,Bill Eplett,British Columbia,West,Corporate,Technology,Telephones and Communication,T28 WORLD,Small Box,0.6,12/26/2010
6061,42947,8/26/2010,Low,5,177.05,0,Regular Air,-50.67,35.41,1.99,Patrick O'Brill,British Columbia,West,Home Office,Technology,Computer Peripherals,Imation DVD-RAM discs,Small Pack,0.43,8/28/2010
6228,44098,1/27/2010,Low,1,5.06,0.01,Regular Air,-2.64,3.14,1.92,John Grady,British Columbia,West,Corporate,Office Supplies,"Scissors, Rulers and Trimmers",Serrated Blade or Curved Handle Hand Letter Openers,Wrap Bag,0.84,1/31/2010
6578,46849,12/13/2010,Not Specified,23,188.54,0.09,Regular Air,9.82,8.33,1.99,Sarah Bern,Nova Scotia,Atlantic,Corporate,Technology,Computer Peripherals,"80 Minute Slim Jewel Case CD-R , 10/Pack - Staples",Small Pack,0.52,12/14/2010
6683,47527,9/17/2010,Medium,48,12072.9,0.04,Delivery Truck,3064.51,243.98,43.32,Greg Maxwell,Nova Scotia,Atlantic,Home Office,Furniture,Chairs & Chairmats,"Hon Deluxe Fabric Upholstered Stacking Chairs, Rounded Back",Jumbo Drum,0.55,9/18/2010
6707,47750,6/15/2010,Low,1,195.04,0.08,Regular Air,-149.41,167.27,35,Sally Knutson,Nova Scotia,Atlantic,Corporate,Office Supplies,Storage & Organization,Office Impressions Heavy Duty Welded Shelving & Multimedia Storage Drawers,Large Box,0.85,6/15/2010
6797,48452,10/9/2010,High,32,1859.01,0.09,Delivery Truck,-588.90,60.98,30,Giulietta Weimer,Nova Scotia,Atlantic,Corporate,Furniture,Chairs & Chairmats,Novimex Fabric Task Chair,Jumbo Drum,0.7,10/11/2010
6798,48452,10/9/2010,High,19,1781.11,0.1,Regular Air,51.44,99.99,19.99,Giulietta Weimer,Nova Scotia,Atlantic,Corporate,Technology,Computer Peripherals,U.S. Robotics 56K Internet Call Modem,Small Box,0.5,10/9/2010
6799,48452,10/9/2010,High,44,185.32,0.03,Regular Air,-192.56,4.18,6.92,Giulietta Weimer,Nova Scotia,Atlantic,Corporate,Furniture,Office Furnishings,"Eldon¨ Image Series Desk Accessories, Burgundy",Small Box,0.49,10/10/2010
6800,48452,10/9/2010,High,15,73.41,0.08,Regular Air,-44.79,4.91,4.97,Giulietta Weimer,Nova Scotia,Atlantic,Corporate,Office Supplies,Binders and Binder Accessories,"Pressboard Covers with Storage Hooks, 9 1/2"" x 11"", Light Blue",Small Box,0.38,10/11/2010
6801,48452,10/9/2010,High,28,43.66,0.04,Regular Air,5.77,1.48,0.7,Giulietta Weimer,Nova Scotia,Atlantic,Corporate,Office Supplies,Rubber Bands,Binder Clips by OIC,Wrap Bag,0.37,10/11/2010
7428,52933,8/26/2010,Low,44,210.46,0.03,Express Air,50.04,4.49,1.49,Liz Price,Nova Scotia,Atlantic,Consumer,Office Supplies,Binders and Binder Accessories,Avery Non-Stick Binders,Small Box,0.39,9/2/2010
7437,53025,3/17/2010,Critical,32,195.57,0.09,Regular Air,-132.93,5.98,7.5,Justin Hirsh,Nova Scotia,Atlantic,Consumer,Office Supplies,Paper,Xerox 1920,Small Box,0.4,3/18/2010
7587,54304,2/17/2010,High,11,558.62,0.03,Regular Air,118.32,48.58,3.99,Justin Hirsh,Nova Scotia,Atlantic,Consumer,Office Supplies,Appliances,Belkin Premiere Surge Master II 8-outlet surge protector,Small Box,0.56,2/19/2010
7875,56321,4/16/2010,Critical,24,135.88,0.1,Regular Air,-75.39,5.8,5.59,Shahid Shariari,Nova Scotia,Atlantic,Consumer,Office Supplies,Binders and Binder Accessories,Wilson Jones ÒSnapÓ Scratch Pad Binder Tool for Ring Binders,Small Box,0.4,4/18/2010
7919,56610,3/7/2010,Medium,20,857.95,0.08,Express Air,51.85,43.22,4,Justin Hirsh,Nova Scotia,Atlantic,Consumer,Technology,Computer Peripherals,"Fellowes Mobile Numeric Keypad, Graphite",Small Box,0.64,3/7/2010
8020,57314,10/12/2010,Low,22,846.35,0.04,Express Air,341.53,37.94,5.08,Patrick O'Brill,Nova Scotia,Atlantic,Home Office,Office Supplies,Paper,"Snap-A-Way¨ Black Print Carbonless Ruled Speed Letter, Triplicate",Wrap Bag,0.38,10/16/2010
8021,57314,10/12/2010,Low,26,1976.3945,0,Regular Air,473.36,85.99,2.79,Patrick O'Brill,Nova Scotia,Atlantic,Home Office,Technology,Telephones and Communication,6340,Small Box,0.58,10/19/2010
8240,58913,5/11/2010,Medium,23,144.55,0.07,Regular Air,-60.17,6.48,5.94,Sarah Bern,Nova Scotia,Atlantic,Corporate,Office Supplies,Paper,"Eureka Recycled Copy Paper 8 1/2"" x 11"", Ream",Small Box,0.37,5/13/2010
37,229,12/28/2010,Critical,43,586.11,0.11,Regular Air,98.44,12.64,4.98,Matt Abelman,Nova Scotia,Atlantic,Consumer,Furniture,Office Furnishings,Nu-Dell Executive Frame,Small Pack,0.48,12/30/2010
246,1699,12/29/2010,Critical,40,430.88,0.05,Regular Air,39.00,11.09,5.25,Art Ferguson,Nova Scotia,Atlantic,Corporate,Office Supplies,Envelopes,#10 Self-Seal White Envelopes,Small Box,0.36,3/23/2011
382,2656,5/3/2010,Critical,3,523.11,0.05,Delivery Truck,-214.53,159.31,60,Nathan Cano,Nova Scotia,Atlantic,Consumer,Furniture,Tables,Hon Non-Folding Utility Tables,Jumbo Drum,0.55,5/4/2010
383,2656,5/3/2010,Critical,29,913.41,0.01,Regular Air,237.14,35.99,1.25,Nathan Cano,Nova Scotia,Atlantic,Consumer,Technology,Telephones and Communication,Accessory13,Small Pack,0.57,5/5/2010
638,4487,2/22/2010,Medium,50,325.24,0.05,Regular Air,-79.42,6.54,5.27,Scott Williamson,Nova Scotia,Atlantic,Small Business,Office Supplies,Binders and Binder Accessories,Wilson Jones¨ Four-Pocket Poly Binders,Small Box,0.36,2/23/2010
713,5061,8/13/2010,Critical,4,12.8,0,Regular Air,-2.21,2.88,0.7,Sean Wendt,Nova Scotia,Atlantic,Corporate,Office Supplies,Pens & Art Supplies,Newell 346,Wrap Bag,0.56,8/15/2010
967,7015,10/12/2010,Not Specified,47,1880.8,0.07,Regular Air,775.88,40.98,1.99,Matt Abelman,Nova Scotia,Atlantic,Home Office,Technology,Computer Peripherals,"Imation Printable White 80 Minute CD-R Spindle, 50/Pack",Small Pack,0.44,10/14/2010
968,7015,10/12/2010,Not Specified,42,7143.927,0.02,Express Air,2374.73,195.99,4.2,Matt Abelman,Nova Scotia,Atlantic,Home Office,Technology,Telephones and Communication,T65,Small Box,0.56,10/13/2010
1775,12710,8/17/2010,Critical,37,2116.62,0.06,Regular Air,745.45,55.98,13.88,John Castell,Nova Scotia,Atlantic,Small Business,Office Supplies,Paper,Xerox 1882,Small Box,0.36,8/17/2010
2009,14338,1/31/2010,Low,34,6580.16,0.1,Delivery Truck,2786.35,200.97,15.59,Mike Kennedy,Nova Scotia,Atlantic,Small Business,Technology,Office Machines,Hewlett-Packard Deskjet 6122 Color Inkjet Printer,Jumbo Drum,0.36,2/7/2010
2021,14406,3/8/2010,Medium,37,5610.84,0.07,Regular Air,2366.51,150.98,13.99,Charles Sheldon,Nova Scotia,Atlantic,Corporate,Technology,Office Machines,Canon MP41DH Printing Calculator,Medium Box,0.38,3/10/2010
2022,14406,3/8/2010,Medium,20,455.34,0.06,Delivery Truck,-932.55,20.98,53.03,Charles Sheldon,Nova Scotia,Atlantic,Corporate,Office Supplies,Storage & Organization,"Tennsco Lockers, Gray",Jumbo Drum,0.78,3/10/2010
2023,14406,3/8/2010,Medium,35,2329.646,0.1,Express Air,-310.24,85.99,0.99,Charles Sheldon,Nova Scotia,Atlantic,Corporate,Technology,Telephones and Communication,Accessory4,Wrap Bag,0.85,3/10/2010
2202,15878,11/4/2010,High,36,275.06,0.05,Regular Air,-237.87,7.28,11.15,Mike Kennedy,Nova Scotia,Atlantic,Corporate,Office Supplies,Paper,"Array¨ Parchment Paper, Assorted Colors",Small Box,0.37,11/6/2010
2823,20386,2/27/2010,Critical,35,41.23,0.09,Regular Air,-21.51,1.26,0.7,Mike Kennedy,Nova Scotia,Atlantic,Corporate,Office Supplies,Rubber Bands,Bagged Rubber Bands,Wrap Bag,0.81,2/27/2010
2839,20455,6/28/2010,Critical,7,381.1995,0.08,Express Air,-233.56,65.99,8.99,Dana Kaydos,Nova Scotia,Atlantic,Corporate,Technology,Telephones and Communication,V 3600 Series,Small Box,0.58,6/29/2010
3074,22053,8/21/2010,Critical,32,563.08,0.1,Regular Air,112.97,18.99,5.23,Sean Wendt,Nova Scotia,Atlantic,Corporate,Office Supplies,Binders and Binder Accessories,Poly Designer Cover & Back,Small Box,0.37,8/23/2010
3111,22368,2/19/2010,Medium,5,192.12,0.04,Regular Air,-74.85,39.24,1.99,Sarah Jordon,Nova Scotia,Atlantic,Consumer,Technology,Computer Peripherals,Verbatim DVD-R 4.7GB authoring disc,Small Pack,0.51,2/20/2010
3112,22368,2/19/2010,Medium,33,3917.61,0.08,Delivery Truck,40.76,119.99,56.14,Sarah Jordon,Nova Scotia,Atlantic,Consumer,Technology,Office Machines,Hewlett-Packard 2600DN Business Color Inkjet Printer,Jumbo Box,0.39,2/21/2010
3113,22368,2/19/2010,Medium,34,2788.04,0.01,Regular Air,-849.18,80.98,35,Sarah Jordon,Nova Scotia,Atlantic,Consumer,Office Supplies,Storage & Organization,"Carina 42""Hx23 3/4""W Media Storage Unit",Large Box,0.83,2/20/2010
3842,27396,12/8/2010,Critical,14,138.31,0.07,Regular Air,-31.16,9.77,6.02,Sean Wendt,British Columbia,West,Corporate,Furniture,Office Furnishings,DAX Solid Wood Frames,Medium Box,0.48,12/10/2010
4650,33122,6/19/2010,Low,21,8468.63,0,Delivery Truck,2819.96,400.97,48.26,Roland Black,British Columbia,West,Small Business,Technology,Office Machines,Hewlett-Packard Deskjet 1220Cse Color Inkjet Printer,Jumbo Box,0.36,6/26/2010
4862,34599,3/3/2010,Low,26,191.55,0.08,Regular Air,7.17,7.7,3.68,John Castell,British Columbia,West,Small Business,Furniture,Office Furnishings,Deflect-O¨ Glasstiqueª Clear Desk Accessories,Wrap Bag,0.52,3/7/2010
4863,34599,3/3/2010,Low,29,938.86,0.05,Regular Air,22.21,30.98,17.08,John Castell,British Columbia,West,Small Business,Office Supplies,Paper,Xerox 197,Small Box,0.4,3/7/2010
4879,34721,11/1/2010,Not Specified,46,503.17,0.01,Regular Air,-10.21,10.23,4.68,Bart Watters,British Columbia,West,Corporate,Office Supplies,"Scissors, Rulers and Trimmers",Acme¨ Box Cutter Scissors,Small Pack,0.59,11/2/2010
4889,34787,2/28/2010,Low,14,453.99,0.05,Regular Air,14.61,30.98,8.99,Sean Wendt,British Columbia,West,Corporate,Office Supplies,Pens & Art Supplies,"Boston School Pro Electric Pencil Sharpener, 1670",Small Pack,0.58,3/2/2010
4991,35522,10/25/2010,Low,27,2575.01,0.09,Regular Air,231.46,99.99,19.99,Michael Granlund,British Columbia,West,Home Office,Technology,Computer Peripherals,US Robotics 56K V.92 External Faxmodem,Small Box,0.52,11/1/2010
5062,36099,9/17/2010,Low,32,85.49,0.08,Regular Air,5.72,2.88,0.7,Neil Ducich,British Columbia,West,Home Office,Office Supplies,Pens & Art Supplies,Newell 340,Wrap Bag,0.56,9/22/2010
5063,36099,9/17/2010,Low,15,926.3,0.09,Regular Air,-503.80,64.65,35,Neil Ducich,British Columbia,West,Home Office,Office Supplies,Storage & Organization,Space Solutions Commercial Steel Shelving,Large Box,0.8,9/22/2010
5437,38625,11/17/2010,Not Specified,28,2752,0.06,Express Air,336.47,99.99,19.99,Chad Sievert,British Columbia,West,Corporate,Technology,Computer Peripherals,US Robotics 56K V.92 External Faxmodem,Small Box,0.52,11/19/2010
5438,38625,11/17/2010,Not Specified,12,72.82,0.02,Regular Air,5.03,5.98,2.5,Chad Sievert,British Columbia,West,Corporate,Office Supplies,Envelopes,Wausau Papers Astrobrights¨ Colored Envelopes,Small Box,0.36,11/19/2010
5695,40259,10/12/2010,Medium,4,29.05,0.08,Express Air,-20.90,4.98,4.32,Theone Pippenger,British Columbia,West,Corporate,Technology,Computer Peripherals,"DS/HD IBM Formatted Diskettes, 10/Pack - Staples",Small Pack,0.64,10/13/2010
6279,44450,10/9/2010,Critical,14,243.23,0.07,Regular Air,35.33,17.48,1.99,Sean Wendt,British Columbia,West,Corporate,Technology,Computer Peripherals,"Maxell Pro 80 Minute CD-R, 10/Pack",Small Pack,0.45,10/10/2010
6280,44450,10/9/2010,Critical,24,1326.51,0.03,Regular Air,58.17,65.99,8.99,Sean Wendt,British Columbia,West,Corporate,Technology,Telephones and Communication,StarTAC Analog,Small Box,0.6,10/9/2010
6350,44999,1/22/2010,Medium,17,110.74,0.09,Regular Air,-70.31,6.48,7.49,Mike Kennedy,British Columbia,West,Small Business,Office Supplies,Paper,Xerox 220,Small Box,0.37,1/23/2010
6376,45249,11/27/2010,Low,24,1155.5835,0.04,Regular Air,-127.00,55.99,5,Roland Black,Manitoba,Prarie,Small Business,Technology,Telephones and Communication,Accessory6,Small Pack,0.8,12/2/2010
6411,45570,8/9/2010,Critical,19,77.57,0,Regular Air,-67.49,3.58,5.47,Bart Watters,Manitoba,Prarie,Corporate,Office Supplies,Binders and Binder Accessories,Avery Poly Binder Pockets,Small Box,0.37,8/10/2010
6517,46375,8/26/2010,Medium,24,905.32,0.02,Regular Air,389.07,35.44,5.09,Parhena Norris,Manitoba,Prarie,Home Office,Office Supplies,Paper,Xerox 1932,Small Box,0.38,8/28/2010
6518,46375,8/26/2010,Medium,16,1702.499,0.08,Regular Air,162.11,125.99,5.26,Parhena Norris,Manitoba,Prarie,Home Office,Technology,Telephones and Communication,232,Small Box,0.55,8/27/2010
6596,46948,5/20/2010,Low,10,64.13,0.1,Regular Air,-28.97,6.54,5.27,Mike Kennedy,Manitoba,Prarie,Corporate,Office Supplies,Binders and Binder Accessories,Wilson Jones¨ Four-Pocket Poly Binders,Small Box,0.36,5/24/2010
6644,47267,12/29/2010,Medium,24,492.71,0.02,Regular Air,67.01,19.98,8.68,Theone Pippenger,Manitoba,Prarie,Corporate,Office Supplies,Paper,Southworth 25% Cotton Premium Laser Paper and Envelopes,Small Box,0.37,12/30/2010
6645,47267,12/29/2010,Medium,14,1042.06,0.04,Delivery Truck,-931.25,70.89,89.3,Theone Pippenger,Manitoba,Prarie,Corporate,Furniture,Tables,KI Conference Tables,Jumbo Box,0.69,12/30/2010
6806,48480,1/2/2010,Critical,32,11103.75,0.1,Delivery Truck,-522.59,370.98,99,Sean Wendt,Manitoba,Prarie,Corporate,Office Supplies,Storage & Organization,"Sauder Facets Collection Locker/File Cabinet, Sky Alder Finish",Jumbo Drum,0.65,1/5/2010
6852,48800,10/22/2010,Not Specified,8,28761.52,0.04,Regular Air,285.11,3499.99,24.49,Parhena Norris,Manitoba,Prarie,Home Office,Technology,Copiers and Fax,Canon imageCLASS 2200 Advanced Copier,Large Box,0.37,10/23/2010
7009,50048,1/18/2010,High,14,35.48,0.09,Regular Air,-9.19,2.58,1.3,Chad Sievert,Manitoba,Prarie,Corporate,Office Supplies,Pens & Art Supplies,DIXON Oriole¨ Pencils,Wrap Bag,0.59,1/20/2010
7010,50048,1/18/2010,High,1,15,0.05,Regular Air,-11.02,6.84,8.37,Chad Sievert,Manitoba,Prarie,Corporate,Office Supplies,"Scissors, Rulers and Trimmers","Acme Design Line 8"" Stainless Steel Bent Scissors w/Champagne Handles, 3-1/8"" Cut",Small Pack,0.58,1/20/2010
7152,51041,7/29/2010,High,47,2766.818,0.03,Regular Air,846.95,65.99,5.92,Neil Ducich,Manitoba,Prarie,Home Office,Technology,Telephones and Communication,252,Small Box,0.55,7/30/2010
7194,51328,10/26/2010,Low,38,689.67,0.07,Regular Air,51.47,18.7,8.99,Sarah Jordon,Manitoba,Prarie,Consumer,Furniture,Office Furnishings,"Executive Impressions 13-1/2"" Indoor/Outdoor Wall Clock",Small Pack,0.47,10/31/2010
7263,51814,9/24/2010,Critical,13,104.51,0.04,Regular Air,-9.28,7.84,4.71,Michael Granlund,Manitoba,Prarie,Home Office,Office Supplies,Binders and Binder Accessories,XtraLife¨ ClearVueª Slant-D¨ Ring Binders by Cardinal,Small Box,0.35,9/26/2010
7852,56135,11/13/2010,Medium,8,1118.82,0.04,Delivery Truck,-320.30,140.98,36.09,Theone Pippenger,Manitoba,Prarie,Corporate,Furniture,Bookcases,"Sauder Forest Hills Library, Woodland Oak Finish",Jumbo Box,0.77,11/15/2010
7853,56135,11/13/2010,Medium,48,79.75,0.1,Regular Air,-41.32,1.81,1.56,Theone Pippenger,Manitoba,Prarie,Corporate,Office Supplies,Rubber Bands,Colored Push Pins,Wrap Bag,0.49,11/14/2010
8120,57986,10/29/2010,High,14,199.93,0.1,Regular Air,-105.33,14.81,13.32,Dennis Bolton,Manitoba,Prarie,Small Business,Office Supplies,Appliances,"Holmes Replacement Filter for HEPA Air Cleaner, Large Room",Small Box,0.43,10/29/2010
8215,58725,5/20/2010,Not Specified,39,335.35,0.05,Regular Air,-134.97,8.74,8.29,Joel Jenkins,Manitoba,Prarie,Corporate,Office Supplies,Envelopes,"#10- 4 1/8"" x 9 1/2"" Recycled Envelopes",Small Box,0.38,5/21/2010
503,3463,8/17/2010,Critical,43,264.75,0.08,Regular Air,-212.51,6.48,8.4,Julia Dunbar,Manitoba,Prarie,Consumer,Office Supplies,Paper,Xerox 212,Small Box,0.37,8/18/2010
591,4034,11/13/2010,Not Specified,44,3367.24,0.07,Regular Air,-1183.69,79.52,48.2,Christine Sundaresam,Manitoba,Prarie,Small Business,Furniture,Office Furnishings,Eldon Cleatmat Plusª Chair Mats for High Pile Carpets,Medium Box,0.74,11/14/2010
592,4034,11/13/2010,Not Specified,37,5723.24,0,Delivery Truck,-194.97,145.98,51.92,Christine Sundaresam,Manitoba,Prarie,Small Business,Furniture,Tables,Bevis Rectangular Conference Tables,Jumbo Box,0.69,11/14/2010
593,4037,3/23/2010,High,27,188.07,0,Regular Air,-101.85,6.48,7.86,Bruce Stewart,Manitoba,Prarie,Corporate,Office Supplies,Paper,Xerox 213,Small Box,0.37,3/24/2010
775,5538,12/24/2010,Critical,43,1281.28,0.05,Regular Air,415.85,29.17,6.27,Julia Dunbar,Manitoba,Prarie,Consumer,Office Supplies,Binders and Binder Accessories,Binding Machine Supplies,Small Box,0.37,12/26/2010
776,5538,12/24/2010,Critical,13,1940.31,0.03,Delivery Truck,-668.19,146.05,80.2,Julia Dunbar,Manitoba,Prarie,Consumer,Furniture,Tables,BPI Conference Tables,Jumbo Box,0.71,12/25/2010
777,5538,12/24/2010,Critical,4,430.848,0.06,Regular Air,-492.77,125.99,5.63,Julia Dunbar,Manitoba,Prarie,Consumer,Technology,Telephones and Communication,8290,Small Box,0.6,12/27/2010
814,5863,11/21/2010,Medium,40,933.21,0.05,Regular Air,207.18,22.98,7.58,Guy Thornton,Manitoba,Prarie,Corporate,Furniture,Office Furnishings,"Seth Thomas 12"" Clock w/ Goldtone Case",Small Box,0.51,11/22/2010
997,7175,2/7/2010,Critical,10,748.25,0.05,Delivery Truck,-86.99,70.98,26.74,Helen Andreada,Manitoba,Prarie,Corporate,Furniture,Bookcases,"Hon Metal Bookcases, Black",Jumbo Box,0.6,2/9/2010
1207,8834,11/8/2010,High,1,16.73,0.08,Regular Air,-6.96,12.64,4.98,Ken Lonsdale,Manitoba,Prarie,Consumer,Furniture,Office Furnishings,Nu-Dell Executive Frame,Small Pack,0.48,11/9/2010
1408,10242,12/12/2010,Medium,32,690.88,0.08,Regular Air,119.25,22.98,7.58,Maria Bertelson,Manitoba,Prarie,Home Office,Furniture,Office Furnishings,"Seth Thomas 12"" Clock w/ Goldtone Case",Small Box,0.51,12/13/2010
2118,15109,12/14/2010,Not Specified,11,230.72,0.08,Regular Air,-68.76,20.95,5.99,Maria Bertelson,Manitoba,Prarie,Home Office,Technology,Computer Peripherals,"Fellowes Basic 104-Key Keyboard, Platinum",Small Box,0.65,12/17/2010
2119,15109,12/14/2010,Not Specified,45,293.47,0.06,Regular Air,-205.38,6.48,8.4,Maria Bertelson,Manitoba,Prarie,Home Office,Office Supplies,Paper,Xerox 212,Small Box,0.37,12/16/2010
2120,15109,12/14/2010,Not Specified,33,88.7,0.06,Regular Air,-89.13,2.52,4.28,Maria Bertelson,Manitoba,Prarie,Home Office,Office Supplies,Pens & Art Supplies,"Binney & Smith inkTankª Erasable Desk Highlighter, Chisel Tip, Yellow, 12/Box",Wrap Bag,0.44,12/16/2010
2121,15109,12/14/2010,Not Specified,23,262.78,0.04,Regular Air,19.36,10.98,3.37,Maria Bertelson,Manitoba,Prarie,Home Office,Office Supplies,"Scissors, Rulers and Trimmers",Fiskars¨ Softgrip Scissors,Small Pack,0.57,12/15/2010
2122,15109,12/14/2010,Not Specified,10,142.15,0.09,Regular Air,-58.18,14.03,9.37,Maria Bertelson,Manitoba,Prarie,Home Office,Office Supplies,Storage & Organization,Project Tote Personal File,Small Box,0.56,12/16/2010
2146,15332,5/30/2010,Not Specified,6,321.71,0.1,Regular Air,-2.73,52.4,16.11,Maria Bertelson,Manitoba,Prarie,Home Office,Office Supplies,Binders and Binder Accessories,Ibico Laser Imprintable Binding System Covers,Small Box,0.39,6/1/2010
2242,16165,7/22/2010,Not Specified,4,136.68,0.01,Express Air,-125.16,30.73,4,Hallie Redmond,Manitoba,Prarie,Small Business,Technology,Computer Peripherals,Fellowes 17-key keypad for PS/2 interface,Small Box,0.75,7/24/2010
2243,16165,7/22/2010,Not Specified,24,1452.48,0.07,Express Air,376.52,62.18,10.84,Hallie Redmond,Manitoba,Prarie,Small Business,Furniture,Office Furnishings,Deflect-o Glass Clear Studded Chair Mats,Medium Box,0.63,7/23/2010
2244,16165,7/22/2010,Not Specified,19,3555.29,0.09,Express Air,183.28,193.17,19.99,Hallie Redmond,Manitoba,Prarie,Small Business,Office Supplies,Storage & Organization,Fellowes Staxonsteel¨ Drawer Files,Small Box,0.71,7/22/2010
2426,17632,2/21/2010,Medium,38,71.12,0.1,Regular Air,-21.89,1.98,0.7,Liz Thompson,Manitoba,Prarie,Corporate,Office Supplies,Rubber Bands,"Brites Rubber Bands, 1 1/2 oz. Box",Wrap Bag,0.83,2/22/2010
2691,19492,12/12/2010,High,9,691.09,0.08,Regular Air,364.03,78.69,19.99,Jason Gross,Manitoba,Prarie,Small Business,Furniture,Office Furnishings,Howard Miller 12-3/4 Diameter Accuwave DS ª Wall Clock,Small Box,0.43,12/14/2010
2692,19492,12/12/2010,High,33,713.7,0.02,Regular Air,176.09,21.98,2.87,Jason Gross,Manitoba,Prarie,Small Business,Office Supplies,Pens & Art Supplies,Panasonic KP-310 Heavy-Duty Electric Pencil Sharpener,Small Pack,0.55,12/13/2010
3050,21863,11/21/2010,Not Specified,27,85.77,0.03,Regular Air,-102.02,2.84,5.44,Christine Sundaresam,Manitoba,Prarie,Small Business,Office Supplies,Binders and Binder Accessories,Avery Round Ring Poly Binders,Small Box,0.36,11/22/2010
3051,21863,11/21/2010,Not Specified,13,149.31,0,Regular Air,7.77,10.98,5.14,Christine Sundaresam,Manitoba,Prarie,Small Business,Office Supplies,Binders and Binder Accessories,GBC Imprintable Covers,Small Box,0.36,11/22/2010
3072,22022,4/3/2010,Critical,1,1409.86,0.07,Delivery Truck,-3461.12,1500.97,29.7,Hallie Redmond,Manitoba,Prarie,Small Business,Technology,Office Machines,Epson DFX5000+ Dot Matrix Printer,Jumbo Drum,0.57,4/4/2010
3659,26182,1/16/2010,Not Specified,4,770.76,0.08,Delivery Truck,-192.51,200.98,23.76,Doug Bickford,Ontario,Ontario,Corporate,Furniture,Chairs & Chairmats,"Global Leather Highback Executive Chair with Pneumatic Height Adjustment, Black",Jumbo Drum,0.58,1/16/2010
4387,31238,8/22/2010,Medium,21,7512.03,0.09,Express Air,2017.64,363.25,19.99,Joseph Airdo,Ontario,Ontario,Corporate,Office Supplies,Appliances,Hoover WindTunnelª Plus Canister Vacuum,Small Box,0.57,8/24/2010
4637,32998,9/29/2010,Not Specified,13,1663.83,0.1,Delivery Truck,-484.64,130.98,54.74,Guy Thornton,Ontario,Ontario,Corporate,Furniture,Bookcases,"O'Sullivan Elevations Bookcase, Cherry Finish",Jumbo Box,0.69,9/30/2010
4766,33889,11/6/2010,Low,46,9046.33,0,Delivery Truck,1398.03,180.98,55.24,Christina Vanderzanden,Ontario,Ontario,Small Business,Office Supplies,Appliances,Avanti 4.4 Cu. Ft. Refrigerator,Jumbo Drum,0.57,11/11/2010
4767,33889,11/6/2010,Low,43,367.96,0.06,Regular Air,-16.11,8.67,3.5,Christina Vanderzanden,Ontario,Ontario,Small Business,Office Supplies,Appliances,Staples 4 Outlet Surge Protector,Small Box,0.58,11/13/2010
4768,33889,11/6/2010,Low,27,159.05,0.04,Regular Air,21.46,5.98,2.5,Christina Vanderzanden,Ontario,Ontario,Small Business,Office Supplies,Envelopes,Wausau Papers Astrobrights¨ Colored Envelopes,Small Box,0.36,11/10/2010
4769,33889,11/6/2010,Low,39,116.14,0.01,Regular Air,50.44,2.88,0.5,Christina Vanderzanden,Ontario,Ontario,Small Business,Office Supplies,Labels,Avery 49,Small Box,0.36,11/8/2010
5114,36449,9/5/2010,Not Specified,6,90.75,0.02,Regular Air,-26.39,12.99,14.37,Bruce Stewart,Ontario,Ontario,Corporate,Furniture,Office Furnishings,"Tensor ""Hersey Kiss"" Styled Floor Lamp",Large Box,0.73,9/5/2010
5483,38917,11/21/2010,Low,11,618.1965,0.02,Regular Air,-132.53,65.99,8.8,Joseph Airdo,Ontario,Ontario,Consumer,Technology,Telephones and Communication,6120,Small Box,0.58,11/28/2010
5539,39265,5/7/2010,Critical,47,198.08,0.02,Regular Air,32.69,4.28,0.94,Dorothy Dickinson,Ontario,Ontario,Corporate,Office Supplies,Pens & Art Supplies,Newell 336,Wrap Bag,0.56,5/8/2010
5786,41059,9/14/2010,Medium,26,363.16,0.08,Express Air,3.92,14.27,7.27,Lycoris Saunders,Ontario,Ontario,Corporate,Office Supplies,Binders and Binder Accessories,"GBC Laser Imprintable Binding System Covers, Desert Sand",Small Box,0.38,9/14/2010
5787,41059,9/14/2010,Medium,45,12571.63,0.09,Regular Air,5455.96,300.98,13.99,Lycoris Saunders,Ontario,Ontario,Corporate,Technology,Office Machines,Polycom VoiceStation 100,Medium Box,0.39,9/15/2010
5788,41059,9/14/2010,Medium,21,128.86,0,Express Air,24.53,5.84,1.2,Lycoris Saunders,Ontario,Ontario,Corporate,Office Supplies,Pens & Art Supplies,Newell 312,Wrap Bag,0.55,9/16/2010
5789,41059,9/14/2010,Medium,45,17884.53,0.04,Delivery Truck,2357.86,400.98,42.52,Lycoris Saunders,Ontario,Ontario,Corporate,Furniture,Tables,Bretford CR8500 Series Meeting Room Furniture,Jumbo Box,0.71,9/15/2010
6470,46050,1/4/2010,High,3,876.75,0.02,Regular Air,-248.69,289.53,19.99,Julie Prescott,Ontario,Ontario,Home Office,Office Supplies,Appliances,Hoover Upright Vacuum With Dirt Cup,Small Box,0.56,1/7/2010
6504,46310,7/21/2010,High,29,1935.25,0.04,Regular Air,652.19,63.98,11.55,Annie Thurman,Ontario,Ontario,Home Office,Office Supplies,Binders and Binder Accessories,GBC DocuBind P50 Personal Binding Machine,Small Box,0.38,7/22/2010
6505,46310,7/21/2010,High,13,278.5,0.1,Regular Air,-6.23,22.01,5.53,Annie Thurman,Ontario,Ontario,Home Office,Office Supplies,Pens & Art Supplies,Boston 16801 Nautilusª Battery Pencil Sharpener,Small Pack,0.59,7/22/2010
6506,46310,7/21/2010,High,42,5423.58,0.01,Regular Air,1361.56,120.33,19.99,Annie Thurman,Ontario,Ontario,Home Office,Office Supplies,Storage & Organization,Iceberg Mobile Mega Data/Printer Cart ¨,Small Box,0.59,7/21/2010
6997,49986,10/14/2010,Critical,39,110.36,0.05,Regular Air,8.60,2.84,0.93,Joseph Airdo,Ontario,Ontario,Consumer,Office Supplies,Pens & Art Supplies,SANFORD Liquid Accentª Tank-Style Highlighters,Wrap Bag,0.54,10/16/2010
7258,51780,7/24/2010,Low,42,372.69,0.01,Express Air,-177.03,8.04,8.94,Rob Beeghly,Ontario,Ontario,Consumer,Office Supplies,Binders and Binder Accessories,"Fellowes Twister Kit, Gray/Clear, 3/pkg",Small Box,0.4,7/31/2010
7688,55107,5/8/2010,Low,32,171.52,0.1,Regular Air,46.61,5.68,1.39,Julie Prescott,Ontario,Ontario,Home Office,Office Supplies,Envelopes,Staples Standard Envelopes,Small Box,0.38,5/13/2010
7829,55969,10/4/2010,Medium,37,2329.4,0.08,Regular Air,189.77,64.98,6.88,Meg O'Connel,Ontario,Ontario,Small Business,Office Supplies,Storage & Organization,Fellowes Bankers Boxª Staxonsteel¨ Drawer File/Stacking System,Small Box,0.73,10/7/2010
8065,57538,2/20/2010,Critical,40,1370.49,0.08,Regular Air,-244.63,33.98,19.99,Christina Vanderzanden,Ontario,Ontario,Small Business,Furniture,Office Furnishings,"Linden¨ 12"" Wall Clock With Oak Frame",Small Box,0.55,2/22/2010
8201,58656,12/4/2010,High,5,39.44,0,Regular Air,-0.94,6.75,2.99,Doug O'Connell,Ontario,Ontario,Small Business,Office Supplies,Binders and Binder Accessories,Wilson Jones DublLock¨ D-Ring Binders,Small Box,0.35,12/6/2010
8202,58656,12/4/2010,High,3,11.01,0.09,Regular Air,-1.42,2.08,5.33,Doug O'Connell,Ontario,Ontario,Small Business,Furniture,Office Furnishings,Eldon¨ Wave Desk Accessories,Small Box,0.43,12/6/2010
8226,58789,8/5/2010,Low,26,195.51,0.03,Regular Air,-105.72,7.3,7.72,Christina Vanderzanden,Ontario,Ontario,Small Business,Office Supplies,Binders and Binder Accessories,"Angle-D Binders with Locking Rings, Label Holders",Small Box,0.38,8/9/2010
8227,58789,8/5/2010,Low,38,377.13,0.02,Regular Air,-10.29,9.77,6.02,Christina Vanderzanden,Ontario,Ontario,Small Business,Furniture,Office Furnishings,DAX Solid Wood Frames,Medium Box,0.48,8/10/2010
237,1600,3/2/2010,Medium,32,303.59,0.1,Regular Air,-45.99,9.65,6.22,Liz MacKendrick,Ontario,Ontario,Corporate,Furniture,Office Furnishings,"Eldon Expressionsª Desk Accessory, Wood Pencil Holder, Oak",Small Box,0.55,3/4/2010
238,1600,3/2/2010,Medium,36,191.6,0.04,Regular Air,-150.74,4.98,7.44,Liz MacKendrick,Ontario,Ontario,Corporate,Office Supplies,Paper,Xerox 1922,Small Box,0.36,3/3/2010
458,3109,7/23/2010,Low,47,1005.74,0.1,Regular Air,199.30,22.23,8.99,Liz MacKendrick,Ontario,Ontario,Corporate,Furniture,Office Furnishings,"Executive Impressions 14"" Contract Wall Clock with Quartz Movement",Small Pack,0.41,7/30/2010
459,3109,7/23/2010,Low,37,6477.7395,0.01,Regular Air,1653.97,205.99,8.99,Liz MacKendrick,Ontario,Ontario,Corporate,Technology,Telephones and Communication,Talkabout T8097,Small Box,0.58,7/30/2010
704,4932,8/9/2010,Critical,11,109.37,0.07,Regular Air,25.96,10.31,1.79,Bobby Odegard,Ontario,Ontario,Corporate,Office Supplies,Paper,"Speediset Carbonless Redi-Letter¨ 7"" x 8 1/2""",Wrap Bag,0.38,8/11/2010
1736,12452,12/7/2010,Medium,1,356.95,0.08,Regular Air,-228.24,387.99,19.99,Bill Donatelli,Ontario,Ontario,Corporate,Office Supplies,Binders and Binder Accessories,Fellowes PB300 Plastic Comb Binding Machine,Small Box,0.38,12/8/2010
1737,12452,12/7/2010,Medium,17,112.86,0.04,Regular Air,-56.78,6.6,4.07,Bill Donatelli,Ontario,Ontario,Corporate,Technology,Computer Peripherals,"3.5"" IBM Formatted Diskettes, DS/HD",Small Pack,0.66,12/9/2010
1738,12452,12/7/2010,Medium,38,2063.42,0.03,Regular Air,989.95,55.98,5.15,Bill Donatelli,Ontario,Ontario,Corporate,Office Supplies,Paper,Xerox 1934,Small Box,0.36,12/9/2010
1864,13410,6/6/2010,Not Specified,4,33.64,0.07,Regular Air,-35.17,8.12,2.83,Bobby Odegard,Ontario,Ontario,Corporate,Technology,Computer Peripherals,"Imation Neon Mac Format Diskettes, 10/Pack",Small Pack,0.77,6/8/2010
1865,13410,6/6/2010,Not Specified,29,701.94,0.01,Regular Air,158.91,23.99,6.3,Bobby Odegard,Ontario,Ontario,Corporate,Technology,Office Machines,TI 36X Solar Scientific Calculator,Medium Box,0.38,6/7/2010
2193,15808,12/14/2010,Critical,33,126.88,0.05,Regular Air,12.63,3.7,1.61,Bill Donatelli,Ontario,Ontario,Corporate,Furniture,Office Furnishings,3M Hangers With Command Adhesive,Wrap Bag,0.44,12/14/2010
2194,15808,12/14/2010,Critical,42,906.64,0.07,Express Air,-148.93,22.38,15.1,Bill Donatelli,Ontario,Ontario,Corporate,Office Supplies,Binders and Binder Accessories,"Avery Flip-Chart Easel Binder, Black",Small Box,0.38,12/14/2010
2195,15808,12/14/2010,Critical,45,882.96,0.06,Regular Air,11.65,19.98,4,Bill Donatelli,Ontario,Ontario,Corporate,Technology,Computer Peripherals,Belkin 105-Key Black Keyboard,Small Box,0.68,12/16/2010
2196,15808,12/14/2010,Critical,3,58.14,0.01,Regular Air,-96.25,20.99,4.81,Bill Donatelli,Ontario,Ontario,Corporate,Technology,Telephones and Communication,1726 Digital Answering Machine,Medium Box,0.58,12/15/2010
2271,16326,5/10/2010,High,39,1538.33,0.03,Regular Air,471.35,39.48,1.99,Bill Donatelli,Ontario,Ontario,Corporate,Technology,Computer Peripherals,"80 Minute CD-R Spindle, 100/Pack - Staples",Small Pack,0.54,5/12/2010
2272,16326,5/10/2010,High,39,147.46,0.06,Regular Air,14.13,3.71,1.93,Bill Donatelli,Ontario,Ontario,Corporate,Office Supplies,Paper,"""While you Were Out"" Message Book, One Form per Page",Wrap Bag,0.35,5/10/2010
4676,33255,6/24/2010,Critical,19,108.21,0.08,Express Air,-50.02,5.28,5.66,Russell Applegate,Ontario,Ontario,Home Office,Office Supplies,Paper,Xerox 4200 Series MultiUse Premium Copy Paper (20Lb. and 84 Bright),Small Box,0.4,6/25/2010
4946,35142,4/22/2010,Low,11,231.27,0.03,Regular Air,89.29,20.24,6.67,Joel Jenkins,Ontario,Ontario,Corporate,Furniture,Office Furnishings,"DAX Contemporary Wood Frame with Silver Metal Mat, Desktop, 11 x 14 Size",Small Pack,0.49,4/24/2010
5037,35908,12/12/2010,Not Specified,40,240.18,0.06,Regular Air,-160.21,5.78,7.64,Brad Eason,Ontario,Ontario,Small Business,Office Supplies,Paper,HP Office Recycled Paper (20Lb. and 87 Bright),Small Box,0.36,12/14/2010
5038,35908,12/12/2010,Not Specified,45,529.28,0.1,Express Air,-30.27,12.21,4.81,Brad Eason,Ontario,Ontario,Small Business,Office Supplies,Storage & Organization,Portable Personal File Box,Small Box,0.58,12/13/2010
7469,53314,9/19/2010,High,33,2667.92,0.01,Regular Air,1049.02,78.69,19.99,Cari Sayre,Ontario,Ontario,Home Office,Furniture,Office Furnishings,Howard Miller 12-3/4 Diameter Accuwave DS ª Wall Clock,Small Box,0.43,9/19/2010
7470,53314,9/19/2010,High,15,2236.15,0.05,Delivery Truck,-310.95,145.98,51.92,Cari Sayre,Ontario,Ontario,Home Office,Furniture,Tables,Bevis Rectangular Conference Tables,Jumbo Box,0.69,9/21/2010
7711,55269,3/7/2010,Medium,1,49.61,0,Regular Air,-41.82,30.98,17.08,Adam Bellavance,Ontario,Ontario,Small Business,Office Supplies,Paper,Xerox 197,Small Box,0.4,3/8/2010
7845,56101,7/19/2010,Not Specified,1,21.45,0.01,Regular Air,-7.22,14.42,6.75,Bill Donatelli,Ontario,Ontario,Corporate,Office Supplies,Appliances,Holmes Odor Grabber,Medium Box,0.52,7/21/2010
7846,56101,7/19/2010,Not Specified,44,5347.13,0.08,Regular Air,1886.41,122.99,19.99,Bill Donatelli,Ontario,Ontario,Corporate,Office Supplies,Binders and Binder Accessories,GBC Therma-A-Bind 250T Electric Binding System,Small Box,0.37,7/22/2010
8214,58725,5/20/2010,Not Specified,20,148.31,0.03,Regular Air,37.33,7.04,2.17,Joel Jenkins,Ontario,Ontario,Corporate,Office Supplies,Paper,"Wirebound Message Books, 2 7/8"" x 5"", 3 Forms per Page",Wrap Bag,0.38,5/21/2010
288,2020,6/20/2010,Medium,42,213.75,0.03,Regular Air,-188.77,5.02,5.14,Sandra Glassco,Ontario,Ontario,Home Office,Technology,Computer Peripherals,"Imation 3.5, DISKETTE 44766 HGHLD3.52HD/FM, 10/Pack",Small Pack,0.79,6/22/2010
2410,17506,2/28/2010,Low,33,9473.31,0.03,Delivery Truck,1939.11,294.62,42.52,Susan Vittorini,Ontario,Ontario,Home Office,Office Supplies,Appliances,3.6 Cubic Foot Counter Height Office Refrigerator,Jumbo Drum,0.57,3/4/2010
5258,37440,6/23/2010,Not Specified,31,295.45,0.03,Regular Air,-4.36,9.38,4.93,Rick Wilson,Ontario,Ontario,Corporate,Furniture,Office Furnishings,"Eldon Expressions Punched Metal & Wood Desk Accessories, Black & Cherry",Small Box,0.57,6/25/2010
5633,39872,2/22/2010,Critical,5,16.24,0.01,Regular Air,0.35,2.88,0.99,Sandra Glassco,Ontario,Ontario,Home Office,Office Supplies,Labels,Avery 514,Small Box,0.36,2/23/2010
5985,42405,1/21/2010,High,13,81.68,0.08,Regular Air,-25.22,5.98,5.15,Skye Norling,Ontario,Ontario,Home Office,Office Supplies,Paper,Xerox 193,Small Box,0.36,1/23/2010
6631,47171,1/7/2010,Medium,21,147.16,0.01,Regular Air,-92.55,6.48,8.4,Sandra Glassco,Ontario,Ontario,Home Office,Office Supplies,Paper,Xerox 212,Small Box,0.37,1/8/2010
6632,47171,1/7/2010,Medium,19,50.07,0.03,Regular Air,-0.53,2.67,0.86,Sandra Glassco,Ontario,Ontario,Home Office,Office Supplies,Pens & Art Supplies,Blackstonian Pencils,Wrap Bag,0.57,1/8/2010
6633,47171,1/7/2010,Medium,32,6982.87,0.05,Delivery Truck,875.55,217.85,29.1,Sandra Glassco,Ontario,Ontario,Home Office,Furniture,Tables,"Chromcraft Bull-Nose Wood Round Conference Table Top, Wood Base",Jumbo Box,0.68,1/7/2010
643,4545,1/16/2010,Not Specified,33,126.38,0.08,Regular Air,26.64,4,1.3,Pauline Chand,Ontario,Ontario,Small Business,Office Supplies,Paper,EcoTones¨ Memo Sheets,Wrap Bag,0.37,1/18/2010
644,4545,1/16/2010,Not Specified,4,33.1,0.06,Regular Air,-24.15,6.48,8.74,Pauline Chand,Ontario,Ontario,Small Business,Office Supplies,Paper,Xerox 1984,Small Box,0.36,1/17/2010
800,5703,5/15/2010,Medium,29,357.96,0.06,Regular Air,10.44,12.28,6.47,Joni Blumstein,Ontario,Ontario,Consumer,Office Supplies,Paper,Xerox 1881,Small Box,0.38,5/16/2010
880,6311,2/10/2010,Medium,18,1297.4485,0.04,Regular Air,4.21,85.99,10.78,Anna Gayman,Ontario,Ontario,Corporate,Technology,Telephones and Communication,3395,Small Box,0.58,2/13/2010
1399,10147,10/9/2010,High,22,96.75,0.04,Regular Air,-72.91,4.24,5.41,Jennifer Halladay,Ontario,Ontario,Home Office,Office Supplies,Binders and Binder Accessories,Storex DuraTech Recycled Plastic Frosted Binders,Small Box,0.35,10/10/2010
1703,12261,10/23/2010,Low,12,2237.76,0.1,Delivery Truck,151.86,200.98,23.76,Ritsa Hightower,Ontario,Ontario,Corporate,Furniture,Chairs & Chairmats,"Global Leather Highback Executive Chair with Pneumatic Height Adjustment, Black",Jumbo Drum,0.58,10/28/2010
1704,12261,10/23/2010,Low,4,20.59,0.02,Express Air,1.19,3.98,0.83,Ritsa Hightower,Ontario,Ontario,Corporate,Office Supplies,Pens & Art Supplies,Fluorescent Highlighters by Dixon,Wrap Bag,0.51,10/27/2010
1705,12261,10/23/2010,Low,19,281.74,0.06,Regular Air,25.67,14.56,3.5,Ritsa Hightower,Ontario,Ontario,Corporate,Office Supplies,Appliances,Acco 6 Outlet Guardian Premium Surge Suppressor,Small Box,0.58,10/28/2010
1706,12261,10/23/2010,Low,23,217.35,0,Regular Air,-67.19,8.74,8.29,Ritsa Hightower,Ontario,Ontario,Corporate,Office Supplies,Envelopes,"#10- 4 1/8"" x 9 1/2"" Recycled Envelopes",Small Box,0.38,10/30/2010
1707,12261,10/23/2010,Low,15,2746.57,0.03,Regular Air,617.40,178.47,19.99,Ritsa Hightower,Ontario,Ontario,Corporate,Office Supplies,Storage & Organization,"Hot File¨ 7-Pocket, Floor Stand",Small Box,0.55,10/28/2010
2455,17858,9/25/2010,Medium,21,187.14,0.02,Regular Air,21.07,8.33,1.99,Becky Castell,Ontario,Ontario,Consumer,Technology,Computer Peripherals,"80 Minute Slim Jewel Case CD-R , 10/Pack - Staples",Small Pack,0.52,9/27/2010
2456,17858,9/25/2010,Medium,12,385.7,0,Regular Air,-109.91,30.98,6.5,Becky Castell,Ontario,Ontario,Consumer,Technology,Computer Peripherals,Logitech Internet Navigator Keyboard,Small Box,0.79,9/26/2010
2457,17858,9/25/2010,Medium,46,1048.39,0.06,Express Air,206.56,22.98,7.58,Becky Castell,Ontario,Ontario,Consumer,Furniture,Office Furnishings,"Seth Thomas 12"" Clock w/ Goldtone Case",Small Box,0.51,9/26/2010
3989,28482,3/8/2010,Critical,22,119.63,0.03,Regular Air,-27.39,5.08,3.63,Jennifer Halladay,Ontario,Ontario,Home Office,Furniture,Office Furnishings,"Master Caster Door Stop, Gray",Wrap Bag,0.51,3/10/2010
3990,28482,3/8/2010,Critical,40,177.92,0,Regular Air,-167.92,4.28,6.72,Jennifer Halladay,Ontario,Ontario,Home Office,Office Supplies,Paper,Xerox 1927,Small Box,0.4,3/8/2010
4702,33505,9/25/2010,Low,32,117.78,0.09,Regular Air,20.82,4,1.3,Pete Armstrong,Ontario,Ontario,Consumer,Office Supplies,Paper,EcoTones¨ Memo Sheets,Wrap Bag,0.37,9/29/2010
4703,33505,9/25/2010,Low,35,2463.2405,0.07,Express Air,310.57,85.99,10.78,Pete Armstrong,Ontario,Ontario,Consumer,Technology,Telephones and Communication,3395,Small Box,0.58,9/25/2010
4809,34209,8/24/2010,High,48,705.44,0.04,Regular Air,165.90,14.2,5.3,Ritsa Hightower,Ontario,Ontario,Corporate,Furniture,Office Furnishings,Coloredge Poster Frame,Wrap Bag,0.46,8/26/2010
4810,34209,8/24/2010,High,29,1041.72,0.03,Regular Air,437.61,35.44,4.92,Ritsa Hightower,Ontario,Ontario,Corporate,Office Supplies,Paper,Staples Colored Bar Computer Paper,Small Box,0.38,8/26/2010
5247,37318,4/15/2010,Medium,32,1031.23,0.07,Regular Air,-138.54,33.98,19.99,Nat Gilpin,Ontario,Ontario,Consumer,Furniture,Office Furnishings,"Linden¨ 12"" Wall Clock With Oak Frame",Small Box,0.55,4/17/2010
5412,38496,2/20/2010,Critical,23,116.57,0.07,Regular Air,-43.18,4.98,4.72,Pauline Chand,Ontario,Ontario,Corporate,Office Supplies,Paper,Xerox 1949,Small Box,0.36,2/22/2010
5878,41702,12/22/2010,Not Specified,21,3323.44,0.03,Regular Air,99.88,152.48,4,Corinna Mitchell,Ontario,Ontario,Corporate,Technology,Computer Peripherals,Adesso Programmable 142-Key Keyboard,Small Box,0.79,12/23/2010
5879,41702,12/22/2010,Not Specified,5,27.9,0.02,Regular Air,-22.82,4.28,6.72,Corinna Mitchell,Ontario,Ontario,Corporate,Office Supplies,Paper,Xerox 1927,Small Box,0.4,12/24/2010
6317,44706,3/30/2010,Low,18,7556.61,0.08,Delivery Truck,-352.24,424.21,110.2,Ritsa Hightower,Ontario,Ontario,Corporate,Furniture,Tables,Bush Advantage Collection¨ Racetrack Conference Table,Jumbo Box,0.67,4/1/2010
6318,44706,3/30/2010,Low,33,47.48,0.07,Regular Air,3.35,1.48,0.7,Ritsa Hightower,Ontario,Ontario,Corporate,Office Supplies,Rubber Bands,Binder Clips by OIC,Wrap Bag,0.37,4/4/2010
6383,45347,9/29/2010,Medium,10,8704.08,0.05,Delivery Truck,1034.54,880.98,44.55,Ritsa Hightower,Ontario,Ontario,Corporate,Furniture,Bookcases,"Riverside Palais Royal Lawyers Bookcase, Royale Cherry Finish",Jumbo Box,0.62,9/30/2010
6384,45347,9/29/2010,Medium,41,24051.49,0.07,Express Air,9791.04,599.99,24.49,Ritsa Hightower,Ontario,Ontario,Corporate,Technology,Copiers and Fax,Hewlett Packard LaserJet 3310 Copier,Large Box,0.37,10/1/2010
7219,51524,3/14/2010,Medium,16,2723.1,0.07,Regular Air,-446.31,167.27,35,Pauline Chand,Ontario,Ontario,Small Business,Office Supplies,Storage & Organization,Office Impressions Heavy Duty Welded Shelving & Multimedia Storage Drawers,Large Box,0.85,3/15/2010
7220,51524,3/14/2010,Medium,20,347.2675,0.06,Express Air,-71.09,20.99,0.99,Pauline Chand,Ontario,Ontario,Small Business,Technology,Telephones and Communication,Accessory15,Small Pack,0.83,3/16/2010
7345,52322,2/2/2010,Low,1,5.7,0.1,Regular Air,-2.34,3.95,2,Joni Blumstein,Ontario,Ontario,Consumer,Office Supplies,Rubber Bands,Advantus Map Pennant Flags and Round Head Tacks,Wrap Bag,0.53,2/9/2010
7567,54145,1/2/2010,Low,34,70.25,0.1,Regular Air,-133.06,2.08,5.33,Joni Blumstein,Ontario,Ontario,Home Office,Furniture,Office Furnishings,Eldon¨ Wave Desk Accessories,Small Box,0.43,1/2/2010
8311,59392,6/26/2010,Medium,19,39.42,0.08,Regular Air,-29.02,2.12,1.99,Pauline Chand,Ontario,Ontario,Corporate,Technology,Computer Peripherals,Fuji Slim Jewel Case CD-R,Small Pack,0.55,6/27/2010
8312,59392,6/26/2010,Medium,45,1305.31,0.03,Regular Air,589.20,28.48,1.99,Pauline Chand,Ontario,Ontario,Corporate,Technology,Computer Peripherals,"Memorex 4.7GB DVD+RW, 3/Pack",Small Pack,0.4,6/28/2010
534,3648,6/16/2010,Low,46,134.81,0.1,Regular Air,52.36,3.15,0.49,Philip Brown,Ontario,Ontario,Home Office,Office Supplies,Labels,Self-Adhesive Removable Labels,Small Box,0.37,6/18/2010
535,3648,6/16/2010,Low,34,5488.5265,0.05,Regular Air,1382.45,195.99,4.2,Philip Brown,Ontario,Ontario,Home Office,Technology,Telephones and Communication,KH 688,Small Box,0.57,6/23/2010
1242,9028,12/21/2010,Low,48,14556.67,0.04,Delivery Truck,3829.63,306.14,26.53,Michael Nguyen,Ontario,Ontario,Small Business,Technology,Office Machines,Okidata ML184 Turbo Dot Matrix Printers,Jumbo Drum,0.56,12/25/2010
2069,14791,2/14/2010,Medium,29,1576.223,0.05,Regular Air,286.12,65.99,3.99,Lisa DeCherney,Ontario,Ontario,Consumer,Technology,Telephones and Communication,TIMEPORT P8767,Small Box,0.57,2/15/2010
2863,20674,12/8/2010,High,37,17717.34,0,Delivery Truck,8291.08,500.97,69.3,Philip Brown,Ontario,Ontario,Corporate,Technology,Office Machines,Epson Stylus 1520 Color Inkjet Printer,Jumbo Drum,0.37,12/9/2010
3496,24903,10/19/2010,Low,33,1646.47,0.05,Regular Air,743.59,48.91,5.81,Paul Prost,Ontario,Ontario,Corporate,Office Supplies,Paper,Xerox 1891,Small Box,0.38,10/26/2010
3603,25735,12/30/2010,Not Specified,45,260.37,0.02,Regular Air,44.15,5.58,1.99,Lisa DeCherney,Ontario,Ontario,Consumer,Office Supplies,Pens & Art Supplies,DIXON Ticonderoga¨ Erasable Checking Pencils,Wrap Bag,0.46,1/13/2011
4188,29762,8/3/2010,Critical,33,3268.56,0.03,Delivery Truck,-1181.71,95.95,74.35,Philip Brown,Ontario,Ontario,Home Office,Furniture,Chairs & Chairmats,Bevis Steel Folding Chairs,Jumbo Drum,0.57,8/4/2010
6013,42597,3/25/2010,Medium,5,29.66,0.04,Regular Air,-32.78,4.98,4.32,Paul Prost,Ontario,Ontario,Corporate,Technology,Computer Peripherals,"DS/HD IBM Formatted Diskettes, 10/Pack - Staples",Small Pack,0.64,3/27/2010
39,230,10/26/2010,Critical,47,2029.75,0.06,Regular Air,320.37,43.98,8.99,Erin Creighton,Ontario,Ontario,Corporate,Office Supplies,Pens & Art Supplies,Boston 1645 Deluxe Heavier-Duty Electric Pencil Sharpener,Small Pack,0.58,10/28/2010
40,230,10/26/2010,Critical,11,1118.396,0.06,Regular Air,-212.33,125.99,8.08,Erin Creighton,Ontario,Ontario,Corporate,Technology,Telephones and Communication,StarTAC ST7762,Small Box,0.57,10/28/2010
101,640,1/22/2010,High,39,4913.69,0.02,Delivery Truck,-1153.90,120.98,58.64,Tamara Chand,Ontario,Ontario,Consumer,Furniture,Bookcases,O'Sullivan Living Dimensions 2-Shelf Bookcases,Jumbo Box,0.75,1/23/2010
102,640,1/22/2010,High,24,464.77,0.01,Regular Air,29.42,18.97,9.54,Tamara Chand,Ontario,Ontario,Consumer,Office Supplies,Paper,Xerox 1939,Small Box,0.37,1/23/2010
138,896,3/8/2010,Critical,50,1246.52,0.01,Regular Air,52.48,24.92,12.98,Edward Nazzal,Ontario,Ontario,Home Office,Office Supplies,Binders and Binder Accessories,GBC Standard Therm-A-Bind Covers,Small Box,0.39,3/8/2010
378,2628,10/21/2010,Low,14,34.59,0.04,Regular Air,-60.13,2.18,5,Eileen Kiefer,Ontario,Ontario,Consumer,Office Supplies,"Scissors, Rulers and Trimmers",*Staples* Letter Opener,Wrap Bag,0.81,10/26/2010
379,2628,10/21/2010,Low,29,5029.216,0.02,Delivery Truck,-752.83,218.75,69.64,Eileen Kiefer,Ontario,Ontario,Consumer,Furniture,Tables,BoxOffice By Design Rectangular and Half-Moon Meeting Room Tables,Jumbo Box,0.77,10/30/2010
550,3745,9/28/2010,Low,38,1143.35,0.04,Express Air,411.10,29.18,8.55,Erin Smith,Ontario,Ontario,Home Office,Furniture,Office Furnishings,"Deflect-o SuperTrayª Unbreakable Stackable Tray, Letter, Black",Small Box,0.42,9/30/2010
680,4743,3/30/2010,Low,29,352.55,0.09,Regular Air,128.99,12.97,1.49,Gary Zandusky,Ontario,Ontario,Home Office,Office Supplies,Binders and Binder Accessories,"Mead 1st Gear 2"" Zipper Binder, Asst. Colors",Small Box,0.35,4/3/2010
681,4743,3/30/2010,Low,32,719.64,0.01,Regular Air,-245.62,20.89,11.52,Gary Zandusky,Ontario,Ontario,Home Office,Office Supplies,Storage & Organization,"Iris¨ 3-Drawer Stacking Bin, Black",Small Box,0.83,4/6/2010
750,5381,1/28/2010,Low,47,4888.14,0.07,Regular Air,1545.09,107.53,5.81,Edward Nazzal,Ontario,Ontario,Home Office,Furniture,Office Furnishings,"Tenex Contemporary Contur Chairmats for Low and Medium Pile Carpet, Computer, 39"" x 49""",Medium Box,0.65,2/4/2010
751,5381,1/28/2010,Low,27,63.87,0.09,Regular Air,-149.93,2.18,7.09,Edward Nazzal,Ontario,Ontario,Home Office,Office Supplies,Paper,"Ampad¨ Evidence¨ Wirebond Steno Books, 6"" x 9""",Wrap Bag,0.38,2/4/2010
896,6438,5/16/2010,Not Specified,7,75.72,0.02,Regular Air,20.29,9.77,6.02,Anna Haberlin,Ontario,Ontario,Corporate,Furniture,Office Furnishings,DAX Solid Wood Frames,Medium Box,0.48,5/16/2010
897,6438,5/16/2010,Not Specified,38,225.21,0.06,Regular Air,-66.16,5.98,5.2,Anna Haberlin,Ontario,Ontario,Corporate,Office Supplies,Paper,Xerox 1992,Small Box,0.36,5/17/2010
1217,8960,6/5/2010,Medium,46,4335.34,0.07,Express Air,524.09,99.99,19.99,Christine Phan,Ontario,Ontario,Small Business,Technology,Computer Peripherals,US Robotics 56K V.92 External Faxmodem,Small Box,0.52,6/7/2010
1218,8960,6/5/2010,Medium,15,1150.5345,0.01,Regular Air,361.65,85.99,1.25,Christine Phan,Ontario,Ontario,Small Business,Technology,Telephones and Communication,Accessory8,Small Pack,0.39,6/7/2010
1413,10247,1/10/2010,Medium,21,111.66,0.06,Regular Air,-53.33,4.98,5.49,Edward Becker,Ontario,Ontario,Home Office,Office Supplies,Paper,Xerox 1952,Small Box,0.38,1/11/2010
1414,10247,1/10/2010,Medium,24,231.95,0.03,Regular Air,44.14,9.78,1.99,Edward Becker,Ontario,Ontario,Home Office,Technology,Computer Peripherals,"Memorex Slim 80 Minute CD-R, 10/Pack",Small Pack,0.43,1/12/2010
1456,10498,10/23/2010,Low,47,1968.47,0.04,Regular Air,327.90,40.97,8.99,Jesus Ocampo,Ontario,Ontario,Small Business,Office Supplies,Pens & Art Supplies,Sanford 52201 APSCO Electric Pencil Sharpener,Small Pack,0.59,10/30/2010
1591,11491,8/17/2010,Low,26,165.37,0.06,Regular Air,-80.11,6.6,4.07,Darren Budd,Ontario,Ontario,Home Office,Technology,Computer Peripherals,"3.5"" IBM Formatted Diskettes, DS/HD",Small Pack,0.66,8/26/2010
1592,11491,8/17/2010,Low,38,1785.74,0.03,Express Air,739.48,48.04,7.23,Darren Budd,Ontario,Ontario,Home Office,Furniture,Office Furnishings,Staples Plastic Wall Frames,Small Box,0.41,8/19/2010
1636,11841,4/20/2010,Medium,44,2339.52,0.1,Regular Air,886.03,54.96,10.75,Melanie Page,Ontario,Ontario,Corporate,Office Supplies,Paper,Xerox 1940,Small Box,0.36,4/22/2010
1637,11841,4/20/2010,Medium,46,533.25,0.07,Regular Air,-88.32,11.97,5.81,Melanie Page,Ontario,Ontario,Corporate,Office Supplies,Pens & Art Supplies,Staples SlimLine Pencil Sharpener,Small Pack,0.6,4/20/2010
1648,11878,2/24/2010,Not Specified,18,102.06,0.1,Regular Air,36.23,6.3,0.5,Jesus Ocampo,Ontario,Ontario,Small Business,Office Supplies,Labels,Avery 48,Small Box,0.39,2/25/2010
1649,11878,2/24/2010,Not Specified,15,101.82,0.08,Regular Air,-52.55,6.48,7.03,Jesus Ocampo,Ontario,Ontario,Small Business,Office Supplies,Paper,Xerox 214,Small Box,0.37,2/25/2010
1684,12160,12/12/2010,Low,48,10341.47,0.03,Delivery Truck,865.02,208.16,68.02,Darren Budd,Ontario,Ontario,Corporate,Furniture,Chairs & Chairmats,Bevis Steel Folding Chairs,Jumbo Drum,0.57,12/17/2010
1685,12160,12/12/2010,Low,2,55.21,0.08,Regular Air,-45.30,24.98,8.79,Darren Budd,Ontario,Ontario,Corporate,Furniture,Chairs & Chairmats,"Global Deluxe Stacking Chair, Gray",Jumbo Drum,0.56,12/16/2010
1686,12160,12/12/2010,Low,9,38.3,0.01,Regular Air,-42.49,3.36,6.27,Darren Budd,Ontario,Ontario,Corporate,Furniture,Office Furnishings,"Dana Fluorescent Magnifying Lamp, White, 36""",Large Box,0.55,12/17/2010
1778,12736,3/8/2010,Low,2,25.52,0.01,Regular Air,21.77,9.65,6.22,Henry MacAllister,Ontario,Ontario,Small Business,Furniture,Office Furnishings,"Eldon Expressionsª Desk Accessory, Wood Pencil Holder, Oak",Small Box,0.55,3/15/2010
1867,13440,10/13/2010,Not Specified,22,971.82,0.07,Regular Air,326.39,43.98,1.99,Jim Mitchum,Ontario,Ontario,Consumer,Technology,Computer Peripherals,"Memorex 80 Minute CD-R Spindle, 100/Pack",Small Pack,0.44,10/15/2010
1935,13861,8/11/2010,High,7,37.3,0,Regular Air,5.03,4.84,0.71,Andy Yotov,Ontario,Ontario,Corporate,Office Supplies,Pens & Art Supplies,*Staples* Highlighting Markers,Wrap Bag,0.52,8/11/2010
1962,14023,2/20/2010,Not Specified,36,711.1,0.08,Regular Air,241.08,21.38,2.99,Edward Becker,Ontario,Ontario,Corporate,Office Supplies,Binders and Binder Accessories,Acco D-Ring Binder w/DublLock¨,Small Box,0.36,2/22/2010
1963,14023,2/20/2010,Not Specified,48,498.16,0.03,Regular Air,40.61,9.99,5.12,Edward Becker,Ontario,Ontario,Corporate,Office Supplies,Paper,Xerox 1948,Small Box,0.4,2/21/2010
1984,14147,3/7/2010,Not Specified,8,351.49,0.03,Regular Air,107.32,41.94,2.99,Theresa Coyne,Ontario,Ontario,Home Office,Office Supplies,Binders and Binder Accessories,"Avery Trapezoid Extra Heavy Duty 4"" Binders",Small Box,0.35,3/10/2010
1985,14147,3/7/2010,Not Specified,16,74.13,0.08,Regular Air,-69.34,4.28,6.72,Theresa Coyne,Ontario,Ontario,Home Office,Office Supplies,Paper,Xerox 1927,Small Box,0.4,3/8/2010
1986,14147,3/7/2010,Not Specified,45,195.03,0.09,Regular Air,-148.87,4.28,5.74,Theresa Coyne,Ontario,Ontario,Home Office,Office Supplies,Paper,Xerox 1953,Small Box,0.4,3/9/2010
2101,15014,2/10/2010,Medium,10,633.13,0.05,Delivery Truck,-203.90,58.14,36.61,Ted Trevino,Ontario,Ontario,Corporate,Furniture,Bookcases,O'Sullivan 3-Shelf Heavy-Duty Bookcases,Jumbo Box,0.61,2/13/2010
2222,16065,7/20/2010,High,15,6933.45,0.04,Delivery Truck,1200.21,449.99,49,Ruben Ausman,Ontario,Ontario,Corporate,Technology,Copiers and Fax,Canon PC940 Copier,Jumbo Drum,0.38,7/20/2010
2223,16065,7/20/2010,High,14,54.99,0.06,Regular Air,8.07,4,1.3,Ruben Ausman,Ontario,Ontario,Corporate,Office Supplies,Paper,EcoTones¨ Memo Sheets,Wrap Bag,0.37,7/21/2010
2306,16613,12/24/2010,High,28,51.14,0.08,Regular Air,-81.96,1.74,4.08,Nancy Lomonaco,Ontario,Ontario,Home Office,Furniture,Office Furnishings,"Eldon Regeneration Recycled Desk Accessories, Smoke",Small Pack,0.53,12/26/2010
2451,17825,1/13/2010,Not Specified,26,981.9,0.06,Regular Air,11.38,37.76,12.9,Larry Hughes,Ontario,Ontario,Home Office,Office Supplies,Storage & Organization,"Companion Letter/Legal File, Black",Small Box,0.57,1/16/2010
2469,17956,8/5/2010,Critical,40,1567.51,0.01,Express Air,711.74,37.94,5.08,Kelly Lampkin,Ontario,Ontario,Corporate,Office Supplies,Paper,"Snap-A-Way¨ Black Print Carbonless Ruled Speed Letter, Triplicate",Wrap Bag,0.38,8/8/2010
2470,17956,8/5/2010,Critical,17,1914.65,0.01,Regular Air,73.45,111.03,8.64,Kelly Lampkin,Ontario,Ontario,Corporate,Office Supplies,Storage & Organization,Fellowes Recycled Storage Drawers,Small Box,0.78,8/6/2010
2729,19687,8/13/2010,Medium,33,47.99,0.06,Regular Air,3.86,1.48,0.7,George Ashbrook,Ontario,Ontario,Consumer,Office Supplies,Rubber Bands,Binder Clips by OIC,Wrap Bag,0.37,8/14/2010
2730,19687,8/13/2010,Medium,23,829.617,0.1,Regular Air,25.53,45.99,4.99,George Ashbrook,Ontario,Ontario,Consumer,Technology,Telephones and Communication,600 Series Non-Flip,Small Box,0.57,8/15/2010
2913,21025,9/11/2010,Not Specified,38,553.02,0.1,Regular Air,-49.38,15.98,6.5,George Ashbrook,Ontario,Ontario,Small Business,Technology,Computer Peripherals,Logitech Access Keyboard,Small Box,0.48,9/13/2010
3075,22054,7/29/2010,Medium,32,216.79,0.07,Regular Air,57.55,6.98,2.83,Candace McMahon,Ontario,Ontario,Corporate,Furniture,Office Furnishings,G.E. Halogen Desk Lamp Bulbs,Small Pack,0.37,7/31/2010
3188,22881,4/6/2010,Medium,33,476.06,0.04,Regular Air,-120.48,14.03,9.37,Melanie Page,Ontario,Ontario,Corporate,Office Supplies,Storage & Organization,Project Tote Personal File,Small Box,0.56,4/7/2010
3388,24135,1/22/2010,Low,12,345.19,0.1,Regular Air,111.59,30.44,1.49,Ed Ludwig,Ontario,Ontario,Consumer,Office Supplies,Binders and Binder Accessories,"Premier Elliptical Ring Binder, Black",Small Box,0.37,1/24/2010
3395,24196,7/30/2010,High,2,13.44,0.08,Regular Air,-8.88,4.28,5.17,Nat Carroll,Ontario,Ontario,Home Office,Office Supplies,Paper,Xerox 1971,Small Box,0.4,7/31/2010
3396,24196,7/30/2010,High,24,1049.49,0.05,Regular Air,-5.41,43.57,16.36,Nat Carroll,Ontario,Ontario,Home Office,Office Supplies,Storage & Organization,"Trav-L-File Heavy-Duty Shuttle II, Black",Small Box,0.55,8/1/2010
3397,24197,2/3/2010,Low,41,2354.4,0,Express Air,246.54,55.94,6.55,David Smith,Ontario,Ontario,Small Business,Technology,Computer Peripherals,"Fellowes Smart Design 104-Key Enhanced Keyboard, PS/2 Adapter, Platinum",Small Box,0.68,2/10/2010
3398,24197,2/3/2010,Low,2,35.6405,0.05,Regular Air,-110.40,20.99,1.25,David Smith,Ontario,Ontario,Small Business,Technology,Telephones and Communication,Accessory29,Small Pack,0.83,2/10/2010
3448,24581,4/9/2010,High,8,38.56,0.03,Regular Air,4.08,4.55,1.49,George Ashbrook,Ontario,Ontario,Consumer,Office Supplies,Binders and Binder Accessories,Presstex Flexible Ring Binders,Small Box,0.35,4/10/2010
3473,24710,9/30/2010,Low,3,22.06,0.05,Regular Air,-15.60,4.98,7.44,Jonathan Howell,Ontario,Ontario,Consumer,Office Supplies,Paper,Xerox 1922,Small Box,0.36,10/4/2010
3544,25254,9/17/2010,Critical,35,299.68,0.06,Regular Air,-29.36,8.85,5.6,Christine Phan,Ontario,Ontario,Small Business,Office Supplies,Binders and Binder Accessories,GBC Standard Plastic Binding Systems Combs,Small Box,0.36,9/19/2010
3794,27047,11/22/2010,High,25,14240.76,0.06,Regular Air,3128.69,599.99,24.49,Patrick Bzostek,Ontario,Ontario,Consumer,Technology,Copiers and Fax,Canon PC1080F Personal Copier,Large Box,0.5,11/23/2010
3795,27047,11/22/2010,High,38,167.41,0.05,Regular Air,-161.57,4.28,6.72,Patrick Bzostek,Ontario,Ontario,Consumer,Office Supplies,Paper,Xerox 1927,Small Box,0.4,11/23/2010
3796,27077,3/15/2010,Critical,11,1612.93,0,Regular Air,321.25,140.99,13.99,Frank Carlisle,Ontario,Ontario,Small Business,Technology,Office Machines,Canon MP100DHII Printing Calculator,Medium Box,0.37,3/17/2010
3820,27236,3/2/2010,High,20,393.31,0.04,Regular Air,84.30,19.98,5.86,Alan Hwang,Ontario,Ontario,Small Business,Office Supplies,Paper,Xerox 191,Small Box,0.38,3/3/2010
3875,27681,11/24/2010,Medium,7,37.8,0.06,Regular Air,-18.31,4.98,4.7,Dave Hallsten,Ontario,Ontario,Home Office,Office Supplies,Paper,Staples Copy Paper (20Lb. and 84 Bright),Small Box,0.38,11/25/2010
3876,27681,11/24/2010,Medium,30,183.28,0.04,Regular Air,33.88,6.08,1.17,Dave Hallsten,Ontario,Ontario,Home Office,Office Supplies,Pens & Art Supplies,Col-Erase¨ Pencils with Erasers,Wrap Bag,0.56,11/26/2010
3933,28033,9/14/2010,High,16,2826.9,0.07,Delivery Truck,337.29,180.98,26.2,Dan Lawera,Ontario,Ontario,Corporate,Furniture,Chairs & Chairmats,Global Ergonomic Managers Chair,Jumbo Drum,0.59,9/16/2010
3934,28033,9/14/2010,High,37,7834.77,0.04,Delivery Truck,297.79,216.6,64.2,Dan Lawera,Ontario,Ontario,Corporate,Furniture,Chairs & Chairmats,Hon Multipurpose Stacking Arm Chairs,Jumbo Drum,0.59,9/16/2010
3935,28033,9/14/2010,High,18,127.56,0.01,Regular Air,-57.11,6.6,4.07,Dan Lawera,Ontario,Ontario,Corporate,Technology,Computer Peripherals,"3.5"" IBM Formatted Diskettes, DS/HD",Small Pack,0.66,9/17/2010
4062,28932,7/21/2010,Low,24,269.57,0,Express Air,33.47,10.4,5.4,Gary Mitchum,Ontario,Ontario,Consumer,Furniture,Office Furnishings,"Executive Impressions 8-1/2"" Career Panel/Partition Cubicle Clock",Small Pack,0.51,7/21/2010
4063,28932,7/21/2010,Low,18,98.94,0.1,Regular Air,-12.59,5.85,2.27,Gary Mitchum,Ontario,Ontario,Consumer,Office Supplies,Pens & Art Supplies,"Dixon My First Ticonderoga Pencil, #2",Wrap Bag,0.56,7/28/2010
4154,29475,2/22/2010,High,49,235.12,0.09,Regular Air,-29.62,4.91,3.05,Gary Zandusky,Ontario,Ontario,Home Office,Furniture,Office Furnishings,Ultra Door Push Plate,Small Pack,0.52,2/24/2010
4155,29475,2/22/2010,High,2,1814.82,0,Delivery Truck,-1128.66,880.98,44.55,Gary Zandusky,Ontario,Ontario,Home Office,Furniture,Bookcases,"Riverside Palais Royal Lawyers Bookcase, Royale Cherry Finish",Jumbo Box,0.62,2/25/2010
4181,29671,3/22/2010,Critical,43,1511.7,0.02,Regular Air,221.63,34.99,7.73,Duane Huffman,Ontario,Ontario,Consumer,Office Supplies,Pens & Art Supplies,Hunt Boston¨ Vacuum Mount KS Pencil Sharpener,Small Box,0.59,3/23/2010
4208,29895,10/20/2010,Medium,43,7286.65,0.03,Delivery Truck,474.89,160.98,35.02,Theresa Coyne,Ontario,Ontario,Home Office,Furniture,Bookcases,Rush Hierlooms Collection Rich Wood Bookcases,Jumbo Box,0.72,10/21/2010
4256,30308,3/21/2010,Medium,15,30.38,0.08,Regular Air,-59.18,1.8,4.79,George Bell,Ontario,Ontario,Corporate,Office Supplies,Binders and Binder Accessories,Wilson Jones Easy Flow IIª Sheet Lifters,Small Box,0.37,3/22/2010
4396,31301,10/18/2010,Low,31,109.78,0.06,Regular Air,43.77,3.75,0.5,Duane Huffman,Ontario,Ontario,Consumer,Office Supplies,Labels,Avery 510,Small Box,0.37,10/20/2010
4415,31495,8/4/2010,Low,20,191.43,0.06,Express Air,39.50,8.69,2.99,Gary Hansen,Ontario,Ontario,Consumer,Office Supplies,Binders and Binder Accessories,"Cardinal Slant-D¨ Ring Binder, Heavy Gauge Vinyl",Small Box,0.39,8/8/2010
4416,31495,8/4/2010,Low,34,1234.85,0.03,Regular Air,212.20,34.76,8.22,Gary Hansen,Ontario,Ontario,Consumer,Office Supplies,Storage & Organization,"Multi-Use Personal File Cart and Caster Set, Three Stacking Bins",Small Box,0.57,8/11/2010
4515,32131,12/27/2010,Critical,34,126.62,0.03,Regular Air,44.80,3.78,0.71,David Smith,Ontario,Ontario,Small Business,Office Supplies,Rubber Bands,Staples Bulldog Clip,Wrap Bag,0.39,12/29/2010
4516,32135,11/25/2010,High,37,1575.14,0,Regular Air,160.68,39.98,7.12,Magdelene Morse,Ontario,Ontario,Home Office,Technology,Computer Peripherals,"IBM Active Response Keyboard, Black",Small Box,0.67,11/27/2010
4517,32135,11/25/2010,High,16,187.78,0.08,Regular Air,-21.82,11.99,5.99,Magdelene Morse,Ontario,Ontario,Home Office,Technology,Office Machines,TI 30X Scientific Calculator,Medium Box,0.36,11/27/2010
4610,32834,8/27/2010,Critical,39,3460.5625,0.1,Regular Air,573.06,115.99,5.92,Noah Childs,Ontario,Ontario,Home Office,Technology,Telephones and Communication,8890,Small Box,0.58,8/28/2010
4817,34244,9/29/2010,Low,25,205.3,0,Express Air,-89.56,7.37,5.53,Duane Huffman,Ontario,Ontario,Consumer,Technology,Computer Peripherals,"Imation 3.5"" Unformatted DS/HD Diskettes, 10/Box",Small Pack,0.69,10/8/2010
4818,34244,9/29/2010,Low,4,125.7,0.04,Regular Air,-62.77,31.78,1.99,Duane Huffman,Ontario,Ontario,Consumer,Technology,Computer Peripherals,"Memorex 4.7GB DVD-RAM, 3/Pack",Small Pack,0.42,10/1/2010
4867,34658,11/18/2010,Medium,33,2701.69,0.05,Delivery Truck,-926.33,81.94,55.81,Alan Hwang,Ontario,Ontario,Small Business,Furniture,Bookcases,O'Sullivan 5-Shelf Heavy-Duty Bookcases,Jumbo Box,0.6,11/18/2010
4931,35079,8/14/2010,High,13,71.57,0.02,Regular Air,-30.69,4.98,4.95,Darren Budd,Ontario,Ontario,Consumer,Furniture,Bookcases,Bush Mission Pointe Library,Jumbo Box,0.65,8/16/2010
4932,35079,8/14/2010,High,32,2062.75,0.01,Express Air,559.59,60.98,19.99,Darren Budd,Ontario,Ontario,Consumer,Furniture,Tables,Hon 4060 Series Tables,Large Box,0.63,8/16/2010
5033,35877,5/25/2010,High,30,129.71,0.08,Regular Air,-100.61,4.28,5.68,Erin Creighton,Ontario,Ontario,Corporate,Office Supplies,Paper,Xerox 199,Small Box,0.4,5/28/2010
5035,35878,8/13/2010,Medium,45,161.67,0.08,Regular Air,-7.71,3.6,2.2,Cari MacIntyre,Ontario,Ontario,Corporate,Office Supplies,Paper,"Telephone Message Books with Fax/Mobile Section, 4 1/4"" x 6""",Wrap Bag,0.39,8/15/2010
5112,36448,9/10/2010,Medium,6,36.65,0.03,Regular Air,0.43,6.08,0.91,Allen Golden,Ontario,Ontario,Consumer,Office Supplies,Pens & Art Supplies,Zebra Zazzle Fluorescent Highlighters,Wrap Bag,0.51,9/10/2010
5113,36448,9/10/2010,Medium,44,964.09,0.02,Regular Air,105.37,22.01,5.53,Allen Golden,Ontario,Ontario,Consumer,Office Supplies,Pens & Art Supplies,Boston 16801 Nautilusª Battery Pencil Sharpener,Small Pack,0.59,9/11/2010
5163,36741,12/19/2010,Critical,26,141.4,0.08,Regular Air,34.48,5.68,1.46,Fred Hopkins,Ontario,Ontario,Home Office,Office Supplies,Paper,"Adams Write n' Stick Phone Message Book, 11"" X 5 1/4"", 200 Messages",Wrap Bag,0.39,12/22/2010
5164,36741,12/19/2010,Critical,6,303.909,0.01,Regular Air,-254.36,55.99,5,Fred Hopkins,Ontario,Ontario,Home Office,Technology,Telephones and Communication,Accessory36,Small Pack,0.83,12/21/2010
5187,36866,3/24/2010,Low,32,6245.76,0.1,Regular Air,1462.42,210.55,9.99,Brian Stugart,Ontario,Ontario,Consumer,Office Supplies,Storage & Organization,"24 Capacity Maxi Data Binder Racks, Pearl",Small Box,0.6,3/26/2010
5225,37216,11/30/2010,High,24,527.25,0.01,Regular Air,74.01,20.98,8.83,Eudokia Martin,Ontario,Ontario,Home Office,Office Supplies,Binders and Binder Accessories,Premium Transparent Presentation Covers by GBC,Small Box,0.37,12/1/2010
5250,37349,2/15/2010,Critical,8,631.73,0.03,Express Air,122.43,78.69,19.99,Bill Stewart,Ontario,Ontario,Corporate,Furniture,Office Furnishings,Howard Miller 12-3/4 Diameter Accuwave DS ª Wall Clock,Small Box,0.43,2/17/2010
5336,37920,7/14/2010,Critical,48,414.42,0.04,Regular Air,-380.20,8.46,8.99,Andy Reiter,Ontario,Ontario,Corporate,Technology,Computer Peripherals,"Imation 3.5 IBM Diskettes, 10/Box",Small Pack,0.79,7/16/2010
5531,39172,6/25/2010,Low,38,9013.58,0.04,Regular Air,2574.36,232.58,19.99,Nancy Lomonaco,Ontario,Ontario,Home Office,Office Supplies,Appliances,Hoover Commercial Lightweight Upright Vacuum with E-Z Emptyª Dirt Cup,Small Box,0.59,7/2/2010
5532,39172,6/25/2010,Low,26,175.42,0,Regular Air,-93.73,5.98,7.5,Nancy Lomonaco,Ontario,Ontario,Home Office,Office Supplies,Paper,Xerox 1920,Small Box,0.4,7/2/2010
5552,39330,7/17/2010,Critical,29,184.77,0,Express Air,-71.96,5.74,5.3,Andy Yotov,Ontario,Ontario,Corporate,Office Supplies,"Scissors, Rulers and Trimmers",Acme Kleencut¨ Forged Steel Scissors,Small Pack,0.55,7/18/2010
5609,39749,6/27/2010,High,14,125.31,0,Regular Air,26.24,7.96,4.95,Ed Ludwig,Ontario,Ontario,Consumer,Furniture,Office Furnishings,Staples Plastic Wall Frames,Small Box,0.41,6/29/2010
5610,39749,6/27/2010,High,45,11277.05,0.01,Delivery Truck,3497.45,264.98,17.86,Ed Ludwig,Ontario,Ontario,Consumer,Technology,Office Machines,Panasonic KX-P1131 Dot Matrix Printer,Jumbo Drum,0.58,6/29/2010
5611,39749,6/27/2010,High,43,110.64,0.06,Regular Air,-62.60,2.6,2.4,Ed Ludwig,Ontario,Ontario,Consumer,Office Supplies,Pens & Art Supplies,12 Colored Short Pencils,Wrap Bag,0.58,6/29/2010
5798,41122,2/21/2010,Not Specified,29,61.22,0.06,Express Air,-76.88,1.74,4.08,Darren Budd,Ontario,Ontario,Home Office,Furniture,Office Furnishings,"Eldon Regeneration Recycled Desk Accessories, Smoke",Small Pack,0.53,2/23/2010
5809,41187,9/30/2010,Low,9,52.93,0,Regular Air,5.34,5.58,0.7,Edward Nazzal,Ontario,Ontario,Small Business,Office Supplies,Pens & Art Supplies,Newell 314,Wrap Bag,0.6,9/30/2010
5810,41187,9/30/2010,Low,25,145.13,0.03,Regular Air,-42.45,5.78,4.96,Edward Nazzal,Ontario,Ontario,Small Business,Office Supplies,Paper,Xerox 1899,Small Box,0.36,10/4/2010
5935,42086,7/22/2010,High,18,50.15,0.09,Regular Air,-2.39,2.78,0.97,Erin Smith,Ontario,Ontario,Home Office,Office Supplies,Pens & Art Supplies,Newell 339,Wrap Bag,0.59,7/23/2010
5990,42465,12/21/2010,Medium,15,102.32,0.08,Regular Air,-32.70,6.48,5.74,Tamara Dahlen,Ontario,Ontario,Corporate,Office Supplies,Paper,Xerox 1994,Small Box,0.37,12/22/2010
6040,42820,2/16/2010,Low,27,141.56,0.1,Regular Air,-2.85,5.28,2.99,Ted Trevino,Ontario,Ontario,Corporate,Office Supplies,Binders and Binder Accessories,"Wilson Jones 1"" Hanging DublLock¨ Ring Binders",Small Box,0.37,2/23/2010
6126,43367,3/9/2010,Critical,3,23.38,0.08,Regular Air,-12.19,6.48,5.14,Anemone Ratner,Ontario,Ontario,Small Business,Office Supplies,Paper,Xerox 23,Small Box,0.37,3/12/2010
6127,43367,3/9/2010,Critical,16,139.37,0.04,Express Air,1.72,8.34,2.64,Anemone Ratner,Ontario,Ontario,Small Business,Office Supplies,"Scissors, Rulers and Trimmers",Acme¨ Elite Stainless Steel Scissors,Small Pack,0.59,3/10/2010
6128,43367,3/9/2010,Critical,18,1221.62,0.01,Regular Air,-468.64,64.65,35,Anemone Ratner,Ontario,Ontario,Small Business,Office Supplies,Storage & Organization,Space Solutions Commercial Steel Shelving,Large Box,0.8,3/9/2010
6242,44229,5/14/2010,Medium,39,185.69,0.02,Regular Air,50.16,4.84,0.71,Erin Smith,Ontario,Ontario,Home Office,Office Supplies,Pens & Art Supplies,*Staples* Highlighting Markers,Wrap Bag,0.52,5/14/2010
6272,44390,12/3/2010,Not Specified,32,3234.1,0.03,Regular Air,2033.50,99.23,8.99,Noel Staavos,Ontario,Ontario,Home Office,Furniture,Office Furnishings,"GE 48"" Fluorescent Tube, Cool White Energy Saver, 34 Watts, 30/Box",Small Pack,0.35,12/5/2010
6307,44614,6/14/2010,Low,18,55.35,0,Express Air,-56.63,2.22,5,George Bell,Ontario,Ontario,Corporate,Office Supplies,Appliances,Hoover Replacement Belt for Commercial Guardsman Heavy-Duty Upright Vacuum,Small Box,0.55,6/18/2010
6308,44614,6/14/2010,Low,27,700.35,0.06,Regular Air,-123.01,26.31,5.89,George Bell,Ontario,Ontario,Corporate,Technology,Computer Peripherals,"Micro Innovations Micro 3000 Keyboard, Black",Small Box,0.75,6/23/2010
6309,44615,5/9/2010,Medium,19,36.37,0.07,Regular Air,-10.26,1.88,1.49,Edward Becker,Ontario,Ontario,Home Office,Office Supplies,Binders and Binder Accessories,Staples¨ General Use 3-Ring Binders,Small Box,0.37,5/10/2010
6331,44864,6/17/2010,Low,25,187.55,0.1,Regular Air,-171.41,7.77,9.23,Lena Creighton,Ontario,Ontario,Corporate,Office Supplies,Appliances,Hoover Commercial Soft Guard Upright Vacuum And Disposable Filtration Bags,Small Box,0.58,6/24/2010
6336,44900,2/9/2010,Medium,4,47.03,0.08,Regular Air,-12.03,11.19,5.03,Joni Sundaresam,Ontario,Ontario,Home Office,Office Supplies,Paper,"Geographics Note Cards, Blank, White, 8 1/2"" x 11""",Small Box,0.37,2/10/2010
6371,45190,11/19/2010,High,13,2084.96,0,Delivery Truck,135.26,150.98,43.71,George Ashbrook,Ontario,Ontario,Small Business,Furniture,Chairs & Chairmats,"Global Airflow Leather Mesh Back Chair, Black",Jumbo Drum,0.55,11/19/2010
6524,46434,4/1/2010,Critical,34,800.39,0.06,Regular Air,270.29,24.95,2.99,David Philippe,Ontario,Ontario,Consumer,Office Supplies,Binders and Binder Accessories,Large Capacity Hanging Post Binders,Small Box,0.39,4/2/2010
6582,46855,3/5/2010,High,32,53.34,0.04,Regular Air,-4.68,1.68,0.7,Darren Budd,Ontario,Ontario,Corporate,Furniture,Office Furnishings,Tenex B1-RE Series Chair Mats for Low Pile Carpets,Wrap Bag,0.68,3/6/2010
6766,48195,11/27/2010,Not Specified,35,3337.5165,0.07,Regular Air,850.54,115.99,2.5,Ruben Ausman,Ontario,Ontario,Corporate,Technology,Telephones and Communication,6162m,Small Box,0.57,11/28/2010
6767,48195,11/27/2010,Not Specified,35,1018.402,0.09,Regular Air,296.87,35.99,5.99,Ruben Ausman,Ontario,Ontario,Corporate,Technology,Telephones and Communication,Accessory41,Wrap Bag,0.38,11/27/2010
6768,48195,11/27/2010,Not Specified,47,2679.1235,0.01,Regular Air,47.28,65.99,19.99,Ruben Ausman,Ontario,Ontario,Corporate,Technology,Telephones and Communication,iDENi80s,Small Box,0.59,11/28/2010
6831,48642,2/1/2010,High,4,37.73,0.06,Regular Air,-13.72,8.67,3.5,Matt Collister,Ontario,Ontario,Home Office,Office Supplies,Appliances,Staples 4 Outlet Surge Protector,Small Box,0.58,2/3/2010
6832,48642,2/1/2010,High,5,519.69,0.02,Express Air,-122.09,100.98,7.18,Matt Collister,Ontario,Ontario,Home Office,Technology,Computer Peripherals,Logitech Cordless Elite Duo,Small Box,0.4,2/2/2010
6940,49538,3/17/2010,Low,29,730.51,0.08,Regular Air,217.57,26.38,5.58,Darren Budd,Ontario,Ontario,Consumer,Furniture,Office Furnishings,"Westinghouse Floor Lamp with Metal Mesh Shade, Black",Jumbo Drum,0.62,3/21/2010
7204,51395,6/9/2010,Low,26,78.22,0.03,Regular Air,32.50,2.88,0.5,Lena Creighton,Ontario,Ontario,Corporate,Office Supplies,Labels,Avery 484,Small Box,0.36,6/14/2010
7205,51395,6/9/2010,Low,10,51.65,0.1,Regular Air,-32.13,4.98,5.49,Lena Creighton,Ontario,Ontario,Corporate,Office Supplies,Paper,Xerox 1952,Small Box,0.38,6/13/2010
7307,52098,3/10/2010,Medium,19,812.06,0,Regular Air,220.07,39.06,10.55,Darren Budd,Ontario,Ontario,Corporate,Furniture,Chairs & Chairmats,Office Star - Professional Matrix Back Chair with 2-to-1 Synchro Tilt and Mesh Fabric Seat,Jumbo Drum,0.61,3/10/2010
7308,52102,9/12/2010,Medium,8,104.27,0.03,Regular Air,-23.61,11.97,5.81,Philip Brown,Ontario,Ontario,Corporate,Office Supplies,Pens & Art Supplies,Staples SlimLine Pencil Sharpener,Small Pack,0.6,9/12/2010
7312,52135,3/24/2010,Low,38,3922.96,0.04,Regular Air,863.57,99.99,19.99,Jeremy Ellison,Ontario,Ontario,Small Business,Technology,Computer Peripherals,U.S. Robotics 56K Internet Call Modem,Small Box,0.5,3/26/2010
7332,52256,11/4/2010,Not Specified,23,1236.954,0.06,Regular Air,119.89,65.99,4.2,Cari MacIntyre,Ontario,Ontario,Corporate,Technology,Telephones and Communication,5170,Small Box,0.59,11/6/2010
7412,52896,10/22/2010,High,9,48.26,0.09,Express Air,2.76,5.18,2.04,Lena Creighton,Ontario,Ontario,Home Office,Office Supplies,Paper,Array¨ Memo Cubes,Wrap Bag,0.36,10/24/2010
7413,52896,10/22/2010,High,6,1718.43,0,Delivery Truck,-192.49,259.71,66.67,Lena Creighton,Ontario,Ontario,Home Office,Furniture,Tables,"Bevis Round Bullnose 29"" High Table Top",Jumbo Box,0.65,10/23/2010
7626,54563,10/4/2010,Critical,24,523.56,0.01,Regular Air,43.87,20.24,8.99,Fred Hopkins,Ontario,Ontario,Home Office,Furniture,Office Furnishings,"DAX Metal Frame, Desktop, Stepped-Edge",Small Pack,0.46,10/6/2010
7712,55270,1/22/2010,Medium,1,35.14,0.02,Regular Air,-12.75,29.17,6.27,Edward Nazzal,Ontario,Ontario,Home Office,Office Supplies,Binders and Binder Accessories,Binding Machine Supplies,Small Box,0.37,1/23/2010
7936,56710,5/11/2010,Not Specified,34,479.84,0.02,Regular Air,5.71,13.43,5.5,Jim Mitchum,Ontario,Ontario,Consumer,Office Supplies,Storage & Organization,"Fellowes Personal Hanging Folder Files, Navy",Small Box,0.57,5/12/2010
7937,56710,5/11/2010,Not Specified,16,833.9265,0.08,Regular Air,-39.22,65.99,3.99,Jim Mitchum,Ontario,Ontario,Consumer,Technology,Telephones and Communication,StarTAC 7760,Small Box,0.59,5/12/2010
7938,56710,5/11/2010,Not Specified,6,182.64,0.08,Regular Air,-99.24,30.98,6.5,Jim Mitchum,Ontario,Ontario,Consumer,Technology,Computer Peripherals,Belkin ErgoBoardª Keyboard,Small Box,0.64,5/13/2010
7939,56710,5/11/2010,Not Specified,21,736.17,0.01,Regular Air,232.99,35.41,1.99,Jim Mitchum,Ontario,Ontario,Consumer,Technology,Computer Peripherals,Imation DVD-RAM discs,Small Pack,0.43,5/13/2010
7985,57092,5/1/2010,Critical,29,2820.6995,0.03,Regular Air,601.34,110.99,8.99,David Philippe,Ontario,Ontario,Consumer,Technology,Telephones and Communication,LX 677,Small Box,0.57,5/2/2010
8077,57606,1/3/2010,Not Specified,37,294.48,0.08,Regular Air,-64.24,8.46,3.62,Darren Budd,Ontario,Ontario,Consumer,Technology,Computer Peripherals,"Imation 3.5"", RTS 247544 3M 3.5 DSDD, 10/Pack",Small Pack,0.61,1/4/2010
8186,58528,10/27/2010,Medium,14,700.95,0,Regular Air,233.80,46.89,5.1,Janet Martin,Ontario,Ontario,Corporate,Office Supplies,Appliances,Bionaire Personal Warm Mist Humidifier/Vaporizer,Medium Box,0.46,10/28/2010
8187,58528,10/27/2010,Medium,41,159.74,0.08,Express Air,-9.14,3.69,2.5,Janet Martin,Ontario,Ontario,Corporate,Office Supplies,Envelopes,Colored Envelopes,Small Box,0.39,10/28/2010
8231,58851,6/7/2010,Low,3,23.93,0.1,Regular Air,-6.39,8.34,0.96,Alan Hwang,Ontario,Ontario,Corporate,Furniture,Office Furnishings,Document Clip Frames,Wrap Bag,0.43,6/11/2010
8232,58851,6/7/2010,Low,14,2027.55,0.04,Regular Air,537.40,140.99,13.99,Alan Hwang,Ontario,Ontario,Corporate,Technology,Office Machines,Canon MP100DHII Printing Calculator,Medium Box,0.37,6/14/2010
396,2752,11/18/2010,High,30,695.47,0.03,Regular Air,226.73,22.98,1.99,Todd Boyes,Ontario,Ontario,Small Business,Technology,Computer Peripherals,"Memorex 80 Minute CD-R, 30/Pack",Small Pack,0.46,11/20/2010
397,2752,11/18/2010,High,41,152.59,0.02,Regular Air,55.48,3.78,0.71,Todd Boyes,Ontario,Ontario,Small Business,Office Supplies,Rubber Bands,Staples Bulldog Clip,Wrap Bag,0.39,11/20/2010
398,2752,11/18/2010,High,10,365.62,0.03,Regular Air,15.77,34.76,8.22,Todd Boyes,Ontario,Ontario,Small Business,Office Supplies,Storage & Organization,"Multi-Use Personal File Cart and Caster Set, Three Stacking Bins",Small Box,0.57,11/18/2010
399,2752,11/18/2010,High,10,575.569,0.04,Regular Air,-86.52,65.99,5.63,Todd Boyes,Ontario,Ontario,Small Business,Technology,Telephones and Communication,2190,Small Box,0.56,11/20/2010
760,5445,7/25/2010,Low,4,29.42,0.06,Express Air,14.43,3.69,0.5,Michael Dominguez,Ontario,Ontario,Home Office,Office Supplies,Labels,Avery 52,Small Box,0.38,7/30/2010
761,5445,7/25/2010,Low,9,46.48,0.01,Regular Air,-1.82,4.63,1.93,Michael Dominguez,Ontario,Ontario,Home Office,Office Supplies,Pens & Art Supplies,"Binney & Smith Crayola¨ Metallic Colored Pencils, 8-Color Set",Wrap Bag,0.52,8/1/2010
959,6948,12/9/2010,Not Specified,15,1143.88,0.04,Regular Air,-88.70,73.98,4,Phillip Breyer,Ontario,Ontario,Corporate,Technology,Computer Peripherals,Keytronic French Keyboard,Small Box,0.79,12/10/2010
1940,13895,11/20/2010,High,44,614.34,0.02,Regular Air,-171.70,14.03,9.37,Michelle Ellison,Ontario,Ontario,Small Business,Office Supplies,Storage & Organization,Project Tote Personal File,Small Box,0.56,11/20/2010
2852,20545,10/9/2010,Not Specified,1,361.94,0.05,Delivery Truck,-163.58,284.98,69.55,Sean Miller,Ontario,Ontario,Small Business,Furniture,Chairs & Chairmats,Global Commerceª Series High-Back Swivel/Tilt Chairs,Jumbo Drum,0.6,10/10/2010
2853,20545,10/9/2010,Not Specified,31,1276.04,0.02,Regular Air,554.95,40.99,5.86,Sean Miller,Ontario,Ontario,Small Business,Office Supplies,Paper,Xerox 1919,Small Box,0.36,10/11/2010
2854,20545,10/9/2010,Not Specified,40,2894.68,0.02,Regular Air,-1754.39,71.37,69,Sean Miller,Ontario,Ontario,Small Business,Furniture,Tables,"Lesro Sheffield Collection Coffee Table, End Table, Center Table, Corner Table",Large Box,0.68,10/11/2010
2856,20577,2/9/2010,Critical,15,611.68,0.05,Regular Air,134.75,39.06,10.55,Patrick O'Donnell,Ontario,Ontario,Home Office,Office Supplies,Binders and Binder Accessories,Ibico Recycled Linen-Style Covers,Small Box,0.37,2/11/2010
2969,21447,6/3/2010,Not Specified,15,176.24,0.02,Express Air,9.85,10.98,3.37,Sean Christensen,Ontario,Ontario,Home Office,Office Supplies,"Scissors, Rulers and Trimmers",Fiskars¨ Softgrip Scissors,Small Pack,0.57,6/5/2010
3516,25056,9/21/2010,Not Specified,41,295.12,0,Regular Air,-151.93,6.48,8.19,Phillip Breyer,Ontario,Ontario,Corporate,Office Supplies,Paper,Xerox 217,Small Box,0.37,9/23/2010
3665,26244,8/3/2010,High,16,131.72,0.09,Regular Air,-42.61,8.46,3.62,Michael Dominguez,Ontario,Ontario,Home Office,Technology,Computer Peripherals,"Imation 3.5"", RTS 247544 3M 3.5 DSDD, 10/Pack",Small Pack,0.61,8/5/2010
3897,27808,1/26/2010,Low,9,196.12,0.01,Express Air,4.41,20.89,1.99,Michelle Ellison,Ontario,Ontario,Consumer,Technology,Computer Peripherals,"IBM 80 Minute CD-R Spindle, 50/Pack",Small Pack,0.48,2/2/2010
4276,30433,6/9/2010,Medium,17,253.38,0,Express Air,-35.78,13.9,7.59,Nathan Gelder,Ontario,Ontario,Home Office,Office Supplies,"Scissors, Rulers and Trimmers","Acme Hot Forged Carbon Steel Scissors with Nickel-Plated Handles, 3 7/8"" Cut, 8""L",Small Pack,0.56,6/9/2010
4922,35042,12/2/2010,Not Specified,23,1196.86,0.06,Regular Air,-12.51,50.98,6.5,Michael Dominguez,Ontario,Ontario,Home Office,Technology,Computer Peripherals,Microsoft Natural Multimedia Keyboard,Small Box,0.73,12/3/2010
5555,39333,2/17/2010,Critical,31,8955.34,0.1,Regular Air,2081.48,320.98,24.49,Michelle Ellison,Ontario,Ontario,Consumer,Furniture,Chairs & Chairmats,Hon Pagodaª Stacking Chairs,Large Box,0.55,2/19/2010
5556,39333,2/17/2010,Critical,18,95.22,0.01,Regular Air,-33.40,4.98,4.7,Michelle Ellison,Ontario,Ontario,Consumer,Office Supplies,Paper,Staples Copy Paper (20Lb. and 84 Bright),Small Box,0.38,2/17/2010
5974,42369,8/5/2010,Critical,44,786.26,0.01,Regular Air,274.98,17.48,1.99,Patricia Hirasaki,Ontario,Ontario,Home Office,Technology,Computer Peripherals,"Memorex 'Cool' 80 Minute CD-R Spindle, 25/Pack",Small Pack,0.46,8/6/2010
6022,42690,9/28/2010,Low,44,18697.24,0.02,Regular Air,8918.74,420.98,19.99,Olvera Toch,Ontario,Ontario,Home Office,Office Supplies,Binders and Binder Accessories,GBC DocuBind 200 Manual Binding Machine,Small Box,0.35,10/2/2010
6023,42690,9/28/2010,Low,48,786.13,0.04,Regular Air,-236.12,16.74,7.04,Olvera Toch,Ontario,Ontario,Home Office,Office Supplies,Storage & Organization,Rogers¨ Profile Extra Capacity Storage Tub,Small Box,0.81,10/2/2010
6369,45184,6/17/2010,Low,25,14647.26,0.07,Regular Air,5485.15,599.99,24.49,Victoria Wilson,Ontario,Ontario,Home Office,Technology,Copiers and Fax,Hewlett Packard LaserJet 3310 Copier,Large Box,0.37,6/26/2010
6370,45184,6/17/2010,Low,10,26.11,0.08,Regular Air,2.65,2.62,0.8,Victoria Wilson,Ontario,Ontario,Home Office,Office Supplies,Rubber Bands,Staples Metal Binder Clips,Wrap Bag,0.39,6/24/2010
6421,45632,5/10/2010,Not Specified,50,442.31,0.02,Regular Air,231.68,8.34,0.96,Michelle Ellison,Ontario,Ontario,Small Business,Furniture,Office Furnishings,Document Clip Frames,Wrap Bag,0.43,5/11/2010
7402,52800,10/10/2010,Not Specified,13,26.08,0.1,Regular Air,-27.29,1.86,2.58,Todd Boyes,Ontario,Ontario,Small Business,Office Supplies,Rubber Bands,"Super Bands, 12/Pack",Wrap Bag,0.82,10/11/2010
7737,55398,1/20/2010,Medium,24,154.99,0.07,Regular Air,-1085.52,4.48,49,Lena Radford,Ontario,Ontario,Small Business,Office Supplies,Appliances,Hoover Portapowerª Portable Vacuum,Large Box,0.6,1/22/2010
7969,56992,4/18/2010,Not Specified,10,315.42,0.1,Regular Air,-41.26,30.98,17.08,Maria Zettner,Ontario,Ontario,Corporate,Office Supplies,Paper,Xerox 197,Small Box,0.4,4/18/2010
8211,58720,3/7/2010,Not Specified,43,2378.82,0.02,Regular Air,597.16,52.4,16.11,Nathan Gelder,Ontario,Ontario,Home Office,Office Supplies,Binders and Binder Accessories,Ibico Laser Imprintable Binding System Covers,Small Box,0.39,3/7/2010
8212,58720,3/7/2010,Not Specified,6,202.62,0.02,Express Air,13.87,30.98,8.74,Nathan Gelder,Ontario,Ontario,Home Office,Office Supplies,Paper,Xerox 1979,Small Box,0.4,3/8/2010
8230,58820,2/27/2010,Low,24,307.49,0.01,Regular Air,61.51,12.2,6.02,Patricia Hirasaki,Ontario,Ontario,Home Office,Furniture,Office Furnishings,Advantus Panel Wall Certificate Holder - 8.5x11,Small Pack,0.43,3/4/2010
207,1382,8/16/2010,Low,5,89.335,0.06,Regular Air,-107.10,20.99,2.5,Corey Catlett,Newfoundland,Atlantic,Home Office,Technology,Telephones and Communication,Accessory37,Wrap Bag,0.81,8/20/2010
208,1382,8/16/2010,Low,39,158.46,0.06,Regular Air,-130.66,3.98,5.26,Corey Catlett,Newfoundland,Atlantic,Home Office,Office Supplies,Binders and Binder Accessories,Ibico Presentation Index for Binding Systems,Small Box,0.38,8/23/2010
209,1382,8/16/2010,Low,31,7180.83,0.02,Delivery Truck,487.17,220.98,64.66,Corey Catlett,Newfoundland,Atlantic,Home Office,Furniture,Bookcases,"Bush Cubix Collection Bookcases, Fully Assembled",Jumbo Box,0.62,8/23/2010
580,3942,6/27/2010,Not Specified,22,1559.7755,0.03,Regular Air,-247.18,85.99,0.99,Keith Herrera,Newfoundland,Atlantic,Small Business,Technology,Telephones and Communication,Accessory4,Wrap Bag,0.85,6/28/2010
1079,7938,3/13/2010,Medium,34,334.66,0.05,Regular Air,132.56,9.93,1.09,Carlos Meador,Newfoundland,Atlantic,Corporate,Office Supplies,Pens & Art Supplies,Peel-Off¨ China Markers,Wrap Bag,0.43,3/14/2010
1203,8807,2/25/2010,Low,14,1379.3375,0.08,Regular Air,-78.54,125.99,4.2,Natalie Webber,Newfoundland,Atlantic,Consumer,Technology,Telephones and Communication,i1000plus,Small Box,0.57,3/4/2010
1402,10209,11/29/2010,Medium,14,461.55,0.09,Regular Air,-12.00,33.98,19.99,Barry Franz,Newfoundland,Atlantic,Corporate,Furniture,Office Furnishings,"Linden¨ 12"" Wall Clock With Oak Frame",Small Box,0.55,11/29/2010
2832,20449,1/3/2010,Medium,19,1216.5,0.1,Regular Air,162.18,67.28,19.99,Nora Paige,Newfoundland,Atlantic,Small Business,Office Supplies,Binders and Binder Accessories,Catalog Binders with Expanding Posts,Small Box,0.4,1/4/2010
3071,22020,5/17/2010,Critical,37,498.28,0.01,Regular Air,10.18,13.48,4.51,Harold Dahlen,Newfoundland,Atlantic,Corporate,Office Supplies,Storage & Organization,"Tenex Personal Project File with Scoop Front Design, Black",Small Box,0.59,5/18/2010
3997,28515,6/30/2010,High,33,750.86,0,Regular Air,302.12,21.38,2.99,Frank Atkinson,Newfoundland,Atlantic,Corporate,Office Supplies,Binders and Binder Accessories,Acco D-Ring Binder w/DublLock¨,Small Box,0.36,7/1/2010
4226,30023,10/15/2010,Low,14,157.33,0.1,Regular Air,-76.34,11.35,8.6,Giulietta Dortch,Newfoundland,Atlantic,Consumer,Office Supplies,Storage & Organization,"SimpliFileª Personal File, Black Granite, 15w x 6-15/16d x 11-1/4h",Small Box,0.57,10/24/2010
5013,35777,9/8/2010,Critical,35,136.72,0.09,Regular Air,5.91,4.13,1.23,Dianna Arnett,Newfoundland,Atlantic,Home Office,Office Supplies,Pens & Art Supplies,Newell 325,Wrap Bag,0.55,9/10/2010
5052,36005,9/17/2010,Low,1,29.65,0.05,Express Air,-16.54,14.98,7.69,Fred McMath,Newfoundland,Atlantic,Small Business,Office Supplies,Storage & Organization,Super Decoflex Portable Personal File,Small Box,0.57,9/21/2010
5158,36737,3/15/2010,Not Specified,26,1462.1615,0.03,Regular Air,215.43,65.99,5.99,Harold Dahlen,Newfoundland,Atlantic,Consumer,Technology,Telephones and Communication,i1000,Small Box,0.58,3/16/2010
5400,38372,5/15/2010,High,33,310.99,0.07,Regular Air,106.45,9.68,2.03,Dean Percer,Newfoundland,Atlantic,Consumer,Office Supplies,Paper,"Wirebound Service Call Books, 5 1/2"" x 4""",Wrap Bag,0.37,5/16/2010
6002,42528,2/23/2010,Medium,46,161.28,0.01,Regular Air,56.73,3.49,0.76,Alex Grayson,Newfoundland,Atlantic,Consumer,Office Supplies,Rubber Bands,OIC Bulk Pack Metal Binder Clips,Wrap Bag,0.39,2/25/2010
6049,42884,3/12/2010,Not Specified,29,12098.87,0.04,Delivery Truck,-969.05,400.98,42.52,Muhammed Yedwab,Newfoundland,Atlantic,Consumer,Furniture,Tables,Bretford CR8500 Series Meeting Room Furniture,Jumbo Box,0.71,3/12/2010
6206,43972,3/16/2010,Low,12,714.391,0,Regular Air,-62.33,65.99,8.99,Chris Cortes,Newfoundland,Atlantic,Consumer,Technology,Telephones and Communication,8260,Small Box,0.58,3/18/2010
6488,46177,12/5/2010,Low,33,468.46,0.01,Regular Air,-292.70,12.99,14.37,Rick Duston,Newfoundland,Atlantic,Corporate,Furniture,Office Furnishings,"Tensor ""Hersey Kiss"" Styled Floor Lamp",Large Box,0.73,12/5/2010
6875,48994,10/22/2010,Not Specified,6,1086.39,0.03,Regular Air,-311.23,167.27,35,Christy Brittain,Newfoundland,Atlantic,Consumer,Office Supplies,Storage & Organization,Office Impressions Heavy Duty Welded Shelving & Multimedia Storage Drawers,Large Box,0.85,10/24/2010
7858,56166,8/4/2010,Critical,1,142.24,0.08,Delivery Truck,-62.19,100.89,42,Nicole Brennan,Newfoundland,Atlantic,Consumer,Furniture,Chairs & Chairmats,Office Star Flex Back Scooter Chair with Aluminum Finish Frame,Jumbo Drum,0.61,8/5/2010
327,2244,1/8/2010,Critical,19,88.61,0.01,Express Air,21.47,3.8,1.49,Elpida Rittenbach,Nova Scotia,Atlantic,Consumer,Office Supplies,Binders and Binder Accessories,Durable Pressboard Binders,Small Box,0.38,1/10/2010
455,3104,9/15/2010,Medium,50,336.06,0.01,Regular Air,-240.78,6.48,8.88,David Wiener,Nova Scotia,Atlantic,Consumer,Office Supplies,Paper,Xerox 224,Small Box,0.37,9/17/2010
456,3104,9/15/2010,Medium,24,380.38,0.06,Express Air,7.29,15.94,5.45,David Wiener,Nova Scotia,Atlantic,Consumer,Office Supplies,Pens & Art Supplies,Boston 16701 Slimline Battery Pencil Sharpener,Small Pack,0.55,9/15/2010
1624,11747,2/25/2010,Medium,3,315.28,0.08,Regular Air,-261.55,99.99,19.99,David Wiener,Nova Scotia,Atlantic,Consumer,Technology,Office Machines,AT&T 2230 Dual Handset Phone With Caller ID/Call Waiting,Small Box,0.52,2/25/2010
1646,11877,5/23/2010,Not Specified,19,796.14,0.03,Regular Air,320.07,41.94,2.99,David Wiener,Nova Scotia,Atlantic,Consumer,Office Supplies,Binders and Binder Accessories,"Avery Trapezoid Extra Heavy Duty 4"" Binders",Small Box,0.35,5/24/2010
1647,11877,5/23/2010,Not Specified,31,142.96,0.09,Regular Air,33.59,4.73,1.52,David Wiener,Nova Scotia,Atlantic,Consumer,Office Supplies,Paper,"While You Were Out Pads, 50 per Pad, 4 x 5 1/4, Green Cycle",Wrap Bag,0.36,5/25/2010
2139,15271,7/25/2010,Critical,18,2389.3,0.01,Regular Air,589.38,128.24,12.65,Elpida Rittenbach,Nova Scotia,Atlantic,Consumer,Furniture,Chairs & Chairmats,SAFCO Folding Chair Trolley,Medium Box,,7/25/2010
2140,15271,7/25/2010,Critical,7,222.258,0.03,Regular Air,-77.90,35.99,1.25,Elpida Rittenbach,Nova Scotia,Atlantic,Consumer,Technology,Telephones and Communication,Accessory13,Small Pack,0.57,7/25/2010
3621,25860,1/2/2010,Low,9,740.2,0.05,Express Air,239.94,83.98,5.01,Elpida Rittenbach,Nova Scotia,Atlantic,Consumer,Office Supplies,Envelopes,Ames Color-File¨ Green Diamond Border X-ray Mailers,Small Box,0.38,1/4/2010
3622,25860,1/2/2010,Low,23,1288.7785,0.07,Regular Air,-185.89,65.99,19.99,Elpida Rittenbach,Nova Scotia,Atlantic,Consumer,Technology,Telephones and Communication,iDEN i95,Small Box,0.59,1/11/2010
454,3078,2/11/2010,High,1,316.61,0.1,Delivery Truck,-187.29,291.73,48.8,Paul Lucas,Nova Scotia,Atlantic,Corporate,Furniture,Chairs & Chairmats,Hon 4070 Series Pagodaª Armless Upholstered Stacking Chairs,Jumbo Drum,0.56,2/13/2010
496,3456,5/31/2010,Low,20,5418.68,0.07,Delivery Truck,332.30,280.98,35.67,George Zrebassa,Nova Scotia,Atlantic,Small Business,Furniture,Tables,Global Adaptabilitiesª Conference Tables,Jumbo Box,0.66,6/4/2010
579,3942,6/27/2010,Not Specified,11,225.14,0.08,Regular Air,-42.61,20.15,8.99,Keith Herrera,Nova Scotia,Atlantic,Small Business,Office Supplies,Pens & Art Supplies,Boston 19500 Mighty Mite Electric Pencil Sharpener,Small Pack,0.58,6/28/2010
708,4965,10/20/2010,Low,14,1068.79,0.07,Regular Air,56.05,76.72,19.95,Paul Lucas,Nova Scotia,Atlantic,Corporate,Office Supplies,Appliances,Honeywell Enviracaire¨ Portable Air Cleaner for up to 8 x 10 Room,Large Box,0.54,10/20/2010
809,5830,3/24/2010,Medium,49,2012.14,0.07,Regular Air,241.74,40.97,14.45,Shirley Jackson,Nova Scotia,Atlantic,Corporate,Furniture,Office Furnishings,Dana Halogen Swing-Arm Architect Lamp,Large Box,0.57,3/25/2010
1202,8807,2/25/2010,Low,19,428.14,0.04,Regular Air,-6.04,22.84,11.54,Natalie Webber,Nova Scotia,Atlantic,Consumer,Office Supplies,Paper,Xerox 1964,Small Box,0.39,2/27/2010
1871,13476,10/16/2010,Not Specified,3,173.33,0.09,Regular Air,-121.39,52.99,19.99,Noel Staavos,Nova Scotia,Atlantic,Home Office,Office Supplies,Storage & Organization,"Gould Plastics 9-Pocket Panel Bin, 18-3/8w x 5-1/4d x 20-1/2h, Black",Small Box,0.81,10/17/2010
2015,14375,1/31/2010,Medium,50,3872.38,0.1,Regular Air,1110.35,83.93,19.99,Rick Duston,Nova Scotia,Atlantic,Corporate,Office Supplies,Envelopes,Airmail Envelopes,Small Box,0.38,2/1/2010
2403,17410,9/1/2010,Low,5,284.6735,0.04,Express Air,-247.24,65.99,8.99,Noel Staavos,Nova Scotia,Atlantic,Home Office,Technology,Telephones and Communication,5180,Small Box,0.56,9/6/2010
2649,19174,7/16/2010,Medium,35,5311.973,0.02,Regular Air,1142.08,179.99,13.99,Fred McMath,Nova Scotia,Atlantic,Small Business,Technology,Telephones and Communication,VTech VT20-2481 2.4GHz Two-Line Phone System w/Answering Machine,Medium Box,0.57,7/18/2010
2650,19174,7/16/2010,Medium,19,1061.905,0.06,Regular Air,152.75,65.99,2.5,Fred McMath,Nova Scotia,Atlantic,Small Business,Technology,Telephones and Communication,V8160,Small Box,0.56,7/17/2010
2651,19174,7/16/2010,Medium,48,1631.04,0,Regular Air,665.63,33.98,1.99,Fred McMath,Nova Scotia,Atlantic,Small Business,Technology,Computer Peripherals,"Imation Neon 80 Minute CD-R Spindle, 50/Pack",Small Pack,0.45,7/18/2010
2943,21319,4/29/2010,Medium,5,2361.1,0.01,Delivery Truck,-1042.71,449.99,49,Chuck Sachs,Nova Scotia,Atlantic,Consumer,Technology,Copiers and Fax,Canon PC940 Copier,Jumbo Drum,0.38,4/30/2010
2990,21574,1/15/2010,Critical,33,77.55,0,Regular Air,-37.20,2.12,1.99,Eric Barreto,Nova Scotia,Atlantic,Small Business,Technology,Computer Peripherals,Fuji Slim Jewel Case CD-R,Small Pack,0.55,1/16/2010
3250,23271,11/3/2010,High,1,794.58,0.09,Delivery Truck,-1748.34,808.49,55.3,Ann Blume,Nova Scotia,Atlantic,Small Business,Technology,Office Machines,"Hewlett-Packard Business Color Inkjet 3000 [N, DTN] Series Printers",Jumbo Drum,0.4,11/4/2010
3524,25092,12/1/2010,High,6,141.27,0.08,Express Air,28.14,21.38,2.99,Katrina Willman,Nova Scotia,Atlantic,Consumer,Office Supplies,Binders and Binder Accessories,Trimflexª Flexible Post Binders,Small Box,0.37,12/3/2010
3525,25092,12/1/2010,High,9,16.02,0.09,Regular Air,-2.82,1.81,0.75,Katrina Willman,Nova Scotia,Atlantic,Consumer,Office Supplies,Rubber Bands,Assorted Color Push Pins,Wrap Bag,0.52,12/3/2010
3669,26276,9/12/2010,Low,21,3685.38,0,Express Air,1040.62,170.98,13.99,Janet Martin,Nova Scotia,Atlantic,Corporate,Furniture,Office Furnishings,Tenex Antistatic Computer Chair Mats,Medium Box,0.75,9/19/2010
3836,27335,11/6/2010,Low,23,67.47,0.03,Regular Air,-100.60,2.66,6.35,Karl Brown,Nova Scotia,Atlantic,Corporate,Office Supplies,Envelopes,Letter or Legal Size Expandable Poly String Tie Envelopes,Small Box,0.36,11/6/2010
4195,29797,6/26/2010,High,50,742.05,0.05,Regular Air,-337.98,14.89,13.56,Mark Packer,Nova Scotia,Atlantic,Small Business,Furniture,Office Furnishings,Tensor Computer Mounted Lamp,Large Box,0.58,6/28/2010
4227,30023,10/15/2010,Low,28,10253.75,0.1,Delivery Truck,3256.81,400.97,48.26,Giulietta Dortch,Nova Scotia,Atlantic,Consumer,Technology,Office Machines,Hewlett-Packard Deskjet 1220Cse Color Inkjet Printer,Jumbo Box,0.36,10/17/2010
4445,31682,3/9/2010,Low,42,3186.77,0.09,Regular Air,455.42,76.72,19.95,Carlos Meador,Nova Scotia,Atlantic,Corporate,Office Supplies,Appliances,Honeywell Enviracaire¨ Portable Air Cleaner for up to 8 x 10 Room,Large Box,0.54,3/18/2010
4553,32389,10/31/2010,Medium,23,934.07,0.07,Regular Air,-7.50,39.99,10.25,Dave Poirier,Nova Scotia,Atlantic,Small Business,Technology,Computer Peripherals,Zoom V.92 V.44 PCI Internal Controllerless FaxModem,Small Box,0.55,11/2/2010
5170,36800,9/10/2010,High,4,58.44,0.05,Express Air,-7.04,10.89,4.5,Barry Franz,Nova Scotia,Atlantic,Corporate,Office Supplies,Appliances,Belkin 6 Outlet Metallic Surge Strip,Small Box,0.59,9/11/2010
5262,37443,4/15/2010,Not Specified,50,2869.44,0.08,Regular Air,840.55,59.98,3.99,Mark Packer,Nova Scotia,Atlantic,Small Business,Office Supplies,Appliances,Belkin 8 Outlet SurgeMaster II Gold Surge Protector,Small Box,0.57,4/15/2010
5321,37829,9/29/2010,Not Specified,28,257.9,0,Regular Air,-84.69,8.74,8.29,Eleni McCrary,Nova Scotia,Atlantic,Corporate,Office Supplies,Envelopes,"#10- 4 1/8"" x 9 1/2"" Recycled Envelopes",Small Box,0.38,10/1/2010
5494,38976,12/25/2010,Critical,16,6813.93,0.09,Delivery Truck,358.19,449.99,49,Paul Knutson,Nova Scotia,Atlantic,Corporate,Technology,Copiers and Fax,Canon PC940 Copier,Jumbo Drum,0.38,12/26/2010
5564,39393,11/17/2010,Not Specified,23,218.29,0.09,Regular Air,-32.43,9.49,5.76,Troy Staebel,Nova Scotia,Atlantic,Small Business,Technology,Office Machines,"Sharp EL501VB Scientific Calculator, Battery Operated, 10-Digit Display, Hard Case",Medium Box,0.39,11/19/2010
5624,39842,12/19/2010,Medium,38,1554.21,0.08,Express Air,114.45,41.32,8.66,Chris Cortes,Nova Scotia,Atlantic,Consumer,Furniture,Office Furnishings,"Deflect-o EconoMat Studded, No Bevel Mat for Low Pile Carpeting",Medium Box,0.76,12/19/2010
5999,42528,2/23/2010,Medium,37,1356.45,0.02,Regular Air,47.65,35.44,19.99,Alex Grayson,Nova Scotia,Atlantic,Consumer,Office Supplies,Paper,Xerox 1880,Small Box,0.38,2/25/2010
6000,42528,2/23/2010,Medium,13,250.75,0.02,Regular Air,-43.52,17.7,9.47,Alex Grayson,Nova Scotia,Atlantic,Consumer,Office Supplies,Storage & Organization,Portfile¨ Personal File Boxes,Small Box,0.59,2/24/2010
6001,42528,2/23/2010,Medium,31,313.05,0.02,Express Air,81.87,9.78,1.99,Alex Grayson,Nova Scotia,Atlantic,Consumer,Technology,Computer Peripherals,"Memorex Slim 80 Minute CD-R, 10/Pack",Small Pack,0.43,2/24/2010
6778,48263,3/9/2010,Medium,28,164.22,0.1,Regular Air,-124.72,5.98,7.5,Alex Grayson,Nova Scotia,Atlantic,Consumer,Office Supplies,Paper,Xerox 1920,Small Box,0.4,3/10/2010
6873,48963,10/19/2010,Not Specified,12,81.87,0.07,Regular Air,-31.14,6.48,5.94,David Flashing,Nova Scotia,Atlantic,Home Office,Office Supplies,Paper,"Eureka Recycled Copy Paper 8 1/2"" x 11"", Ream",Small Box,0.37,10/21/2010
6931,49472,7/16/2010,Low,15,144.14,0.05,Regular Air,12.09,9.78,1.99,Robert Barroso,Nova Scotia,Atlantic,Small Business,Technology,Computer Peripherals,"Memorex Slim 80 Minute CD-R, 10/Pack",Small Pack,0.43,7/21/2010
6932,49472,7/16/2010,Low,9,30.65,0.03,Regular Air,0.08,3.29,1.35,Robert Barroso,Nova Scotia,Atlantic,Small Business,Office Supplies,Rubber Bands,Acco¨ Hot Clipsª Clips to Go,Wrap Bag,0.4,7/20/2010
7691,55139,1/17/2010,Not Specified,26,85.71,0.08,Regular Air,9.32,3.28,0.98,Bobby Elias,Nova Scotia,Atlantic,Small Business,Office Supplies,Pens & Art Supplies,Crayola Colored Pencils,Wrap Bag,0.52,1/18/2010
7857,56166,8/4/2010,Critical,45,615.68,0.08,Regular Air,-54.34,14.42,6.75,Nicole Brennan,Nova Scotia,Atlantic,Consumer,Office Supplies,Appliances,Holmes Odor Grabber,Medium Box,0.52,8/6/2010
8297,59270,1/11/2010,High,48,25312,0.01,Delivery Truck,8788.81,517.48,16.63,Deborah Brumfield,Nova Scotia,Atlantic,Small Business,Technology,Office Machines,Panasonic KX-P3626 Dot Matrix Printer,Jumbo Box,0.59,1/13/2010
8298,59270,1/11/2010,High,14,2138.63,0.01,Regular Air,453.03,142.86,19.99,Deborah Brumfield,Nova Scotia,Atlantic,Small Business,Office Supplies,Storage & Organization,Letter Size Cart,Small Box,0.56,1/12/2010
8343,59619,2/13/2010,Not Specified,12,76.04,0.04,Regular Air,-47.55,5.98,7.15,Maureen Gastineau,Nova Scotia,Atlantic,Consumer,Office Supplies,Paper,Universal Premium White Copier/Laser Paper (20Lb. and 87 Bright),Small Box,0.36,2/15/2010
23,132,6/10/2010,Medium,30,4011.65,0.05,Delivery Truck,-603.80,130.98,54.74,Emily Phan,Nova Scotia,Atlantic,Consumer,Furniture,Bookcases,"O'Sullivan Elevations Bookcase, Cherry Finish",Jumbo Box,0.69,6/13/2010
42,258,12/28/2010,Critical,21,154.35,0,Regular Air,-91.14,6.48,8.74,Liz Willingham,Nova Scotia,Atlantic,Home Office,Office Supplies,Paper,Xerox 1984,Small Box,0.36,12/30/2010
43,258,12/28/2010,Critical,7,201.36,0,Delivery Truck,-284.40,20.98,53.03,Liz Willingham,Nova Scotia,Atlantic,Home Office,Office Supplies,Storage & Organization,"Tennsco Lockers, Gray",Jumbo Drum,0.78,12/29/2010
57,325,10/16/2010,Low,9,884.1275,0.06,Regular Air,-178.71,115.99,4.23,Craig Yedwab,Nova Scotia,Atlantic,Corporate,Technology,Telephones and Communication,282,Small Box,0.56,10/20/2010
302,2084,3/16/2010,High,16,692.73,0.01,Regular Air,94.97,40.99,17.48,Andy Reiter,Nova Scotia,Atlantic,Corporate,Office Supplies,Paper,Xerox 1893,Small Box,0.36,3/18/2010
573,3905,12/20/2010,Not Specified,42,2537.88,0.03,Delivery Truck,-377.25,60.89,32.41,Muhammed Lee,Nova Scotia,Atlantic,Consumer,Furniture,Chairs & Chairmats,"Global Push Button Manager's Chair, Indigo",Jumbo Drum,0.56,12/21/2010
590,4033,6/1/2010,Low,38,19269.05,0,Delivery Truck,4127.79,500.98,41.44,Bill Tyler,Nova Scotia,Atlantic,Consumer,Furniture,Bookcases,DMI Eclipse Executive Suite Bookcases,Jumbo Box,0.66,6/8/2010
724,5189,11/25/2010,Low,8,24.72,0.06,Regular Air,-21.47,2.74,3.5,Evan Henry,Nova Scotia,Atlantic,Corporate,Office Supplies,Pens & Art Supplies,Rogers Handheld Barrel Pencil Sharpener,Small Pack,0.58,11/27/2010
772,5510,1/7/2010,Medium,12,116.38,0.08,Regular Air,29.68,9.68,2.03,Denise Leinenbach,Nova Scotia,Atlantic,Home Office,Office Supplies,Paper,"Wirebound Service Call Books, 5 1/2"" x 4""",Wrap Bag,0.37,1/10/2010
1403,10209,11/29/2010,Medium,48,418.82,0.02,Regular Air,-60.21,8.6,6.19,Barry Franz,Nova Scotia,Atlantic,Corporate,Office Supplies,Binders and Binder Accessories,Avery Printable Repositionable Plastic Tabs,Small Box,0.38,12/1/2010
2248,16194,10/7/2010,Not Specified,24,2435.5135,0.08,Regular Air,315.49,125.99,4.2,Benjamin Venier,Nova Scotia,Atlantic,Small Business,Technology,Telephones and Communication,V3682,Small Box,0.59,10/9/2010
2648,19174,7/16/2010,Medium,49,214.62,0.05,Regular Air,-151.42,4.24,5.41,Fred McMath,Nova Scotia,Atlantic,Small Business,Office Supplies,Binders and Binder Accessories,Storex DuraTech Recycled Plastic Frosted Binders,Small Box,0.35,7/18/2010
2942,21319,4/29/2010,Medium,11,167.53,0.03,Regular Air,-40.94,14.98,7.69,Chuck Sachs,Nova Scotia,Atlantic,Consumer,Office Supplies,Storage & Organization,Super Decoflex Portable Personal File,Small Box,0.57,5/2/2010
2944,21319,4/29/2010,Medium,42,1060.34,0.04,Delivery Truck,-174.94,23.99,15.68,Chuck Sachs,Nova Scotia,Atlantic,Consumer,Furniture,Office Furnishings,"Westinghouse Floor Lamp with Metal Mesh Shade, Black",Jumbo Drum,0.62,4/30/2010
3081,22115,6/15/2010,Low,5,751.94,0.02,Delivery Truck,-283.94,145.45,17.85,Eric Barreto,Nova Scotia,Atlantic,Consumer,Technology,Office Machines,Panasonic KX-P1150 Dot Matrix Printer,Jumbo Drum,0.56,6/15/2010
3108,22338,5/14/2010,Medium,36,200.08,0.05,Regular Air,-62.97,5.28,5.06,Bill Tyler,Nova Scotia,Atlantic,Consumer,Office Supplies,Paper,Astroparche¨ Fine Business Paper,Small Box,0.37,5/15/2010
3151,22627,4/3/2010,Low,33,1934.6,0.09,Regular Air,614.03,63.94,14.48,Bill Shonely,Nova Scotia,Atlantic,Small Business,Furniture,Office Furnishings,"Howard Miller 16"" Diameter Gallery Wall Clock",Small Box,0.46,4/8/2010
3175,22820,8/17/2010,High,18,144.84,0,Regular Air,21.49,7.89,2.82,Craig Yedwab,Nova Scotia,Atlantic,Consumer,Office Supplies,Rubber Bands,"Staples Vinyl Coated Paper Clips, 800/Box",Wrap Bag,0.4,8/20/2010
3187,22880,5/30/2010,Medium,13,24.96,0.01,Regular Air,-20.68,1.7,1.99,Bradley Talbott,Nova Scotia,Atlantic,Small Business,Technology,Computer Peripherals,BASF Silver 74 Minute CD-R,Small Pack,0.51,6/2/2010
3379,24102,11/30/2010,Critical,50,1844.26,0.03,Regular Air,47.58,37.76,12.9,Fred McMath,Nova Scotia,Atlantic,Small Business,Office Supplies,Storage & Organization,"Companion Letter/Legal File, Black",Small Box,0.57,12/1/2010
3693,26401,10/13/2010,Medium,1,415,0.07,Regular Air,-199.31,420.98,19.99,Dave Poirier,Nova Scotia,Atlantic,Small Business,Office Supplies,Binders and Binder Accessories,GBC DocuBind 200 Manual Binding Machine,Small Box,0.35,10/15/2010
3996,28515,6/30/2010,High,48,379.78,0.1,Regular Air,-71.59,8.32,2.38,Frank Atkinson,Nova Scotia,Atlantic,Corporate,Technology,Computer Peripherals,"Imation 3.5 IBM Formatted Diskettes, 10/Box",Small Pack,0.74,7/2/2010
4129,29349,6/10/2010,High,46,2526.54,0.04,Regular Air,772.11,65.99,2.5,Bobby Trafton,Nova Scotia,Atlantic,Small Business,Technology,Telephones and Communication,6000,Small Box,0.55,6/12/2010
4228,30023,10/15/2010,Low,36,840.24,0,Regular Air,19.73,21.38,8.99,Giulietta Dortch,Nova Scotia,Atlantic,Consumer,Office Supplies,Pens & Art Supplies,Boston 1730 StandUp Electric Pencil Sharpener,Small Pack,0.59,10/15/2010
4333,30884,9/26/2010,Low,6,763.448,0.05,Delivery Truck,-352.96,146.05,80.2,Carlos Meador,Nova Scotia,Atlantic,Corporate,Furniture,Tables,BPI Conference Tables,Jumbo Box,0.71,10/1/2010
4402,31392,5/6/2010,Low,21,128.86,0.1,Regular Air,-42.81,6.48,5.16,George Zrebassa,Nova Scotia,Atlantic,Home Office,Office Supplies,Paper,Xerox 1985,Small Box,0.37,5/13/2010
4959,35271,7/26/2010,High,19,1083.4015,0.02,Regular Air,64.53,65.99,8.99,Dean Percer,Nova Scotia,Atlantic,Home Office,Technology,Telephones and Communication,5180,Small Box,0.56,7/27/2010
5625,39842,12/19/2010,Medium,22,1295.502,0.01,Express Air,224.86,65.99,3.99,Chris Cortes,Nova Scotia,Atlantic,Consumer,Technology,Telephones and Communication,StarTAC 7760,Small Box,0.59,12/20/2010
5652,40005,7/25/2010,High,20,873.82,0.1,Regular Air,244.45,45.98,4.8,Mark Packer,Nova Scotia,Atlantic,Small Business,Furniture,Office Furnishings,Tenex B1-RE Series Chair Mats for Low Pile Carpets,Wrap Bag,0.68,7/28/2010
5833,41383,5/12/2010,Low,36,1449.45,0.04,Regular Air,620.07,41.94,2.99,Fred McMath,Nova Scotia,Atlantic,Small Business,Office Supplies,Binders and Binder Accessories,"Avery Trapezoid Extra Heavy Duty 4"" Binders",Small Box,0.35,5/19/2010
5899,41826,10/16/2010,Medium,4,63.93,0.03,Express Air,40.63,9.77,6.02,Chuck Sachs,Nova Scotia,Atlantic,Consumer,Furniture,Office Furnishings,DAX Solid Wood Frames,Medium Box,0.48,10/18/2010
6431,45728,6/21/2010,High,11,38.24,0.02,Regular Air,-37.55,2.88,5.33,Keith Herrera,Nova Scotia,Atlantic,Small Business,Office Supplies,Labels,Avery File Folder Labels,Small Box,0.36,6/22/2010
6489,46177,12/5/2010,Low,48,9708.64,0.1,Delivery Truck,-528.65,218.75,69.64,Rick Duston,Nova Scotia,Atlantic,Corporate,Furniture,Tables,BoxOffice By Design Rectangular and Half-Moon Meeting Room Tables,Jumbo Box,0.77,12/7/2010
6630,47169,3/3/2010,Medium,15,803.267,0.06,Regular Air,-19.97,65.99,5.26,Doug Jacobs,Nova Scotia,Atlantic,Home Office,Technology,Telephones and Communication,8860,Small Box,0.56,3/4/2010
6930,49472,7/16/2010,Low,23,103.2,0.02,Regular Air,17.89,4.28,0.94,Robert Barroso,Nova Scotia,Atlantic,Small Business,Office Supplies,Pens & Art Supplies,Newell 336,Wrap Bag,0.56,7/21/2010
8195,58599,1/14/2010,Critical,49,5332.42,0.06,Delivery Truck,-219.20,113.98,30,Dianna Wilson,Nova Scotia,Atlantic,Small Business,Furniture,Chairs & Chairmats,Hon Comfortask¨ Task/Swivel Chairs,Jumbo Drum,0.69,1/15/2010
8300,59270,1/11/2010,High,47,1597.02,0.01,Regular Air,749.03,31.78,1.99,Deborah Brumfield,Nova Scotia,Atlantic,Small Business,Technology,Computer Peripherals,"Memorex 4.7GB DVD-RAM, 3/Pack",Small Pack,0.42,1/13/2010
139,898,6/2/2010,High,40,676.13,0.03,Regular Air,45.39,15.98,6.5,Sanjit Jacobs,Quebec,Quebec,Consumer,Technology,Computer Peripherals,Logitech Access Keyboard,Small Box,0.48,6/4/2010
140,898,6/2/2010,High,26,7668.55,0.04,Delivery Truck,-715.78,296.18,54.12,Sanjit Jacobs,Quebec,Quebec,Consumer,Furniture,Tables,Hon 94000 Series Round Tables,Jumbo Box,0.76,6/2/2010
339,2307,6/28/2010,Low,32,182.33,0.1,Regular Air,40.85,5.98,1.49,Carol Adams,Quebec,Quebec,Corporate,Office Supplies,Binders and Binder Accessories,Avery Hanging File Binders,Small Box,0.39,6/28/2010
348,2374,10/28/2010,Not Specified,21,78.17,0.01,Express Air,-72.70,2.84,5.44,Vivek Gonzalez,Quebec,Quebec,Consumer,Office Supplies,Binders and Binder Accessories,Avery Round Ring Poly Binders,Small Box,0.36,10/30/2010
756,5414,3/24/2010,Not Specified,14,284.62,0.1,Express Air,-27.08,20.98,5.42,Michelle Tran,Quebec,Quebec,Corporate,Office Supplies,Storage & Organization,Acco Perma¨ 3000 Stacking Storage Drawers,Small Box,0.66,3/25/2010
1077,7936,4/5/2010,Low,50,2851.17,0.06,Delivery Truck,-868.88,58.14,36.61,Pete Takahito,Quebec,Quebec,Corporate,Furniture,Bookcases,O'Sullivan 3-Shelf Heavy-Duty Bookcases,Jumbo Box,0.61,4/5/2010
1078,7936,4/5/2010,Low,15,183.43,0.06,Regular Air,-41.86,12.44,6.27,Pete Takahito,Quebec,Quebec,Corporate,Office Supplies,Storage & Organization,Eldon Simplefile¨ Box Office¨,Medium Box,0.57,4/10/2010
1471,10627,2/24/2010,Low,4,40.23,0.05,Regular Air,-30.26,7.77,9.23,Matt Collister,Quebec,Quebec,Home Office,Office Supplies,Appliances,Hoover Commercial Soft Guard Upright Vacuum And Disposable Filtration Bags,Small Box,0.58,3/1/2010
1493,10784,7/5/2010,Not Specified,2,19.36,0.1,Regular Air,-11.85,6.78,6.18,Vivian Mathis,Quebec,Quebec,Home Office,Office Supplies,Paper,Strathmore Photo Mount Cards,Small Box,0.39,7/6/2010
1494,10784,7/5/2010,Not Specified,30,206.27,0.09,Regular Air,-54.44,6.81,5.48,Vivian Mathis,Quebec,Quebec,Home Office,Office Supplies,Binders and Binder Accessories,Avery Self-Adhesive Photo Pockets for Polaroid Photos,Small Box,0.37,7/7/2010
1511,10919,3/27/2010,High,42,2040.95,0.07,Regular Air,-1231.87,48.91,35,Ross DeVincentis,Quebec,Quebec,Corporate,Office Supplies,Storage & Organization,Tennsco Industrial Shelving,Large Box,0.83,3/27/2010
1585,11429,3/3/2010,Low,39,446.04,0.01,Regular Air,59.04,10.98,5.14,Jason Klamczynski,Quebec,Quebec,Home Office,Office Supplies,Binders and Binder Accessories,GBC Imprintable Covers,Small Box,0.36,3/7/2010
1586,11429,3/3/2010,Low,46,18421.2,0.06,Delivery Truck,-969.05,400.98,42.52,Jason Klamczynski,Quebec,Quebec,Home Office,Furniture,Tables,Bretford CR8500 Series Meeting Room Furniture,Jumbo Box,0.71,3/5/2010
1856,13347,4/23/2010,Not Specified,24,104.89,0.07,Express Air,22.84,3.8,1.49,Vivek Gonzalez,Quebec,Quebec,Consumer,Office Supplies,Binders and Binder Accessories,Durable Pressboard Binders,Small Box,0.38,4/24/2010
2526,18341,7/18/2010,Critical,39,237.89,0,Regular Air,-165.26,5.78,7.96,Bradley Nguyen,Quebec,Quebec,Consumer,Office Supplies,Paper,Xerox 196,Small Box,0.36,7/18/2010
2644,19139,12/3/2010,Not Specified,15,94.84,0.01,Regular Air,-26.66,5.98,5.15,Helen Wasserman,Quebec,Quebec,Corporate,Office Supplies,Paper,Xerox 193,Small Box,0.36,12/4/2010
2932,21249,9/19/2010,Low,22,1082.8,0.02,Regular Air,299.35,48.58,3.99,Barry Gonzalez,Quebec,Quebec,Small Business,Office Supplies,Appliances,Belkin Premiere Surge Master II 8-outlet surge protector,Small Box,0.56,9/21/2010
2933,21249,9/19/2010,Low,7,1260.2015,0.03,Regular Air,-523.00,205.99,8.99,Barry Gonzalez,Quebec,Quebec,Small Business,Technology,Telephones and Communication,StarTAC 8000,Small Box,0.6,9/21/2010
3139,22529,5/7/2010,Medium,28,1623.09,0.02,Regular Air,245.88,56.96,13.22,Vivian Mathis,Quebec,Quebec,Home Office,Office Supplies,Appliances,"Conquestª 14 Commercial Heavy-Duty Upright Vacuum, Collection System, Accessory Kit",Small Box,0.56,5/7/2010
3410,24356,5/11/2010,Medium,37,12612.66,0.06,Delivery Truck,3325.03,350.99,39,Barry Gonzalez,Quebec,Quebec,Consumer,Furniture,Chairs & Chairmats,Global Leather Executive Chair,Jumbo Drum,0.55,5/13/2010
3819,27232,8/18/2010,Not Specified,19,639.3,0.05,Regular Air,30.21,34.99,7.73,Ralph Arnett,Quebec,Quebec,Consumer,Office Supplies,Pens & Art Supplies,Hunt Boston¨ Vacuum Mount KS Pencil Sharpener,Small Box,0.59,8/20/2010
4435,31616,8/28/2010,Critical,45,182.7,0.08,Regular Air,-156.41,4.24,5.41,Sanjit Jacobs,Quebec,Quebec,Consumer,Office Supplies,Binders and Binder Accessories,Storex DuraTech Recycled Plastic Frosted Binders,Small Box,0.35,8/29/2010
4436,31616,8/28/2010,Critical,46,141.08,0.04,Regular Air,36.96,3.08,0.99,Sanjit Jacobs,Quebec,Quebec,Consumer,Office Supplies,Labels,Avery 481,Small Box,0.37,8/29/2010
4483,31907,5/18/2010,Low,38,331.53,0,Regular Air,-35.97,8.46,3.62,Sanjit Jacobs,Quebec,Quebec,Consumer,Technology,Computer Peripherals,"Imation 3.5"", RTS 247544 3M 3.5 DSDD, 10/Pack",Small Pack,0.61,5/23/2010
4698,33478,6/14/2010,High,21,125.9,0.04,Express Air,5.85,5.88,3.04,Natalie DeCherney,Quebec,Quebec,Consumer,Office Supplies,Paper,"Adams Telephone Message Book W/Dividers/Space For Phone Numbers, 5 1/4""X8 1/2"", 300/Messages",Wrap Bag,0.36,6/16/2010
4762,33862,6/22/2010,Not Specified,22,125.57,0.03,Regular Air,-45.16,5.58,5.3,Vivek Gonzalez,Quebec,Quebec,Consumer,Office Supplies,Envelopes,Staples Brown Kraft Recycled Clasp Envelopes,Small Box,0.35,6/23/2010
5077,36161,1/16/2010,Critical,6,29.19,0.03,Regular Air,0.65,4.49,1.49,Chad McGuire,Quebec,Quebec,Small Business,Office Supplies,Binders and Binder Accessories,Avery Non-Stick Binders,Small Box,0.39,1/17/2010
5440,38630,4/17/2010,Medium,13,2175.218,0.07,Regular Air,44.55,195.99,3.99,Vivek Sundaresam,Quebec,Quebec,Home Office,Technology,Telephones and Communication,R380,Small Box,0.58,4/18/2010
5686,40194,10/6/2010,Not Specified,30,4506.85,0.1,Delivery Truck,290.66,160.98,30,Barry Gonzalez,Quebec,Quebec,Consumer,Furniture,Chairs & Chairmats,Office Star - Mid Back Dual function Ergonomic High Back Chair with 2-Way Adjustable Arms,Jumbo Drum,0.62,10/7/2010
5687,40194,10/6/2010,Not Specified,16,2110.37,0,Delivery Truck,-14.42,119.99,56.14,Barry Gonzalez,Quebec,Quebec,Consumer,Technology,Office Machines,Hewlett-Packard 2600DN Business Color Inkjet Printer,Jumbo Box,0.39,10/8/2010
5688,40194,10/6/2010,Not Specified,34,1094.9105,0.02,Regular Air,-112.12,35.99,5,Barry Gonzalez,Quebec,Quebec,Consumer,Technology,Telephones and Communication,Accessory27,Small Box,0.85,10/8/2010
5749,40833,7/15/2010,Low,48,2688.0825,0.04,Regular Air,844.82,65.99,2.5,Michelle Huthwaite,Quebec,Quebec,Home Office,Technology,Telephones and Communication,V8160,Small Box,0.56,7/24/2010
6079,43076,6/16/2010,Not Specified,33,3636.37,0.06,Delivery Truck,-176.91,113.98,30,Vivek Sundaresam,Quebec,Quebec,Home Office,Furniture,Chairs & Chairmats,Hon Comfortask¨ Task/Swivel Chairs,Jumbo Drum,0.69,6/16/2010
6102,43233,6/19/2010,Critical,30,203.48,0.04,Express Air,-71.91,6.48,6.35,Vivian Mathis,Quebec,Quebec,Home Office,Office Supplies,Paper,Xerox 200,Small Box,0.37,6/21/2010
6148,43526,5/26/2010,High,49,561.06,0.07,Regular Air,-2.23,11.58,6.97,Barry Gonzalez,Quebec,Quebec,Consumer,Office Supplies,Envelopes,"Peel & Seel¨ Recycled Catalog Envelopes, Brown",Small Box,0.35,5/26/2010
6149,43526,5/26/2010,High,19,320.03,0,Regular Air,-43.22,15.31,8.78,Barry Gonzalez,Quebec,Quebec,Consumer,Office Supplies,Storage & Organization,Eldon Jumbo ProFileª Portable File Boxes Graphite/Black,Small Box,0.57,5/27/2010
6266,44358,4/1/2010,High,22,5288.89,0,Delivery Truck,547.04,227.55,32.48,Cynthia Delaney,Quebec,Quebec,Home Office,Furniture,Tables,Hon Rectangular Conference Tables,Jumbo Box,0.68,4/3/2010
6284,44480,5/12/2010,Medium,25,1321.55,0.1,Regular Air,448.24,54.96,10.75,Vivek Sundaresam,Quebec,Quebec,Home Office,Office Supplies,Paper,Xerox 1940,Small Box,0.36,5/14/2010
6293,44546,3/24/2010,Critical,15,55.2,0.05,Regular Air,4.26,3.58,1.63,Vivek Sundaresam,Quebec,Quebec,Home Office,Office Supplies,Rubber Bands,"OIC Colored Binder Clips, Assorted Sizes",Wrap Bag,0.36,3/25/2010
6687,47556,7/25/2010,Low,29,475.58,0.04,Regular Air,108.21,15.98,4,Vivek Sundaresam,Quebec,Quebec,Home Office,Technology,Computer Peripherals,Logitech Access Keyboard,Small Box,0.37,7/27/2010
6698,47712,7/13/2010,Low,50,274.04,0.1,Express Air,-243.87,5.38,7.57,Gary McGarr,Quebec,Quebec,Home Office,Office Supplies,Binders and Binder Accessories,"Acco PRESSTEX¨ Data Binder with Storage Hooks, Dark Blue, 9 1/2"" X 11""",Small Box,0.36,7/18/2010
6829,48642,2/1/2010,High,36,111.83,0,Regular Air,19.36,2.94,0.7,Matt Collister,Quebec,Quebec,Home Office,Office Supplies,Pens & Art Supplies,Newell 338,Wrap Bag,0.58,2/1/2010
6830,48642,2/1/2010,High,50,4159.628,0.05,Express Air,1332.91,95.99,4.9,Matt Collister,Quebec,Quebec,Home Office,Technology,Telephones and Communication,T60,Small Box,0.56,2/1/2010
7320,52194,12/11/2010,Critical,25,612.93,0.1,Regular Air,-5.04,24.92,12.98,Greg Tran,Quebec,Quebec,Home Office,Office Supplies,Binders and Binder Accessories,GBC Standard Therm-A-Bind Covers,Small Box,0.39,12/12/2010
7321,52194,12/11/2010,Critical,12,1551.34,0.03,Delivery Truck,-483.12,120.98,78.64,Greg Tran,Quebec,Quebec,Home Office,Furniture,Bookcases,O'Sullivan Living Dimensions 2-Shelf Bookcases,Jumbo Box,0.75,12/12/2010
8207,58659,10/24/2010,High,2,21.01,0.03,Regular Air,-13.13,6.48,8.19,Tom Stivers,Quebec,Quebec,Small Business,Office Supplies,Paper,Xerox 217,Small Box,0.37,10/26/2010
44,258,12/28/2010,Critical,33,216.77,0.02,Regular Air,-55.11,6.54,5.27,Liz Willingham,Quebec,Quebec,Home Office,Office Supplies,Binders and Binder Accessories,Wilson Jones¨ Four-Pocket Poly Binders,Small Box,0.36,12/30/2010
650,4580,11/14/2010,Not Specified,28,7384.54,0.09,Delivery Truck,-2301.53,280.98,81.98,Carlos Meador,Quebec,Quebec,Consumer,Furniture,Tables,Global Adaptabilitiesª Conference Tables,Jumbo Box,0.78,11/15/2010
1101,8097,12/9/2010,Medium,48,7522.8,0.04,Express Air,3187.37,162.93,19.99,Doug Jacobs,Quebec,Quebec,Home Office,Office Supplies,Envelopes,Multimedia Mailers,Small Box,0.39,12/11/2010
1392,10114,2/8/2010,Critical,39,147.88,0,Regular Air,-142.91,3.58,5.47,Michael Paige,Quebec,Quebec,Small Business,Office Supplies,Binders and Binder Accessories,Avery Poly Binder Pockets,Small Box,0.37,2/10/2010
1557,11236,10/30/2010,High,4,1629.75,0.03,Regular Air,-195.70,415.88,11.37,Robert Barroso,Quebec,Quebec,Small Business,Office Supplies,Storage & Organization,Deluxe Rollaway Locking File with Drawer,Small Box,0.57,11/1/2010
1768,12643,3/19/2010,Low,22,345.69,0.02,Regular Air,143.23,15.04,1.97,Ann Blume,Quebec,Quebec,Small Business,Office Supplies,Paper,White GlueTop Scratch Pads,Wrap Bag,0.39,3/21/2010
2896,20900,11/24/2010,Low,50,1978.3665,0,Regular Air,483.60,45.99,4.99,Ellis Ballard,Quebec,Quebec,Corporate,Technology,Telephones and Communication,600 Series Non-Flip,Small Box,0.57,11/26/2010
4182,29700,4/6/2010,Medium,9,30.35,0.01,Regular Air,5.02,3.08,0.99,Eric Barreto,Quebec,Quebec,Consumer,Office Supplies,Labels,Avery 481,Small Box,0.37,4/7/2010
4315,30754,11/25/2010,Low,20,4108.17,0.09,Regular Air,-505.98,209.37,69,David Flashing,Quebec,Quebec,Home Office,Furniture,Tables,Hon 2111 Invitationª Series Corner Table,Large Box,0.79,11/29/2010
4443,31650,8/11/2010,Not Specified,19,1504.97,0.02,Regular Air,-0.31,77.51,4,Elizabeth Moffitt,Quebec,Quebec,Consumer,Technology,Computer Peripherals,Micro Innovations Media Access Pro Keyboard,Small Box,0.76,8/12/2010
4950,35201,6/4/2010,Low,18,211.44,0.03,Regular Air,-75.81,10.97,6.5,Brad Thomas,Quebec,Quebec,Home Office,Technology,Computer Peripherals,Micro Innovations 104 Keyboard,Small Box,0.64,6/11/2010
6713,47842,5/12/2010,Medium,50,230.23,0.06,Express Air,-150.93,4.28,5.74,Anthony Garverick,Quebec,Quebec,Small Business,Office Supplies,Paper,Xerox 1953,Small Box,0.4,5/12/2010
7115,50759,3/19/2010,Low,46,2422.721,0.1,Regular Air,366.18,65.99,8.99,Deborah Brumfield,Quebec,Quebec,Corporate,Technology,Telephones and Communication,Talkabout T8367,Small Box,0.56,3/24/2010
8196,58599,1/14/2010,Critical,19,2328.62,0,Delivery Truck,45.54,120.98,30,Dianna Wilson,Quebec,Quebec,Small Business,Furniture,Chairs & Chairmats,Hon Every-Day¨ Chair Series Swivel Task Chairs,Jumbo Drum,0.64,1/15/2010
22,132,6/10/2010,Medium,27,192.814,0.03,Regular Air,-86.20,7.99,5.03,Emily Phan,Quebec,Quebec,Consumer,Technology,Telephones and Communication,Bell Sonecor JB700 Caller ID,Medium Box,0.6,6/11/2010
337,2305,1/25/2010,High,11,1382.8,0.01,Regular Air,141.31,120.33,19.99,Maribeth Dona,Quebec,Quebec,Home Office,Office Supplies,Storage & Organization,Iceberg Mobile Mega Data/Printer Cart ¨,Small Box,0.59,1/25/2010
572,3877,5/20/2010,Low,14,700.46,0.02,Express Air,254.31,48.04,7.23,Paul Knutson,Quebec,Quebec,Corporate,Office Supplies,Paper,Xerox 1885,Small Box,0.37,5/20/2010
589,4033,6/1/2010,Low,21,763.12,0.03,Regular Air,140.33,34.76,5.49,Bill Tyler,Quebec,Quebec,Consumer,Office Supplies,Storage & Organization,Home/Office Personal File Carts,Small Box,0.6,6/3/2010
637,4455,10/10/2010,Medium,39,279.29,0.07,Regular Air,14.15,7.59,4,Michael Paige,Quebec,Quebec,Small Business,Furniture,Office Furnishings,"Master Giant Foot¨ Doorstop, Safety Yellow",Wrap Bag,0.42,10/12/2010
723,5189,11/25/2010,Low,14,2066.63,0.03,Regular Air,65.58,140.85,19.99,Evan Henry,Quebec,Quebec,Corporate,Office Supplies,Storage & Organization,"Fellowes Strictly Business¨ Drawer File, Letter/Legal Size",Small Box,0.73,11/27/2010
1080,7938,3/13/2010,Medium,23,139.19,0.04,Regular Air,-86.73,5.98,7.15,Carlos Meador,Quebec,Quebec,Corporate,Office Supplies,Paper,Universal Premium White Copier/Laser Paper (20Lb. and 87 Bright),Small Box,0.36,3/15/2010
1135,8292,2/1/2010,Not Specified,18,299.87,0.02,Regular Air,130.04,15.74,1.39,Ellis Ballard,Quebec,Quebec,Corporate,Office Supplies,Envelopes,"#10-4 1/8"" x 9 1/2"" Premium Diagonal Seam Envelopes",Small Box,0.4,2/2/2010
1558,11236,10/30/2010,High,49,261.02,0.01,Regular Air,-94.05,4.98,4.95,Robert Barroso,Quebec,Quebec,Small Business,Office Supplies,Binders and Binder Accessories,Cardinal Holdit Business Card Pockets,Small Box,0.37,10/31/2010
1628,11779,6/29/2010,Not Specified,45,311.1,0.04,Regular Air,86.60,6.88,2,Alex Grayson,Quebec,Quebec,Consumer,Office Supplies,Paper,"Adams Phone Message Book, 200 Message Capacity, 8 1/16Ó x 11Ó",Wrap Bag,0.39,7/1/2010
1629,11779,6/29/2010,Not Specified,43,452.93,0.09,Regular Air,-172.34,10.97,6.5,Alex Grayson,Quebec,Quebec,Consumer,Technology,Computer Peripherals,Micro Innovations 104 Keyboard,Small Box,0.64,6/30/2010
1748,12515,5/13/2010,Medium,16,1702.499,0.08,Regular Air,133.45,125.99,5.99,Michael Stewart,Quebec,Quebec,Small Business,Technology,Telephones and Communication,i600,Small Box,0.56,5/16/2010
1754,12580,1/13/2010,Low,43,140.72,0.04,Regular Air,-115.53,3.28,3.97,Dave Poirier,Quebec,Quebec,Small Business,Office Supplies,Pens & Art Supplies,Newell 342,Wrap Bag,0.56,1/15/2010
1873,13476,10/16/2010,Not Specified,47,231.29,0.09,Express Air,-147.86,4.91,5.68,Noel Staavos,Quebec,Quebec,Home Office,Office Supplies,Binders and Binder Accessories,"Acco Pressboard Covers with Storage Hooks, 14 7/8"" x 11"", Light Blue",Small Box,0.36,10/18/2010
1916,13731,5/9/2010,Not Specified,10,44.08,0.08,Regular Air,6.79,4.48,1.22,Tom Prescott,Quebec,Quebec,Small Business,Office Supplies,Paper,Spiral Phone Message Books with Labels by Adams,Wrap Bag,0.36,5/12/2010
2478,18017,3/25/2010,Critical,22,5202.896,0.02,Delivery Truck,-715.78,296.18,54.12,Benjamin Venier,Quebec,Quebec,Small Business,Furniture,Tables,Hon 94000 Series Round Tables,Jumbo Box,0.76,3/27/2010
3109,22338,5/14/2010,Medium,24,790.24,0.09,Regular Air,-213.18,35.77,9.02,Bill Tyler,Quebec,Quebec,Consumer,Technology,Computer Peripherals,"IBM Numeric Access II Keypad, 17-Key, Black",Small Box,0.75,5/15/2010
3668,26276,9/12/2010,Low,19,20329.8,0,Regular Air,9224.10,999.99,13.99,Janet Martin,Quebec,Quebec,Corporate,Technology,Office Machines,"Polycom Soundstation EX Audio-Conferencing Telephone, Black",Medium Box,0.36,9/16/2010
3749,26784,7/23/2010,Critical,12,1466.95,0.02,Delivery Truck,-64.14,120.98,30,Christy Brittain,Quebec,Quebec,Consumer,Furniture,Chairs & Chairmats,Hon Every-Day¨ Chair Series Swivel Task Chairs,Jumbo Drum,0.64,7/24/2010
3750,26784,7/23/2010,Critical,33,440.23,0.09,Regular Air,-37.94,13.99,7.51,Christy Brittain,Quebec,Quebec,Consumer,Technology,Office Machines,Sharp EL500L Fraction Calculator,Medium Box,0.39,7/24/2010
4130,29349,6/10/2010,High,33,162.39,0.1,Regular Air,-101.68,5.28,5.57,Bobby Trafton,Quebec,Quebec,Small Business,Office Supplies,Paper,Xerox 1981,Small Box,0.4,6/12/2010
4225,30023,10/15/2010,Low,34,16193.16,0.02,Delivery Truck,6463.34,449.99,49,Giulietta Dortch,Quebec,Quebec,Consumer,Technology,Copiers and Fax,Canon PC940 Copier,Jumbo Drum,0.38,10/19/2010
4241,30150,10/4/2010,Critical,30,443.46,0.06,Regular Air,193.12,15.57,1.39,Aaron Hawkins,Quebec,Quebec,Home Office,Office Supplies,Envelopes,Park Ridgeª Embossed Executive Business Envelopes,Small Box,0.38,10/5/2010
4655,33154,8/3/2010,Critical,7,368.0245,0.09,Regular Air,-218.81,65.99,4.2,Harold Dahlen,Quebec,Quebec,Corporate,Technology,Telephones and Communication,5170,Small Box,0.59,8/6/2010
5263,37443,4/15/2010,Not Specified,21,2172.702,0.01,Regular Air,481.74,115.99,2.5,Mark Packer,Quebec,Quebec,Small Business,Technology,Telephones and Communication,6160,Small Box,0.57,4/17/2010
5399,38372,5/15/2010,High,46,1053.84,0,Regular Air,-632.16,20.98,21.2,Dean Percer,Quebec,Quebec,Consumer,Furniture,Office Furnishings,36X48 HARDFLOOR CHAIRMAT,Medium Box,0.78,5/15/2010
5493,38976,12/25/2010,Critical,46,944.76,0.03,Regular Air,165.46,19.98,8.68,Paul Knutson,Quebec,Quebec,Corporate,Office Supplies,Paper,Southworth 25% Cotton Premium Laser Paper and Envelopes,Small Box,0.37,12/27/2010
5538,39238,9/26/2010,Critical,9,373.48,0.1,Express Air,112.06,40.98,2.99,Tracy Poddar,Quebec,Quebec,Corporate,Office Supplies,Binders and Binder Accessories,"Avery Trapezoid Ring Binder, 3"" Capacity, Black, 1040 sheets",Small Box,0.36,9/27/2010
5653,40005,7/25/2010,High,9,130.43,0.03,Regular Air,-8.70,13.48,4.51,Mark Packer,Quebec,Quebec,Small Business,Office Supplies,Storage & Organization,"Tenex Personal Project File with Scoop Front Design, Black",Small Box,0.59,7/25/2010
5829,41350,5/8/2010,Medium,1,423.3,0.01,Regular Air,-259.01,419.19,19.99,Erica Hernandez,Quebec,Quebec,Small Business,Office Supplies,Storage & Organization,Smead Adjustable Mobile File Trolley with Lockable Top,Small Box,0.58,5/9/2010
5834,41383,5/12/2010,Low,38,2702.3,0.03,Delivery Truck,-1330.78,70.98,59.81,Fred McMath,Quebec,Quebec,Small Business,Furniture,Chairs & Chairmats,"Situations Contoured Folding Chairs, 4/Set",Jumbo Drum,0.6,5/16/2010
5900,41826,10/16/2010,Medium,2,570.98,0.05,Delivery Truck,-340.48,258.98,54.31,Chuck Sachs,Quebec,Quebec,Consumer,Furniture,Chairs & Chairmats,Global Enterpriseª Series Seating Low-Back Swivel/Tilt Chairs,Jumbo Drum,0.55,10/18/2010
6003,42528,2/23/2010,Medium,29,200.7,0.02,Regular Air,-147.72,6.48,9.17,Alex Grayson,Quebec,Quebec,Consumer,Office Supplies,Paper,Xerox 1996,Small Box,0.37,2/24/2010
6004,42529,10/10/2010,Low,2,6.34,0.08,Regular Air,-4.44,2.78,0.97,Bobby Elias,Quebec,Quebec,Small Business,Office Supplies,Pens & Art Supplies,Newell 339,Wrap Bag,0.59,10/14/2010
6006,42529,10/10/2010,Low,48,2996.93,0.04,Regular Air,1060.87,60.22,3.5,Bobby Elias,Quebec,Quebec,Small Business,Office Supplies,Appliances,"Fellowes Smart Surge Ten-Outlet Protector, Platinum",Small Box,0.57,10/14/2010
6095,43200,7/31/2010,Not Specified,3,554.32,0.01,Regular Air,-62.13,172.99,19.99,Sara Luxemburg,Quebec,Quebec,Small Business,Office Supplies,Binders and Binder Accessories,Ibico EB-19 Dual Function Manual Binding System,Small Box,0.39,8/1/2010
6096,43200,7/31/2010,Not Specified,15,1073.567,0.04,Regular Air,-305.97,85.99,0.99,Sara Luxemburg,Quebec,Quebec,Small Business,Technology,Telephones and Communication,Accessory4,Wrap Bag,0.85,8/1/2010
6223,44065,7/3/2010,Low,23,1914.16,0.01,Delivery Truck,128.43,80.97,33.6,Keith Herrera,Quebec,Quebec,Small Business,Technology,Office Machines,Lexmark Z25 Color Inkjet Printer,Jumbo Drum,0.37,7/10/2010
6353,45030,7/24/2010,High,1,18.16,0.03,Regular Air,-7.25,12.28,6.13,Giulietta Dortch,Quebec,Quebec,Consumer,Office Supplies,Storage & Organization,Recycled Eldon Regeneration Jumbo File,Small Box,0.57,7/26/2010
6487,46177,12/5/2010,Low,13,11169.95,0.07,Regular Air,3982.22,896.99,19.99,Rick Duston,Quebec,Quebec,Corporate,Office Supplies,Binders and Binder Accessories,GBC DocuBind TL300 Electric Binding System,Small Box,0.38,12/5/2010
6608,47012,5/13/2010,Low,35,584.42,0.08,Express Air,-97.21,16.99,8.99,Michael Oakman,Quebec,Quebec,Small Business,Office Supplies,Pens & Art Supplies,Berol Giant Pencil Sharpener,Small Pack,0.56,5/17/2010
8299,59270,1/11/2010,High,5,647.27,0.08,Delivery Truck,-404.77,122.99,70.2,Deborah Brumfield,Quebec,Quebec,Small Business,Furniture,Chairs & Chairmats,"Global High-Back Leather Tilter, Burgundy",Jumbo Drum,0.74,1/11/2010
8342,59619,2/13/2010,Not Specified,35,225.4,0.08,Regular Air,-165.48,6.48,8.4,Maureen Gastineau,Quebec,Quebec,Consumer,Office Supplies,Paper,Xerox 212,Small Box,0.37,2/15/2010
8358,59714,12/13/2010,Critical,26,9225.65,0.03,Delivery Truck,1656.46,349.45,60,Julia Barnett,Quebec,Quebec,Corporate,Furniture,Tables,"SAFCO PlanMaster Heigh-Adjustable Drafting Table Base, 43w x 30d x 30-37h, Black",Jumbo Drum,,12/15/2010
14,70,12/17/2010,Low,48,90.05,0.03,Regular Air,-107.00,1.86,2.58,Helen Wasserman,Quebec,Quebec,Home Office,Office Supplies,Rubber Bands,"Super Bands, 12/Pack",Wrap Bag,0.82,12/22/2010
15,70,12/17/2010,Low,46,7804.53,0.05,Regular Air,2057.17,205.99,5.99,Helen Wasserman,Quebec,Quebec,Home Office,Technology,Telephones and Communication,3285,Small Box,0.59,12/22/2010
27,193,8/7/2010,Critical,14,174.89,0.06,Regular Air,-37.04,12.44,6.27,Justin Hirsh,Quebec,Quebec,Consumer,Office Supplies,Storage & Organization,Eldon Simplefile¨ Box Office¨,Medium Box,0.57,8/9/2010
112,738,3/1/2010,Not Specified,7,560.51,0.04,Regular Air,32.60,80.98,4.5,Caroline Jumper,Quebec,Quebec,Corporate,Office Supplies,Appliances,Belkin 8 Outlet SurgeMaster II Gold Surge Protector with Phone Protection,Small Box,0.59,3/3/2010
113,738,3/1/2010,Not Specified,31,189.95,0.08,Regular Air,-56.68,6.48,5.14,Caroline Jumper,Quebec,Quebec,Corporate,Office Supplies,Paper,Xerox 23,Small Box,0.37,3/2/2010
117,772,4/16/2010,High,35,589.24,0.08,Regular Air,-38.35,17.52,8.17,Pamela Stobb,Quebec,Quebec,Consumer,Office Supplies,Appliances,Bionaire 99.97% HEPA Air Cleaner,Medium Box,0.5,4/18/2010
118,772,4/16/2010,High,25,233.05,0.1,Regular Air,86.93,9.9,1.39,Pamela Stobb,Quebec,Quebec,Consumer,Office Supplies,Envelopes,#6 3/4 Gummed Flap White Envelopes,Small Box,0.37,4/18/2010
263,1825,12/4/2010,Medium,22,38.26,0.03,Regular Air,-2.34,1.76,0.7,Aaron Smayling,Quebec,Quebec,Small Business,Office Supplies,Pens & Art Supplies,Newell 310,Wrap Bag,0.56,12/6/2010
523,3586,12/4/2010,High,32,383.57,0.06,Regular Air,70.51,12.58,5.16,Lena Cacioppo,Quebec,Quebec,Home Office,Furniture,Office Furnishings,"DAX Copper Panel Document Frame, 5 x 7 Size",Small Box,0.43,12/5/2010
524,3586,12/4/2010,High,31,461.1,0.05,Regular Air,116.96,14.34,5,Lena Cacioppo,Quebec,Quebec,Home Office,Furniture,Office Furnishings,Nu-Dell Leatherette Frames,Small Pack,0.49,12/6/2010
556,3778,5/25/2010,Critical,34,268.09,0.07,Regular Air,-63.76,8.32,2.38,Deirdre Greer,Quebec,Quebec,Home Office,Technology,Computer Peripherals,"Imation 3.5 IBM Formatted Diskettes, 10/Box",Small Pack,0.74,5/27/2010
557,3778,5/25/2010,Critical,12,557.03,0.04,Regular Air,8.95,45.19,1.99,Deirdre Greer,Quebec,Quebec,Home Office,Technology,Computer Peripherals,"Verbatim DVD-RAM, 9.4GB, Rewritable, Type 1, DS, DataLife Plus",Small Pack,0.55,5/26/2010
558,3778,5/25/2010,Critical,3,26.53,0.05,Regular Air,-15.00,6.68,6.92,Deirdre Greer,Quebec,Quebec,Home Office,Office Supplies,Paper,Xerox 1898,Small Box,0.37,5/26/2010
559,3778,5/25/2010,Critical,34,5133.9235,0.02,Regular Air,1313.95,175.99,4.99,Deirdre Greer,Quebec,Quebec,Home Office,Technology,Telephones and Communication,5165,Small Box,0.59,5/26/2010
584,4004,5/6/2010,Medium,14,63.52,0.1,Regular Air,8.66,4.84,0.71,Sheri Gordon,Quebec,Quebec,Corporate,Office Supplies,Pens & Art Supplies,*Staples* Highlighting Markers,Wrap Bag,0.52,5/9/2010
585,4004,5/6/2010,Medium,44,1512.25,0.05,Regular Air,195.48,34.58,8.99,Sheri Gordon,Quebec,Quebec,Corporate,Office Supplies,Pens & Art Supplies,Panasonic KP-350BK Electric Pencil Sharpener with Auto Stop,Small Pack,0.56,5/7/2010
778,5543,9/24/2010,Medium,15,703.54,0.04,Regular Air,138.46,48.58,3.99,Fred Chung,Quebec,Quebec,Corporate,Office Supplies,Appliances,Belkin Premiere Surge Master II 8-outlet surge protector,Small Box,0.56,9/26/2010
779,5543,9/24/2010,Medium,6,65.93,0.04,Regular Air,11.06,10.31,1.79,Fred Chung,Quebec,Quebec,Corporate,Office Supplies,Paper,"Speediset Carbonless Redi-Letter¨ 7"" x 8 1/2""",Wrap Bag,0.38,9/27/2010
780,5543,9/24/2010,Medium,27,67.3,0.02,Regular Air,-115.38,2.18,5,Fred Chung,Quebec,Quebec,Corporate,Office Supplies,"Scissors, Rulers and Trimmers",*Staples* Letter Opener,Wrap Bag,0.81,9/26/2010
843,6050,3/28/2010,Low,3,261.94,0.06,Delivery Truck,-219.78,80.97,33.6,Phillip Flathmann,Quebec,Quebec,Small Business,Technology,Office Machines,Lexmark Z25 Color Inkjet Printer,Jumbo Drum,0.37,4/4/2010
844,6050,3/28/2010,Low,47,9574.82,0.08,Regular Air,-505.98,209.37,69,Phillip Flathmann,Quebec,Quebec,Small Business,Furniture,Tables,Hon 2111 Invitationª Series Corner Table,Large Box,0.79,4/2/2010
979,7079,2/8/2010,Medium,44,12296.49,0.01,Delivery Truck,-416.70,280.98,57,Brenda Bowman,Quebec,Quebec,Small Business,Furniture,Chairs & Chairmats,Hon 2090 ÒPillow SoftÓ Series Mid Back Swivel/Tilt Chairs,Jumbo Drum,0.78,2/9/2010
980,7079,2/8/2010,Medium,18,128.13,0.03,Regular Air,-34.91,6.48,5.94,Brenda Bowman,Quebec,Quebec,Small Business,Office Supplies,Paper,"Eureka Recycled Copy Paper 8 1/2"" x 11"", Ream",Small Box,0.37,2/10/2010
1005,7301,12/28/2010,Low,17,959.089,0.06,Regular Air,124.99,65.99,2.5,Logan Haushalter,Quebec,Quebec,Corporate,Technology,Telephones and Communication,6000,Small Box,0.55,1/14/2011
1084,8000,9/19/2010,Low,10,149.25,0.08,Regular Air,-26.81,15.01,8.4,John Stevenson,Quebec,Quebec,Small Business,Office Supplies,Binders and Binder Accessories,"GBC Prepunched Paper, 19-Hole, for Binding Systems, 24-lb",Small Box,0.39,9/21/2010
1085,8000,9/19/2010,Low,1,10.14,0.04,Regular Air,-7.61,4.82,5.24,John Stevenson,Quebec,Quebec,Small Business,Office Supplies,Binders and Binder Accessories,Wilson Jones Turn Tabs Binder Tool for Ring Binders,Small Box,0.39,9/21/2010
1211,8870,3/5/2010,Not Specified,15,441.58,0.07,Regular Air,117.39,30.98,5.09,Mathew Reese,Quebec,Quebec,Small Business,Office Supplies,Paper,Xerox 19,Small Box,0.4,3/6/2010
1879,13540,5/23/2010,High,33,121,0.09,Regular Air,51.21,3.75,0.5,Theresa Swint,Quebec,Quebec,Consumer,Office Supplies,Labels,Avery 510,Small Box,0.37,5/25/2010
1880,13540,5/23/2010,High,27,1484.185,0.02,Regular Air,239.25,65.99,4.99,Theresa Swint,Quebec,Quebec,Consumer,Technology,Telephones and Communication,T193,Small Box,0.57,5/25/2010
1968,14081,10/6/2010,High,31,1476.12,0.03,Delivery Truck,-1401.17,44.43,46.59,Alan Haines,Quebec,Quebec,Home Office,Furniture,Tables,Hon 61000 Series Interactive Training Tables,Jumbo Box,0.67,10/7/2010
1969,14086,10/20/2010,Low,13,1764.97,0.07,Delivery Truck,-383.50,130.98,54.74,Alan Haines,Quebec,Quebec,Consumer,Furniture,Bookcases,"O'Sullivan Elevations Bookcase, Cherry Finish",Jumbo Box,0.69,10/25/2010
1970,14086,10/20/2010,Low,50,238.34,0.04,Regular Air,-7.36,4.76,3.01,Alan Haines,Quebec,Quebec,Consumer,Office Supplies,Paper,"TOPS Voice Message Log Book, Flash Format",Wrap Bag,0.36,10/27/2010
2289,16513,9/3/2010,Critical,10,1642.43,0.02,Delivery Truck,-423.20,150.89,60.2,Dennis Kane,Quebec,Quebec,Small Business,Furniture,Chairs & Chairmats,"Global Leather & Oak Executive Chair, Burgundy",Jumbo Drum,0.77,9/4/2010
2307,16640,7/27/2010,Low,6,652.33,0.09,Delivery Truck,-227.51,113.98,30,Stewart Visinsky,Quebec,Quebec,Corporate,Furniture,Chairs & Chairmats,Hon Comfortask¨ Task/Swivel Chairs,Jumbo Drum,0.69,7/29/2010
2381,17255,7/14/2010,Not Specified,17,158.19,0.09,Regular Air,-75.22,9.38,7.28,Dorris Love,Quebec,Quebec,Home Office,Office Supplies,Storage & Organization,Staples File Caddy,Small Box,0.57,7/15/2010
2583,18627,12/20/2010,Medium,4,15.7,0.01,Regular Air,0.71,3.69,0.5,Phillip Flathmann,Quebec,Quebec,Small Business,Office Supplies,Labels,Avery 487,Small Box,0.38,12/21/2010
2670,19329,3/7/2010,Not Specified,37,281.59,0.07,Regular Air,-6.39,7.96,4.95,Max Engle,Quebec,Quebec,Corporate,Furniture,Office Furnishings,Staples Plastic Wall Frames,Small Box,0.41,3/9/2010
2671,19329,3/7/2010,Not Specified,6,231.7525,0.03,Regular Air,-155.95,45.99,4.99,Max Engle,Quebec,Quebec,Corporate,Technology,Telephones and Communication,KF 788,Small Box,0.56,3/8/2010
2748,19841,12/26/2010,Low,17,213.06,0.03,Regular Air,-31.74,11.97,5.81,Tom Stivers,Quebec,Quebec,Corporate,Office Supplies,Pens & Art Supplies,Staples SlimLine Pencil Sharpener,Small Pack,0.6,1/22/2011
2749,19841,12/26/2010,Low,7,1126.488,0.08,Regular Air,-557.95,195.99,4.2,Tom Stivers,Quebec,Quebec,Corporate,Technology,Telephones and Communication,688,Small Box,0.6,1/26/2011
2900,20934,1/20/2010,Critical,5,1253.89,0.09,Delivery Truck,-577.48,264.98,17.86,Bill Eplett,Quebec,Quebec,Corporate,Technology,Office Machines,Panasonic KX-P1131 Dot Matrix Printer,Jumbo Drum,0.58,1/21/2010
3137,22498,11/9/2010,Critical,20,34.94,0.05,Regular Air,-30.70,1.7,1.99,Sarah Brown,Quebec,Quebec,Consumer,Technology,Computer Peripherals,BASF Silver 74 Minute CD-R,Small Pack,0.51,11/10/2010
3327,23782,1/10/2010,Low,46,21390.44,0.09,Delivery Truck,5365.43,500.98,26,Justin MacKendrick,Quebec,Quebec,Corporate,Furniture,Chairs & Chairmats,Global Troyª Executive Leather Low-Back Tilter,Jumbo Drum,0.6,1/10/2010
3328,23782,1/10/2010,Low,7,169.75,0.09,Regular Air,-194.85,20.34,35,Justin MacKendrick,Quebec,Quebec,Corporate,Office Supplies,Storage & Organization,Tennsco Commercial Shelving,Large Box,0.84,1/15/2010
3367,24069,7/16/2010,Low,21,7981.2,0.02,Delivery Truck,-592.52,376.13,85.63,Anne Pryor,Quebec,Quebec,Home Office,Furniture,Tables,Bretford Rectangular Conference Table Tops,Jumbo Box,0.74,7/23/2010
3476,24740,1/10/2010,Medium,11,1091.47,0.04,Regular Air,160.48,92.23,39.61,Logan Haushalter,Quebec,Quebec,Corporate,Furniture,Office Furnishings,"Deflect-o RollaMat Studded, Beveled Mat for Medium Pile Carpeting",Medium Box,0.67,1/11/2010
3477,24740,1/10/2010,Medium,35,112.59,0.09,Express Air,-126.70,3.28,5,Logan Haushalter,Quebec,Quebec,Corporate,Office Supplies,Pens & Art Supplies,Newell 35,Wrap Bag,0.56,1/10/2010
3683,26341,7/28/2010,Critical,8,1095.27,0.03,Delivery Truck,-281.22,124.49,51.94,Karen Ferguson,Quebec,Quebec,Corporate,Furniture,Tables,Bevis 36 x 72 Conference Tables,Jumbo Box,0.63,7/30/2010
3726,26630,11/27/2010,High,9,65.67,0.02,Regular Air,-35.20,6.48,7.37,Logan Haushalter,Quebec,Quebec,Corporate,Office Supplies,Paper,Xerox 210,Small Box,0.37,11/29/2010
3790,27011,12/30/2010,Medium,5,53.66,0.09,Regular Air,5.69,10.94,1.39,Anne Pryor,Quebec,Quebec,Home Office,Office Supplies,Envelopes,"White Business Envelopes with Contemporary Seam, Recycled White Business Envelopes",Small Box,0.35,12/30/2010
4235,30114,8/16/2010,Low,7,4667.28,0.09,Express Air,-362.88,699.99,24.49,Caroline Jumper,Quebec,Quebec,Corporate,Technology,Copiers and Fax,Canon PC1060 Personal Laser Copier,Large Box,0.41,8/23/2010
4258,30336,1/29/2010,Medium,28,5155.07,0.06,Regular Air,368.79,193.17,19.99,Caroline Jumper,Quebec,Quebec,Corporate,Office Supplies,Storage & Organization,Fellowes Staxonsteel¨ Drawer Files,Small Box,0.71,1/31/2010
4351,31040,9/14/2010,Not Specified,23,872.97,0.1,Regular Air,-22.63,39.98,4,Caroline Jumper,Quebec,Quebec,Corporate,Technology,Computer Peripherals,Microsoft Natural Keyboard Elite,Small Box,0.7,9/16/2010
4352,31040,9/14/2010,Not Specified,19,545.71,0.1,Regular Air,-35.47,29.74,6.64,Caroline Jumper,Quebec,Quebec,Corporate,Office Supplies,Storage & Organization,Acco Perma¨ 2700 Stacking Storage Drawers,Small Box,0.7,9/16/2010
4545,32326,10/31/2010,High,50,929.81,0.09,Regular Air,-188.41,19.99,11.17,Jason Klamczynski,Quebec,Quebec,Small Business,Furniture,Office Furnishings,Telescoping Adjustable Floor Lamp,Large Box,0.6,11/1/2010
4654,33152,11/21/2010,Critical,19,2569.6265,0,Regular Air,398.01,155.99,8.99,Caroline Jumper,Quebec,Quebec,Corporate,Technology,Telephones and Communication,R280,Small Box,0.55,11/23/2010
4776,33921,3/30/2010,Low,35,1794.03,0.05,Delivery Truck,196.21,50.98,14.19,Daniel Lacy,Quebec,Quebec,Small Business,Furniture,Chairs & Chairmats,"Global Deluxe Stacking Chair, Gray",Jumbo Drum,0.56,4/8/2010
4829,34337,5/14/2010,Medium,36,3610.85,0.04,Express Air,2235.37,99.23,8.99,Bill Eplett,Quebec,Quebec,Corporate,Furniture,Office Furnishings,"GE 48"" Fluorescent Tube, Cool White Energy Saver, 34 Watts, 30/Box",Small Pack,0.35,5/15/2010
4866,34657,5/5/2010,Low,46,1396.75,0.04,Express Air,-75.70,30.98,19.51,Fred Chung,Quebec,Quebec,Corporate,Office Supplies,Envelopes,Staples Colored Interoffice Envelopes,Small Box,0.36,5/14/2010
4906,34916,8/9/2010,High,3,24.36,0.08,Express Air,10.04,4.82,5.72,Theresa Swint,Quebec,Quebec,Consumer,Furniture,Office Furnishings,Magna Visual Magnetic Picture Hangers,Small Pack,0.47,8/11/2010
4965,35302,6/7/2010,Medium,6,188.44,0.09,Regular Air,17.57,30.98,5.76,Dennis Kane,Quebec,Quebec,Small Business,Office Supplies,Paper,"IBM Multi-Purpose Copy Paper, 8 1/2 x 11"", Case",Small Box,0.4,6/7/2010
4966,35302,6/7/2010,Medium,13,1265.497,0.1,Regular Air,-228.18,125.99,7.69,Dennis Kane,Quebec,Quebec,Small Business,Technology,Telephones and Communication,StarTAC 3000,Small Box,0.59,6/8/2010
5056,36065,2/17/2010,High,31,538.3,0.03,Regular Air,-63.98,16.98,12.39,Dionis Lloyd,Quebec,Quebec,Small Business,Office Supplies,Envelopes,Brown Kraft Recycled Envelopes,Small Box,0.35,2/17/2010
5352,38048,1/24/2010,High,42,2252.262,0.1,Regular Air,478.11,65.99,5.63,Ted Butterfield,Quebec,Quebec,Corporate,Technology,Telephones and Communication,2190,Small Box,0.56,1/24/2010
5353,38048,1/24/2010,High,47,279.01,0.05,Regular Air,-136.84,5.77,5.92,Ted Butterfield,Quebec,Quebec,Corporate,Furniture,Office Furnishings,DAX Cubicle Frames - 8x10,Medium Box,0.55,1/25/2010
5461,38789,11/14/2010,High,9,96.52,0.1,Regular Air,16.78,10.64,5.16,Mathew Reese,Quebec,Quebec,Small Business,Furniture,Office Furnishings,"Eldon Expressions Punched Metal & Wood Desk Accessories, Pewter & Cherry",Small Box,0.57,11/15/2010
5462,38789,11/14/2010,High,4,115.17,0.04,Delivery Truck,40.93,23.99,15.68,Mathew Reese,Quebec,Quebec,Small Business,Furniture,Office Furnishings,"Westinghouse Floor Lamp with Metal Mesh Shade, Black",Jumbo Drum,0.62,11/15/2010
5844,41472,1/23/2010,Low,48,280.87,0.01,Express Air,-214.15,5.38,7.57,Helen Wasserman,Quebec,Quebec,Home Office,Office Supplies,Binders and Binder Accessories,"Acco PRESSTEX¨ Data Binder with Storage Hooks, Dark Blue, 9 1/2"" X 11""",Small Box,0.36,1/30/2010
5989,42439,6/19/2010,Not Specified,28,164.5,0.01,Regular Air,62.68,5.84,1,Pamela Stobb,Quebec,Quebec,Consumer,Office Supplies,Pens & Art Supplies,"Quartet Omega¨ Colored Chalk, 12/Pack",Wrap Bag,0.38,6/20/2010
6064,42950,8/22/2010,High,38,1142.485,0.09,Regular Air,303.40,35.99,1.25,Theresa Swint,Quebec,Quebec,Small Business,Technology,Telephones and Communication,Accessory13,Small Pack,0.57,8/23/2010
6109,43271,3/3/2010,Medium,2,7.75,0.03,Regular Air,-5.27,2.6,2.4,Brenda Bowman,Quebec,Quebec,Small Business,Office Supplies,Pens & Art Supplies,12 Colored Short Pencils,Wrap Bag,0.58,3/4/2010
6168,43745,11/1/2010,Low,43,2433.53,0.02,Regular Air,946.70,54.48,0.99,Laurel Elliston,Quebec,Quebec,Corporate,Office Supplies,Appliances,Belkin 5 Outlet SurgeMasterª Power Centers,Small Box,0.57,11/1/2010
6169,43745,11/1/2010,Low,26,1368.03,0.04,Regular Air,27.51,50.98,6.5,Laurel Elliston,Quebec,Quebec,Corporate,Technology,Computer Peripherals,Microsoft Natural Multimedia Keyboard,Small Box,0.73,11/3/2010
6170,43745,11/1/2010,Low,41,260.64,0.08,Regular Air,-106.21,6.68,6.15,Laurel Elliston,Quebec,Quebec,Corporate,Office Supplies,Paper,Xerox 1968,Small Box,0.37,11/3/2010
6171,43745,11/1/2010,Low,32,1250.4265,0.02,Regular Air,303.30,45.99,2.5,Laurel Elliston,Quebec,Quebec,Corporate,Technology,Telephones and Communication,T61,Small Box,0.56,11/1/2010
6194,43877,3/15/2010,Low,36,580.04,0.09,Express Air,-31.86,16.91,6.25,Dorris Love,Quebec,Quebec,Corporate,Office Supplies,Storage & Organization,"Tenex Personal Self-Stacking Standard File Box, Black/Gray",Small Box,0.58,3/15/2010
6204,43940,2/21/2010,Critical,12,1940.21,0.09,Regular Air,-215.34,200.99,4.2,Anne Pryor,Quebec,Quebec,Consumer,Technology,Telephones and Communication,2160i,Small Box,0.59,2/22/2010
6205,43940,2/21/2010,Critical,44,1717.21,0.08,Regular Air,176.13,40.97,8.99,Anne Pryor,Quebec,Quebec,Consumer,Office Supplies,Pens & Art Supplies,Sanford 52201 APSCO Electric Pencil Sharpener,Small Pack,0.59,2/22/2010
6570,46725,9/20/2010,Not Specified,13,80,0.03,Regular Air,10.96,5.84,1.2,Anne Pryor,Quebec,Quebec,Consumer,Office Supplies,Pens & Art Supplies,Newell 312,Wrap Bag,0.55,9/22/2010
6571,46725,9/20/2010,Not Specified,8,137.42,0.04,Regular Air,-24.86,16.91,6.25,Anne Pryor,Quebec,Quebec,Consumer,Office Supplies,Storage & Organization,"Tenex Personal Self-Stacking Standard File Box, Black/Gray",Small Box,0.58,9/21/2010
6813,48487,1/11/2010,Low,27,360.7,0,Regular Air,146.17,12.97,1.49,Carol Triggs,Quebec,Quebec,Home Office,Office Supplies,Binders and Binder Accessories,"Mead 1st Gear 2"" Zipper Binder, Asst. Colors",Small Box,0.35,1/13/2010
6976,49831,8/23/2010,Critical,18,274.32,0.01,Regular Air,-58.24,15.14,4.53,Brenda Bowman,Quebec,Quebec,Small Business,Office Supplies,Storage & Organization,Eldon¨ Gobal File Keepers,Small Box,0.81,8/25/2010
7001,49988,12/20/2010,High,43,7731.09,0,Regular Air,-222.17,167.27,35,Helen Wasserman,Quebec,Quebec,Home Office,Office Supplies,Storage & Organization,Office Impressions Heavy Duty Welded Shelving & Multimedia Storage Drawers,Large Box,0.85,12/23/2010
7002,49988,12/20/2010,High,33,10162.576,0.08,Delivery Truck,-969.05,400.98,42.52,Helen Wasserman,Quebec,Quebec,Home Office,Furniture,Tables,Bretford CR8500 Series Meeting Room Furniture,Jumbo Box,0.71,12/22/2010
7003,49988,12/20/2010,High,33,5834.6465,0.01,Regular Air,1619.66,205.99,2.79,Helen Wasserman,Quebec,Quebec,Home Office,Technology,Telephones and Communication,ELITE Series,Small Box,0.58,12/23/2010
7104,50692,9/17/2010,High,28,327.95,0,Regular Air,43.68,10.98,5.14,Shirley Schmidt,Quebec,Quebec,Corporate,Office Supplies,Binders and Binder Accessories,GBC Imprintable Covers,Small Box,0.36,9/19/2010
7105,50692,9/17/2010,High,47,5606.91,0.06,Delivery Truck,-300.85,124.49,51.94,Shirley Schmidt,Quebec,Quebec,Corporate,Furniture,Tables,Bevis 36 x 72 Conference Tables,Jumbo Box,0.63,9/19/2010
7107,50725,11/23/2010,Medium,1,129.88,0.1,Delivery Truck,-89.90,110.98,30,Muhammed Yedwab,Quebec,Quebec,Consumer,Furniture,Chairs & Chairmats,Office Star Flex Back Scooter Chair with White Frame,Jumbo Drum,0.71,11/24/2010
7362,52480,7/27/2010,Not Specified,47,1020.88,0.08,Regular Air,173.94,22.72,8.99,Anne Pryor,Quebec,Quebec,Home Office,Furniture,Office Furnishings,"Executive Impressions 14"" Two-Color Numerals Wall Clock",Small Pack,0.44,7/29/2010
7462,53248,10/29/2010,Critical,7,2423.06,0.06,Delivery Truck,-94.27,348.21,40.19,Brenda Bowman,Quebec,Quebec,Home Office,Furniture,Tables,Bretford CR4500 Series Slim Rectangular Table,Jumbo Box,0.62,10/30/2010
7517,53668,3/31/2010,Not Specified,9,98.24,0.04,Regular Air,-10.38,10.98,3.37,Dorris Love,Quebec,Quebec,Corporate,Office Supplies,"Scissors, Rulers and Trimmers",Fiskars¨ Softgrip Scissors,Small Pack,0.57,4/1/2010
7868,56288,6/30/2010,Not Specified,37,1287.94,0.06,Regular Air,140.35,35.89,14.72,Mathew Reese,Quebec,Quebec,Small Business,Office Supplies,Envelopes,Jet-Pak Recycled Peel 'N' Seal Padded Mailers,Small Box,0.4,6/30/2010
7869,56288,6/30/2010,Not Specified,39,585.36,0.07,Express Air,269.26,15.57,1.39,Mathew Reese,Quebec,Quebec,Small Business,Office Supplies,Envelopes,Park Ridgeª Embossed Executive Business Envelopes,Small Box,0.38,7/2/2010
7966,56931,2/3/2010,High,34,232.4155,0.05,Regular Air,-110.59,7.99,5.03,Dionis Lloyd,Quebec,Quebec,Small Business,Technology,Telephones and Communication,Bell Sonecor JB700 Caller ID,Medium Box,0.6,2/5/2010
8234,58854,4/24/2010,Critical,35,6130.9,0.03,Delivery Truck,583.15,170.98,35.89,Arthur Gainer,Quebec,Quebec,Corporate,Furniture,Bookcases,"Rush Hierlooms Collection 1"" Thick Stackable Bookcases",Jumbo Box,0.66,4/25/2010
8235,58854,4/24/2010,Critical,10,193.205,0,Regular Air,-52.24,20.99,4.81,Arthur Gainer,Quebec,Quebec,Corporate,Technology,Telephones and Communication,1726 Digital Answering Machine,Medium Box,0.58,4/26/2010
69,416,9/26/2010,Low,20,1156.6715,0.01,Express Air,88.52,65.99,7.69,Stuart Calhoun,Ontario,Ontario,Consumer,Technology,Telephones and Communication,5190,Small Box,0.59,10/1/2010
94,611,1/26/2010,Critical,47,840.04,0.04,Regular Air,-131.27,17.7,9.47,Arthur Prichep,Ontario,Ontario,Home Office,Office Supplies,Storage & Organization,Portfile¨ Personal File Boxes,Small Box,0.59,1/28/2010
226,1507,10/13/2010,Medium,29,4345.86,0.09,Regular Air,126.62,152.48,4,Harold Ryan,Ontario,Ontario,Home Office,Technology,Computer Peripherals,Adesso Programmable 142-Key Keyboard,Small Box,0.79,10/15/2010
282,1953,11/29/2010,Medium,13,137.64,0.06,Regular Air,19.59,10.91,2.99,Sam Zeldin,Ontario,Ontario,Small Business,Office Supplies,Binders and Binder Accessories,Heavy-Duty E-Z-D¨ Binders,Small Box,0.38,11/29/2010
323,2213,1/14/2010,Not Specified,6,40.31,0.08,Regular Air,-32.27,5.78,8.09,Sam Zeldin,Ontario,Ontario,Small Business,Office Supplies,Paper,Xerox 1924,Small Box,0.36,1/15/2010
344,2368,8/19/2010,Critical,36,508.73,0.08,Regular Air,-229.67,14.81,13.32,Sally Hughsby,Ontario,Ontario,Consumer,Office Supplies,Appliances,"Holmes Replacement Filter for HEPA Air Cleaner, Large Room",Small Box,0.43,8/21/2010
530,3591,12/7/2010,Medium,3,321.57,0.01,Delivery Truck,-100.05,100.98,15.66,Herbert Flentye,Ontario,Ontario,Small Business,Office Supplies,Appliances,Avanti 1.7 Cu. Ft. Refrigerator,Jumbo Drum,0.57,12/9/2010
531,3591,12/7/2010,Medium,12,1085.16,0.08,Delivery Truck,-311.54,89.99,42,Herbert Flentye,Ontario,Ontario,Small Business,Furniture,Chairs & Chairmats,"Global Leather Task Chair, Black",Jumbo Drum,0.66,12/8/2010
705,4935,5/24/2010,Not Specified,30,106.64,0.1,Regular Air,-31.95,3.68,1.32,Xylona Price,Ontario,Ontario,Corporate,Office Supplies,"Scissors, Rulers and Trimmers","*Staples* vLetter Openers, 2/Pack",Wrap Bag,0.83,5/27/2010
1040,7619,10/8/2010,Not Specified,8,141.77,0.02,Regular Air,-24.48,17.48,1.99,Sally Hughsby,Ontario,Ontario,Consumer,Technology,Computer Peripherals,"Maxell Pro 80 Minute CD-R, 10/Pack",Small Pack,0.45,10/9/2010
1304,9568,3/7/2010,Not Specified,46,3725.53,0,Regular Air,748.67,76.72,19.95,John Lucas,Ontario,Ontario,Corporate,Office Supplies,Appliances,Honeywell Enviracaire¨ Portable Air Cleaner for up to 8 x 10 Room,Large Box,0.54,3/9/2010
1331,9701,2/27/2010,Low,8,103.75,0.01,Regular Air,25.13,12.97,1.49,Herbert Flentye,Ontario,Ontario,Small Business,Office Supplies,Binders and Binder Accessories,"Mead 1st Gear 2"" Zipper Binder, Asst. Colors",Small Box,0.35,3/4/2010
1332,9701,2/27/2010,Low,9,855.865,0.04,Regular Air,-153.92,110.99,2.5,Herbert Flentye,Ontario,Ontario,Small Business,Technology,Telephones and Communication,T18,Small Box,0.57,3/3/2010
1439,10373,6/25/2010,Critical,28,193.16,0.03,Regular Air,-71.73,6.48,6.6,Sally Hughsby,Ontario,Ontario,Consumer,Office Supplies,Paper,Xerox 21,Small Box,0.37,6/27/2010
1820,13088,4/22/2010,Not Specified,46,187.92,0.08,Regular Air,-2149.80,3.25,49,Ben Ferrer,Ontario,Ontario,Corporate,Office Supplies,Appliances,"Bravo IIª Megaboss¨ 12-Amp Hard Body Upright, Replacement Belts, 2 Belts per Pack",Large Box,0.56,4/24/2010
1828,13121,3/7/2010,High,36,1211,0,Regular Air,-27.99,30.98,6.5,Xylona Price,Ontario,Ontario,Corporate,Technology,Computer Peripherals,Logitech Internet Navigator Keyboard,Small Box,0.79,3/8/2010
1829,13121,3/7/2010,High,28,4924.135,0.07,Regular Air,1049.54,205.99,8.99,Xylona Price,Ontario,Ontario,Corporate,Technology,Telephones and Communication,Talkabout T8097,Small Box,0.58,3/10/2010
1857,13348,11/7/2010,Medium,35,4890.58,0.05,Regular Air,310.51,140.85,19.99,Jim Kriz,Ontario,Ontario,Consumer,Office Supplies,Storage & Organization,"Fellowes Strictly Business¨ Drawer File, Letter/Legal Size",Small Box,0.73,11/8/2010
1866,13413,1/29/2010,Critical,29,150.28,0.04,Regular Air,-50.86,4.98,4.7,Karen Daniels,Ontario,Ontario,Consumer,Office Supplies,Paper,Staples Copy Paper (20Lb. and 84 Bright),Small Box,0.38,1/31/2010
1869,13447,1/8/2010,High,24,436.4835,0.01,Regular Air,0.85,20.99,4.81,Pamela Coakley,Ontario,Ontario,Corporate,Technology,Telephones and Communication,1726 Digital Answering Machine,Medium Box,0.58,1/10/2010
2061,14755,1/5/2010,High,31,111.48,0.09,Regular Air,29.57,3.85,0.7,Steve Nguyen,Ontario,Ontario,Consumer,Office Supplies,Pens & Art Supplies,Avery Hi-Liter Pen Style Six-Color Fluorescent Set,Wrap Bag,0.44,1/5/2010
2062,14755,1/5/2010,High,44,2322.812,0.1,Express Air,454.38,65.99,4.2,Steve Nguyen,Ontario,Ontario,Consumer,Technology,Telephones and Communication,5170,Small Box,0.59,1/7/2010
2078,14854,4/28/2010,Low,24,391.23,0.07,Regular Air,-27.98,16.91,6.25,Robert Marley,Ontario,Ontario,Corporate,Office Supplies,Storage & Organization,"Tenex Personal Self-Stacking Standard File Box, Black/Gray",Small Box,0.58,5/2/2010
2109,15078,11/9/2010,High,33,207.01,0.01,Regular Air,-36.90,5.78,4.96,Katherine Nockton,Ontario,Ontario,Corporate,Office Supplies,Paper,Xerox 1899,Small Box,0.36,11/10/2010
2186,15744,3/21/2010,Critical,16,838.81,0.09,Regular Air,290.77,55.48,6.79,Jas O'Carroll,Ontario,Ontario,Corporate,Office Supplies,Paper,"Eaton Premium Continuous-Feed Paper, 25% Cotton, Letter Size, White, 1000 Shts/Box",Small Box,0.37,3/22/2010
2376,17249,9/25/2010,Low,37,2911.64,0.02,Regular Air,225.28,73.98,14.52,Matt Connell,Ontario,Ontario,Corporate,Technology,Computer Peripherals,Keytronic French Keyboard,Small Box,0.65,9/27/2010
2508,18213,9/10/2010,Medium,29,1111.23,0.1,Regular Air,21.60,40.99,19.99,Guy Phonely,Ontario,Ontario,Corporate,Office Supplies,Paper,"White Dual Perf Computer Printout Paper, 2700 Sheets, 1 Part, Heavyweight, 20 lbs., 14 7/8 x 11",Small Box,0.36,9/12/2010
2510,18241,7/27/2010,Low,3,64.5,0.05,Regular Air,-55.11,20.89,1.99,Denny Blanton,Ontario,Ontario,Home Office,Technology,Computer Peripherals,"IBM 80 Minute CD-R Spindle, 50/Pack",Small Pack,0.48,7/29/2010
2511,18241,7/27/2010,Low,25,9944.49,0.08,Delivery Truck,-969.05,400.98,76.37,Denny Blanton,Ontario,Ontario,Home Office,Furniture,Tables,Bretford CR8500 Series Meeting Room Furniture,Jumbo Box,0.6,7/29/2010
2548,18465,4/15/2010,High,12,816.23,0.05,Regular Air,-353.71,64.65,35,Laura Armstrong,Ontario,Ontario,Small Business,Office Supplies,Storage & Organization,Space Solutions Commercial Steel Shelving,Large Box,0.8,4/17/2010
2895,20899,4/12/2010,Low,9,495.1,0.04,Regular Air,110.36,54.96,10.75,Arthur Prichep,Ontario,Ontario,Home Office,Office Supplies,Paper,Xerox 1940,Small Box,0.36,4/21/2010
3130,22468,6/10/2010,Not Specified,14,323.11,0,Regular Air,41.52,20.98,8.83,Steve Nguyen,Ontario,Ontario,Small Business,Office Supplies,Binders and Binder Accessories,Premium Transparent Presentation Covers by GBC,Small Box,0.37,6/10/2010
3131,22468,6/10/2010,Not Specified,11,65.1,0.03,Regular Air,13.31,5.68,1.46,Steve Nguyen,Ontario,Ontario,Small Business,Office Supplies,Paper,"Adams Write n' Stick Phone Message Book, 11"" X 5 1/4"", 200 Messages",Wrap Bag,0.39,6/11/2010
3132,22468,6/10/2010,Not Specified,19,163.75,0,Regular Air,23.61,7.96,4.95,Steve Nguyen,Ontario,Ontario,Small Business,Furniture,Office Furnishings,Staples Plastic Wall Frames,Small Box,0.41,6/12/2010
3149,22626,6/29/2010,Critical,17,90.93,0.02,Regular Air,14.19,5.18,2.04,John Lucas,Ontario,Ontario,Small Business,Office Supplies,Paper,Array¨ Memo Cubes,Wrap Bag,0.36,7/1/2010
3150,22626,6/29/2010,Critical,35,6170.912,0.04,Delivery Truck,-528.65,218.75,69.64,John Lucas,Ontario,Ontario,Small Business,Furniture,Tables,BoxOffice By Design Rectangular and Half-Moon Meeting Room Tables,Jumbo Box,0.77,7/1/2010
3271,23394,4/29/2010,High,45,101.57,0.01,Regular Air,-5.99,2.08,1.49,Kean Nguyen,Ontario,Ontario,Small Business,Office Supplies,Binders and Binder Accessories,Round Ring Binders,Small Box,0.38,4/30/2010
3520,25062,10/30/2010,Critical,5,78.79,0.03,Regular Air,-21.29,14.42,6.75,Sally Hughsby,Ontario,Ontario,Consumer,Office Supplies,Appliances,Holmes Odor Grabber,Medium Box,0.52,11/1/2010
3521,25062,10/30/2010,Critical,9,3928.25,0.04,Regular Air,1343.25,420.98,19.99,Sally Hughsby,Ontario,Ontario,Consumer,Office Supplies,Binders and Binder Accessories,GBC DocuBind 200 Manual Binding Machine,Small Box,0.35,11/1/2010
3758,26852,3/6/2010,Critical,2,15.81,0.06,Regular Air,-9.88,4.98,6.07,Jim Kriz,Ontario,Ontario,Consumer,Office Supplies,Paper,Xerox 1897,Small Box,0.36,3/8/2010
3872,27654,9/24/2010,High,12,94.83,0.02,Regular Air,29.87,7.64,1.39,Lindsay Shagiari,Ontario,Ontario,Home Office,Office Supplies,Envelopes,Security-Tint Envelopes,Small Box,0.36,9/26/2010
3938,28064,9/2/2010,Medium,43,856.45,0.03,Regular Air,265.10,19.84,4.1,Arthur Prichep,Ontario,Ontario,Home Office,Office Supplies,Pens & Art Supplies,Prismacolor Color Pencil Set,Wrap Bag,0.44,9/2/2010
3939,28064,9/2/2010,Medium,1,6.75,0.08,Regular Air,-2.31,5.84,1,Arthur Prichep,Ontario,Ontario,Home Office,Office Supplies,Pens & Art Supplies,"Quartet Omega¨ Colored Chalk, 12/Pack",Wrap Bag,0.38,9/2/2010
3968,28321,8/1/2010,Medium,28,90.5,0.03,Regular Air,24.71,3.08,0.99,Steve Nguyen,Ontario,Ontario,Consumer,Office Supplies,Labels,Avery 511,Small Box,0.37,8/1/2010
4172,29572,6/3/2010,Not Specified,18,2657.56,0.1,Delivery Truck,126.28,150.98,16.01,Sally Hughsby,Ontario,Ontario,Home Office,Furniture,Tables,"Iceberg OfficeWorks 42"" Round Tables",Jumbo Box,0.7,6/4/2010
4206,29894,9/7/2010,Low,43,606.98,0.05,Regular Air,21.08,13.73,6.85,Matt Connell,Ontario,Ontario,Corporate,Furniture,Office Furnishings,DAX Wood Document Frame.,Wrap Bag,0.54,9/16/2010
4207,29894,9/7/2010,Low,48,301.62,0.09,Regular Air,-162.54,6.68,6.92,Matt Connell,Ontario,Ontario,Corporate,Office Supplies,Paper,Xerox 1898,Small Box,0.37,9/16/2010
4359,31072,11/29/2010,Low,4,701.16,0.08,Regular Air,4.56,172.99,19.99,Sean O'Donnell,Ontario,Ontario,Corporate,Office Supplies,Binders and Binder Accessories,Ibico EB-19 Dual Function Manual Binding System,Small Box,0.39,12/4/2010
4360,31073,7/25/2010,Medium,39,1818.76,0.02,Regular Air,843.12,46.94,6.77,Arthur Prichep,Ontario,Ontario,Home Office,Furniture,Office Furnishings,"Howard Miller 13"" Diameter Goldtone Round Wall Clock",Small Box,0.44,7/28/2010
4361,31073,7/25/2010,Medium,26,4322.26,0.07,Regular Air,-618.95,167.27,35,Arthur Prichep,Ontario,Ontario,Home Office,Office Supplies,Storage & Organization,Office Impressions Heavy Duty Welded Shelving & Multimedia Storage Drawers,Large Box,0.85,7/25/2010
4496,32002,7/20/2010,Low,37,1196.2,0.03,Regular Air,-73.77,30.98,6.5,Jim Kriz,Ontario,Ontario,Consumer,Technology,Computer Peripherals,Logitech Internet Navigator Keyboard,Small Box,0.79,7/24/2010
4497,32002,7/20/2010,Low,7,98.55,0.07,Regular Air,23.16,13.79,8.78,Jim Kriz,Ontario,Ontario,Consumer,Furniture,Office Furnishings,9-3/4 Diameter Round Wall Clock,Small Box,0.43,7/20/2010
4541,32323,7/23/2010,High,3,28.75,0.01,Regular Air,-31.43,8.46,3.62,Lena Radford,Ontario,Ontario,Small Business,Technology,Computer Peripherals,"Imation 3.5"", RTS 247544 3M 3.5 DSDD, 10/Pack",Small Pack,0.61,7/24/2010
4542,32323,7/23/2010,High,3,75.81,0.06,Regular Air,-21.13,22.84,8.18,Lena Radford,Ontario,Ontario,Small Business,Office Supplies,Paper,Xerox 1991,Small Box,0.39,7/23/2010
4543,32323,7/23/2010,High,38,259.7175,0.02,Regular Air,-118.48,7.99,5.03,Lena Radford,Ontario,Ontario,Small Business,Technology,Telephones and Communication,Bell Sonecor JB700 Caller ID,Medium Box,0.6,7/25/2010
4569,32516,10/24/2010,Critical,15,43.96,0.03,Regular Air,-0.24,2.78,1.49,Robert Marley,Ontario,Ontario,Corporate,Office Supplies,Binders and Binder Accessories,Acco Suede Grain Vinyl Round Ring Binder,Small Box,0.39,10/26/2010
4570,32516,10/24/2010,Critical,7,60.19,0.01,Regular Air,6.44,7.78,2.5,Robert Marley,Ontario,Ontario,Corporate,Office Supplies,Envelopes,Staples #10 Colored Envelopes,Small Box,0.38,10/26/2010
4717,33573,10/4/2010,Critical,15,2272.56,0.06,Delivery Truck,111.05,150.98,16.01,Vivek Grady,Ontario,Ontario,Corporate,Furniture,Tables,"Iceberg OfficeWorks 42"" Round Tables",Jumbo Box,0.7,10/4/2010
4831,34371,4/1/2010,Medium,18,8334.03,0.05,Delivery Truck,1886.66,510.14,14.7,Scott Cohen,Ontario,Ontario,Consumer,Technology,Office Machines,Okidata ML520 Series Dot Matrix Printers,Jumbo Drum,0.56,4/3/2010
4851,34530,8/30/2010,Low,22,1516.13,0.06,Express Air,493.03,67.84,0.99,Karen Daniels,Ontario,Ontario,Consumer,Office Supplies,Appliances,Fellowes Command Center 5-outlet power strip,Small Box,0.58,9/1/2010
4852,34530,8/30/2010,Low,38,612.49,0.09,Regular Air,168.04,17.48,1.99,Karen Daniels,Ontario,Ontario,Consumer,Technology,Computer Peripherals,"Maxell Pro 80 Minute CD-R, 10/Pack",Small Pack,0.45,9/4/2010
4853,34530,8/30/2010,Low,7,1092.42,0.03,Delivery Truck,-364.87,150.98,16.01,Karen Daniels,Ontario,Ontario,Consumer,Furniture,Tables,"Iceberg OfficeWorks 42"" Round Tables",Jumbo Box,0.7,9/4/2010
4855,34562,8/24/2010,Low,22,561.92,0.1,Regular Air,57.82,28.38,1.99,John Lucas,Ontario,Ontario,Small Business,Technology,Computer Peripherals,Maxell 4.7GB DVD-R,Small Pack,0.51,8/26/2010
4856,34562,8/24/2010,Low,19,365.64,0.03,Regular Air,22.77,18.97,9.03,John Lucas,Ontario,Ontario,Small Business,Office Supplies,Paper,Computer Printout Paper with Letter-Trim Perforations,Small Box,0.37,8/28/2010
4980,35430,3/25/2010,Low,16,1835.84,0.05,Regular Air,608.74,110.98,13.99,Liz Willingham,Ontario,Ontario,Home Office,Furniture,Office Furnishings,"Rubbermaid ClusterMat Chairmats, Mat Size- 66"" x 60"", Lip 20"" x 11"" -90 Degree Angle",Medium Box,0.69,4/1/2010
4981,35430,3/25/2010,Low,48,133.43,0.1,Regular Air,9.50,2.84,0.93,Liz Willingham,Ontario,Ontario,Home Office,Office Supplies,Pens & Art Supplies,SANFORD Liquid Accentª Tank-Style Highlighters,Wrap Bag,0.54,3/29/2010
4982,35430,3/25/2010,Low,31,1655.3665,0.08,Regular Air,173.93,65.99,8.99,Liz Willingham,Ontario,Ontario,Home Office,Technology,Telephones and Communication,5180,Small Box,0.56,3/27/2010
4999,35588,6/13/2010,Low,32,1727.79,0.1,Delivery Truck,-694.90,58.14,36.61,Cathy Prescott,Ontario,Ontario,Corporate,Furniture,Bookcases,O'Sullivan 3-Shelf Heavy-Duty Bookcases,Jumbo Box,0.61,6/15/2010
5129,36517,3/1/2010,Not Specified,18,877.64,0.03,Regular Air,218.97,48.58,3.99,Katherine Nockton,Ontario,Ontario,Corporate,Office Supplies,Appliances,Belkin Premiere Surge Master II 8-outlet surge protector,Small Box,0.56,3/2/2010
5130,36517,3/1/2010,Not Specified,9,190.1,0.06,Regular Air,-63.78,20.95,4,Katherine Nockton,Ontario,Ontario,Corporate,Technology,Computer Peripherals,"Fellowes Basic 104-Key Keyboard, Platinum",Small Box,0.6,3/3/2010
5280,37572,8/3/2010,High,22,123.95,0.01,Regular Air,2.42,5.34,2.99,Jas O'Carroll,Ontario,Ontario,Corporate,Office Supplies,Binders and Binder Accessories,Wilson Jones 14 Line Acrylic Coated Pressboard Data Binders,Small Box,0.38,8/5/2010
5290,37669,10/29/2010,Not Specified,39,9081.98,0.02,Express Air,2485.54,232.58,19.99,Alejandro Grove,Ontario,Ontario,Corporate,Office Supplies,Appliances,Hoover Commercial Lightweight Upright Vacuum with E-Z Emptyª Dirt Cup,Small Box,0.59,10/31/2010
5291,37669,10/29/2010,Not Specified,31,806.08,0.08,Regular Air,402.37,26.17,1.39,Alejandro Grove,Ontario,Ontario,Corporate,Office Supplies,Envelopes,Quality Park Security Envelopes,Small Box,0.38,10/31/2010
5292,37669,10/29/2010,Not Specified,4,70.02,0,Regular Air,-30.63,15.31,8.78,Alejandro Grove,Ontario,Ontario,Corporate,Office Supplies,Storage & Organization,Eldon Jumbo ProFileª Portable File Boxes Graphite/Black,Small Box,0.57,11/1/2010
5362,38117,4/20/2010,Low,28,481.27,0.01,Regular Air,-128.89,15.7,11.25,Mick Hernandez,Ontario,Ontario,Home Office,Office Supplies,Storage & Organization,Hanging Personal Folder File,Small Box,0.6,4/25/2010
5372,38210,12/12/2010,Low,10,52.76,0.09,Regular Air,-49.53,4.98,7.44,Ben Ferrer,Ontario,Ontario,Corporate,Office Supplies,Paper,Xerox 1922,Small Box,0.36,12/12/2010
5403,38405,7/15/2010,Medium,29,208.04,0.1,Regular Air,14.77,7.59,4,Laura Armstrong,Ontario,Ontario,Small Business,Furniture,Office Furnishings,"Master Giant Foot¨ Doorstop, Safety Yellow",Wrap Bag,0.42,7/18/2010
5849,41508,9/24/2010,High,39,18561.31,0.05,Delivery Truck,4822.42,500.98,26,Liz Willingham,Ontario,Ontario,Home Office,Furniture,Chairs & Chairmats,Global Troyª Executive Leather Low-Back Tilter,Jumbo Drum,0.6,9/26/2010
5855,41569,7/21/2010,Critical,49,617.34,0.06,Regular Air,47.10,12.28,6.47,Kean Nguyen,Ontario,Ontario,Corporate,Office Supplies,Paper,Xerox 1881,Small Box,0.38,7/22/2010
5980,42375,10/1/2010,High,45,138.45,0.03,Express Air,24.34,2.94,0.7,Jas O'Carroll,Ontario,Ontario,Home Office,Office Supplies,Pens & Art Supplies,Newell 338,Wrap Bag,0.58,10/2/2010
6154,43585,11/10/2010,Critical,19,1004.18,0.08,Express Air,374.19,55.48,6.79,Stephanie Ulpright,Ontario,Ontario,Consumer,Office Supplies,Paper,"Eaton Premium Continuous-Feed Paper, 25% Cotton, Letter Size, White, 1000 Shts/Box",Small Box,0.37,11/12/2010
6408,45542,2/7/2010,High,37,281.79,0.04,Express Air,-50.96,7.64,5.83,Robert Marley,Ontario,Ontario,Corporate,Office Supplies,Paper,"Rediform Wirebound ""Phone Memo"" Message Book, 11 x 5-3/4",Wrap Bag,0.36,2/10/2010
6409,45542,2/7/2010,High,40,4064.272,0.01,Delivery Truck,-300.85,124.49,51.94,Robert Marley,Ontario,Ontario,Corporate,Furniture,Tables,Bevis 36 x 72 Conference Tables,Jumbo Box,0.63,2/8/2010
6516,46374,7/7/2010,High,7,1822.83,0.08,Delivery Truck,-627.64,259.71,66.67,Herbert Flentye,Ontario,Ontario,Small Business,Furniture,Tables,"Bevis Round Bullnose 29"" High Table Top",Jumbo Box,0.65,7/9/2010
7047,50307,10/15/2010,Low,31,536.83,0.06,Regular Air,161.37,17.48,1.99,Bill Overfelt,Ontario,Ontario,Corporate,Technology,Computer Peripherals,"Maxell Pro 80 Minute CD-R, 10/Pack",Small Pack,0.45,10/15/2010
7048,50307,10/15/2010,Low,32,1734.31,0.06,Express Air,647.25,54.96,10.75,Bill Overfelt,Ontario,Ontario,Corporate,Office Supplies,Paper,Xerox 1940,Small Box,0.36,10/17/2010
7102,50663,11/9/2010,Critical,26,1614.84,0.02,Express Air,-716.55,60.98,49,Jim Kriz,Ontario,Ontario,Consumer,Office Supplies,Appliances,Euro Pro Shark Stick Mini Vacuum,Large Box,0.59,11/10/2010
7472,53349,4/10/2010,Low,46,11002.66,0.07,Delivery Truck,2349.29,243.98,43.32,Alejandro Grove,Ontario,Ontario,Corporate,Furniture,Chairs & Chairmats,"Hon Deluxe Fabric Upholstered Stacking Chairs, Rounded Back",Jumbo Drum,0.55,4/19/2010
7652,54850,12/24/2010,Not Specified,16,2834.96,0.07,Regular Air,587.64,178.47,19.99,Nat Carroll,Ontario,Ontario,Home Office,Office Supplies,Storage & Organization,"Hot File¨ 7-Pocket, Floor Stand",Small Box,0.55,12/24/2010
7653,54850,12/24/2010,Not Specified,9,953.989,0.02,Regular Air,-249.33,125.99,8.08,Nat Carroll,Ontario,Ontario,Home Office,Technology,Telephones and Communication,StarTAC ST7762,Small Box,0.57,12/25/2010
7666,54950,12/5/2010,High,26,174.58,0.08,Regular Air,-57.17,6.84,4.42,Stephanie Ulpright,Ontario,Ontario,Consumer,Office Supplies,"Scissors, Rulers and Trimmers",Acme¨ Design Stainless Steel Bent Scissors,Small Pack,0.58,12/6/2010
7667,54950,12/5/2010,High,22,8789.54,0.07,Delivery Truck,-1025.19,424.21,110.2,Stephanie Ulpright,Ontario,Ontario,Consumer,Furniture,Tables,Bush Advantage Collection¨ Racetrack Conference Table,Jumbo Box,0.67,12/6/2010
7697,55172,12/3/2010,Not Specified,1,37.89,0,Regular Air,-120.97,35.41,1.99,Katherine Nockton,Ontario,Ontario,Corporate,Technology,Computer Peripherals,Imation DVD-RAM discs,Small Pack,0.43,12/4/2010
7706,55235,10/6/2010,Low,33,2532.6175,0,Regular Air,730.51,85.99,2.79,Jane Waco,Ontario,Ontario,Corporate,Technology,Telephones and Communication,6340,Small Box,0.58,10/8/2010
7736,55398,1/20/2010,Medium,21,46.42,0.04,Regular Air,2.38,2.1,0.7,Lena Radford,Ontario,Ontario,Small Business,Office Supplies,Pens & Art Supplies,"Sanford EarthWrite¨ Recycled Pencils, Medium Soft, #2",Wrap Bag,0.57,1/21/2010
7957,56837,12/14/2010,Low,10,965.46,0.03,Delivery Truck,-71.48,90.98,30,Steve Nguyen,Ontario,Ontario,Consumer,Furniture,Chairs & Chairmats,Office Star - Task Chair with Contemporary Loop Arms,Jumbo Drum,0.61,12/18/2010
8082,57639,7/21/2010,Critical,24,2239.52,0.04,Regular Air,330.50,95.46,18.13,John Castell,Ontario,Ontario,Consumer,Furniture,Office Furnishings,"Electrix Architect's Clamp-On Swing Arm Lamp, Black",Large Box,0.56,7/21/2010
8334,59559,9/17/2010,Critical,30,397.17,0.1,Express Air,7.69,14.34,5,Greg Hansen,Ontario,Ontario,Home Office,Furniture,Office Furnishings,Nu-Dell Leatherette Frames,Small Pack,0.49,9/17/2010
8385,59906,5/20/2010,High,32,284.92,0.03,Regular Air,81.29,9.11,2.15,Lindsay Shagiari,Ontario,Ontario,Home Office,Office Supplies,Paper,"Black Print Carbonless Snap-Off¨ Rapid Letter, 8 1/2"" x 7""",Wrap Bag,0.4,5/22/2010
162,999,9/4/2010,Low,6,583.64,0.08,Regular Air,-179.50,95.43,19.99,Max Jones,Ontario,Ontario,Home Office,Office Supplies,Storage & Organization,Fellowes Stor/Drawer¨ Steel Plusª Storage Drawers,Small Box,0.79,9/11/2010
195,1286,5/13/2010,Not Specified,46,234.37,0.05,Regular Air,-144.68,5.18,5.74,Lena Creighton,Ontario,Ontario,Home Office,Office Supplies,Binders and Binder Accessories,Wilson Jones Impact Binders,Small Box,0.36,5/14/2010
196,1286,5/13/2010,Not Specified,14,1000.3565,0.06,Regular Air,229.78,85.99,3.3,Lena Creighton,Ontario,Ontario,Home Office,Technology,Telephones and Communication,Accessory20,Small Pack,0.37,5/15/2010
266,1831,12/1/2010,Critical,33,12586.19,0,Delivery Truck,619.71,370.98,99,Ken Brennan,Ontario,Ontario,Home Office,Office Supplies,Storage & Organization,"Sauder Facets Collection Locker/File Cabinet, Sky Alder Finish",Jumbo Drum,0.65,12/2/2010
653,4610,6/17/2010,Low,8,66.88,0.09,Regular Air,-17.01,8.33,1.99,Odella Nelson,Ontario,Ontario,Small Business,Technology,Computer Peripherals,"80 Minute Slim Jewel Case CD-R , 10/Pack - Staples",Small Pack,0.52,6/19/2010
654,4610,6/17/2010,Low,29,447.34,0.08,Regular Air,203.01,15.67,1.39,Odella Nelson,Ontario,Ontario,Small Business,Office Supplies,Envelopes,"#10 White Business Envelopes,4 1/8 x 9 1/2",Small Box,0.38,6/21/2010
845,6053,12/11/2010,Medium,4,16.08,0.04,Regular Air,-3.75,3.8,1.49,Maureen Fritzler,Ontario,Ontario,Corporate,Office Supplies,Binders and Binder Accessories,Durable Pressboard Binders,Small Box,0.38,12/13/2010
1015,7429,5/26/2010,Not Specified,33,1379.34,0.04,Regular Air,-470.85,40.48,19.99,Art Foster,Ontario,Ontario,Home Office,Technology,Computer Peripherals,Keytronic Designer 104- Key Black Keyboard,Small Box,0.77,5/27/2010
1016,7429,5/26/2010,Not Specified,6,168.25,0.09,Express Air,101.78,26.48,6.93,Art Foster,Ontario,Ontario,Home Office,Furniture,Office Furnishings,DAX Natural Wood-Tone Poster Frame,Small Box,0.49,5/27/2010
1075,7910,4/20/2010,Critical,41,1871.13,0.01,Regular Air,346.43,45.98,4.8,Erica Hackney,Ontario,Ontario,Small Business,Furniture,Office Furnishings,Tenex B1-RE Series Chair Mats for Low Pile Carpets,Wrap Bag,0.68,4/23/2010
1076,7910,4/20/2010,Critical,22,729.57,0.08,Regular Air,250.43,35.44,5.09,Erica Hackney,Ontario,Ontario,Small Business,Office Supplies,Paper,Xerox 1932,Small Box,0.38,4/20/2010
1348,9857,5/11/2010,High,16,2366.18,0.1,Regular Air,703.80,162.93,19.99,Bruce Degenhardt,Ontario,Ontario,Home Office,Office Supplies,Envelopes,Multimedia Mailers,Small Box,0.39,5/13/2010
1349,9857,5/11/2010,High,49,675.71,0.06,Regular Air,-17.49,13.79,8.78,Bruce Degenhardt,Ontario,Ontario,Home Office,Furniture,Office Furnishings,9-3/4 Diameter Round Wall Clock,Small Box,0.43,5/11/2010
1350,9857,5/11/2010,High,16,292.978,0.05,Regular Air,-93.61,20.99,3.3,Bruce Degenhardt,Ontario,Ontario,Home Office,Technology,Telephones and Communication,Accessory39,Small Pack,0.81,5/13/2010
1878,13537,5/30/2010,Low,41,316.61,0.03,Regular Air,110.34,7.4,1.71,Lena Creighton,Ontario,Ontario,Home Office,Office Supplies,Paper,"It's Hot Message Books with Stickers, 2 3/4"" x 5""",Wrap Bag,0.4,6/1/2010
1981,14119,5/31/2010,Low,24,103.11,0.06,Regular Air,-95.41,4.18,6.92,Troy Blackwell,Ontario,Ontario,Home Office,Furniture,Office Furnishings,"Eldon¨ Image Series Desk Accessories, Burgundy",Small Box,0.49,6/4/2010
1982,14119,5/31/2010,Low,35,1599.071,0.04,Regular Air,296.66,55.99,3.3,Troy Blackwell,Ontario,Ontario,Home Office,Technology,Telephones and Communication,Accessory24,Small Pack,0.59,6/5/2010
1983,14119,5/31/2010,Low,31,968.235,0.05,Regular Air,-158.61,35.99,5,Troy Blackwell,Ontario,Ontario,Home Office,Technology,Telephones and Communication,Accessory27,Small Box,0.85,6/2/2010
2020,14402,10/14/2010,Medium,1,184.46,0.05,Delivery Truck,-106.33,160.98,30,Jessica Myrick,Ontario,Ontario,Small Business,Furniture,Chairs & Chairmats,Office Star - Mid Back Dual function Ergonomic High Back Chair with 2-Way Adjustable Arms,Jumbo Drum,0.62,10/16/2010
2032,14499,11/14/2010,Low,28,574.99,0.06,Regular Air,-148.87,20.97,6.5,Harry Marie,Ontario,Ontario,Consumer,Technology,Computer Peripherals,Microsoft Internet Keyboard,Small Box,0.78,11/19/2010
2110,15079,1/15/2010,Medium,45,3753.42,0,Regular Air,1276.25,80.98,7.18,Erica Hackney,Ontario,Ontario,Small Business,Technology,Computer Peripherals,Logitech Cordless Navigator Duo,Small Box,0.48,1/18/2010
2111,15079,1/15/2010,Medium,23,1130.79,0.01,Regular Air,468.19,48.91,5.97,Erica Hackney,Ontario,Ontario,Small Business,Office Supplies,Paper,Xerox 1917,Small Box,0.38,1/16/2010
2148,15397,2/6/2010,Critical,42,223.33,0,Express Air,-111.89,4.98,4.32,Troy Blackwell,Ontario,Ontario,Home Office,Technology,Computer Peripherals,"DS/HD IBM Formatted Diskettes, 10/Pack - Staples",Small Pack,0.64,2/8/2010
2149,15397,2/6/2010,Critical,29,1178.04,0.07,Regular Air,-53.81,40.98,6.5,Troy Blackwell,Ontario,Ontario,Home Office,Technology,Computer Peripherals,Targus USB Numeric Keypad,Small Box,0.74,2/6/2010
2150,15397,2/6/2010,Critical,43,121.94,0.01,Regular Air,-51.30,2.6,2.4,Troy Blackwell,Ontario,Ontario,Home Office,Office Supplies,Pens & Art Supplies,12 Colored Short Pencils,Wrap Bag,0.58,2/7/2010
2655,19205,7/26/2010,Medium,47,1291.35,0.04,Regular Air,479.62,26.38,5.86,Odella Nelson,Ontario,Ontario,Small Business,Office Supplies,Paper,Xerox 1935,Small Box,0.39,7/27/2010
2656,19205,7/26/2010,Medium,31,107.97,0,Regular Air,2.36,3.26,1.86,Odella Nelson,Ontario,Ontario,Small Business,Office Supplies,Pens & Art Supplies,"Avery Hi-Liter GlideStik Fluorescent Highlighter, Yellow Ink",Wrap Bag,0.41,7/28/2010
2694,19494,1/12/2010,High,39,857.32,0.05,Regular Air,195.71,22.23,8.99,Clytie Kelty,Ontario,Ontario,Small Business,Furniture,Office Furnishings,"Executive Impressions 14"" Contract Wall Clock with Quartz Movement",Small Pack,0.41,1/14/2010
2695,19494,1/12/2010,High,2,8.87,0.03,Regular Air,-6.79,2.74,3.5,Clytie Kelty,Ontario,Ontario,Small Business,Office Supplies,Pens & Art Supplies,Rogers Handheld Barrel Pencil Sharpener,Small Pack,0.58,1/15/2010
3030,21795,6/13/2010,Not Specified,10,278.66,0.05,Express Air,-77.36,27.48,4,Jessica Myrick,Ontario,Ontario,Small Business,Technology,Computer Peripherals,Belkin MediaBoard 104- Keyboard,Small Box,0.75,6/14/2010
3031,21795,6/13/2010,Not Specified,28,491.85,0.1,Regular Air,4.54,18.97,9.03,Jessica Myrick,Ontario,Ontario,Small Business,Office Supplies,Paper,Computer Printout Paper with Letter-Trim Perforations,Small Box,0.37,6/15/2010
3090,22151,7/31/2010,High,20,515.37,0.04,Regular Air,9.82,24.92,12.98,Beth Thompson,Ontario,Ontario,Corporate,Office Supplies,Binders and Binder Accessories,GBC Standard Therm-A-Bind Covers,Small Box,0.39,8/1/2010
3523,25091,2/19/2010,Medium,4,156.97,0.01,Regular Air,-25.43,34.54,14.72,Lena Creighton,Ontario,Ontario,Corporate,Office Supplies,Binders and Binder Accessories,GBC Recycled Grain Textured Covers,Small Box,0.37,2/22/2010
3673,26305,12/2/2010,Medium,50,1118.21,0.07,Regular Air,-122.79,22.38,15.1,Max Jones,Ontario,Ontario,Home Office,Office Supplies,Binders and Binder Accessories,"Avery Flip-Chart Easel Binder, Black",Small Box,0.38,12/4/2010
3674,26305,12/2/2010,Medium,13,3503.56,0.01,Delivery Truck,-633.44,262.11,62.74,Max Jones,Ontario,Ontario,Home Office,Furniture,Tables,Bevis Boat-Shaped Conference Table,Jumbo Box,0.75,12/3/2010
3859,27527,11/30/2010,Medium,37,376.58,0.09,Regular Air,1.33,10.4,5.4,Rob Haberlin,Ontario,Ontario,Consumer,Furniture,Office Furnishings,"Executive Impressions 8-1/2"" Career Panel/Partition Cubicle Clock",Small Pack,0.51,12/3/2010
3886,27746,12/4/2010,Critical,3,1540.77,0.04,Regular Air,-1572.64,499.99,24.49,Jenna Caffey,Ontario,Ontario,Consumer,Technology,Copiers and Fax,Sharp AL-1530CS Digital Copier,Large Box,0.36,12/4/2010
3923,27974,10/7/2010,High,35,897.42,0.08,Regular Air,127.17,26.64,5.3,Art Foster,Ontario,Ontario,Home Office,Furniture,Chairs & Chairmats,SAFCO Optional Arm Kit for Workspace¨ Cribbage Stacking Chair,Medium Box,,10/8/2010
3924,27974,10/7/2010,High,27,306.02,0.08,Regular Air,-6.70,12.07,6.2,Art Foster,Ontario,Ontario,Home Office,Furniture,Office Furnishings,Eldon¨ 500 Classª Desk Accessories,Wrap Bag,0.52,10/8/2010
4183,29730,6/16/2010,Critical,21,3072.86,0.08,Delivery Truck,-364.87,150.98,39.25,Ken Brennan,Ontario,Ontario,Consumer,Furniture,Tables,"Iceberg OfficeWorks 42"" Round Tables",Jumbo Box,0.75,6/18/2010
4418,31522,5/25/2010,Medium,14,302.4,0.04,Regular Air,134.21,22.23,3.63,Max Jones,Ontario,Ontario,Home Office,Furniture,Office Furnishings,"Executive Impressions 14"" Contract Wall Clock",Small Pack,0.52,5/27/2010
4419,31522,5/25/2010,Medium,42,1083.37,0.03,Delivery Truck,-226.41,25.98,14.36,Max Jones,Ontario,Ontario,Home Office,Furniture,Chairs & Chairmats,"Global Stack Chair without Arms, Black",Jumbo Drum,0.6,5/27/2010
4888,34785,1/25/2010,Critical,45,15468.216,0.01,Delivery Truck,-969.05,400.98,42.52,Jim Sink,Ontario,Ontario,Corporate,Furniture,Tables,Bretford CR8500 Series Meeting Room Furniture,Jumbo Box,0.71,1/28/2010
5591,39650,7/30/2010,Not Specified,10,1004.89,0,Delivery Truck,-189.02,89.99,42,Jessica Myrick,Ontario,Ontario,Small Business,Furniture,Chairs & Chairmats,"Global Leather Task Chair, Black",Jumbo Drum,0.66,8/2/2010
5592,39650,7/30/2010,Not Specified,47,329.06,0.08,Regular Air,-175.15,7.28,7.98,Jessica Myrick,Ontario,Ontario,Small Business,Furniture,Office Furnishings,"Master Caster Door Stop, Large Neon Orange",Wrap Bag,0.42,7/31/2010
5740,40800,12/4/2010,Not Specified,41,260.31,0.05,Regular Air,-175.26,6.48,7.91,Jim Sink,Ontario,Ontario,Corporate,Office Supplies,Paper,Xerox 216,Small Box,0.37,12/4/2010
5847,41476,5/31/2010,High,48,92.25,0.07,Regular Air,-104.80,1.86,2.58,Mark Cousins,Ontario,Ontario,Corporate,Office Supplies,Rubber Bands,"Super Bands, 12/Pack",Wrap Bag,0.82,6/1/2010
5905,41861,11/26/2010,Low,24,475.9,0.02,Regular Air,110.44,19.98,5.97,Kalyca Meade,Ontario,Ontario,Corporate,Office Supplies,Paper,Xerox 1936,Small Box,0.38,11/28/2010
6048,42882,10/27/2010,Low,17,204.07,0.08,Express Air,-22.55,11.97,4.98,Michael Dominguez,Ontario,Ontario,Home Office,Office Supplies,Appliances,Staples 6 Outlet Surge,Small Box,0.58,10/29/2010
6322,44738,12/5/2010,Not Specified,34,75.57,0.02,Regular Air,6.87,2.1,0.7,Max Jones,Ontario,Ontario,Home Office,Office Supplies,Pens & Art Supplies,"Sanford EarthWrite¨ Recycled Pencils, Medium Soft, #2",Wrap Bag,0.57,12/7/2010
6352,45029,7/3/2010,High,20,5304.42,0.01,Delivery Truck,-633.44,262.11,62.74,Gene McClure,Ontario,Ontario,Consumer,Furniture,Tables,Bevis Boat-Shaped Conference Table,Jumbo Box,0.75,7/3/2010
6904,49221,7/3/2010,Not Specified,22,399.64,0.04,Regular Air,-15.42,17.98,8.51,Maureen Fritzler,Ontario,Ontario,Corporate,Technology,Office Machines,Canon P1-DHIII Palm Printing Calculator,Medium Box,0.4,7/4/2010
6905,49221,7/3/2010,Not Specified,41,277.35,0.02,Regular Air,-103.28,6.48,6.57,Maureen Fritzler,Ontario,Ontario,Corporate,Office Supplies,Paper,Xerox 20,Small Box,0.37,7/4/2010
6942,49575,12/16/2010,High,12,507.44,0.05,Regular Air,170.90,42.8,2.99,Kalyca Meade,Ontario,Ontario,Corporate,Office Supplies,Binders and Binder Accessories,"Wilson Jones Elliptical Ring 3 1/2"" Capacity Binders, 800 sheets",Small Box,0.36,12/17/2010
7414,52896,10/22/2010,High,24,8920.08,0,Regular Air,3545.89,367.99,19.99,Lena Creighton,Ontario,Ontario,Home Office,Office Supplies,Binders and Binder Accessories,Ibico Ibimaster 300 Manual Binding System,Small Box,0.4,10/25/2010
7415,52896,10/22/2010,High,49,188.7,0.07,Regular Air,77.02,4.13,0.5,Lena Creighton,Ontario,Ontario,Home Office,Office Supplies,Labels,Avery 506,Small Box,0.39,10/25/2010
7416,52896,10/22/2010,High,36,14358.64,0.03,Delivery Truck,-969.05,400.98,76.37,Lena Creighton,Ontario,Ontario,Home Office,Furniture,Tables,Bretford CR8500 Series Meeting Room Furniture,Jumbo Box,0.6,10/24/2010
7604,54407,6/16/2010,Medium,24,9396.27,0.07,Regular Air,3857.57,420.98,19.99,Maureen Fritzler,Ontario,Ontario,Corporate,Office Supplies,Binders and Binder Accessories,GBC DocuBind 200 Manual Binding Machine,Small Box,0.35,6/17/2010
7735,55394,2/26/2010,Critical,21,340.7,0.05,Delivery Truck,11.65,15.23,27.75,Benjamin Patterson,Ontario,Ontario,Corporate,Furniture,Tables,Anderson Hickey Conga Table Tops & Accessories,Jumbo Box,0.76,2/28/2010
7835,56003,4/6/2010,Critical,13,1835.47,0.1,Delivery Truck,-364.87,150.98,16.01,Katrina Willman,Ontario,Ontario,Consumer,Furniture,Tables,"Iceberg OfficeWorks 42"" Round Tables",Jumbo Box,0.7,4/7/2010
7848,56128,7/30/2010,Medium,41,902.19,0.08,Regular Air,-49.66,22.99,8.99,Hallie Redmond,Ontario,Ontario,Small Business,Office Supplies,Pens & Art Supplies,Boston KS Multi-Size Manual Pencil Sharpener,Small Pack,0.57,7/30/2010
7849,56128,7/30/2010,Medium,19,657.232,0.1,Delivery Truck,33.99,44.43,46.59,Hallie Redmond,Ontario,Ontario,Small Business,Furniture,Tables,Hon 61000 Series Interactive Training Tables,Jumbo Box,0.67,7/31/2010
7926,56646,5/19/2010,Critical,41,4257.276,0.04,Regular Air,1059.08,125.99,2.5,Duane Benoit,Ontario,Ontario,Home Office,Technology,Telephones and Communication,i2000,Small Box,0.6,5/20/2010
8318,59428,9/9/2010,High,36,3602.12,0.05,Delivery Truck,-728.18,100.98,45,Katrina Willman,Ontario,Ontario,Consumer,Furniture,Chairs & Chairmats,Hon Valutaskª Swivel Chairs,Jumbo Drum,0.69,9/10/2010
8319,59428,9/9/2010,High,43,1174.94,0.02,Regular Air,-125.79,27.42,19.46,Katrina Willman,Ontario,Ontario,Consumer,Furniture,Office Furnishings,Howard Miller Distant Time Traveler Alarm Clock,Small Box,0.44,9/9/2010
1858,13351,5/6/2010,Medium,20,3331.81,0.08,Regular Air,484.15,179.99,19.99,Karl Brown,Ontario,Ontario,Corporate,Technology,Computer Peripherals,Motorola SB4200 Cable Modem,Small Box,0.48,5/7/2010
1872,13476,10/16/2010,Not Specified,31,972.35,0.05,Regular Air,10.96,30.73,4,Noel Staavos,Ontario,Ontario,Home Office,Technology,Computer Peripherals,Fellowes 17-key keypad for PS/2 interface,Small Box,0.75,10/16/2010
4554,32389,10/31/2010,Medium,1,65.467,0.06,Express Air,-257.41,65.99,8.8,Dave Poirier,Ontario,Ontario,Small Business,Technology,Telephones and Communication,6120,Small Box,0.58,11/1/2010
5756,40866,5/23/2010,High,3,907.18,0.06,Regular Air,-236.60,300.65,24.49,Rick Duston,Ontario,Ontario,Corporate,Office Supplies,Appliances,Honeywell Enviracaire Portable HEPA Air Cleaner for 17' x 22' Room,Large Box,0.52,5/24/2010
6779,48263,3/9/2010,Medium,25,135.91,0.07,Regular Air,37.50,5.68,1.21,Alex Grayson,Ontario,Ontario,Consumer,Office Supplies,Paper,"Adams Telephone Message Book W/Dividers/Space For Phone Numbers, 5 1/4""X8 1/2"", 200/Messages",Wrap Bag,0.4,3/10/2010
7004,49989,4/26/2010,Not Specified,6,1854.94,0.04,Regular Air,-559.78,300.97,7.18,Dianna Wilson,Ontario,Ontario,Small Business,Technology,Computer Peripherals,Gyration Ultra Professional Cordless Optical Suite,Small Box,0.48,4/27/2010
8010,57249,7/20/2010,High,30,1775.33,0.05,Regular Air,365.25,60.65,12.23,David Kendrick,Ontario,Ontario,Home Office,Furniture,Office Furnishings,"Tenex Traditional Chairmats for Medium Pile Carpet, Standard Lip, 36"" x 48""",Medium Box,0.64,7/21/2010
709,4965,10/20/2010,Low,46,287.13,0,Regular Air,-186.31,5.78,7.96,Paul Lucas,Ontario,Ontario,Corporate,Office Supplies,Paper,Xerox 196,Small Box,0.36,10/25/2010
1830,13125,12/13/2010,Not Specified,30,990.73,0.02,Express Air,56.39,30.73,4,Alejandro Savely,Ontario,Ontario,Corporate,Technology,Computer Peripherals,Fellowes 17-key keypad for PS/2 interface,Small Box,0.75,12/15/2010
2404,17410,9/1/2010,Low,45,372.01,0.07,Regular Air,-203.68,8.45,7.77,Noel Staavos,Ontario,Ontario,Home Office,Office Supplies,"Scissors, Rulers and Trimmers","Elite 5"" Scissors",Small Pack,0.55,9/6/2010
3174,22820,8/17/2010,High,34,209.12,0.05,Regular Air,-116.21,5.98,4.38,Craig Yedwab,Ontario,Ontario,Consumer,Technology,Computer Peripherals,"Imation 3.5"" DS/HD IBM Formatted Diskettes, 10/Pack",Small Pack,0.75,8/19/2010
3526,25092,12/1/2010,High,42,242.8,0.07,Regular Air,95.91,5.84,1,Katrina Willman,Ontario,Ontario,Consumer,Office Supplies,Pens & Art Supplies,"Quartet Omega¨ Colored Chalk, 12/Pack",Wrap Bag,0.38,12/3/2010
3538,25157,5/25/2010,Not Specified,47,271.78,0.07,Regular Air,52.74,5.84,1.2,Tony Molinari,Ontario,Ontario,Corporate,Office Supplies,Pens & Art Supplies,Newell 312,Wrap Bag,0.55,5/26/2010
4388,31239,8/28/2010,Low,20,677.9,0.05,Regular Air,196.36,33.98,1.99,Eleni McCrary,Ontario,Ontario,Corporate,Technology,Computer Peripherals,"Imation Neon 80 Minute CD-R Spindle, 50/Pack",Small Pack,0.45,9/2/2010
4403,31392,5/6/2010,Low,44,3249.09,0.1,Regular Air,-1326.29,78.8,35,George Zrebassa,Ontario,Ontario,Home Office,Office Supplies,Storage & Organization,Space Solutionsª Industrial Galvanized Steel Shelving.,Large Box,0.83,5/10/2010
4552,32389,10/31/2010,Medium,8,121.624,0,Delivery Truck,11.65,15.23,27.75,Dave Poirier,Ontario,Ontario,Small Business,Furniture,Tables,Anderson Hickey Conga Table Tops & Accessories,Jumbo Box,0.76,11/1/2010
5391,38337,10/31/2010,Medium,46,130.9,0.09,Regular Air,18.75,2.88,0.7,Tracy Poddar,Ontario,Ontario,Corporate,Office Supplies,Pens & Art Supplies,Newell 340,Wrap Bag,0.56,11/2/2010
5396,38369,1/12/2010,Not Specified,3,224.744,0.02,Regular Air,54.60,71.37,69,Eric Barreto,Ontario,Ontario,Consumer,Furniture,Tables,"Lesro Sheffield Collection Coffee Table, End Table, Center Table, Corner Table",Large Box,0.68,1/13/2010
5672,40103,9/24/2010,Not Specified,7,353.02,0,Regular Air,72.55,46.89,5.1,Amy Cox,Ontario,Ontario,Small Business,Office Supplies,Appliances,Bionaire Personal Warm Mist Humidifier/Vaporizer,Medium Box,0.46,9/27/2010
8327,59552,1/13/2010,Not Specified,39,314.26,0,Regular Air,-71.05,7.45,6.28,Pierre Wener,Ontario,Ontario,Home Office,Office Supplies,Binders and Binder Accessories,"Acco Four Pocket Poly Ring Binder with Label Holder, Smoke, 1""",Small Box,0.4,1/14/2010
329,2272,4/12/2010,High,39,7680.29,0.08,Delivery Truck,-513.79,212.6,52.2,Grant Donatelli,Ontario,Ontario,Consumer,Furniture,Tables,Bush Advantage Collection¨ Round Conference Table,Jumbo Box,0.64,4/12/2010
3818,27205,5/21/2010,Not Specified,12,87.11,0.08,Regular Air,-43.65,7.28,3.52,Jason Fortune,Ontario,Ontario,Corporate,Technology,Computer Peripherals,"Imation 3.5"" DS-HD Macintosh Formatted Diskettes, 10/Pack",Small Pack,0.68,5/23/2010
3850,27461,2/26/2010,Critical,40,121.92,0.09,Express Air,51.23,2.88,0.5,Candace McMahon,Ontario,Ontario,Corporate,Office Supplies,Labels,Avery 507,Small Box,0.39,2/26/2010
3851,27461,2/26/2010,Critical,26,1096.17,0.01,Regular Air,110.78,40.99,19.99,Candace McMahon,Ontario,Ontario,Corporate,Office Supplies,Paper,"White Dual Perf Computer Printout Paper, 2700 Sheets, 1 Part, Heavyweight, 20 lbs., 14 7/8 x 11",Small Box,0.36,2/26/2010
4215,29957,3/13/2010,Critical,31,1447.62,0.07,Regular Air,576.39,48.04,7.23,Dave Brooks,Ontario,Ontario,Corporate,Office Supplies,Paper,Xerox 1885,Small Box,0.37,3/14/2010
5034,35878,8/13/2010,Medium,11,485.46,0.03,Regular Air,48.88,40.99,17.48,Cari MacIntyre,Ontario,Ontario,Corporate,Office Supplies,Paper,Xerox 1893,Small Box,0.36,8/14/2010
6468,46050,1/4/2010,High,5,2249.05,0.02,Regular Air,-571.24,449.99,24.49,Julie Prescott,Ontario,Ontario,Home Office,Technology,Copiers and Fax,Canon PC940 Copier,Large Box,0.52,1/5/2010
6469,46050,1/4/2010,High,48,4813.67,0.03,Express Air,44.58,95.43,19.99,Julie Prescott,Ontario,Ontario,Home Office,Office Supplies,Storage & Organization,Fellowes Stor/Drawer¨ Steel Plusª Storage Drawers,Small Box,0.79,1/7/2010
7693,55140,7/4/2010,Critical,39,438.8,0.09,Regular Air,-84.19,11.7,6.96,Candace McMahon,Ontario,Ontario,Corporate,Office Supplies,Appliances,Harmony HEPA Quiet Air Purifiers,Medium Box,0.5,7/6/2010
310,2149,3/12/2010,Low,4,43.56,0.01,Regular Air,21.21,9.38,4.93,Lori Olson,New Brunswick,Atlantic,Consumer,Furniture,Office Furnishings,"Eldon Expressions Punched Metal & Wood Desk Accessories, Black & Cherry",Small Box,0.57,3/16/2010
509,3493,8/23/2010,High,48,7518.12,0.04,Regular Air,1027.63,152.48,6.5,Patrick Jones,New Brunswick,Atlantic,Home Office,Technology,Computer Peripherals,Adesso Programmable 142-Key Keyboard,Small Box,0.74,8/25/2010
824,5957,12/26/2010,High,15,68.32,0.05,Regular Air,-66.72,4.28,6.72,Ionia McGrath,New Brunswick,Atlantic,Small Business,Office Supplies,Paper,Xerox 1927,Small Box,0.4,12/27/2010
825,5957,12/26/2010,High,3,536.38,0.03,Delivery Truck,-258.80,150.98,66.27,Ionia McGrath,New Brunswick,Atlantic,Small Business,Furniture,Bookcases,Bush Mission Pointe Library,Jumbo Box,0.65,12/28/2010
826,5957,12/26/2010,High,23,391.8755,0.1,Regular Air,-38.02,20.99,4.81,Ionia McGrath,New Brunswick,Atlantic,Small Business,Technology,Telephones and Communication,1726 Digital Answering Machine,Medium Box,0.58,12/29/2010
927,6720,9/9/2010,Not Specified,31,164.62,0.03,Regular Air,-93.71,5.18,5.74,Patrick Jones,New Brunswick,Atlantic,Home Office,Office Supplies,Binders and Binder Accessories,Wilson Jones Impact Binders,Small Box,0.36,9/10/2010
928,6720,9/9/2010,Not Specified,36,4225.77,0.08,Delivery Truck,-1393.69,120.98,58.64,Patrick Jones,New Brunswick,Atlantic,Home Office,Furniture,Bookcases,O'Sullivan Living Dimensions 2-Shelf Bookcases,Jumbo Box,0.75,9/12/2010
929,6720,9/9/2010,Not Specified,8,53.89,0.01,Regular Air,17.63,6.3,0.5,Patrick Jones,New Brunswick,Atlantic,Home Office,Office Supplies,Labels,Avery 48,Small Box,0.39,9/11/2010
1206,8834,11/8/2010,High,45,6688.11,0.08,Regular Air,2872.88,150.98,13.99,Ken Lonsdale,New Brunswick,Atlantic,Consumer,Technology,Office Machines,Canon MP41DH Printing Calculator,Medium Box,0.38,11/9/2010
1215,8933,10/7/2010,High,37,1520.26,0.04,Regular Air,640.84,42.8,2.99,Lori Olson,New Brunswick,Atlantic,Consumer,Office Supplies,Binders and Binder Accessories,"Wilson Jones Elliptical Ring 3 1/2"" Capacity Binders, 800 sheets",Small Box,0.36,10/8/2010
1216,8933,10/7/2010,High,30,688.02,0.06,Regular Air,154.99,22.98,7.58,Lori Olson,New Brunswick,Atlantic,Consumer,Furniture,Office Furnishings,"Seth Thomas 12"" Clock w/ Goldtone Case",Small Box,0.51,10/9/2010
1458,10502,5/14/2010,Not Specified,33,7869.22,0.1,Delivery Truck,1523.46,243.98,43.32,Karen Seio,New Brunswick,Atlantic,Consumer,Furniture,Chairs & Chairmats,"Hon Deluxe Fabric Upholstered Stacking Chairs, Rounded Back",Jumbo Drum,0.55,5/15/2010
1459,10502,5/14/2010,Not Specified,36,912.44,0.04,Regular Air,182.72,25.38,8.99,Karen Seio,New Brunswick,Atlantic,Consumer,Furniture,Office Furnishings,"Executive Impressions 13"" Chairman Wall Clock",Small Pack,0.5,5/16/2010
1535,11047,12/10/2010,Low,27,1991.26,0.01,Delivery Truck,-528.09,68.81,60,Ionia McGrath,New Brunswick,Atlantic,Home Office,Office Supplies,Appliances,"Holmes Replacement Filter for HEPA Air Cleaner, Very Large Room, HEPA Filter",Jumbo Drum,0.41,12/17/2010
1536,11047,12/10/2010,Low,24,10480.272,0.07,Delivery Truck,2271.68,550.98,64.59,Ionia McGrath,New Brunswick,Atlantic,Home Office,Furniture,Tables,"Chromcraft Bull-Nose Wood 48"" x 96"" Rectangular Conference Tables",Jumbo Box,0.66,12/12/2010
1787,12803,2/25/2010,Not Specified,32,383.81,0.03,Regular Air,-21.15,12.21,4.81,Patrick Jones,New Brunswick,Atlantic,Home Office,Office Supplies,Storage & Organization,Portable Personal File Box,Small Box,0.58,2/27/2010
1927,13767,8/26/2010,High,12,2050.712,0.05,Delivery Truck,-381.04,218.75,69.64,Nona Balk,New Brunswick,Atlantic,Corporate,Furniture,Tables,BoxOffice By Design Rectangular and Half-Moon Meeting Room Tables,Jumbo Box,0.72,8/28/2010
1980,14117,8/25/2010,Not Specified,4,5.31,0,Regular Air,-1.50,1.14,0.7,Nathan Mautz,New Brunswick,Atlantic,Corporate,Office Supplies,Rubber Bands,OIC Thumb-Tacks,Wrap Bag,0.38,8/27/2010
2267,16289,7/17/2010,High,37,426.64,0.09,Regular Air,96.95,12.22,2.85,John Lee,New Brunswick,Atlantic,Corporate,Furniture,Office Furnishings,Aluminum Document Frame,Small Pack,0.55,7/19/2010
2773,20036,12/5/2010,Not Specified,25,290.46,0.1,Regular Air,-31.55,11.97,4.98,John Lee,New Brunswick,Atlantic,Corporate,Office Supplies,Appliances,Staples 6 Outlet Surge,Small Box,0.58,12/5/2010
2774,20036,12/5/2010,Not Specified,44,1207.4,0.03,Regular Air,-25.23,26.31,5.89,John Lee,New Brunswick,Atlantic,Corporate,Technology,Computer Peripherals,"Micro Innovations Micro 3000 Keyboard, Black",Small Box,0.75,12/7/2010
3016,21702,12/17/2010,Not Specified,40,5232.83,0.01,Delivery Truck,-1461.65,122.99,70.2,Nathan Mautz,New Brunswick,Atlantic,Home Office,Furniture,Chairs & Chairmats,"Global High-Back Leather Tilter, Burgundy",Jumbo Drum,0.74,12/18/2010
3400,24227,8/16/2010,Medium,24,1840.8535,0.01,Regular Air,424.64,85.99,2.79,Karen Seio,New Brunswick,Atlantic,Consumer,Technology,Telephones and Communication,6340,Small Box,0.58,8/18/2010
3737,26695,6/6/2010,Not Specified,43,367.11,0.01,Regular Air,163.42,8.34,1.43,Justin Deggeller,New Brunswick,Atlantic,Corporate,Office Supplies,Paper,"REDIFORM Incoming/Outgoing Call Register, 11"" X 8 1/2"", 100 Messages",Wrap Bag,0.35,6/8/2010
4328,30851,9/21/2010,Low,16,336.29,0.08,Regular Air,-52.14,21.38,8.99,Emily Phan,New Brunswick,Atlantic,Consumer,Office Supplies,Pens & Art Supplies,Boston 1730 StandUp Electric Pencil Sharpener,Small Pack,0.59,9/25/2010
4452,31718,11/27/2010,Low,24,1390.6935,0.03,Regular Air,168.46,65.99,7.69,Nona Balk,New Brunswick,Atlantic,Corporate,Technology,Telephones and Communication,5190,Small Box,0.59,12/1/2010
4453,31718,11/27/2010,Low,20,1017.2885,0.1,Regular Air,-115.30,65.99,8.99,Nona Balk,New Brunswick,Atlantic,Corporate,Technology,Telephones and Communication,StarTAC Analog,Small Box,0.6,12/4/2010
4871,34661,1/20/2010,Critical,26,864.16,0.09,Regular Air,-175.47,33.98,19.99,Nathan Mautz,New Brunswick,Atlantic,Corporate,Furniture,Office Furnishings,"Linden¨ 12"" Wall Clock With Oak Frame",Small Box,0.55,1/22/2010
5221,37157,2/20/2010,High,39,213,0.01,Regular Air,-71.09,5.28,5.06,Nathan Mautz,New Brunswick,Atlantic,Home Office,Office Supplies,Paper,Astroparche¨ Fine Business Paper,Small Box,0.37,2/22/2010
5368,38176,8/15/2010,High,39,231.08,0.01,Express Air,-79.08,5.28,5.57,Nathan Mautz,New Brunswick,Atlantic,Corporate,Office Supplies,Paper,Xerox 1981,Small Box,0.4,8/16/2010
5369,38176,8/15/2010,High,48,428.36,0.06,Express Air,74.75,9.11,2.25,Nathan Mautz,New Brunswick,Atlantic,Corporate,Office Supplies,Pens & Art Supplies,Dixon Ticonderoga Core-Lock Colored Pencils,Wrap Bag,0.52,8/17/2010
5748,40832,3/29/2010,High,22,447.23,0.03,Regular Air,122.78,20.24,6.67,Erin Mull,New Brunswick,Atlantic,Small Business,Furniture,Office Furnishings,"DAX Contemporary Wood Frame with Silver Metal Mat, Desktop, 11 x 14 Size",Small Pack,0.49,3/30/2010
5865,41632,12/1/2010,Low,34,1541.458,0.05,Regular Air,-238.16,55.99,5,Patrick Jones,New Brunswick,Atlantic,Home Office,Technology,Telephones and Communication,Accessory36,Small Pack,0.83,12/8/2010
6447,45863,9/19/2010,Low,5,845.614,0.01,Express Air,-653.49,195.99,4.2,Patrick Jones,New Brunswick,Atlantic,Home Office,Technology,Telephones and Communication,688,Small Box,0.6,9/23/2010
6615,47078,4/19/2010,Medium,18,84.74,0.06,Regular Air,34.10,4.91,0.5,Karen Seio,New Brunswick,Atlantic,Consumer,Office Supplies,Labels,Avery 493,Small Box,0.36,4/19/2010
6616,47078,4/19/2010,Medium,43,279.83,0.01,Regular Air,77.04,6.04,2.14,Karen Seio,New Brunswick,Atlantic,Consumer,Office Supplies,Paper,"Adams Telephone Message Books, 5 1/4Ó x 11Ó",Wrap Bag,0.38,4/20/2010
6617,47078,4/19/2010,Medium,20,98.57,0.07,Regular Air,-49.64,4.98,5.02,Karen Seio,New Brunswick,Atlantic,Consumer,Office Supplies,Paper,Xerox 1989,Small Box,0.38,4/20/2010
7510,53605,8/3/2010,Medium,19,506.49,0.06,Regular Air,105.69,25.98,5.37,Karen Seio,New Brunswick,Atlantic,Consumer,Office Supplies,Appliances,3M Office Air Cleaner,Medium Box,0.5,8/5/2010
7511,53605,8/3/2010,Medium,48,8367.68,0.06,Delivery Truck,886.35,170.98,35.89,Karen Seio,New Brunswick,Atlantic,Consumer,Furniture,Bookcases,"Rush Hierlooms Collection 1"" Thick Stackable Bookcases",Jumbo Box,0.66,8/5/2010
7512,53605,8/3/2010,Medium,1,74.31,0.07,Regular Air,-73.10,41.47,34.2,Karen Seio,New Brunswick,Atlantic,Consumer,Furniture,Office Furnishings,Eldon Econocleat¨ Chair Mats for Low Pile Carpets,Wrap Bag,0.73,8/5/2010
7815,55877,2/2/2010,Not Specified,40,144.28,0.01,Express Air,52.94,3.08,0.99,Erin Mull,New Brunswick,Atlantic,Corporate,Office Supplies,Labels,Avery 511,Small Box,0.37,2/4/2010
7816,55877,2/2/2010,Not Specified,19,126.53,0.03,Regular Air,-73.38,5.98,7.5,Erin Mull,New Brunswick,Atlantic,Corporate,Office Supplies,Paper,Xerox 1920,Small Box,0.4,2/3/2010
8044,57475,10/4/2010,Low,32,167.07,0.04,Regular Air,-93.23,4.91,5.68,Tony Sayre,New Brunswick,Atlantic,Home Office,Office Supplies,Binders and Binder Accessories,"Acco Pressboard Covers with Storage Hooks, 14 7/8"" x 11"", Light Blue",Small Box,0.36,10/11/2010
8045,57475,10/4/2010,Low,34,554.88,0.06,Regular Air,-145.33,15.99,13.18,Tony Sayre,New Brunswick,Atlantic,Home Office,Office Supplies,Binders and Binder Accessories,"GBC Pre-Punched Binding Paper, Plastic, White, 8-1/2"" x 11""",Small Box,0.37,10/4/2010
8046,57475,10/4/2010,Low,48,309.65,0.04,Regular Air,-79.81,6.54,5.27,Tony Sayre,New Brunswick,Atlantic,Home Office,Office Supplies,Binders and Binder Accessories,Wilson Jones¨ Four-Pocket Poly Binders,Small Box,0.36,10/4/2010
8047,57475,10/4/2010,Low,24,152.37,0.09,Regular Air,-76.53,6.48,6.6,Tony Sayre,New Brunswick,Atlantic,Home Office,Office Supplies,Paper,Xerox 21,Small Box,0.37,10/6/2010
8143,58241,9/7/2010,Critical,36,146.71,0.01,Regular Air,38.63,4,1.3,Patrick Jones,New Brunswick,Atlantic,Home Office,Office Supplies,Paper,EcoTones¨ Memo Sheets,Wrap Bag,0.37,9/8/2010
8144,58241,9/7/2010,Critical,36,475.92,0.05,Regular Air,-95.30,12.88,4.59,Patrick Jones,New Brunswick,Atlantic,Home Office,Office Supplies,"Scissors, Rulers and Trimmers",Martin-Yale Premier Letter Opener,Wrap Bag,0.82,9/8/2010
687,4774,4/19/2010,Medium,4,126.87,0.08,Regular Air,-125.99,32.98,5.5,Lindsay Williams,Manitoba,Prarie,Corporate,Technology,Computer Peripherals,PC Concepts 116 Key Quantum 3000 Keyboard,Small Box,0.75,4/20/2010
1651,11908,5/25/2010,Not Specified,5,1386.6,0.09,Delivery Truck,-556.18,280.98,57,Marc Crier,Manitoba,Prarie,Corporate,Furniture,Chairs & Chairmats,Hon 2090 ÒPillow SoftÓ Series Mid Back Swivel/Tilt Chairs,Jumbo Drum,0.78,5/27/2010
2079,14855,4/30/2010,Not Specified,44,174.9,0.06,Express Air,-150.90,3.58,5.47,John Lee,Manitoba,Prarie,Corporate,Office Supplies,Binders and Binder Accessories,Avery Poly Binder Pockets,Small Box,0.37,5/2/2010
2080,14855,4/30/2010,Not Specified,48,103.8,0.1,Regular Air,-150.53,2.23,4.57,John Lee,Manitoba,Prarie,Corporate,Furniture,Office Furnishings,Eldon Pizzazª Desk Accessories,Small Pack,0.41,5/2/2010
2081,14855,4/30/2010,Not Specified,19,2557.51,0.01,Delivery Truck,-168.48,124.49,51.94,John Lee,Manitoba,Prarie,Corporate,Furniture,Tables,Bevis 36 x 72 Conference Tables,Jumbo Box,0.63,5/2/2010
2105,15045,8/20/2010,Not Specified,11,1378.72,0.07,Delivery Truck,-640.60,122.99,70.2,Logan Currie,Manitoba,Prarie,Small Business,Furniture,Chairs & Chairmats,"Global High-Back Leather Tilter, Burgundy",Jumbo Drum,0.74,8/22/2010
2266,16289,7/17/2010,High,49,5610.612,0.01,Regular Air,2040.87,125.99,2.5,John Lee,Manitoba,Prarie,Corporate,Technology,Telephones and Communication,V2397,Small Box,0.58,7/19/2010
2771,20036,12/5/2010,Not Specified,28,4371.92,0.03,Delivery Truck,-533.44,150.98,66.27,John Lee,Manitoba,Prarie,Corporate,Furniture,Bookcases,Bush Mission Pointe Library,Jumbo Box,0.65,12/8/2010
2772,20036,12/5/2010,Not Specified,21,1745.118,0.03,Regular Air,307.25,95.99,4.9,John Lee,Manitoba,Prarie,Corporate,Technology,Telephones and Communication,T60,Small Box,0.56,12/7/2010
3015,21696,10/21/2010,Medium,14,278.27,0.02,Regular Air,-51.91,19.35,12.79,Marc Crier,Manitoba,Prarie,Consumer,Office Supplies,Binders and Binder Accessories,GBC Durable Plastic Covers,Small Box,0.39,10/22/2010
3443,24577,3/1/2010,Medium,8,180.79,0.05,Regular Air,20.09,22.84,5.47,Steve Chapman,Manitoba,Prarie,Corporate,Office Supplies,Paper,Xerox 1929,Small Box,0.39,3/2/2010
3504,24961,1/26/2010,Low,8,487.59,0.04,Delivery Truck,-205.29,58.14,36.61,Ken Black,Manitoba,Prarie,Consumer,Furniture,Bookcases,O'Sullivan 3-Shelf Heavy-Duty Bookcases,Jumbo Box,0.61,2/2/2010
4089,29156,2/24/2010,Low,10,208.77,0.07,Regular Air,-76.58,20.97,4,Denise Monton,Manitoba,Prarie,Home Office,Technology,Computer Peripherals,Microsoft Internet Keyboard,Small Box,0.77,3/1/2010
4214,29957,3/13/2010,Critical,28,2555.37,0.08,Delivery Truck,-824.91,95.98,58.2,Dave Brooks,Manitoba,Prarie,Corporate,Furniture,Chairs & Chairmats,Global Deluxe Office Fabric Chairs,Jumbo Drum,0.58,3/14/2010
4343,30917,11/1/2010,Low,11,86.79,0.06,Regular Air,-45.60,8.12,2.83,Marc Crier,Manitoba,Prarie,Corporate,Technology,Computer Peripherals,"Imation Neon Mac Format Diskettes, 10/Pack",Small Pack,0.77,11/3/2010
4344,30917,11/1/2010,Low,8,753.8,0.06,Regular Air,-32.30,96.45,13.99,Marc Crier,Manitoba,Prarie,Corporate,Technology,Office Machines,Soundgear TeleForum DX Desktop Conference Phone,Medium Box,0.38,11/5/2010
4644,33060,2/19/2010,High,3,15.88,0.05,Regular Air,-11.04,3.74,4.69,Keith Dawkins,Manitoba,Prarie,Home Office,Office Supplies,Binders and Binder Accessories,Accohide Poly Flexible Ring Binders,Small Box,0.35,2/20/2010
4939,35137,7/17/2010,High,41,225.06,0.05,Express Air,7.30,5.34,2.99,Joe Elijah,Manitoba,Prarie,Home Office,Office Supplies,Binders and Binder Accessories,Wilson Jones 14 Line Acrylic Coated Pressboard Data Binders,Small Box,0.38,7/19/2010
4940,35137,7/17/2010,High,47,1041.78,0.1,Regular Air,283.79,23.99,6.71,Joe Elijah,Manitoba,Prarie,Home Office,Office Supplies,Envelopes,"Recycled Interoffice Envelopes with String and Button Closure, 10 x 13",Small Box,0.35,7/20/2010
5496,38979,2/26/2010,Low,48,3355.1,0.07,Delivery Truck,-1701.96,70.98,59.81,Steve Chapman,Manitoba,Prarie,Corporate,Furniture,Chairs & Chairmats,"Situations Contoured Folding Chairs, 4/Set",Jumbo Drum,0.6,2/26/2010
5497,38979,2/26/2010,Low,34,2864.55,0.06,Regular Air,1021.07,82.99,5.5,Steve Chapman,Manitoba,Prarie,Corporate,Technology,Computer Peripherals,"Micro Innovations Micro Digital Wireless Keyboard and Mouse, Gray",Small Box,0.44,3/3/2010
5498,38979,2/26/2010,Low,31,65.61,0.02,Regular Air,-16.63,1.95,1.63,Steve Chapman,Manitoba,Prarie,Corporate,Office Supplies,Pens & Art Supplies,"Avery Hi-Liter Comfort Grip Fluorescent Highlighter, Yellow Ink",Wrap Bag,0.46,3/3/2010
6010,42565,9/22/2010,Low,33,283.8,0.04,Regular Air,47.52,8.69,2.99,Joe Elijah,Manitoba,Prarie,Home Office,Office Supplies,Binders and Binder Accessories,"Cardinal Slant-D¨ Ring Binder, Heavy Gauge Vinyl",Small Box,0.39,9/29/2010
6041,42823,6/25/2010,Medium,8,49.14,0.05,Express Air,-22.56,4.28,6.18,Steve Chapman,Manitoba,Prarie,Corporate,Office Supplies,Paper,Xerox 1980,Small Box,0.4,6/27/2010
6267,44359,11/29/2010,High,19,113.2,0.1,Regular Air,24.83,6.08,0.91,Keith Dawkins,Manitoba,Prarie,Home Office,Office Supplies,Pens & Art Supplies,Zebra Zazzle Fluorescent Highlighters,Wrap Bag,0.51,12/1/2010
6556,46624,4/26/2010,Not Specified,28,110.2,0.07,Regular Air,42.84,4.13,0.5,Keith Dawkins,Manitoba,Prarie,Home Office,Office Supplies,Labels,Avery 506,Small Box,0.39,4/27/2010
6557,46624,4/26/2010,Not Specified,12,54.86,0.09,Regular Air,-50.60,4.28,6.72,Keith Dawkins,Manitoba,Prarie,Home Office,Office Supplies,Paper,Xerox 1927,Small Box,0.4,4/28/2010
6744,48032,8/26/2010,High,42,309.17,0.09,Regular Air,-283.31,7.77,9.23,John Lee,Manitoba,Prarie,Corporate,Office Supplies,Appliances,Hoover Commercial Soft Guard Upright Vacuum And Disposable Filtration Bags,Small Box,0.58,8/27/2010
6745,48032,8/26/2010,High,29,412.86,0.07,Regular Air,-104.43,15.14,4.53,John Lee,Manitoba,Prarie,Corporate,Office Supplies,Storage & Organization,Eldon¨ Gobal File Keepers,Small Box,0.81,8/27/2010
7014,50054,9/6/2010,Not Specified,50,5369.46,0,Regular Air,1370.26,99.99,19.99,Cynthia Delaney,Manitoba,Prarie,Corporate,Technology,Office Machines,AT&T 2230 Dual Handset Phone With Caller ID/Call Waiting,Small Box,0.52,9/8/2010
7015,50054,9/6/2010,Not Specified,41,1439.96,0.02,Regular Air,182.46,33.29,8.74,Cynthia Delaney,Manitoba,Prarie,Corporate,Office Supplies,Storage & Organization,Fellowes Bases and Tops For Staxonsteel¨/High-Stak¨ Systems,Small Box,0.61,9/8/2010
7698,55200,8/28/2010,Medium,33,505.08,0.01,Regular Air,-56.91,15.15,10.13,Joe Elijah,Manitoba,Prarie,Home Office,Office Supplies,Binders and Binder Accessories,Plastic Binding Combs,Small Box,0.38,8/30/2010
7699,55200,8/28/2010,Medium,4,649.2385,0.1,Regular Air,-830.72,205.99,2.79,Joe Elijah,Manitoba,Prarie,Home Office,Technology,Telephones and Communication,ELITE Series,Small Box,0.58,8/30/2010
8050,57477,9/26/2010,High,50,745.48,0.02,Regular Air,119.12,14.56,3.5,Ed Braxton,Manitoba,Prarie,Home Office,Office Supplies,Appliances,Acco 6 Outlet Guardian Premium Surge Suppressor,Small Box,0.58,9/28/2010
8051,57477,9/26/2010,High,45,3086.5115,0.08,Regular Air,1560.96,85.99,2.5,Ed Braxton,Manitoba,Prarie,Home Office,Technology,Telephones and Communication,Accessory12,Small Box,0.35,9/27/2010
109,710,1/1/2010,Low,42,161.77,0.01,Regular Air,-150.37,3.58,5.47,Susan MacKendrick,Manitoba,Prarie,Corporate,Office Supplies,Binders and Binder Accessories,Avery Poly Binder Pockets,Small Box,0.37,1/5/2010
110,710,1/1/2010,Low,11,447.09,0.09,Regular Air,89.03,41.32,8.66,Susan MacKendrick,Manitoba,Prarie,Corporate,Furniture,Office Furnishings,"Deflect-o EconoMat Studded, No Bevel Mat for Low Pile Carpeting",Medium Box,0.76,1/3/2010
111,710,1/1/2010,Low,29,4192.88,0.02,Delivery Truck,731.32,145.45,17.85,Susan MacKendrick,Manitoba,Prarie,Corporate,Technology,Office Machines,Panasonic KX-P1150 Dot Matrix Printer,Jumbo Drum,0.56,1/5/2010
136,870,6/19/2010,Not Specified,23,1661.04,0.04,Regular Air,475.54,70.97,3.5,Valerie Dominguez,Manitoba,Prarie,Corporate,Office Supplies,Appliances,Tripp Lite Isotel 8 Ultra 8 Outlet Metal Surge,Small Box,0.59,6/19/2010
189,1253,1/25/2010,Critical,15,494.34,0.05,Regular Air,-30.19,31.98,6.72,Tanja Norvell,Manitoba,Prarie,Consumer,Office Supplies,Storage & Organization,Fellowes Bankers Boxª Stor/Drawer¨ Steel Plusª,Small Box,0.75,1/25/2010
232,1542,9/14/2010,Medium,47,2150.25,0.06,Regular Air,586.93,48.58,3.99,Linda Southworth,Manitoba,Prarie,Consumer,Office Supplies,Appliances,Belkin Premiere Surge Master II 8-outlet surge protector,Small Box,0.56,9/16/2010
233,1542,9/14/2010,Medium,13,448,0.08,Regular Air,27.20,35.51,6.31,Linda Southworth,Manitoba,Prarie,Consumer,Office Supplies,Storage & Organization,Steel Personal Filing/Posting Tote,Small Box,0.58,9/16/2010
447,3040,4/11/2010,Medium,13,98.39,0.01,Express Air,-31.54,6.48,6.6,Tracy Zic,Manitoba,Prarie,Consumer,Office Supplies,Paper,Xerox 21,Small Box,0.37,4/12/2010
457,3108,8/4/2010,Critical,36,65.39,0.09,Regular Air,-0.46,1.82,1,Jack Garza,Manitoba,Prarie,Corporate,Office Supplies,Pens & Art Supplies,"Crayola Anti Dust Chalk, 12/Pack",Wrap Bag,0.4,8/5/2010
655,4611,1/9/2010,High,32,16172.44,0.03,Delivery Truck,7176.12,500.98,28.14,Steven Ward,Manitoba,Prarie,Consumer,Technology,Office Machines,"Hewlett-Packard cp1700 [D, PS] Series Color Inkjet Printers",Jumbo Drum,0.38,1/9/2010
920,6625,8/15/2010,High,23,21062.91,0.01,Delivery Truck,5713.53,880.98,44.55,Roy Skaria,Manitoba,Prarie,Corporate,Furniture,Bookcases,"Riverside Palais Royal Lawyers Bookcase, Royale Cherry Finish",Jumbo Box,0.62,8/17/2010
1006,7335,5/29/2010,Low,43,3681.7495,0.01,Regular Air,1196.44,95.99,4.9,Maureen Grace,Manitoba,Prarie,Corporate,Technology,Telephones and Communication,T60,Small Box,0.56,6/3/2010
1019,7457,9/30/2010,Not Specified,36,2300.45,0.02,Regular Air,624.64,60.98,19.99,Eric Hoffmann,Manitoba,Prarie,Small Business,Office Supplies,Envelopes,"Tyvek Interoffice Envelopes, 9 1/2"" x 12 1/2"", 100/Box",Small Box,0.38,10/3/2010
1020,7457,9/30/2010,Not Specified,46,548.11,0.04,Regular Air,124.24,11.55,2.36,Eric Hoffmann,Manitoba,Prarie,Small Business,Office Supplies,Pens & Art Supplies,Newell 309,Wrap Bag,0.55,10/2/2010
1148,8384,5/5/2010,High,37,4935.72,0.07,Delivery Truck,-698.09,140.98,36.09,Meg Tillman,Manitoba,Prarie,Small Business,Furniture,Bookcases,"Sauder Forest Hills Library, Woodland Oak Finish",Jumbo Box,0.77,5/6/2010
1234,8998,1/3/2010,Low,37,1767.88,0.07,Regular Air,66.47,50.98,13.66,Linda Southworth,Manitoba,Prarie,Consumer,Office Supplies,Appliances,Eureka The Boss¨ Cordless Rechargeable Stick Vac,Small Box,0.58,1/7/2010
1235,8998,1/3/2010,Low,12,277.42,0.01,Regular Air,49.82,22.24,1.99,Linda Southworth,Manitoba,Prarie,Consumer,Technology,Computer Peripherals,"Verbatim DVD-R, 3.95GB, SR, Mitsubishi Branded, Jewel",Small Pack,0.43,1/5/2010
1236,8998,1/3/2010,Low,13,178.13,0.04,Regular Air,-19.75,13.43,5.5,Linda Southworth,Manitoba,Prarie,Consumer,Office Supplies,Storage & Organization,"Fellowes Personal Hanging Folder Files, Navy",Small Box,0.57,1/8/2010
1260,9152,8/20/2010,Not Specified,43,292.808,0.05,Regular Air,-129.69,7.99,5.03,Steven Cartwright,Manitoba,Prarie,Home Office,Technology,Telephones and Communication,Bell Sonecor JB700 Caller ID,Medium Box,0.6,8/20/2010
1391,10081,8/7/2010,Not Specified,49,1058.43,0.02,Regular Air,245.00,20.28,6.68,Sanjit Engle,Manitoba,Prarie,Home Office,Furniture,Office Furnishings,"Seth Thomas 8 1/2"" Cubicle Clock",Small Box,0.53,8/8/2010
1677,12097,11/9/2010,Critical,9,49.89,0.06,Regular Air,-30.84,4.98,6.07,Tanja Norvell,Manitoba,Prarie,Consumer,Office Supplies,Paper,Xerox 1897,Small Box,0.36,11/11/2010
1678,12097,11/9/2010,Critical,25,1831.529,0,Express Air,-139.98,85.99,0.99,Tanja Norvell,Manitoba,Prarie,Consumer,Technology,Telephones and Communication,Accessory4,Wrap Bag,0.85,11/9/2010
1688,12196,6/2/2010,Not Specified,32,599.52,0.04,Regular Air,25.14,17.98,8.51,Tracy Zic,Manitoba,Prarie,Consumer,Technology,Office Machines,Canon P1-DHIII Palm Printing Calculator,Medium Box,0.4,6/3/2010
1689,12196,6/2/2010,Not Specified,25,10330.94,0.07,Regular Air,2914.56,419.19,19.99,Tracy Zic,Manitoba,Prarie,Consumer,Office Supplies,Storage & Organization,Smead Adjustable Mobile File Trolley with Lockable Top,Small Box,0.58,6/2/2010
1734,12451,4/19/2010,Low,26,3662.16,0.01,Delivery Truck,-372.82,130.98,54.74,Thais Sissman,Manitoba,Prarie,Small Business,Furniture,Bookcases,"O'Sullivan Elevations Bookcase, Cherry Finish",Jumbo Box,0.69,4/21/2010
1735,12451,4/19/2010,Low,21,329.37,0.04,Express Air,-53.57,15.14,4.53,Thais Sissman,Manitoba,Prarie,Small Business,Office Supplies,Storage & Organization,Eldon¨ Gobal File Keepers,Small Box,0.81,4/21/2010
1742,12483,8/4/2010,Critical,14,1676.44,0.02,Regular Air,607.50,120.98,9.07,Tom Zandusky,Manitoba,Prarie,Home Office,Office Supplies,Binders and Binder Accessories,GBC VeloBinder Electric Binding Machine,Small Box,0.35,8/4/2010
1743,12483,8/4/2010,Critical,14,1406.07,0.1,Delivery Truck,-701.91,100.98,57.38,Tom Zandusky,Manitoba,Prarie,Home Office,Furniture,Bookcases,"Bush Westfield Collection Bookcases, Dark Cherry Finish, Fully Assembled",Jumbo Box,0.78,8/6/2010
1744,12483,8/4/2010,Critical,30,1771.67,0.09,Regular Air,338.95,59.76,9.71,Tom Zandusky,Manitoba,Prarie,Home Office,Office Supplies,Storage & Organization,"Advantus 10-Drawer Portable Organizer, Chrome Metal Frame, Smoke Drawers",Small Box,0.57,8/5/2010
1881,13540,5/23/2010,High,31,259.59,0.06,Regular Air,34.79,8.5,1.99,Theresa Swint,Manitoba,Prarie,Consumer,Technology,Computer Peripherals,Hewlett-Packard 4.7GB DVD+R Discs,Small Pack,0.49,5/23/2010
1882,13540,5/23/2010,High,16,34.93,0.04,Regular Air,-0.05,2.18,0.78,Theresa Swint,Manitoba,Prarie,Consumer,Office Supplies,Rubber Bands,Stockwell Push Pins,Wrap Bag,0.52,5/23/2010
1883,13540,5/23/2010,High,33,431.06,0.02,Regular Air,-26.78,12.28,6.13,Theresa Swint,Manitoba,Prarie,Consumer,Office Supplies,Storage & Organization,Recycled Eldon Regeneration Jumbo File,Small Box,0.57,5/23/2010
1919,13762,6/21/2010,Medium,8,55,0.05,Regular Air,-23.62,6.28,5.36,Denny Joy,Manitoba,Prarie,Corporate,Office Supplies,Binders and Binder Accessories,GBC Standard Plastic Binding Systems' Combs,Small Box,0.4,6/24/2010
1920,13762,6/21/2010,Medium,7,51.66,0.06,Regular Air,7.40,7.64,1.39,Denny Joy,Manitoba,Prarie,Corporate,Office Supplies,Envelopes,Security-Tint Envelopes,Small Box,0.36,6/23/2010
1921,13762,6/21/2010,Medium,37,107.73,0.08,Regular Air,39.81,3.15,0.5,Denny Joy,Manitoba,Prarie,Corporate,Office Supplies,Labels,Avery 520,Small Box,0.37,6/23/2010
2042,14534,7/18/2010,Medium,46,745.99,0.02,Regular Air,226.09,15.98,4,Valerie Dominguez,Manitoba,Prarie,Corporate,Technology,Computer Peripherals,Logitech Access Keyboard,Small Box,0.37,7/18/2010
2132,15234,3/12/2010,Not Specified,21,2185.9535,0.1,Regular Air,268.01,125.99,8.99,Toby Knight,Manitoba,Prarie,Consumer,Technology,Telephones and Communication,StarTAC ST7868,Small Box,0.55,3/13/2010
2133,15234,3/12/2010,Not Specified,12,1323.5435,0,Express Air,-34.73,125.99,8.08,Toby Knight,Manitoba,Prarie,Consumer,Technology,Telephones and Communication,M3682,Small Box,0.57,3/13/2010
2147,15335,9/17/2010,Medium,26,765.96,0.1,Regular Air,240.06,31.78,1.99,Thea Hudgings,Manitoba,Prarie,Consumer,Technology,Computer Peripherals,"Memorex 4.7GB DVD-RAM, 3/Pack",Small Pack,0.42,9/19/2010
2205,15906,9/27/2010,Low,8,2174.96,0.05,Delivery Truck,-223.89,264.98,17.86,Ross Baird,Manitoba,Prarie,Corporate,Technology,Office Machines,Panasonic KX-P1131 Dot Matrix Printer,Jumbo Drum,0.58,9/29/2010
2340,16834,10/23/2010,Low,33,463.42,0.08,Regular Air,14.20,14.45,7.17,Sue Ann Reed,Manitoba,Prarie,Consumer,Office Supplies,Binders and Binder Accessories,"Acco Recycled 2"" Capacity Laser Printer Hanging Data Binders",Small Box,0.38,10/25/2010
2611,18853,1/17/2010,Critical,33,223.88,0.03,Regular Air,55.21,6.68,1.5,Gary Hwang,Manitoba,Prarie,Home Office,Office Supplies,Pens & Art Supplies,Sanford Liquid Accent Highlighters,Wrap Bag,0.48,1/19/2010
2733,19744,3/14/2010,Medium,41,478.38,0.09,Regular Air,-34.39,11.97,4.98,Natalie Webber,Manitoba,Prarie,Consumer,Office Supplies,Appliances,Staples 6 Outlet Surge,Small Box,0.58,3/16/2010
2787,20103,2/11/2010,Medium,30,314.93,0,Regular Air,-17.50,9.99,6.24,Thais Sissman,Manitoba,Prarie,Small Business,Technology,Office Machines,Canon F603 Scientific Calculator,Medium Box,0.36,2/12/2010
2788,20103,2/11/2010,Medium,25,726.82,0.1,Express Air,-173.88,30.42,8.65,Thais Sissman,Manitoba,Prarie,Small Business,Technology,Computer Peripherals,"Fellowes Internet Keyboard, Platinum",Small Box,0.74,2/13/2010
2799,20192,10/6/2010,Low,35,1624.67,0.04,Regular Air,504.35,45.19,1.99,Henia Zydlo,Manitoba,Prarie,Home Office,Technology,Computer Peripherals,"Verbatim DVD-RAM, 9.4GB, Rewritable, Type 1, DS, DataLife Plus",Small Pack,0.55,10/13/2010
2906,20966,9/18/2010,Low,10,39.42,0.06,Regular Air,7.78,3.85,0.7,Mike Gockenbach,Manitoba,Prarie,Consumer,Office Supplies,Pens & Art Supplies,Avery Hi-Liter Pen Style Six-Color Fluorescent Set,Wrap Bag,0.44,9/22/2010
2907,20966,9/18/2010,Low,35,801.44,0.01,Regular Air,308.12,22.24,1.99,Mike Gockenbach,Manitoba,Prarie,Consumer,Technology,Computer Peripherals,"Verbatim DVD-R, 3.95GB, SR, Mitsubishi Branded, Jewel",Small Pack,0.43,9/22/2010
2908,20966,9/18/2010,Low,22,1194.06,0.04,Regular Air,326.97,54.74,14.83,Mike Gockenbach,Manitoba,Prarie,Consumer,Furniture,Office Furnishings,"C-Line Cubicle Keepers Polyproplyene Holder w/Velcro¨ Back, 8-1/2x11, 25/Bx",Small Box,0.54,9/25/2010
3209,23041,7/20/2010,Low,21,173.7,0.02,Regular Air,-31.59,7.68,6.16,Tracy Zic,Manitoba,Prarie,Consumer,Office Supplies,Binders and Binder Accessories,GBC VeloBinder Strips,Small Box,0.35,7/27/2010
3210,23041,7/20/2010,Low,5,1811.25,0.08,Regular Air,203.44,367.99,19.99,Tracy Zic,Manitoba,Prarie,Consumer,Office Supplies,Binders and Binder Accessories,Ibico Ibimaster 300 Manual Binding System,Small Box,0.4,7/22/2010
3211,23041,7/20/2010,Low,10,2642.95,0.08,Delivery Truck,-474.49,262.11,62.74,Tracy Zic,Manitoba,Prarie,Consumer,Furniture,Tables,Bevis Boat-Shaped Conference Table,Jumbo Box,0.75,7/27/2010
3239,23232,4/16/2010,High,15,614.15,0.03,Express Air,-54.37,39.98,7.12,Penelope Sewall,Manitoba,Prarie,Home Office,Technology,Computer Peripherals,"IBM Active Response Keyboard, Black",Small Box,0.67,4/17/2010
3240,23232,4/16/2010,High,31,154.24,0.03,Regular Air,68.88,4.98,0.49,Penelope Sewall,Manitoba,Prarie,Home Office,Office Supplies,Labels,Avery White Multi-Purpose Labels,Small Box,0.39,4/17/2010
3241,23232,4/16/2010,High,20,140.31,0.06,Regular Air,-94.11,6.48,8.74,Penelope Sewall,Manitoba,Prarie,Home Office,Office Supplies,Paper,Xerox 1984,Small Box,0.36,4/16/2010
3495,24902,5/26/2010,High,43,224.58,0.03,Regular Air,46.31,5.18,2.04,Mike Gockenbach,Manitoba,Prarie,Consumer,Office Supplies,Paper,Array¨ Memo Cubes,Wrap Bag,0.36,5/28/2010
3557,25350,12/3/2010,Not Specified,30,2477.99,0,Regular Air,747.68,80.98,4.5,Troy Blackwell,Manitoba,Prarie,Home Office,Office Supplies,Appliances,Belkin 8 Outlet SurgeMaster II Gold Surge Protector with Phone Protection,Small Box,0.59,12/5/2010
3558,25350,12/3/2010,Not Specified,23,48.83,0.06,Regular Air,1.00,2.1,0.7,Troy Blackwell,Manitoba,Prarie,Home Office,Office Supplies,Pens & Art Supplies,"Sanford EarthWrite¨ Recycled Pencils, Medium Soft, #2",Wrap Bag,0.57,12/5/2010
3615,25828,11/23/2010,Not Specified,35,241.43,0.01,Regular Air,-65.80,6.84,4.42,Michael Oakman,Manitoba,Prarie,Small Business,Office Supplies,"Scissors, Rulers and Trimmers",Acme¨ Design Stainless Steel Bent Scissors,Small Pack,0.58,11/25/2010
4027,28769,8/28/2010,Low,6,195.75,0.02,Regular Air,-31.24,33.29,1.99,Mike Gockenbach,Manitoba,Prarie,Consumer,Technology,Computer Peripherals,Verbatim 4.7GB DVD-R,Small Pack,0.41,8/28/2010
4057,28928,4/30/2010,Low,3,185.16,0.02,Regular Air,-49.34,59.98,3.99,Nora Pelletier,Manitoba,Prarie,Corporate,Office Supplies,Appliances,Belkin 8 Outlet SurgeMaster II Gold Surge Protector,Small Box,0.57,5/2/2010
4058,28928,4/30/2010,Low,22,5144.94,0.09,Regular Air,729.06,256.99,11.25,Nora Pelletier,Manitoba,Prarie,Corporate,Technology,Computer Peripherals,Hayes Optima 56K V.90 Internal Voice Modem,Small Box,0.51,4/30/2010
4059,28928,4/30/2010,Low,46,1397.383,0.01,Regular Air,-135.86,35.99,5,Nora Pelletier,Manitoba,Prarie,Corporate,Technology,Telephones and Communication,Accessory17,Wrap Bag,0.82,5/2/2010
4076,29058,1/3/2010,High,43,287.61,0.02,Regular Air,-101.50,6.48,6.35,Valerie Takahito,Manitoba,Prarie,Consumer,Office Supplies,Paper,Xerox 200,Small Box,0.37,1/5/2010
4077,29058,1/3/2010,High,23,128.52,0.06,Regular Air,42.80,5.84,1,Valerie Takahito,Manitoba,Prarie,Consumer,Office Supplies,Pens & Art Supplies,"Quartet Omega¨ Colored Chalk, 12/Pack",Wrap Bag,0.38,1/4/2010
4078,29058,1/3/2010,High,41,1011.67,0.04,Regular Air,-74.64,24.98,8.79,Valerie Takahito,Manitoba,Prarie,Consumer,Office Supplies,Storage & Organization,2300 Heavy-Duty Transfer File Systems by Perma,Small Box,0.66,1/3/2010
4156,29478,4/9/2010,High,15,272.8925,0.01,Regular Air,19.61,20.99,0.99,Russell D'Ascenzo,Manitoba,Prarie,Consumer,Technology,Telephones and Communication,Accessory25,Wrap Bag,0.57,4/12/2010
4465,31842,7/16/2010,Medium,9,157.26,0.06,Regular Air,-18.84,17.48,1.99,Joy Daniels,Manitoba,Prarie,Corporate,Technology,Computer Peripherals,"Maxell Pro 80 Minute CD-R, 10/Pack",Small Pack,0.45,7/17/2010
4571,32519,10/8/2010,Low,8,85.36,0.09,Regular Air,-23.82,10.89,4.5,Jill Stevenson,Manitoba,Prarie,Consumer,Office Supplies,Appliances,Belkin 6 Outlet Metallic Surge Strip,Small Box,0.59,10/13/2010
4664,33218,1/6/2010,Not Specified,25,113.8,0.07,Regular Air,-84.08,4.57,5.42,Eric Hoffmann,Manitoba,Prarie,Small Business,Office Supplies,Binders and Binder Accessories,Newell¨ 3-Hole Punched Plastic Slotted Magazine Holders for Binders,Small Box,0.37,1/8/2010
4665,33218,1/6/2010,Not Specified,29,480.13,0.04,Regular Air,53.67,16.16,7.74,Eric Hoffmann,Manitoba,Prarie,Small Business,Furniture,Office Furnishings,Contemporary Wood/Metal Frame,Small Box,0.5,1/7/2010
4706,33537,8/13/2010,Medium,26,45.38,0.07,Regular Air,-1.97,1.76,0.7,Mick Crebagga,Manitoba,Prarie,Corporate,Office Supplies,Pens & Art Supplies,Newell 310,Wrap Bag,0.56,8/15/2010
4707,33537,8/13/2010,Medium,9,163.3105,0.02,Regular Air,-105.09,20.99,3.3,Mick Crebagga,Manitoba,Prarie,Corporate,Technology,Telephones and Communication,Accessory39,Small Pack,0.81,8/14/2010
4761,33857,4/29/2010,Critical,18,130.16,0,Regular Air,28.87,7.04,2.17,Troy Blackwell,Manitoba,Prarie,Home Office,Office Supplies,Paper,"Wirebound Message Books, 2 7/8"" x 5"", 3 Forms per Page",Wrap Bag,0.38,4/30/2010
4838,34407,7/31/2010,Low,41,1484.89,0.03,Regular Air,220.99,35.89,14.72,Rachel Payne,Manitoba,Prarie,Consumer,Office Supplies,Envelopes,Jet-Pak Recycled Peel 'N' Seal Padded Mailers,Small Box,0.4,7/31/2010
4954,35265,11/29/2010,Not Specified,4,125.78,0.02,Regular Air,8.43,30.56,2.99,Sean Braxton,Manitoba,Prarie,Small Business,Office Supplies,Binders and Binder Accessories,Surelockª Post Binders,Small Box,0.35,11/30/2010
4955,35265,11/29/2010,Not Specified,16,577,0.04,Delivery Truck,-112.88,33.94,19.19,Sean Braxton,Manitoba,Prarie,Small Business,Furniture,Chairs & Chairmats,"Metal Folding Chairs, Beige, 4/Carton",Jumbo Drum,0.58,11/30/2010
4956,35265,11/29/2010,Not Specified,2,24.53,0.04,Regular Air,-28.14,9.49,5.76,Sean Braxton,Manitoba,Prarie,Small Business,Technology,Office Machines,"Sharp EL501VB Scientific Calculator, Battery Operated, 10-Digit Display, Hard Case",Medium Box,0.39,12/1/2010
5050,36003,10/31/2010,Medium,40,207.42,0.04,Regular Air,-115.35,4.91,5.68,Linda Southworth,Manitoba,Prarie,Consumer,Office Supplies,Binders and Binder Accessories,"Acco Pressboard Covers with Storage Hooks, 14 7/8"" x 11"", Light Blue",Small Box,0.36,11/2/2010
5051,36003,10/31/2010,Medium,48,1031.18,0.01,Regular Air,349.82,19.98,5.77,Linda Southworth,Manitoba,Prarie,Consumer,Office Supplies,Paper,Xerox Blank Computer Paper,Small Box,0.38,11/2/2010
5065,36102,5/20/2010,Not Specified,36,461.4,0.03,Regular Air,36.39,12.07,6.2,Gene McClure,Manitoba,Prarie,Consumer,Furniture,Office Furnishings,Eldon¨ 500 Classª Desk Accessories,Wrap Bag,0.52,5/21/2010
5094,36295,9/4/2010,Medium,10,278.1,0.09,Regular Air,68.10,30.56,2.99,Nora Pelletier,Manitoba,Prarie,Corporate,Office Supplies,Binders and Binder Accessories,Surelockª Post Binders,Small Box,0.35,9/6/2010
5095,36323,10/18/2010,High,5,85.89,0.08,Regular Air,-48.88,15.98,6.5,Maurice Satty,Manitoba,Prarie,Corporate,Technology,Computer Peripherals,Logitech Access Keyboard,Small Box,0.48,10/20/2010
6178,43782,11/13/2010,Medium,27,194.35,0,Regular Air,30.88,6.75,2.99,Rick Bensley,Manitoba,Prarie,Consumer,Office Supplies,Binders and Binder Accessories,Wilson Jones DublLock¨ D-Ring Binders,Small Box,0.35,11/15/2010
6195,43904,5/1/2010,Not Specified,43,413.83,0.08,Regular Air,111.74,10.01,1.99,Michael Oakman,Manitoba,Prarie,Small Business,Technology,Computer Peripherals,TDK 4.7GB DVD-R,Small Pack,0.41,5/3/2010
6196,43904,5/1/2010,Not Specified,30,3339.65,0.01,Regular Air,788.51,125.99,7.69,Michael Oakman,Manitoba,Prarie,Small Business,Technology,Telephones and Communication,Timeport L7089,Small Box,0.58,5/2/2010
6221,44064,3/3/2010,Medium,43,468.48,0.07,Express Air,-213.49,11.34,11.25,Theresa Swint,Manitoba,Prarie,Consumer,Office Supplies,Paper,Staples 1 Part Blank Computer Paper,Small Box,0.36,3/5/2010
6222,44064,3/3/2010,Medium,23,284.14,0.05,Regular Air,-104.18,11.66,8.99,Theresa Swint,Manitoba,Prarie,Consumer,Office Supplies,Pens & Art Supplies,Boston 16765 Mini Stand Up Battery Pencil Sharpener,Small Pack,0.59,3/6/2010
6240,44224,8/9/2010,High,32,198.7,0.1,Regular Air,-62.13,6.48,2.74,Natalie Webber,Manitoba,Prarie,Corporate,Technology,Computer Peripherals,"Sony MFD2HD Formatted Diskettes, 10/Pack",Small Pack,0.71,8/10/2010
6339,44935,11/17/2010,High,37,99.65,0.01,Regular Air,27.00,2.62,0.8,Arthur Gainer,Manitoba,Prarie,Consumer,Office Supplies,Rubber Bands,Staples Metal Binder Clips,Wrap Bag,0.39,11/20/2010
6398,45413,6/8/2010,High,18,85.74,0.03,Regular Air,-73.57,4.38,6.21,Eric Barreto,Manitoba,Prarie,Small Business,Office Supplies,Binders and Binder Accessories,Acco 3-Hole Punch,Small Box,0.37,6/9/2010
6399,45413,6/8/2010,High,17,2031.98,0.05,Regular Air,778.60,120.98,9.07,Eric Barreto,Manitoba,Prarie,Small Business,Office Supplies,Binders and Binder Accessories,GBC VeloBinder Electric Binding Machine,Small Box,0.35,6/9/2010
6400,45413,6/8/2010,High,24,131.94,0.04,Regular Air,2.32,5.28,2.99,Eric Barreto,Manitoba,Prarie,Small Business,Office Supplies,Binders and Binder Accessories,"Wilson Jones 1"" Hanging DublLock¨ Ring Binders",Small Box,0.37,6/8/2010
6490,46211,6/11/2010,Low,47,1243.52,0.08,Regular Air,360.94,26.48,6.93,Gary Hwang,Manitoba,Prarie,Home Office,Furniture,Office Furnishings,DAX Natural Wood-Tone Poster Frame,Small Box,0.49,6/18/2010
6597,46949,3/7/2010,High,37,319.39,0.03,Regular Air,-39.33,8.46,3.62,Mick Crebagga,Manitoba,Prarie,Home Office,Technology,Computer Peripherals,"Imation 3.5"", RTS 247544 3M 3.5 DSDD, 10/Pack",Small Pack,0.61,3/8/2010
6714,47844,12/12/2010,Critical,41,5824.01,0.1,Delivery Truck,-288.68,150.98,30,Tanja Norvell,Manitoba,Prarie,Consumer,Furniture,Chairs & Chairmats,Novimex Swivel Fabric Task Chair,Jumbo Drum,0.74,12/14/2010
7037,50242,7/19/2010,Not Specified,8,1391.7645,0.08,Regular Air,-426.07,205.99,8.99,Ross Baird,Manitoba,Prarie,Corporate,Technology,Telephones and Communication,TimeportP7382,Small Box,0.56,7/21/2010
7072,50469,6/19/2010,Not Specified,44,839.19,0,Regular Air,76.38,17.98,8.51,Harry Marie,Manitoba,Prarie,Consumer,Technology,Office Machines,Canon P1-DHIII Palm Printing Calculator,Medium Box,0.4,6/20/2010
7504,53568,6/28/2010,Medium,34,4281.13,0.05,Delivery Truck,-1446.08,122.99,70.2,Gary Hwang,Manitoba,Prarie,Home Office,Furniture,Chairs & Chairmats,"Global High-Back Leather Tilter, Burgundy",Jumbo Drum,0.74,6/29/2010
7715,55297,10/19/2010,Medium,29,566.66,0.1,Regular Air,60.59,19.98,8.68,Jamie Frazer,Manitoba,Prarie,Small Business,Office Supplies,Paper,Southworth 25% Cotton Premium Laser Paper and Envelopes,Small Box,0.37,10/21/2010
7956,56835,2/20/2010,Not Specified,1,10.94,0.1,Regular Air,-5.16,9.11,2.25,Roland Murray,Manitoba,Prarie,Home Office,Office Supplies,Pens & Art Supplies,Dixon Ticonderoga Core-Lock Colored Pencils,Wrap Bag,0.52,2/20/2010
8112,57921,8/18/2010,Medium,8,45.24,0.01,Regular Air,-42.12,4.98,4.62,Arthur Gainer,Manitoba,Prarie,Consumer,Technology,Computer Peripherals,"Imation 3.5"", DISKETTE 44766 HGHLD3.52HD/FM, 10/Pack",Small Pack,0.64,8/18/2010
8113,57921,8/18/2010,Medium,7,148.05,0.08,Regular Air,-45.94,21.38,8.99,Arthur Gainer,Manitoba,Prarie,Consumer,Office Supplies,Pens & Art Supplies,Boston 1730 StandUp Electric Pencil Sharpener,Small Pack,0.59,8/20/2010
8279,59174,1/1/2010,Medium,6,1193.1,0.09,Express Air,-139.50,204.1,13.99,Emily Ducich,Manitoba,Prarie,Consumer,Technology,Office Machines,"Soundgear Copyboard Conference Phone, Optional Battery",Medium Box,0.37,1/3/2010
8350,59684,12/29/2010,Medium,50,9059.9,0.07,Delivery Truck,778.01,180.98,55.24,Susan MacKendrick,Manitoba,Prarie,Corporate,Office Supplies,Appliances,Avanti 4.4 Cu. Ft. Refrigerator,Jumbo Drum,0.57,1/15/2011
8351,59684,12/29/2010,Medium,41,368.17,0,Express Air,-15.12,8.32,2.38,Susan MacKendrick,Manitoba,Prarie,Corporate,Technology,Computer Peripherals,"Imation 3.5 IBM Formatted Diskettes, 10/Box",Small Pack,0.74,1/16/2011
8352,59684,12/29/2010,Medium,3,14.46,0.06,Regular Air,-5.26,4.2,2.26,Susan MacKendrick,Manitoba,Prarie,Corporate,Office Supplies,Paper,"Important Message Pads, 50 4-1/4 x 5-1/2 Forms per Pad",Wrap Bag,0.36,1/17/2011
8353,59684,12/29/2010,Medium,25,168.39,0.03,Regular Air,-144.89,6.48,9.68,Susan MacKendrick,Manitoba,Prarie,Corporate,Office Supplies,Paper,Xerox 1993,Small Box,0.36,12/30/2010
38,229,12/28/2010,Critical,24,599.1,0.02,Regular Air,3.82,24.92,12.98,Peter Fuller,Saskachewan,Prarie,Consumer,Office Supplies,Binders and Binder Accessories,GBC Standard Therm-A-Bind Covers,Small Box,0.39,12/29/2010
372,2593,9/3/2010,High,5,2004.12,0.1,Express Air,276.68,420.98,19.99,John Dryer,Saskachewan,Prarie,Corporate,Office Supplies,Binders and Binder Accessories,GBC DocuBind 200 Manual Binding Machine,Small Box,0.35,9/5/2010
373,2593,9/3/2010,High,15,3841.72,0.03,Delivery Truck,691.13,243.98,43.32,John Dryer,Saskachewan,Prarie,Corporate,Furniture,Chairs & Chairmats,"Hon Deluxe Fabric Upholstered Stacking Chairs, Rounded Back",Jumbo Drum,0.55,9/4/2010
501,3461,1/30/2010,Critical,47,2053.379,0.1,Regular Air,1040.40,55.99,1.25,Susan Gilcrest,Saskachewan,Prarie,Home Office,Technology,Telephones and Communication,Accessory32,Small Pack,0.35,2/1/2010
502,3461,1/30/2010,Critical,35,3206.3955,0.08,Regular Air,784.77,115.99,2.5,Susan Gilcrest,Saskachewan,Prarie,Home Office,Technology,Telephones and Communication,StarTAC 7797,Small Box,0.55,2/1/2010
610,4166,2/27/2010,Low,19,138.85,0.08,Regular Air,-49.35,7.1,6.05,Patrick Ryan,Saskachewan,Prarie,Corporate,Office Supplies,Binders and Binder Accessories,"Wilson Jones Hanging View Binder, White, 1""",Small Box,0.39,2/27/2010
712,5059,11/9/2010,High,5,41.18,0.1,Express Air,-19.31,5.44,7.46,Randy Bradley,Saskachewan,Prarie,Small Business,Office Supplies,Binders and Binder Accessories,Wilson Jones Custom Binder Spines & Labels,Small Box,0.36,11/11/2010
1037,7559,10/12/2010,Critical,9,90.37,0.05,Regular Air,-374.82,4.48,49,Patrick Ryan,Saskachewan,Prarie,Corporate,Office Supplies,Appliances,Hoover Portapowerª Portable Vacuum,Large Box,0.6,10/14/2010
1038,7559,10/12/2010,Critical,39,806.05,0.04,Regular Air,-63.39,20.95,5.99,Patrick Ryan,Saskachewan,Prarie,Corporate,Technology,Computer Peripherals,"Fellowes Basic 104-Key Keyboard, Platinum",Small Box,0.65,10/13/2010
1180,8642,1/16/2010,High,26,151.05,0.09,Regular Air,-76.14,5.8,5.59,Patrick Ryan,Saskachewan,Prarie,Corporate,Office Supplies,Binders and Binder Accessories,Wilson Jones ÒSnapÓ Scratch Pad Binder Tool for Ring Binders,Small Box,0.4,1/17/2010
1181,8642,1/16/2010,High,13,133.04,0.04,Regular Air,49.69,10.35,0.99,Patrick Ryan,Saskachewan,Prarie,Corporate,Office Supplies,Labels,Avery 503,Small Box,0.37,1/17/2010
1834,13127,7/31/2010,Medium,13,951.31,0.06,Delivery Truck,-333.07,68.81,60,Sam Craven,Saskachewan,Prarie,Home Office,Office Supplies,Appliances,"Holmes Replacement Filter for HEPA Air Cleaner, Very Large Room, HEPA Filter",Jumbo Drum,0.41,8/3/2010
2092,14978,5/27/2010,Critical,14,12043.88,0.07,Delivery Truck,2011.31,880.98,44.55,Randy Bradley,Saskachewan,Prarie,Corporate,Furniture,Bookcases,"Riverside Palais Royal Lawyers Bookcase, Royale Cherry Finish",Jumbo Box,0.62,5/28/2010
2093,14978,5/27/2010,Critical,14,195.12,0,Regular Air,-6.32,13.48,4.51,Randy Bradley,Saskachewan,Prarie,Corporate,Office Supplies,Storage & Organization,"Tenex Personal Project File with Scoop Front Design, Black",Small Box,0.59,5/28/2010
2429,17666,9/8/2010,Medium,19,82.56,0.01,Regular Air,21.74,4,1.3,Sam Craven,Saskachewan,Prarie,Home Office,Office Supplies,Paper,EcoTones¨ Memo Sheets,Wrap Bag,0.37,9/10/2010
2430,17666,9/8/2010,Medium,11,141.07,0.08,Regular Air,-5.10,12.98,3.14,Sam Craven,Saskachewan,Prarie,Home Office,Office Supplies,"Scissors, Rulers and Trimmers","Acme¨ 8"" Straight Scissors",Small Pack,0.6,9/8/2010
2991,21600,4/4/2010,Low,17,169.48,0.03,Regular Air,48.55,10.14,2.27,Ashley Jarboe,Saskachewan,Prarie,Home Office,Office Supplies,Paper,"Staples Wirebound Steno Books, 6"" x 9"", 12/Pack",Wrap Bag,0.36,4/11/2010
3082,22117,8/12/2010,Critical,16,581.52,0.03,Express Air,175.16,35.44,7.5,Rick Hansen,Saskachewan,Prarie,Home Office,Office Supplies,Paper,Xerox 1906,Small Box,0.38,8/13/2010
3083,22117,8/12/2010,Critical,5,19.17,0.1,Regular Air,-16.42,3.28,3.97,Rick Hansen,Saskachewan,Prarie,Home Office,Office Supplies,Pens & Art Supplies,Newell 342,Wrap Bag,0.56,8/15/2010
3119,22404,11/16/2010,Low,35,7264.64,0.06,Regular Air,1845.68,218.08,18.06,Joseph Holt,Saskachewan,Prarie,Home Office,Furniture,Chairs & Chairmats,"Lifetime Advantageª Folding Chairs, 4/Carton",Large Box,0.57,11/23/2010
3266,23362,8/27/2010,Medium,45,852.05,0.1,Regular Air,-20.60,19.98,10.49,Randy Bradley,Saskachewan,Prarie,Small Business,Furniture,Office Furnishings,12-1/2 Diameter Round Wall Clock,Small Box,0.49,8/29/2010
3275,23399,12/29/2010,High,14,209.3,0.01,Express Air,7.86,13.48,4.51,Randy Bradley,Saskachewan,Prarie,Small Business,Office Supplies,Storage & Organization,"Tenex Personal Project File with Scoop Front Design, Black",Small Box,0.59,12/29/2010
3534,25155,1/20/2010,Low,48,1038.99,0,Regular Air,-180.45,19.94,14.87,John Dryer,Saskachewan,Prarie,Corporate,Furniture,Office Furnishings,Luxo Economy Swing Arm Lamp,Large Box,0.57,1/27/2010
3535,25155,1/20/2010,Low,17,114.01,0.08,Regular Air,6.99,6.69,3.1,John Dryer,Saskachewan,Prarie,Corporate,Office Supplies,Paper,"Wirebound Message Books, 5-1/2 x 4 Forms, 2 or 4 Forms per Page",Wrap Bag,0.36,1/27/2010
3536,25155,1/20/2010,Low,3,30.37,0.01,Express Air,-1.74,4.98,5.49,John Dryer,Saskachewan,Prarie,Corporate,Office Supplies,Paper,Xerox 1952,Small Box,0.38,1/25/2010
3736,26693,8/21/2010,Medium,44,2094.978,0.06,Express Air,697.29,55.99,1.25,William Brown,Saskachewan,Prarie,Corporate,Technology,Telephones and Communication,Accessory2,Small Pack,0.55,8/23/2010
3777,26951,4/8/2010,Not Specified,3,451.81,0.05,Regular Air,-318.59,150.98,13.99,Kean Takahito,Saskachewan,Prarie,Home Office,Technology,Office Machines,Canon MP41DH Printing Calculator,Medium Box,0.38,4/9/2010
3812,27141,2/4/2010,Not Specified,25,495.8,0.03,Regular Air,107.82,19.04,6.38,Patrick Ryan,Saskachewan,Prarie,Corporate,Furniture,Office Furnishings,"Eldon Expressionsª Desk Accessory, Wood Photo Frame, Mahogany",Small Box,0.56,2/5/2010
3813,27141,2/4/2010,Not Specified,28,1645.51,0.06,Regular Air,300.34,59.76,9.71,Patrick Ryan,Saskachewan,Prarie,Corporate,Office Supplies,Storage & Organization,"Advantus 10-Drawer Portable Organizer, Chrome Metal Frame, Smoke Drawers",Small Box,0.57,2/5/2010
3843,27426,2/23/2010,Low,41,438.66,0.01,Regular Air,58.86,9.99,4.78,William Brown,Saskachewan,Prarie,Home Office,Office Supplies,Paper,Xerox 1896,Small Box,0.4,2/25/2010
3844,27426,2/23/2010,Low,32,416.99,0.02,Express Air,-93.62,12.88,4.59,William Brown,Saskachewan,Prarie,Home Office,Office Supplies,"Scissors, Rulers and Trimmers",Martin-Yale Premier Letter Opener,Wrap Bag,0.82,3/2/2010
3898,27810,1/28/2010,High,32,216.51,0.02,Express Air,109.29,6.3,0.5,Julia Dunbar,Saskachewan,Prarie,Consumer,Office Supplies,Labels,Avery 51,Small Box,0.39,1/30/2010
4565,32455,9/23/2010,High,43,4620.53,0,Regular Air,1025.23,99.99,19.99,Peter Fuller,Saskachewan,Prarie,Corporate,Technology,Computer Peripherals,US Robotics 56K V.92 External Faxmodem,Small Box,0.52,9/24/2010
4835,34402,5/2/2010,High,38,3016.85,0.05,Regular Air,-967.67,80.98,35,Mitch Willingham,Saskachewan,Prarie,Corporate,Office Supplies,Storage & Organization,Carina Double Wide Media Storage Towers in Natural & Black,Large Box,0.81,5/4/2010
4836,34402,5/2/2010,High,11,48.5,0.07,Express Air,23.88,3.15,0.5,Mitch Willingham,Saskachewan,Prarie,Corporate,Office Supplies,Labels,Avery 520,Small Box,0.37,5/5/2010
5218,37127,10/2/2010,High,19,178.44,0.03,Regular Air,50.13,9.11,2.15,John Dryer,Saskachewan,Prarie,Corporate,Office Supplies,Paper,"Black Print Carbonless Snap-Off¨ Rapid Letter, 8 1/2"" x 7""",Wrap Bag,0.4,10/3/2010
5543,39267,1/18/2010,High,26,430.33,0.08,Regular Air,85.48,17.78,5.03,Sam Craven,Saskachewan,Prarie,Home Office,Furniture,Office Furnishings,"Seth Thomas 13 1/2"" Wall Clock",Small Box,0.54,1/20/2010
5544,39267,1/18/2010,High,46,1221.47,0.09,Regular Air,-233.14,28.28,13.99,Sam Craven,Saskachewan,Prarie,Home Office,Office Supplies,Storage & Organization,Eldon Portable Mobile Manager,Medium Box,0.58,1/19/2010
6099,43207,6/9/2010,Low,45,2207.9,0.02,Regular Air,579.76,49.34,10.25,Julia Dunbar,Saskachewan,Prarie,Consumer,Furniture,Office Furnishings,Electrix Fluorescent Magnifier Lamps & Weighted Base,Large Box,0.57,6/13/2010
6100,43207,6/9/2010,Low,41,139.93,0.05,Regular Air,-3.06,3.28,1.95,Julia Dunbar,Saskachewan,Prarie,Consumer,Office Supplies,Pens & Art Supplies,"Sanford Colorific¨ Eraseable Coloring Pencils, 12 Count",Wrap Bag,0.42,6/16/2010
6101,43207,6/9/2010,Low,8,15.45,0.05,Regular Air,-7.75,1.81,1.56,Julia Dunbar,Saskachewan,Prarie,Consumer,Office Supplies,Rubber Bands,Colored Push Pins,Wrap Bag,0.49,6/11/2010
6253,44290,3/21/2010,Medium,49,508.38,0.06,Regular Air,4.68,10.4,5.4,Peter Fuller,Saskachewan,Prarie,Corporate,Furniture,Office Furnishings,"Executive Impressions 8-1/2"" Career Panel/Partition Cubicle Clock",Small Pack,0.51,3/23/2010
6254,44290,3/21/2010,Medium,28,281.09,0.01,Regular Air,-114.58,9.06,9.86,Peter Fuller,Saskachewan,Prarie,Corporate,Office Supplies,Paper,Southworth 25% Cotton Linen-Finish Paper & Envelopes,Small Box,0.4,3/23/2010
6255,44290,3/21/2010,Medium,41,276.65,0.02,Regular Air,-75.28,6.48,5.87,Peter Fuller,Saskachewan,Prarie,Corporate,Office Supplies,Paper,Xerox 229,Small Box,0.37,3/23/2010
6304,44613,8/30/2010,High,34,1911.69,0.07,Regular Air,939.43,55.98,5.15,Neoma Murray,Saskachewan,Prarie,Small Business,Office Supplies,Paper,Xerox 1934,Small Box,0.36,8/31/2010
6305,44613,8/30/2010,High,17,120.751,0.03,Regular Air,-71.39,7.99,5.03,Neoma Murray,Saskachewan,Prarie,Small Business,Technology,Telephones and Communication,Bell Sonecor JB700 Caller ID,Medium Box,0.6,8/31/2010
6306,44613,8/30/2010,High,45,245.55,0.03,Regular Air,-227.25,5.28,8.16,Neoma Murray,Saskachewan,Prarie,Small Business,Office Supplies,Paper,Xerox 1963,Small Box,0.4,8/31/2010
6435,45733,12/6/2010,Critical,39,851.17,0.07,Regular Air,-131.28,22.38,15.1,Maya Herman,Saskachewan,Prarie,Corporate,Office Supplies,Binders and Binder Accessories,"Avery Flip-Chart Easel Binder, Black",Small Box,0.38,12/7/2010
6685,47554,3/13/2010,Low,9,436.3,0.08,Delivery Truck,-50.31,50.98,14.19,John Dryer,Saskachewan,Prarie,Corporate,Furniture,Chairs & Chairmats,"Global Deluxe Stacking Chair, Gray",Jumbo Drum,0.56,3/13/2010
6686,47554,3/13/2010,Low,47,364.23,0.01,Regular Air,41.58,7.59,4,John Dryer,Saskachewan,Prarie,Corporate,Furniture,Office Furnishings,"Master Giant Foot¨ Doorstop, Safety Yellow",Wrap Bag,0.42,3/20/2010
7020,50087,5/15/2010,Not Specified,17,58.86,0.03,Regular Air,6.96,3.29,1.35,Patrick Ryan,Saskachewan,Prarie,Corporate,Office Supplies,Rubber Bands,Acco¨ Hot Clipsª Clips to Go,Wrap Bag,0.4,5/17/2010
7383,52641,10/8/2010,Not Specified,6,834.2155,0.02,Regular Air,-449.42,155.99,8.08,Julia Dunbar,Saskachewan,Prarie,Consumer,Technology,Telephones and Communication,300 Series Non-Flip,Small Box,0.6,10/10/2010
7689,55136,10/9/2010,Critical,29,134.68,0.1,Regular Air,-66.46,4.98,4.7,William Brown,Saskachewan,Prarie,Home Office,Office Supplies,Paper,Staples Copy Paper (20Lb. and 84 Bright),Small Box,0.38,10/11/2010
7794,55750,8/27/2010,Critical,31,5445.992,0.08,Delivery Truck,-791.66,218.75,69.64,Nick Zandusky,Saskachewan,Prarie,Small Business,Furniture,Tables,BoxOffice By Design Rectangular and Half-Moon Meeting Room Tables,Jumbo Box,0.77,8/29/2010
8122,58053,1/8/2010,Medium,42,287.75,0.02,Regular Air,-136.02,6.68,7.3,Susan Gilcrest,Saskachewan,Prarie,Home Office,Office Supplies,Paper,Xerox 1959,Small Box,0.37,1/10/2010
8152,58308,5/21/2010,Not Specified,35,2173.26,0,Delivery Truck,-465.66,58.14,36.61,William Brown,Saskachewan,Prarie,Corporate,Furniture,Bookcases,O'Sullivan 3-Shelf Heavy-Duty Bookcases,Jumbo Box,0.61,5/21/2010
8153,58308,5/21/2010,Not Specified,20,623.29,0,Regular Air,57.44,29.99,5.5,William Brown,Saskachewan,Prarie,Corporate,Technology,Computer Peripherals,Logitech Cordless Access Keyboard,Small Box,0.51,5/22/2010
8154,58308,5/21/2010,Not Specified,2,40.34,0.03,Regular Air,-23.62,16.16,7.74,William Brown,Saskachewan,Prarie,Corporate,Furniture,Office Furnishings,Contemporary Wood/Metal Frame,Small Box,0.5,5/23/2010
8363,59777,12/12/2010,High,19,917.31,0.05,Express Air,-139.86,49.99,19.99,Sam Craven,Saskachewan,Prarie,Home Office,Technology,Computer Peripherals,US Robotics 56K V.92 Internal PCI Faxmodem,Small Box,0.45,12/13/2010
981,7105,6/21/2010,Low,17,77.19,0.03,Regular Air,-81.35,4.06,6.89,Brian Moss,Saskachewan,Prarie,Corporate,Office Supplies,Appliances,Eureka Disposable Bags for Sanitaire¨ Vibra Groomer I¨ Upright Vac,Small Box,0.6,6/28/2010
2642,19136,8/4/2010,Not Specified,44,1372.9455,0,Regular Air,429.89,35.99,1.25,Michelle Moray,Saskachewan,Prarie,Corporate,Technology,Telephones and Communication,Accessory13,Small Pack,0.57,8/6/2010
2657,19206,3/30/2010,Low,40,88.02,0,Regular Air,-6.54,2.08,1.49,Michelle Moray,Saskachewan,Prarie,Corporate,Office Supplies,Binders and Binder Accessories,Economy Binders,Small Box,0.36,4/3/2010
2658,19206,3/30/2010,Low,32,800,0.1,Delivery Truck,-210.30,25.98,14.36,Michelle Moray,Saskachewan,Prarie,Corporate,Furniture,Chairs & Chairmats,"Global Stack Chair without Arms, Black",Jumbo Drum,0.6,4/1/2010
2888,20832,7/30/2010,Not Specified,47,88.7,0.06,Regular Air,-20.45,1.88,1.49,Eugene Moren,Saskachewan,Prarie,Home Office,Office Supplies,Binders and Binder Accessories,Staples¨ General Use 3-Ring Binders,Small Box,0.37,7/30/2010
2889,20832,7/30/2010,Not Specified,39,105.89,0.08,Regular Air,4.13,2.84,0.93,Eugene Moren,Saskachewan,Prarie,Home Office,Office Supplies,Pens & Art Supplies,SANFORD Liquid Accentª Tank-Style Highlighters,Wrap Bag,0.54,8/1/2010
3191,22887,11/18/2010,Not Specified,34,9107.27,0.07,Regular Air,2463.36,276.2,24.49,Eugene Moren,Saskachewan,Prarie,Home Office,Furniture,Chairs & Chairmats,SAFCO Arco Folding Chair,Large Box,,11/19/2010
3878,27687,4/22/2010,Medium,38,251.3,0.1,Regular Air,-112.72,7.1,6.05,Maribeth Yedwab,Saskachewan,Prarie,Home Office,Office Supplies,Binders and Binder Accessories,"Wilson Jones Hanging View Binder, White, 1""",Small Box,0.39,4/24/2010
3889,27776,5/4/2010,Low,41,226.68,0.04,Express Air,-159.35,4.98,7.28,Liz Price,Saskachewan,Prarie,Corporate,Office Supplies,Paper,Xerox 1926,Small Box,0.38,5/8/2010
4268,30374,3/21/2010,Critical,12,709.54,0.07,Regular Air,131.44,59.98,3.99,Michelle Moray,Saskachewan,Prarie,Corporate,Office Supplies,Appliances,Belkin 8 Outlet SurgeMaster II Gold Surge Protector,Small Box,0.57,3/22/2010
4269,30374,3/21/2010,Critical,42,1220.08,0,Regular Air,515.64,28.48,1.99,Michelle Moray,Saskachewan,Prarie,Corporate,Technology,Computer Peripherals,"Memorex 4.7GB DVD+RW, 3/Pack",Small Pack,0.4,3/22/2010
4458,31780,1/29/2010,Medium,17,734.25,0.08,Express Air,160.58,42.98,4.62,Max Ludwig,Saskachewan,Prarie,Corporate,Office Supplies,Appliances,Belkin F9M820V08 8 Outlet Surge,Small Box,0.56,1/31/2010
4923,35043,7/19/2010,Not Specified,45,125.21,0.01,Express Air,37.99,2.62,0.8,Maribeth Yedwab,Saskachewan,Prarie,Home Office,Office Supplies,Rubber Bands,Staples Metal Binder Clips,Wrap Bag,0.39,7/20/2010
4924,35043,7/19/2010,Not Specified,9,924.1115,0.06,Regular Air,-287.99,125.99,8.08,Maribeth Yedwab,Saskachewan,Prarie,Home Office,Technology,Telephones and Communication,M3682,Small Box,0.57,7/20/2010
5281,37603,11/24/2010,Medium,50,2440.26,0,Regular Air,917.28,45.19,1.99,Liz Price,Saskachewan,Prarie,Consumer,Technology,Computer Peripherals,"Verbatim DVD-RAM, 9.4GB, Rewritable, Type 1, DS, DataLife Plus",Small Pack,0.55,11/26/2010
5282,37603,11/24/2010,Medium,23,1008.19,0.03,Regular Air,210.01,45.19,1.99,Liz Price,Saskachewan,Prarie,Consumer,Technology,Computer Peripherals,"Verbatim DVD-RAM, 9.4GB, Rewritable, Type 1, DS, DataLife Plus",Small Pack,0.55,11/26/2010
6641,47232,8/17/2010,Not Specified,39,546.4,0.1,Express Air,-138.82,15.14,4.53,Brian Moss,Saskachewan,Prarie,Corporate,Office Supplies,Storage & Organization,Eldon¨ Gobal File Keepers,Small Box,0.81,8/19/2010
7844,56099,10/5/2010,Low,11,122.35,0.02,Regular Air,-13.55,10.98,3.99,Michelle Moray,Saskachewan,Prarie,Corporate,Office Supplies,Appliances,Staples Surge Protector 6 outlet,Small Box,0.58,10/12/2010
1007,7363,11/9/2010,Medium,24,875.52,0.09,Regular Air,5.71,37.93,13.99,Sung Shariari,Saskachewan,Prarie,Corporate,Furniture,Office Furnishings,"Eldon Delta Triangular Chair Mat, 52"" x 58"", Clear",Wrap Bag,0.67,11/11/2010
1155,8416,8/6/2010,Low,2,22.07,0.07,Regular Air,-15.45,5.98,10.39,Nicole Fjeld,Saskachewan,Prarie,Small Business,Office Supplies,Paper,Xerox 1895,Small Box,0.4,8/10/2010
1378,9957,11/30/2010,Not Specified,31,74.75,0.06,Express Air,-115.43,2.28,5.2,Suzanne McNair,Saskachewan,Prarie,Corporate,Office Supplies,Pens & Art Supplies,"Binney & Smith inkTankª Erasable Pocket Highlighter, Chisel Tip, Yellow",Wrap Bag,0.41,12/1/2010
1760,12613,4/10/2010,Medium,3,15.64,0.08,Regular Air,-16.01,3.36,6.27,Richard Eichhorn,Saskachewan,Prarie,Consumer,Office Supplies,Binders and Binder Accessories,Cardinal Poly Pocket Divider Pockets for Ring Binders,Small Box,0.4,4/13/2010
1761,12613,4/10/2010,Medium,28,1751.08,0,Regular Air,587.01,59.78,10.29,Richard Eichhorn,Saskachewan,Prarie,Consumer,Office Supplies,Binders and Binder Accessories,GBC Recycled Regency Composition Covers,Small Box,0.39,4/11/2010
1762,12613,4/10/2010,Medium,18,225.37,0.04,Express Air,77.53,12.22,2.85,Richard Eichhorn,Saskachewan,Prarie,Consumer,Furniture,Office Furnishings,Aluminum Document Frame,Small Pack,0.55,4/11/2010
1924,13767,8/26/2010,High,29,597.66,0.08,Regular Air,-178.00,21.66,13.99,Nona Balk,Saskachewan,Prarie,Corporate,Office Supplies,Appliances,Holmes 99% HEPA Air Purifier,Medium Box,0.52,8/28/2010
1925,13767,8/26/2010,High,45,1403.741,0.01,Regular Air,622.25,35.99,3.3,Nona Balk,Saskachewan,Prarie,Corporate,Technology,Telephones and Communication,Accessory9,Small Pack,0.39,8/28/2010
1926,13767,8/26/2010,High,10,1246.3635,0.06,Regular Air,-339.11,155.99,8.99,Nona Balk,Saskachewan,Prarie,Corporate,Technology,Telephones and Communication,LX 788,Small Box,0.58,8/27/2010
2750,19841,12/26/2010,Low,43,4687.6735,0.06,Express Air,1304.56,125.99,8.08,Tom Stivers,Saskachewan,Prarie,Corporate,Technology,Telephones and Communication,M3682,Small Box,0.57,1/14/2011
5432,38596,4/2/2010,Medium,20,193.7,0.06,Regular Air,-14.99,9.85,4.82,Aleksandra Gannaway,Saskachewan,Prarie,Corporate,Office Supplies,Pens & Art Supplies,Lumber Crayons,Wrap Bag,0.47,4/3/2010
5807,41186,11/22/2010,High,33,553.3415,0.08,Regular Air,-67.71,20.99,0.99,Aleksandra Gannaway,Saskachewan,Prarie,Corporate,Technology,Telephones and Communication,Accessory15,Small Pack,0.83,11/23/2010
6611,47040,8/16/2010,High,38,487.98,0.01,Regular Air,8.10,12.53,7.17,Rob Beeghly,Saskachewan,Prarie,Consumer,Office Supplies,Binders and Binder Accessories,GBC ProClick Spines for 32-Hole Punch,Small Box,0.38,8/17/2010
6792,48391,10/29/2010,Not Specified,45,254.92,0.1,Regular Air,-99.62,5.98,5.46,Nick Crebassa,Saskachewan,Prarie,Corporate,Office Supplies,Paper,Xerox 1983,Small Box,0.36,10/30/2010
7255,51780,7/24/2010,Low,26,1846.2,0.04,Delivery Truck,-584.93,68.81,60,Rob Beeghly,Saskachewan,Prarie,Consumer,Office Supplies,Appliances,"Holmes Replacement Filter for HEPA Air Cleaner, Very Large Room, HEPA Filter",Jumbo Drum,0.41,7/26/2010
7256,51780,7/24/2010,Low,11,32.03,0.09,Regular Air,7.41,3.15,0.5,Rob Beeghly,Saskachewan,Prarie,Consumer,Office Supplies,Labels,Avery 520,Small Box,0.37,7/31/2010
7257,51780,7/24/2010,Low,44,185.82,0.05,Express Air,11.45,4.2,2.26,Rob Beeghly,Saskachewan,Prarie,Consumer,Office Supplies,Paper,"Important Message Pads, 50 4-1/4 x 5-1/2 Forms per Pad",Wrap Bag,0.36,7/24/2010
7843,56099,10/5/2010,Low,6,96.03,0.1,Regular Air,-59.39,15.7,11.25,Michelle Moray,Saskachewan,Prarie,Corporate,Office Supplies,Storage & Organization,Hanging Personal Folder File,Small Box,0.6,10/12/2010
8390,59939,9/1/2010,Medium,42,130.96,0.05,Regular Air,-66.74,3.14,1.92,Nicole Fjeld,Saskachewan,Prarie,Small Business,Office Supplies,"Scissors, Rulers and Trimmers",Serrated Blade or Curved Handle Hand Letter Openers,Wrap Bag,0.84,9/1/2010
370,2563,11/18/2010,Not Specified,12,31.77,0.04,Regular Air,8.34,2.61,0.5,Brenda Bowman,Saskachewan,Prarie,Small Business,Office Supplies,Labels,Avery 494,Small Box,0.39,11/19/2010
371,2563,11/18/2010,Not Specified,33,208.05,0.01,Regular Air,46.01,5.98,0.96,Brenda Bowman,Saskachewan,Prarie,Small Business,Office Supplies,Pens & Art Supplies,Newell 315,Wrap Bag,0.6,11/19/2010
408,2759,11/24/2010,Not Specified,25,827.47,0,Regular Air,45.37,30.98,6.5,Brenda Bowman,Saskachewan,Prarie,Small Business,Technology,Computer Peripherals,Belkin ErgoBoardª Keyboard,Small Box,0.64,11/26/2010
748,5350,10/9/2010,Low,50,7017.42,0.08,Regular Air,595.20,140.85,19.99,Carl Weiss,Saskachewan,Prarie,Consumer,Office Supplies,Storage & Organization,"Fellowes Strictly Business¨ Drawer File, Letter/Legal Size",Small Box,0.73,10/16/2010
1728,12420,12/26/2010,Medium,34,536.25,0.06,Express Air,-166.75,15.99,13.18,Joel Eaton,Saskachewan,Prarie,Home Office,Office Supplies,Binders and Binder Accessories,"GBC Pre-Punched Binding Paper, Plastic, White, 8-1/2"" x 11""",Small Box,0.37,12/26/2010
1729,12420,12/26/2010,Medium,1,5.73,0.01,Regular Air,-1.84,4.98,0.8,Joel Eaton,Saskachewan,Prarie,Home Office,Office Supplies,Paper,Rediform S.O.S. Phone Message Books,Wrap Bag,0.36,12/27/2010
2458,17859,5/26/2010,Critical,7,182.89,0.07,Regular Air,-99.30,27.48,4,Jack O'Briant,Saskachewan,Prarie,Consumer,Technology,Computer Peripherals,Belkin MediaBoard 104- Keyboard,Small Box,0.75,5/28/2010
2866,20704,2/10/2010,Low,1,5.63,0.03,Regular Air,-3.55,4.71,0.7,Justin Ellison,Saskachewan,Prarie,Home Office,Office Supplies,Rubber Bands,Plymouth Boxed Rubber Bands by Plymouth,Wrap Bag,0.8,2/10/2010
2867,20704,2/10/2010,Low,5,16.48,0.06,Regular Air,-0.33,3.08,0.99,Justin Ellison,Saskachewan,Prarie,Home Office,Office Supplies,Labels,Avery 481,Small Box,0.37,2/15/2010
2868,20704,2/10/2010,Low,38,15655.24,0.09,Regular Air,4818.29,419.19,19.99,Justin Ellison,Saskachewan,Prarie,Home Office,Office Supplies,Storage & Organization,Smead Adjustable Mobile File Trolley with Lockable Top,Small Box,0.58,2/15/2010
3616,25828,11/23/2010,Not Specified,29,163.04,0.08,Regular Air,58.00,5.84,1,Michael Oakman,Saskachewan,Prarie,Small Business,Office Supplies,Pens & Art Supplies,"Quartet Omega¨ Colored Chalk, 12/Pack",Wrap Bag,0.38,11/24/2010
3617,25828,11/23/2010,Not Specified,31,9041.26,0.01,Delivery Truck,-383.03,286.85,61.76,Michael Oakman,Saskachewan,Prarie,Small Business,Furniture,Tables,Riverside Furniture Stanwyck Manor Table Series,Jumbo Box,0.78,11/23/2010
3986,28455,5/30/2010,Medium,12,254.12,0.06,Regular Air,-64.97,20.95,5.99,Jack O'Briant,Saskachewan,Prarie,Small Business,Technology,Computer Peripherals,"Fellowes Basic 104-Key Keyboard, Platinum",Small Box,0.65,6/1/2010
3987,28455,5/30/2010,Medium,37,767.04,0.02,Regular Air,238.84,20.89,1.99,Jack O'Briant,Saskachewan,Prarie,Small Business,Technology,Computer Peripherals,"IBM 80 Minute CD-R Spindle, 50/Pack",Small Pack,0.48,5/31/2010
4850,34499,7/18/2010,Medium,2,555.68,0.01,Delivery Truck,-336.30,243.98,62.94,Joel Eaton,Saskachewan,Prarie,Home Office,Furniture,Chairs & Chairmats,Hon Deluxe Fabric Upholstered Stacking Chairs,Jumbo Drum,0.57,7/19/2010
5039,35910,11/24/2010,High,28,881.501,0.02,Express Air,334.53,35.99,3.3,Kristen Hastings,Saskachewan,Prarie,Corporate,Technology,Telephones and Communication,Accessory9,Small Pack,0.39,11/25/2010
5040,35910,11/24/2010,High,25,161.72,0.09,Regular Air,-121.18,6.48,8.4,Kristen Hastings,Saskachewan,Prarie,Corporate,Office Supplies,Paper,Xerox 212,Small Box,0.37,11/26/2010
5041,35910,11/24/2010,High,36,660.059,0.05,Regular Air,-0.65,20.99,1.25,Kristen Hastings,Saskachewan,Prarie,Corporate,Technology,Telephones and Communication,Accessory29,Small Pack,0.83,11/26/2010
6203,43936,3/13/2010,Critical,42,670.65,0.08,Regular Air,41.66,15.94,5.45,Carl Weiss,Saskachewan,Prarie,Consumer,Office Supplies,Pens & Art Supplies,Boston 16701 Slimline Battery Pencil Sharpener,Small Pack,0.55,3/14/2010
6950,49638,8/7/2010,Medium,17,196.07,0.05,Regular Air,-77.66,10.97,6.5,Jack O'Briant,Saskachewan,Prarie,Home Office,Technology,Computer Peripherals,Micro Innovations 104 Keyboard,Small Box,0.64,8/8/2010
239,1604,7/16/2010,Low,47,622.82,0,Regular Air,128.88,12.64,4.98,Rick Wilson,Saskachewan,Prarie,Consumer,Furniture,Office Furnishings,Nu-Dell Executive Frame,Small Pack,0.48,7/16/2010
445,3012,5/4/2010,Critical,41,120.03,0,Regular Air,10.50,2.78,1.49,Maxwell Schwartz,Saskachewan,Prarie,Corporate,Office Supplies,Binders and Binder Accessories,Wilson Jones Suede Grain Vinyl Binders,Small Box,0.36,5/6/2010
465,3169,12/20/2010,Medium,7,35.58,0.04,Regular Air,-19.95,4.42,4.99,Liz Carlisle,Saskachewan,Prarie,Corporate,Office Supplies,Envelopes,Grip Seal Envelopes,Small Box,0.38,12/21/2010
479,3331,5/20/2010,High,31,153.28,0.05,Regular Air,73.16,4.91,0.5,Neil Knudson,Saskachewan,Prarie,Corporate,Office Supplies,Labels,Avery 508,Small Box,0.36,5/21/2010
560,3783,12/5/2010,Not Specified,11,92.14,0.01,Regular Air,-40.25,8.12,2.83,Jonathan Doherty,Saskachewan,Prarie,Corporate,Technology,Computer Peripherals,"Imation Neon Mac Format Diskettes, 10/Pack",Small Pack,0.77,12/5/2010
561,3783,12/5/2010,Not Specified,40,257.43,0.05,Regular Air,-200.63,6.48,8.73,Jonathan Doherty,Saskachewan,Prarie,Corporate,Office Supplies,Paper,Xerox 227,Small Box,0.37,12/7/2010
668,4675,11/24/2010,Not Specified,4,17.89,0,Regular Air,-1.15,3.98,0.7,Rick Wilson,Saskachewan,Prarie,Consumer,Office Supplies,Pens & Art Supplies,4009¨ Highlighters by Sanford,Wrap Bag,0.52,11/26/2010
942,6848,9/13/2010,High,22,116.84,0.1,Regular Air,-125.44,5.4,7.78,Kelly Collister,Saskachewan,Prarie,Consumer,Office Supplies,Binders and Binder Accessories,3M Organizer Strips,Small Box,0.37,9/14/2010
2398,17381,8/14/2010,High,28,101.25,0.05,Regular Air,40.90,3.75,0.5,Rick Wilson,Saskachewan,Prarie,Corporate,Office Supplies,Labels,Avery 496,Small Box,0.37,8/15/2010
2477,17988,9/22/2010,Low,46,2660.6105,0.03,Regular Air,618.07,65.99,8.99,Anthony Garverick,Saskachewan,Prarie,Small Business,Technology,Telephones and Communication,5180,Small Box,0.56,9/24/2010
2518,18307,2/2/2010,Low,23,441.99,0.08,Express Air,32.36,19.98,8.68,Dennis Pardue,Saskachewan,Prarie,Corporate,Office Supplies,Paper,Southworth 25% Cotton Premium Laser Paper and Envelopes,Small Box,0.37,2/6/2010
2519,18307,2/2/2010,Low,34,245.19,0.03,Regular Air,37.99,7.08,2.35,Dennis Pardue,Saskachewan,Prarie,Corporate,Office Supplies,Pens & Art Supplies,SANFORD Major Accentª Highlighters,Wrap Bag,0.47,2/2/2010
2738,19748,8/4/2010,Not Specified,6,124.65,0.01,Regular Air,13.34,18.97,5.21,Maxwell Schwartz,Saskachewan,Prarie,Corporate,Office Supplies,Paper,Xerox 1887,Small Box,0.37,8/5/2010
2762,19974,11/3/2010,High,14,3830.84,0.1,Delivery Truck,635.33,279.81,23.19,Rick Wilson,Saskachewan,Prarie,Corporate,Office Supplies,Appliances,Sanyo 2.5 Cubic Foot Mid-Size Office Refrigerators,Jumbo Drum,0.59,11/5/2010
2763,19974,11/3/2010,High,22,267.43,0.07,Regular Air,-45.98,12.28,6.13,Rick Wilson,Saskachewan,Prarie,Corporate,Office Supplies,Storage & Organization,Recycled Eldon Regeneration Jumbo File,Small Box,0.57,11/5/2010
3302,23586,1/14/2010,Medium,32,210.9,0.03,Regular Air,-62.46,6.48,5.74,Anthony Garverick,Saskachewan,Prarie,Small Business,Office Supplies,Paper,Xerox 1994,Small Box,0.37,1/17/2010
3993,28512,4/27/2010,Medium,11,323.91,0.09,Regular Air,-96.53,30.73,4,Lindsay Castell,Saskachewan,Prarie,Corporate,Technology,Computer Peripherals,Fellowes 17-key keypad for PS/2 interface,Small Box,0.75,4/28/2010
3994,28512,4/27/2010,Medium,10,185.59,0.1,Regular Air,12.01,19.98,5.77,Lindsay Castell,Saskachewan,Prarie,Corporate,Office Supplies,Paper,Xerox Blank Computer Paper,Small Box,0.38,4/29/2010
3995,28512,4/27/2010,Medium,18,7168.15,0.05,Regular Air,1593.61,419.19,19.99,Lindsay Castell,Saskachewan,Prarie,Corporate,Office Supplies,Storage & Organization,Smead Adjustable Mobile File Trolley with Lockable Top,Small Box,0.58,4/29/2010
4399,31330,6/1/2010,High,2,13.5,0.04,Regular Air,-7.90,5.98,1.67,Paul Stevenson,Saskachewan,Prarie,Corporate,Office Supplies,Pens & Art Supplies,"Dixon Ticonderoga¨ Erasable Colored Pencil Set, 12-Color",Wrap Bag,0.51,6/2/2010
4400,31330,6/1/2010,High,38,540.64,0.02,Regular Air,13.89,13.43,5.5,Paul Stevenson,Saskachewan,Prarie,Corporate,Office Supplies,Storage & Organization,"Fellowes Personal Hanging Folder Files, Navy",Small Box,0.57,6/2/2010
4635,32996,12/17/2010,Critical,15,262.29,0.09,Regular Air,7.26,17.78,5.03,Janet Lee,Saskachewan,Prarie,Consumer,Furniture,Office Furnishings,"Seth Thomas 13 1/2"" Wall Clock",Small Box,0.54,12/20/2010
4636,32996,12/17/2010,Critical,2,116.314,0.04,Regular Air,-300.85,65.99,3.9,Janet Lee,Saskachewan,Prarie,Consumer,Technology,Telephones and Communication,StarTAC Series,Small Box,0.55,12/19/2010
4896,34849,10/12/2010,Critical,3,11.76,0.1,Regular Air,-2.83,4.13,0.5,Lycoris Saunders,Saskachewan,Prarie,Home Office,Office Supplies,Labels,Avery 506,Small Box,0.39,10/14/2010
4897,34849,10/12/2010,Critical,22,100.13,0.08,Regular Air,19.77,4.73,1.52,Lycoris Saunders,Saskachewan,Prarie,Home Office,Office Supplies,Paper,"While You Were Out Pads, 50 per Pad, 4 x 5 1/4, Green Cycle",Wrap Bag,0.36,10/13/2010
4898,34849,10/12/2010,Critical,3,1192.93,0.07,Regular Air,-434.81,419.19,19.99,Lycoris Saunders,Saskachewan,Prarie,Home Office,Office Supplies,Storage & Organization,Smead Adjustable Mobile File Trolley with Lockable Top,Small Box,0.58,10/13/2010
5337,37923,3/27/2010,Not Specified,29,198.43,0.01,Regular Air,-79.67,6.48,6.81,Paul Stevenson,Saskachewan,Prarie,Corporate,Office Supplies,Paper,Xerox 1930,Small Box,0.36,3/28/2010
5376,38215,1/2/2010,Critical,42,756.7295,0.07,Regular Air,64.78,20.99,4.81,Dennis Pardue,Saskachewan,Prarie,Small Business,Technology,Telephones and Communication,1726 Digital Answering Machine,Medium Box,0.58,1/3/2010
5377,38215,1/2/2010,Critical,38,3676.96,0.09,Express Air,1233.45,104.85,19.99,Dennis Pardue,Saskachewan,Prarie,Small Business,Office Supplies,Paper,Multicolor Computer Printout Paper,Small Box,0.37,1/4/2010
5445,38659,3/30/2010,Low,48,3982.42,0.04,Regular Air,1560.82,83.1,6.13,Jonathan Doherty,Saskachewan,Prarie,Corporate,Technology,Computer Peripherals,"Micro Innovations Micro Digital Wireless Keyboard and Mouse, Gray",Small Box,0.45,4/3/2010
5446,38659,3/30/2010,Low,32,4025.66,0.05,Delivery Truck,-395.12,124.49,51.94,Jonathan Doherty,Saskachewan,Prarie,Corporate,Furniture,Tables,Bevis 36 x 72 Conference Tables,Jumbo Box,0.63,4/6/2010
5718,40512,9/17/2010,Medium,41,405.83,0.06,Regular Air,178.86,9.9,1.39,Greg Hansen,Saskachewan,Prarie,Home Office,Office Supplies,Envelopes,#6 3/4 Gummed Flap White Envelopes,Small Box,0.37,9/18/2010
6335,44897,3/9/2010,High,11,85.62,0.07,Regular Air,-81.22,7.28,11.15,Kelly Collister,Saskachewan,Prarie,Consumer,Office Supplies,Paper,"Array¨ Parchment Paper, Assorted Colors",Small Box,0.37,3/11/2010
6636,47175,4/25/2010,Not Specified,40,70.45,0.1,Regular Air,-2.31,1.82,1,Jeremy Lonsdale,Saskachewan,Prarie,Corporate,Office Supplies,Pens & Art Supplies,"Crayola Anti Dust Chalk, 12/Pack",Wrap Bag,0.4,4/26/2010
6646,47270,8/2/2010,Critical,40,382.65,0.03,Express Air,47.61,9.27,4.39,Denise Monton,Saskachewan,Prarie,Home Office,Office Supplies,Paper,"Wirebound Message Books, Four 2 3/4"" x 5"" Forms per Page, 600 Sets per Book",Wrap Bag,0.38,8/5/2010
6647,47270,8/2/2010,Critical,9,61,0.08,Regular Air,-34.25,6.48,6.81,Denise Monton,Saskachewan,Prarie,Home Office,Office Supplies,Paper,Xerox 1930,Small Box,0.36,8/4/2010
6648,47270,8/2/2010,Critical,19,3559.613,0,Regular Air,747.74,205.99,3,Denise Monton,Saskachewan,Prarie,Home Office,Technology,Telephones and Communication,6185,Small Box,0.58,8/4/2010
6680,47524,4/15/2010,Medium,40,245.82,0.08,Regular Air,86.44,6.45,1.34,Jeremy Lonsdale,Saskachewan,Prarie,Corporate,Office Supplies,Paper,"Wirebound Four 2-3/4 x 5 Forms per Page, 400 Sets per Book",Wrap Bag,0.36,4/15/2010
7044,50304,1/31/2010,Critical,22,887.98,0.04,Regular Air,239.94,39.98,9.83,Jonathan Doherty,Saskachewan,Prarie,Corporate,Office Supplies,Envelopes,"Blue String-Tie & Button Interoffice Envelopes, 10 x 13",Small Box,0.4,2/2/2010
7045,50304,1/31/2010,Critical,3,72.46,0.05,Delivery Truck,-60.74,15.23,27.75,Jonathan Doherty,Saskachewan,Prarie,Corporate,Furniture,Tables,Anderson Hickey Conga Table Tops & Accessories,Jumbo Box,0.76,2/2/2010
7112,50756,9/9/2010,Not Specified,19,470.39,0.08,Regular Air,-147.99,26.31,5.89,Ionia McGrath,Saskachewan,Prarie,Home Office,Technology,Computer Peripherals,"Micro Innovations Micro 3000 Keyboard, Black",Small Box,0.75,9/10/2010
7113,50756,9/9/2010,Not Specified,2,15.04,0.02,Regular Air,-6.12,7.31,0.49,Ionia McGrath,Saskachewan,Prarie,Home Office,Office Supplies,Labels,Self-Adhesive Address Labels for Typewriters by Universal,Small Box,0.38,9/9/2010
8052,57478,10/3/2010,Critical,36,63.53,0.1,Regular Air,-2.51,1.88,0.79,Greg Hansen,Saskachewan,Prarie,Home Office,Office Supplies,Rubber Bands,Staples Pushpins,Wrap Bag,0.5,10/4/2010
8192,58595,8/29/2010,High,41,812.21,0.06,Express Air,-128.02,20.28,14.39,Neil Knudson,Saskachewan,Prarie,Home Office,Furniture,Office Furnishings,"Career Cubicle Clock, 8 1/4"", Black",Small Box,0.47,8/30/2010
8250,59008,9/29/2010,Critical,39,3451.85,0.05,Delivery Truck,1264.75,90.97,14,Lycoris Saunders,Saskachewan,Prarie,Corporate,Technology,Office Machines,Lexmark Z54se Color Inkjet Printer,Jumbo Drum,0.36,9/29/2010
8392,59943,6/9/2010,Critical,43,679.65,0,Regular Air,31.20,15.01,8.4,Ionia McGrath,Saskachewan,Prarie,Home Office,Office Supplies,Binders and Binder Accessories,"GBC Prepunched Paper, 19-Hole, for Binding Systems, 24-lb",Small Box,0.39,6/10/2010
426,2852,1/15/2010,Critical,10,74.87,0.02,Regular Air,-43.97,6.48,8.19,Luke Schmidt,Saskachewan,Prarie,Home Office,Office Supplies,Paper,Xerox 217,Small Box,0.37,1/15/2010
427,2852,1/15/2010,Critical,42,3931.318,0.06,Regular Air,1025.45,115.99,4.23,Luke Schmidt,Saskachewan,Prarie,Home Office,Technology,Telephones and Communication,282,Small Box,0.56,1/16/2010
626,4359,3/2/2010,Critical,21,215.76,0.09,Regular Air,-97.75,10.9,7.46,Kelly Andreada,Saskachewan,Prarie,Home Office,Office Supplies,Storage & Organization,Crate-A-Filesª,Small Box,0.59,3/4/2010
1276,9254,5/14/2010,Medium,24,131.65,0.01,Express Air,67.41,4.91,0.5,Craig Leslie,Saskachewan,Prarie,Consumer,Office Supplies,Labels,Avery 478,Small Box,0.36,5/16/2010
1492,10754,3/17/2010,Low,7,48.04,0.09,Regular Air,-23.28,6.48,5.94,Saphhira Shifley,Saskachewan,Prarie,Corporate,Office Supplies,Paper,"Eureka Recycled Copy Paper 8 1/2"" x 11"", Ream",Small Box,0.37,3/19/2010
1825,13094,8/18/2010,Not Specified,7,283.57,0.02,Regular Air,71.21,37.94,5.08,Craig Leslie,Saskachewan,Prarie,Consumer,Office Supplies,Paper,"Snap-A-Way¨ Black Print Carbonless Ruled Speed Letter, Triplicate",Wrap Bag,0.38,8/19/2010
2300,16579,12/12/2010,Not Specified,33,63.96,0.05,Regular Air,-13.71,1.88,1.49,Saphhira Shifley,Saskachewan,Prarie,Consumer,Office Supplies,Binders and Binder Accessories,Staples¨ General Use 3-Ring Binders,Small Box,0.37,12/13/2010
2301,16579,12/12/2010,Not Specified,23,177.23,0.07,Regular Air,4.94,8.14,3.12,Saphhira Shifley,Saskachewan,Prarie,Consumer,Office Supplies,Pens & Art Supplies,"Avery Hi-Liter¨ EverBoldª Pen Style Fluorescent Highlighters, 4/Pack",Wrap Bag,0.45,12/13/2010
2620,18946,5/4/2010,Critical,32,202.89,0.07,Regular Air,-201.91,6.48,10.05,Kelly Andreada,Saskachewan,Prarie,Home Office,Office Supplies,Paper,Xerox 1997,Small Box,0.37,5/4/2010
3189,22882,9/13/2010,Critical,10,71.24,0.03,Regular Air,2.78,6.69,3.1,Luke Schmidt,Saskachewan,Prarie,Home Office,Office Supplies,Paper,"Wirebound Message Books, 5-1/2 x 4 Forms, 2 or 4 Forms per Page",Wrap Bag,0.36,9/15/2010
4977,35425,3/28/2010,Not Specified,25,100.34,0,Regular Air,-88.19,3.58,5.47,Tracy Blumstein,Saskachewan,Prarie,Home Office,Office Supplies,Binders and Binder Accessories,Avery Poly Binder Pockets,Small Box,0.37,3/30/2010
4978,35425,3/28/2010,Not Specified,45,75.68,0.08,Regular Air,-4.04,1.81,0.75,Tracy Blumstein,Saskachewan,Prarie,Home Office,Office Supplies,Rubber Bands,Assorted Color Push Pins,Wrap Bag,0.52,3/30/2010
5354,38050,10/26/2010,Not Specified,31,187.18,0.09,Express Air,28.91,5.98,1.67,Luke Schmidt,Saskachewan,Prarie,Home Office,Office Supplies,Pens & Art Supplies,"Dixon Ticonderoga¨ Erasable Colored Pencil Set, 12-Color",Wrap Bag,0.51,10/27/2010
5355,38050,10/26/2010,Not Specified,36,104.21,0.04,Regular Air,15.19,2.88,0.7,Luke Schmidt,Saskachewan,Prarie,Home Office,Office Supplies,Pens & Art Supplies,Newell 340,Wrap Bag,0.56,10/28/2010
5356,38050,10/26/2010,Not Specified,14,1331.224,0.04,Regular Air,-401.42,111.96,69,Luke Schmidt,Saskachewan,Prarie,Home Office,Furniture,Tables,Hon 4060 Series Tables,Large Box,0.63,10/28/2010
5507,39043,12/22/2010,Not Specified,14,50.8,0.09,Regular Air,16.79,3.69,0.5,Luke Schmidt,Saskachewan,Prarie,Home Office,Office Supplies,Labels,Avery 501,Small Box,0.38,12/23/2010
5508,39043,12/22/2010,Not Specified,37,750.89,0.07,Express Air,-1176.28,20.34,35,Luke Schmidt,Saskachewan,Prarie,Home Office,Office Supplies,Storage & Organization,Tennsco Commercial Shelving,Large Box,0.84,12/23/2010
6733,47942,2/27/2010,Medium,30,17034.92,0.09,Regular Air,5916.34,599.99,24.49,Harold Dahlen,Saskachewan,Prarie,Corporate,Technology,Copiers and Fax,Hewlett Packard LaserJet 3310 Copier,Large Box,0.37,3/1/2010
6734,47942,2/27/2010,Medium,3,22.6,0.04,Express Air,-4.63,5.88,3.04,Harold Dahlen,Saskachewan,Prarie,Corporate,Office Supplies,Paper,"Adams Telephone Message Book W/Dividers/Space For Phone Numbers, 5 1/4""X8 1/2"", 300/Messages",Wrap Bag,0.36,3/1/2010
6735,47942,2/27/2010,Medium,9,918.7395,0.06,Express Air,-303.56,125.99,7.69,Harold Dahlen,Saskachewan,Prarie,Corporate,Technology,Telephones and Communication,Timeport L7089,Small Box,0.58,2/28/2010
6895,49155,9/18/2010,Low,22,3760.3065,0.05,Regular Air,593.18,195.99,8.99,Meg Tillman,Saskachewan,Prarie,Small Business,Technology,Telephones and Communication,T28 WORLD,Small Box,0.6,9/23/2010
7208,51426,12/1/2010,Medium,41,357.01,0.01,Regular Air,64.50,8.33,1.99,Saphhira Shifley,Saskachewan,Prarie,Consumer,Technology,Computer Peripherals,"80 Minute Slim Jewel Case CD-R , 10/Pack - Staples",Small Pack,0.52,12/2/2010
7704,55234,7/28/2010,Low,12,600.86,0.09,Regular Air,-82.67,53.98,5.5,Tiffany House,Saskachewan,Prarie,Corporate,Technology,Computer Peripherals,Nu-Form 106-Key Ergonomic Keyboard w/ Touchpad,Small Box,0.62,8/1/2010
7705,55234,7/28/2010,Low,5,17.06,0.03,Regular Air,-7.54,2.98,2.03,Tiffany House,Saskachewan,Prarie,Corporate,Office Supplies,Pens & Art Supplies,"Premium Writing Pencils, Soft, #2 by Central Association for the Blind",Wrap Bag,0.57,7/30/2010
7847,56103,12/26/2010,High,24,2332.5955,0.07,Regular Air,366.86,115.99,5.92,Saphhira Shifley,Saskachewan,Prarie,Corporate,Technology,Telephones and Communication,8890,Small Box,0.58,12/28/2010
326,2241,5/10/2010,Critical,38,967.78,0.04,Regular Air,369.33,24.95,2.99,Sarah Brown,Saskachewan,Prarie,Consumer,Office Supplies,Binders and Binder Accessories,Large Capacity Hanging Post Binders,Small Box,0.39,5/12/2010
676,4737,3/10/2010,Not Specified,49,314.21,0,Regular Air,49.77,5.88,3.04,Roy Collins,Saskachewan,Prarie,Corporate,Office Supplies,Paper,"Adams Telephone Message Book W/Dividers/Space For Phone Numbers, 5 1/4""X8 1/2"", 300/Messages",Wrap Bag,0.36,3/11/2010
871,6272,2/27/2010,High,33,497.4,0.05,Regular Air,37.90,14.98,8.99,Randy Ferguson,Saskachewan,Prarie,Corporate,Furniture,Office Furnishings,"GE 4 Foot Flourescent Tube, 40 Watt",Small Pack,0.39,3/1/2010
872,6272,2/27/2010,High,48,4965.384,0,Delivery Truck,-175.46,124.49,51.94,Randy Ferguson,Saskachewan,Prarie,Corporate,Furniture,Tables,Bevis 36 x 72 Conference Tables,Jumbo Box,0.63,3/1/2010
873,6272,2/27/2010,High,8,358.4195,0.09,Express Air,-275.06,55.99,2.5,Randy Ferguson,Saskachewan,Prarie,Corporate,Technology,Telephones and Communication,Accessory28,Small Pack,0.83,3/1/2010
874,6272,2/27/2010,High,31,3232.68,0.03,Regular Air,875.45,105.98,13.99,Randy Ferguson,Saskachewan,Prarie,Corporate,Furniture,Office Furnishings,"Tenex 46"" x 60"" Computer Anti-Static Chairmat, Rectangular Shaped",Medium Box,0.65,3/1/2010
1670,12067,2/4/2010,Critical,45,271.06,0,Regular Air,-76.60,5.74,5.01,Toby Swindell,Saskachewan,Prarie,Small Business,Office Supplies,Binders and Binder Accessories,Binder Posts,Small Box,0.39,2/4/2010
1671,12067,2/4/2010,Critical,6,58.84,0.05,Regular Air,4.29,9.48,3.72,Toby Swindell,Saskachewan,Prarie,Small Business,Furniture,Office Furnishings,"DAX Charcoal/Nickel-Tone Document Frame, 5 x 7",Small Pack,0.4,2/5/2010
1672,12067,2/4/2010,Critical,12,1211.72,0.04,Regular Air,587.84,99.23,8.99,Toby Swindell,Saskachewan,Prarie,Small Business,Furniture,Office Furnishings,"GE 48"" Fluorescent Tube, Cool White Energy Saver, 34 Watts, 30/Box",Small Pack,0.35,2/5/2010
1673,12067,2/4/2010,Critical,9,75.26,0.01,Regular Air,-17.24,7.64,5.83,Toby Swindell,Saskachewan,Prarie,Small Business,Office Supplies,Paper,"Rediform Wirebound ""Phone Memo"" Message Book, 11 x 5-3/4",Wrap Bag,0.36,2/5/2010
1674,12067,2/4/2010,Critical,7,407.116,0.08,Regular Air,-289.81,65.99,19.99,Toby Swindell,Saskachewan,Prarie,Small Business,Technology,Telephones and Communication,iDEN i95,Small Box,0.59,2/5/2010
1998,14245,2/11/2010,Critical,17,454.09,0.1,Regular Air,29.70,28.15,6.17,Brian Dahlen,Saskachewan,Prarie,Small Business,Office Supplies,Pens & Art Supplies,"Boston Model 1800 Electric Pencil Sharpener, Gray",Small Pack,0.55,2/12/2010
2580,18597,9/26/2010,Medium,37,101.2,0.1,Regular Air,38.58,2.88,0.5,Andy Gerbode,Saskachewan,Prarie,Consumer,Office Supplies,Labels,Avery 504,Small Box,0.36,9/27/2010
2605,18822,12/21/2010,Low,34,1950.036,0.03,Regular Air,361.89,65.99,8.99,Cynthia Arntzen,Saskachewan,Prarie,Small Business,Technology,Telephones and Communication,Talkabout T8367,Small Box,0.56,12/30/2010
2848,20517,9/15/2010,Low,39,116.63,0.03,Regular Air,6.81,2.94,0.96,Trudy Brown,Saskachewan,Prarie,Small Business,Office Supplies,Pens & Art Supplies,Newell 343,Wrap Bag,0.58,9/17/2010
3298,23559,7/18/2010,Low,14,425.67,0.03,Express Air,166.57,28.53,1.49,Cynthia Arntzen,Saskachewan,Prarie,Home Office,Office Supplies,Binders and Binder Accessories,Lock-Up Easel 'Spel-Binder',Small Box,0.38,7/25/2010
3299,23559,7/18/2010,Low,9,173.44,0.02,Regular Air,-34.63,17.98,8.51,Cynthia Arntzen,Saskachewan,Prarie,Home Office,Technology,Office Machines,Canon P1-DHIII Palm Printing Calculator,Medium Box,0.4,7/23/2010
3409,24352,5/10/2010,Critical,32,103.48,0.03,Regular Air,20.53,3.14,1.14,Toby Swindell,Saskachewan,Prarie,Small Business,Office Supplies,Paper,"Adams ""While You Were Out"" Message Pads",Wrap Bag,0.4,5/10/2010
3508,24993,3/11/2010,High,36,1561.2205,0.09,Regular Air,-226.82,55.99,2.5,Beth Fritzler,Saskachewan,Prarie,Small Business,Technology,Telephones and Communication,Accessory28,Small Pack,0.83,3/13/2010
5692,40257,8/21/2010,Not Specified,24,3201.16,0.06,Regular Air,405.50,140.81,24.49,Brosina Hoffman,Saskachewan,Prarie,Consumer,Furniture,Chairs & Chairmats,Hon Olson Stacker Stools,Large Box,0.57,8/22/2010
5700,40321,6/23/2010,High,23,1484.49,0.09,Regular Air,230.50,67.28,19.99,Andy Gerbode,Saskachewan,Prarie,Consumer,Office Supplies,Binders and Binder Accessories,Catalog Binders with Expanding Posts,Small Box,0.4,6/25/2010
5701,40321,6/23/2010,High,18,740.49,0.1,Regular Air,88.90,42.76,6.22,Andy Gerbode,Saskachewan,Prarie,Consumer,Office Supplies,Storage & Organization,"SAFCO Mobile Desk Side File, Wire Frame",Small Box,,6/24/2010
6054,42912,5/4/2010,Not Specified,4,52.59,0.05,Regular Air,-30.39,11.35,8.6,Craig Molinari,Saskachewan,Prarie,Small Business,Office Supplies,Storage & Organization,"SimpliFileª Personal File, Black Granite, 15w x 6-15/16d x 11-1/4h",Small Box,0.57,5/6/2010
6397,45412,4/22/2010,Medium,20,586.619,0.06,Regular Air,83.07,35.99,1.1,Arianne Irving,Saskachewan,Prarie,Corporate,Technology,Telephones and Communication,Accessory35,Small Box,0.55,4/23/2010
7615,54497,1/19/2010,Not Specified,1,155.51,0.07,Regular Air,-87.34,142.86,19.99,Philip Fox,Saskachewan,Prarie,Home Office,Office Supplies,Storage & Organization,Letter Size Cart,Small Box,0.56,1/22/2010
7779,55654,9/19/2010,High,2,17.3,0.04,Regular Air,-7.49,6.98,2.83,Toby Carlisle,Saskachewan,Prarie,Home Office,Furniture,Office Furnishings,G.E. Halogen Desk Lamp Bulbs,Small Pack,0.37,9/21/2010
8118,57984,10/2/2010,High,6,192.99,0.07,Express Air,-123.37,30.97,4,Toby Carlisle,Saskachewan,Prarie,Home Office,Technology,Computer Peripherals,Microsoft Multimedia Keyboard,Small Box,0.74,10/3/2010
8119,57984,10/2/2010,High,20,11829.4,0.07,Regular Air,3899.72,599.99,24.49,Toby Carlisle,Saskachewan,Prarie,Home Office,Technology,Copiers and Fax,Hewlett Packard LaserJet 3310 Copier,Large Box,0.37,10/4/2010
168,1058,4/25/2010,Medium,3,469.438,0.07,Regular Air,-888.16,195.99,8.99,Jim Epp,New Brunswick,Atlantic,Small Business,Technology,Telephones and Communication,T28 WORLD,Small Box,0.6,4/26/2010
292,2048,11/14/2010,Critical,12,3752.61,0.01,Delivery Truck,637.93,294.62,42.52,Deanra Eno,New Brunswick,Atlantic,Corporate,Office Supplies,Appliances,3.6 Cubic Foot Counter Height Office Refrigerator,Jumbo Drum,0.57,11/15/2010
293,2048,11/14/2010,Critical,9,548.36,0.1,Express Air,78.63,60.97,4.5,Deanra Eno,New Brunswick,Atlantic,Corporate,Office Supplies,Appliances,Tripp Lite Isotel 6 Outlet Surge Protector with Fax/Modem Protection,Small Box,0.56,11/15/2010
678,4739,2/20/2010,Low,16,48.57,0.04,Regular Air,4.21,2.94,0.7,Lynn Smith,New Brunswick,Atlantic,Corporate,Office Supplies,Pens & Art Supplies,Newell 338,Wrap Bag,0.58,2/24/2010
876,6279,1/29/2010,Critical,49,3283.74,0.01,Regular Air,723.33,67.28,19.99,Katrina Willman,New Brunswick,Atlantic,Consumer,Office Supplies,Binders and Binder Accessories,Catalog Binders with Expanding Posts,Small Box,0.4,1/31/2010
1474,10630,2/4/2010,Medium,44,2773.84,0,Delivery Truck,-513.76,58.14,36.61,Pauline Johnson,New Brunswick,Atlantic,Corporate,Furniture,Bookcases,O'Sullivan 3-Shelf Heavy-Duty Bookcases,Jumbo Box,0.61,2/6/2010
1475,10657,9/25/2010,Medium,44,289.94,0.07,Regular Air,-102.19,6.48,6.22,James Galang,New Brunswick,Atlantic,Consumer,Office Supplies,Paper,Xerox 1894,Small Box,0.37,9/27/2010
1476,10657,9/25/2010,Medium,8,1848.52,0.05,Delivery Truck,-493.60,218.75,69.64,James Galang,New Brunswick,Atlantic,Consumer,Furniture,Tables,BoxOffice By Design Rectangular and Half-Moon Meeting Room Tables,Jumbo Box,0.77,9/26/2010
1582,11427,11/24/2010,Medium,27,58.64,0.08,Regular Air,4.55,2.21,1,Nora Price,New Brunswick,Atlantic,Small Business,Office Supplies,Pens & Art Supplies,"Quartet Alpha¨ White Chalk, 12/Pack",Wrap Bag,0.38,11/25/2010
1583,11427,11/24/2010,Medium,20,136.06,0.04,Regular Air,-33.22,6.37,5.19,Nora Price,New Brunswick,Atlantic,Small Business,Office Supplies,Binders and Binder Accessories,"C-Line Peel & Stick Add-On Filing Pockets, 8-3/4 x 5-1/8, 10/Pack",Small Box,0.38,11/26/2010
1701,12259,2/14/2010,High,45,5007.69,0.07,Delivery Truck,-899.34,114.98,51.42,Muhammed Yedwab,New Brunswick,Atlantic,Consumer,Furniture,Bookcases,Sauder Camden County Collection Library,Jumbo Box,0.65,2/16/2010
1702,12259,2/14/2010,High,45,1379.62,0.1,Regular Air,-66.07,31.98,6.72,Muhammed Yedwab,New Brunswick,Atlantic,Consumer,Office Supplies,Storage & Organization,Fellowes Bankers Boxª Stor/Drawer¨ Steel Plusª,Small Box,0.75,2/15/2010
1801,12900,5/3/2010,High,50,627.12,0.08,Regular Air,100.04,12.64,4.98,Laurel Elliston,New Brunswick,Atlantic,Corporate,Furniture,Office Furnishings,Nu-Dell Executive Frame,Small Pack,0.48,5/4/2010
1802,12900,5/3/2010,High,18,4096.21,0.08,Delivery Truck,308.22,306.14,26.53,Laurel Elliston,New Brunswick,Atlantic,Corporate,Technology,Office Machines,Okidata ML184 Turbo Dot Matrix Printers,Jumbo Drum,0.56,5/5/2010
1814,12999,4/3/2010,High,31,2712.07,0.09,Regular Air,-435.56,95.43,19.99,Georgia Rosenberg,New Brunswick,Atlantic,Consumer,Office Supplies,Storage & Organization,Fellowes Stor/Drawer¨ Steel Plusª Storage Drawers,Small Box,0.79,4/4/2010
2482,18055,2/4/2010,Critical,3,19.98,0.02,Regular Air,-9.61,4.98,4.75,Maribeth Schnelling,New Brunswick,Atlantic,Corporate,Office Supplies,Paper,Hammermill CopyPlus Copy Paper (20Lb. and 84 Bright),Small Box,0.36,2/6/2010
3220,23106,10/20/2010,Medium,35,25313.34,0.05,Delivery Truck,8612.11,810.98,16.06,Liz MacKendrick,New Brunswick,Atlantic,Corporate,Technology,Office Machines,Okidata ML591 Wide Format Dot Matrix Printer,Jumbo Drum,0.56,10/22/2010
3909,27875,3/26/2010,Low,5,64.97,0.1,Regular Air,-190.30,3.48,49,Muhammed Yedwab,New Brunswick,Atlantic,Consumer,Office Supplies,Appliances,Hoover¨ Commercial Lightweight Upright Vacuum,Large Box,0.59,3/31/2010
3911,27879,2/26/2010,Medium,44,669.01,0.08,Regular Air,299.35,15.74,1.39,Anemone Ratner,New Brunswick,Atlantic,Small Business,Office Supplies,Envelopes,"#10-4 1/8"" x 9 1/2"" Premium Diagonal Seam Envelopes",Small Box,0.4,2/27/2010
3912,27879,2/26/2010,Medium,30,301.6,0.01,Express Air,-24.93,9.65,6.22,Anemone Ratner,New Brunswick,Atlantic,Small Business,Furniture,Office Furnishings,"Eldon Expressionsª Desk Accessory, Wood Pencil Holder, Oak",Small Box,0.55,2/28/2010
4083,29120,5/12/2010,Low,43,1677.27,0.08,Regular Air,528.79,40.98,7.47,James Galang,New Brunswick,Atlantic,Consumer,Office Supplies,Binders and Binder Accessories,"Wilson Jones Ledger-Size, Piano-Hinge Binder, 2"", Blue",Small Box,0.37,5/14/2010
4084,29120,5/12/2010,Low,21,1556.08,0.05,Delivery Truck,-41.77,70.98,26.74,James Galang,New Brunswick,Atlantic,Consumer,Furniture,Bookcases,"Hon Metal Bookcases, Black",Jumbo Box,0.6,5/17/2010
4157,29504,9/23/2010,Not Specified,20,1485.06,0.04,Delivery Truck,25.32,70.98,26.85,Richard Bierner,New Brunswick,Atlantic,Small Business,Furniture,Bookcases,"Safco Value Mate Steel Bookcase, Baked Enamel Finish on Steel, Black",Jumbo Box,,9/25/2010
4158,29504,9/23/2010,Not Specified,34,1211.18,0.1,Regular Air,208.40,38.76,13.26,Richard Bierner,New Brunswick,Atlantic,Small Business,Office Supplies,Paper,Xerox 1892,Small Box,0.36,9/23/2010
4300,30625,2/8/2010,Critical,37,478.94,0.04,Regular Air,10.56,12.53,7.17,Pauline Johnson,New Brunswick,Atlantic,Corporate,Office Supplies,Binders and Binder Accessories,GBC ProClick Spines for 32-Hole Punch,Small Box,0.38,2/8/2010
4301,30625,2/8/2010,Critical,24,2429.09,0.06,Express Air,-20.67,105.29,10.12,Pauline Johnson,New Brunswick,Atlantic,Corporate,Furniture,Office Furnishings,Eldon Antistatic Chair Mats for Low to Medium Pile Carpets,Large Box,0.79,2/10/2010
5046,35940,5/27/2010,Critical,47,136.63,0.03,Regular Air,-162.61,2.88,5.33,James Galang,New Brunswick,Atlantic,Consumer,Office Supplies,Labels,Avery File Folder Labels,Small Box,0.36,5/30/2010
5115,36449,9/5/2010,Not Specified,43,927.82,0.02,Regular Air,255.03,20.24,6.67,Bruce Stewart,New Brunswick,Atlantic,Corporate,Furniture,Office Furnishings,"DAX Contemporary Wood Frame with Silver Metal Mat, Desktop, 11 x 14 Size",Small Pack,0.49,9/7/2010
5116,36449,9/5/2010,Not Specified,27,123.37,0.09,Regular Air,-6.69,4.71,0.7,Bruce Stewart,New Brunswick,Atlantic,Corporate,Office Supplies,Rubber Bands,Plymouth Boxed Rubber Bands by Plymouth,Wrap Bag,0.8,9/8/2010
5739,40775,11/17/2010,Low,23,279.63,0.07,Regular Air,61.69,12.58,5.16,Liz MacKendrick,New Brunswick,Atlantic,Corporate,Furniture,Office Furnishings,"DAX Copper Panel Document Frame, 5 x 7 Size",Small Box,0.43,11/22/2010
5808,41186,11/22/2010,High,13,142.12,0.01,Express Air,54.91,9.78,1.39,Aleksandra Gannaway,New Brunswick,Atlantic,Corporate,Office Supplies,Envelopes,"Staples #10 Laser & Inkjet Envelopes, 4 1/8"" x 9 1/2"", 100/Box",Small Box,0.39,11/24/2010
5830,41351,9/23/2010,Not Specified,48,8273.2795,0.08,Regular Air,2461.31,205.99,8.99,Katherine Hughes,New Brunswick,Atlantic,Consumer,Technology,Telephones and Communication,TimeportP7382,Small Box,0.56,9/24/2010
5861,41605,12/25/2010,Medium,4,114.57,0.02,Regular Air,-29.98,24.92,12.98,Nora Price,New Brunswick,Atlantic,Small Business,Office Supplies,Binders and Binder Accessories,GBC Standard Therm-A-Bind Covers,Small Box,0.39,12/26/2010
6172,43745,11/1/2010,Low,5,128.59,0.07,Regular Air,-15.17,25.98,5.37,Laurel Elliston,New Brunswick,Atlantic,Corporate,Office Supplies,Appliances,3M Office Air Cleaner,Medium Box,0.5,11/8/2010
6173,43745,11/1/2010,Low,1,4.97,0.04,Regular Air,-4.91,3.55,1.43,Laurel Elliston,New Brunswick,Atlantic,Corporate,Office Supplies,Rubber Bands,"Acco Clips to Goª Binder Clips, 24 Clips in Two Sizes",Wrap Bag,0.38,11/5/2010
6392,45408,12/26/2010,Low,25,716.99,0.05,Regular Air,174.06,29.89,1.99,Maribeth Dona,New Brunswick,Atlantic,Home Office,Technology,Computer Peripherals,"Verbatim DVD-RAM, 5.2GB, Rewritable, Type 1, DS",Small Pack,0.5,1/17/2011
6449,45924,12/21/2010,Low,1,27.44,0.02,Regular Air,-11.76,24.95,2.99,Laurel Elliston,New Brunswick,Atlantic,Corporate,Office Supplies,Binders and Binder Accessories,Large Capacity Hanging Post Binders,Small Box,0.39,12/26/2010
6727,47909,3/9/2010,Medium,38,185.19,0.07,Regular Air,-175.62,4.98,7.44,Dean Percer,New Brunswick,Atlantic,Home Office,Office Supplies,Paper,Xerox 1922,Small Box,0.36,3/9/2010
6728,47909,3/9/2010,Medium,22,220.26,0.07,Regular Air,-35.95,10.23,4.68,Dean Percer,New Brunswick,Atlantic,Home Office,Office Supplies,"Scissors, Rulers and Trimmers",Acme¨ Box Cutter Scissors,Small Pack,0.59,3/10/2010
6729,47909,3/9/2010,Medium,48,843.03,0.08,Regular Air,419.90,20.99,0.99,Dean Percer,New Brunswick,Atlantic,Home Office,Technology,Telephones and Communication,Accessory21,Wrap Bag,0.37,3/11/2010
6823,48609,2/24/2010,High,26,176.34,0,Regular Air,-103.32,6.48,7.86,Pauline Johnson,New Brunswick,Atlantic,Corporate,Office Supplies,Paper,Xerox 213,Small Box,0.37,2/25/2010
6824,48609,2/24/2010,High,5,186.5,0.04,Express Air,4.16,37.44,4.27,Pauline Johnson,New Brunswick,Atlantic,Corporate,Office Supplies,Pens & Art Supplies,"Sanford Prismacolor¨ Professional Thick Lead Art Pencils, 36-Color Set",Wrap Bag,0.46,2/25/2010
7033,50209,9/10/2010,High,34,1863.02,0.03,Express Air,823.26,55.48,6.79,Brendan Sweed,New Brunswick,Atlantic,Consumer,Office Supplies,Paper,"Eaton Premium Continuous-Feed Paper, 25% Cotton, Letter Size, White, 1000 Shts/Box",Small Box,0.37,9/12/2010
7034,50209,9/10/2010,High,2,53.3,0,Regular Air,-46.20,20.89,11.52,Brendan Sweed,New Brunswick,Atlantic,Consumer,Office Supplies,Storage & Organization,"Iris¨ 3-Drawer Stacking Bin, Black",Small Box,0.83,9/11/2010
7108,50725,11/23/2010,Medium,19,2441.1405,0.05,Regular Air,261.96,155.99,8.99,Muhammed Yedwab,New Brunswick,Atlantic,Consumer,Technology,Telephones and Communication,R280,Small Box,0.55,11/25/2010
7213,51488,5/2/2010,High,31,1561.96,0.03,Regular Air,119.92,50.98,13.66,Liz MacKendrick,New Brunswick,Atlantic,Corporate,Office Supplies,Appliances,Eureka The Boss¨ Cordless Rechargeable Stick Vac,Small Box,0.58,5/3/2010
7568,54146,10/18/2010,Low,3,124.75,0.06,Regular Air,-112.64,40.96,1.99,Laurel Elliston,New Brunswick,Atlantic,Corporate,Technology,Computer Peripherals,Fuji 5.2GB DVD-RAM,Small Pack,0.55,10/23/2010
8067,57568,6/17/2010,Not Specified,38,592.54,0.07,Regular Air,282.11,15.67,1.39,Jim Epp,New Brunswick,Atlantic,Small Business,Office Supplies,Envelopes,"#10 White Business Envelopes,4 1/8 x 9 1/2",Small Box,0.38,6/19/2010
8147,58273,6/20/2010,High,31,244.9,0.08,Regular Air,-61.14,8.46,3.62,Liz MacKendrick,New Brunswick,Atlantic,Corporate,Technology,Computer Peripherals,"Imation 3.5"", RTS 247544 3M 3.5 DSDD, 10/Pack",Small Pack,0.61,6/20/2010
17,97,1/28/2010,Medium,26,75.57,0.03,Regular Air,28.24,2.89,0.5,Craig Yedwab,Yukon,Yukon,Consumer,Office Supplies,Labels,Avery 498,Small Box,0.38,1/29/2010
1351,9857,5/11/2010,High,50,3615.8405,0.03,Regular Air,1861.35,85.99,3.3,Bruce Degenhardt,Yukon,Yukon,Home Office,Technology,Telephones and Communication,Accessory20,Small Pack,0.37,5/13/2010
2310,16643,4/11/2010,Low,40,312.63,0.01,Regular Air,167.30,7.31,0.49,Quincy Jones,Yukon,Yukon,Home Office,Office Supplies,Labels,Self-Adhesive Address Labels for Typewriters by Universal,Small Box,0.38,4/15/2010
2311,16643,4/11/2010,Low,46,441.4,0.06,Regular Air,146.04,10.06,2.06,Quincy Jones,Yukon,Yukon,Home Office,Office Supplies,Paper,Riverleaf Stik-Withit¨ Designer Note Cubes¨,Wrap Bag,0.39,4/15/2010
2638,19104,8/10/2010,High,48,5085.907,0.03,Regular Air,1366.69,125.99,8.08,Quincy Jones,Yukon,Yukon,Small Business,Technology,Telephones and Communication,StarTAC ST7762,Small Box,0.57,8/12/2010
2747,19840,5/24/2010,Critical,25,8270.57,0.08,Delivery Truck,2851.46,400.97,48.26,Dianna Vittorini,Yukon,Yukon,Corporate,Technology,Office Machines,Hewlett-Packard Deskjet 1220Cse Color Inkjet Printer,Jumbo Box,0.36,5/27/2010
2893,20868,10/9/2010,Low,9,1609.19,0.03,Regular Air,188.91,178.47,19.99,Rob Williams,Yukon,Yukon,Home Office,Office Supplies,Storage & Organization,"Hot File¨ 7-Pocket, Floor Stand",Small Box,0.55,10/16/2010
3158,22661,9/26/2010,Not Specified,11,18.26,0.05,Regular Air,-3.89,1.68,0.7,Dianna Vittorini,Yukon,Yukon,Corporate,Office Supplies,Pens & Art Supplies,Newell 308,Wrap Bag,0.6,9/29/2010
3263,23361,7/3/2010,Critical,2,3.23,0.06,Regular Air,-2.73,1.26,0.7,Benjamin Patterson,Yukon,Yukon,Corporate,Office Supplies,Rubber Bands,Bagged Rubber Bands,Wrap Bag,0.81,7/4/2010
3264,23361,7/3/2010,Critical,36,2861.66,0.04,Regular Air,-921.68,80.98,35,Benjamin Patterson,Yukon,Yukon,Corporate,Office Supplies,Storage & Organization,Carina Double Wide Media Storage Towers in Natural & Black,Large Box,0.81,7/4/2010
3265,23361,7/3/2010,Critical,7,373.2775,0.07,Regular Air,-204.93,65.99,5.26,Benjamin Patterson,Yukon,Yukon,Corporate,Technology,Telephones and Communication,8860,Small Box,0.56,7/3/2010
3273,23396,6/18/2010,Low,30,11481.03,0.08,Delivery Truck,2799.65,399.98,12.06,Quincy Jones,Yukon,Yukon,Home Office,Technology,Office Machines,Okidata ML320 Series Turbo Dot Matrix Printers,Jumbo Box,0.56,6/20/2010
3631,25952,9/4/2010,High,50,2864.1005,0.03,Regular Air,697.82,65.99,8.99,Ed Braxton,Yukon,Yukon,Home Office,Technology,Telephones and Communication,i270,Small Box,0.55,9/5/2010
3920,27969,6/8/2010,Low,43,5677.87,0.04,Delivery Truck,-824.09,130.98,54.74,Ed Braxton,Yukon,Yukon,Home Office,Furniture,Bookcases,"O'Sullivan Elevations Bookcase, Cherry Finish",Jumbo Box,0.69,6/15/2010
3921,27969,6/8/2010,Low,9,732.72,0.03,Regular Air,8.60,83.1,6.13,Ed Braxton,Yukon,Yukon,Home Office,Technology,Computer Peripherals,"Micro Innovations Micro Digital Wireless Keyboard and Mouse, Gray",Small Box,0.45,6/12/2010
3922,27969,6/8/2010,Low,32,687.47,0.1,Delivery Truck,-1533.15,20.98,53.03,Ed Braxton,Yukon,Yukon,Home Office,Office Supplies,Storage & Organization,"Tennsco Lockers, Gray",Jumbo Drum,0.78,6/13/2010
4760,33826,12/19/2010,Low,13,185.83,0.03,Regular Air,58.16,14.34,5,Ashley Jarboe,Yukon,Yukon,Small Business,Furniture,Office Furnishings,Nu-Dell Leatherette Frames,Small Pack,0.49,12/23/2010
5025,35840,5/29/2010,High,36,173.08,0.04,Regular Air,81.63,4.91,0.5,Ashley Jarboe,Yukon,Yukon,Home Office,Office Supplies,Labels,Avery 508,Small Box,0.36,5/30/2010
5026,35840,5/29/2010,High,49,3492.6585,0.08,Regular Air,1181.81,85.99,0.99,Ashley Jarboe,Yukon,Yukon,Home Office,Technology,Telephones and Communication,Accessory34,Wrap Bag,0.55,5/31/2010
5520,39139,11/13/2010,Not Specified,6,627.453,0.07,Regular Air,-408.25,125.99,8.08,Ed Braxton,Yukon,Yukon,Home Office,Technology,Telephones and Communication,M3682,Small Box,0.57,11/13/2010
5521,39139,11/13/2010,Not Specified,50,3000.88,0.01,Delivery Truck,-719.17,58.14,36.61,Ed Braxton,Yukon,Yukon,Home Office,Furniture,Bookcases,O'Sullivan 3-Shelf Heavy-Duty Bookcases,Jumbo Box,0.61,11/15/2010
5522,39139,11/13/2010,Not Specified,31,6118.38,0.09,Regular Air,2042.58,209.84,21.21,Ed Braxton,Yukon,Yukon,Home Office,Furniture,Office Furnishings,Luxo Professional Fluorescent Magnifier Lamp with Clamp-Mount Base,Large Box,0.59,11/15/2010
6962,49764,10/3/2010,Low,37,395.37,0.07,Express Air,17.15,10.98,3.37,Benjamin Farhat,Yukon,Yukon,Home Office,Office Supplies,"Scissors, Rulers and Trimmers",Fiskars¨ Softgrip Scissors,Small Pack,0.57,10/7/2010
7022,50118,3/18/2010,Not Specified,19,337.38,0,Delivery Truck,-409.79,15.23,27.75,Dianna Vittorini,Yukon,Yukon,Corporate,Furniture,Tables,Anderson Hickey Conga Table Tops & Accessories,Jumbo Box,0.76,3/19/2010
7031,50183,5/24/2010,High,20,116.55,0.09,Express Air,-39.67,5.58,5.3,Dario Medina,Yukon,Yukon,Small Business,Office Supplies,Envelopes,Staples Brown Kraft Recycled Clasp Envelopes,Small Box,0.35,5/25/2010
7401,52743,7/4/2010,High,46,5699.22,0.09,Regular Air,2812.63,150.98,13.99,Ashley Jarboe,Yukon,Yukon,Small Business,Technology,Office Machines,Canon MP41DH Printing Calculator,Medium Box,0.38,7/4/2010
7778,55653,11/26/2010,Medium,34,15152.55,0.05,Delivery Truck,7719.21,500.98,28.14,Benjamin Farhat,Yukon,Yukon,Home Office,Technology,Office Machines,"Hewlett-Packard cp1700 [D, PS] Series Color Inkjet Printers",Jumbo Drum,0.38,11/27/2010
7947,56769,11/29/2010,Medium,11,455.59,0.02,Regular Air,98.02,37.93,13.99,Cindy Stewart,Yukon,Yukon,Consumer,Furniture,Office Furnishings,"Eldon Delta Triangular Chair Mat, 52"" x 58"", Clear",Wrap Bag,0.67,12/1/2010
8040,57440,7/23/2010,Low,12,1171.232,0.04,Express Air,-43.25,115.99,2.5,Rob Williams,Yukon,Yukon,Home Office,Technology,Telephones and Communication,DPC 650 Piper,Small Box,0.58,7/30/2010
8108,57889,4/7/2010,Low,39,723.3075,0.01,Regular Air,216.70,20.99,0.99,Trudy Bell,Yukon,Yukon,Consumer,Technology,Telephones and Communication,Accessory25,Wrap Bag,0.57,4/11/2010
8371,59783,8/19/2010,Low,36,77.43,0.01,Regular Air,-60.07,2.08,2.56,Cindy Chapman,Yukon,Yukon,Corporate,Office Supplies,"Scissors, Rulers and Trimmers",Kleencut¨ Forged Office Shears by Acme United Corporation,Small Pack,0.55,8/24/2010
30,195,12/27/2010,Medium,34,1315.74,0.03,Regular Air,260.87,36.55,13.89,Brad Thomas,Yukon,Yukon,Home Office,Office Supplies,Pens & Art Supplies,"Dixon Ticonderoga Core-Lock Colored Pencils, 48-Color Set",Wrap Bag,0.41,12/29/2010
60,353,12/30/2010,Low,21,46.94,0.02,Regular Air,3.88,2.21,1,Dean Percer,Yukon,Yukon,Home Office,Office Supplies,Pens & Art Supplies,"Quartet Alpha¨ White Chalk, 12/Pack",Wrap Bag,0.38,4/1/2011
272,1888,10/30/2010,Not Specified,38,1264.46,0,Delivery Truck,-1249.39,31.76,45.51,Kean Thornton,Yukon,Yukon,Corporate,Furniture,Tables,Hon iLevelª Computer Training Table,Jumbo Box,0.65,10/30/2010
273,1888,10/30/2010,Not Specified,35,158.25,0.09,Regular Air,-114.74,4.57,5.42,Kean Thornton,Yukon,Yukon,Corporate,Office Supplies,Binders and Binder Accessories,Newell¨ 3-Hole Punched Plastic Slotted Magazine Holders for Binders,Small Box,0.37,10/31/2010
301,2055,9/3/2010,Critical,7,66.41,0.05,Regular Air,-32.35,8.74,8.29,Nora Paige,Yukon,Yukon,Small Business,Office Supplies,Envelopes,"#10- 4 1/8"" x 9 1/2"" Recycled Envelopes",Small Box,0.38,9/5/2010
343,2341,5/29/2010,Low,29,157.49,0.09,Regular Air,-58.25,5.78,4.96,Sara Luxemburg,Yukon,Yukon,Small Business,Office Supplies,Paper,Xerox 1899,Small Box,0.36,6/5/2010
364,2535,5/24/2010,Low,6,82.72,0.08,Regular Air,-29.71,14.48,1.99,Roland Fjeld,Yukon,Yukon,Corporate,Technology,Computer Peripherals,TDK 4.7GB DVD+RW,Small Pack,0.49,5/26/2010
436,2914,3/2/2010,Medium,3,62.88,0.09,Regular Air,-24.74,18.97,9.54,Maureen Gastineau,Yukon,Yukon,Consumer,Office Supplies,Paper,Xerox 1939,Small Box,0.37,3/3/2010
453,3078,2/11/2010,High,12,33.86,0.05,Regular Air,0.35,2.88,0.7,Paul Lucas,Yukon,Yukon,Corporate,Office Supplies,Pens & Art Supplies,Newell 340,Wrap Bag,0.56,2/12/2010
532,3621,5/5/2010,Medium,14,83.87,0.06,Regular Air,-28.83,5.58,5.3,Eric Barreto,Yukon,Yukon,Small Business,Office Supplies,Envelopes,Staples Brown Kraft Recycled Clasp Envelopes,Small Box,0.35,5/6/2010
716,5094,3/28/2010,Not Specified,2,79.58,0.06,Regular Air,-38.28,37.44,4.27,Mark Haberlin,Yukon,Yukon,Small Business,Office Supplies,Pens & Art Supplies,"Sanford Prismacolor¨ Professional Thick Lead Art Pencils, 36-Color Set",Wrap Bag,0.46,3/30/2010
722,5189,11/25/2010,Low,12,900.06,0.05,Regular Air,-221.12,73.98,14.52,Evan Henry,Yukon,Yukon,Corporate,Technology,Computer Peripherals,Keytronic French Keyboard,Small Box,0.65,12/2/2010
763,5472,4/10/2010,Low,32,216.08,0,Regular Air,-84.33,6.48,6.65,Karl Brown,Yukon,Yukon,Corporate,Office Supplies,Paper,Xerox 1966,Small Box,0.36,4/12/2010
764,5472,4/10/2010,Low,27,339.03,0.09,Regular Air,-24.44,13.48,4.51,Karl Brown,Yukon,Yukon,Corporate,Office Supplies,Storage & Organization,"Tenex Personal Project File with Scoop Front Design, Black",Small Box,0.59,4/14/2010
765,5472,4/10/2010,Low,12,1098.149,0.09,Regular Air,-182.97,115.99,5.92,Karl Brown,Yukon,Yukon,Corporate,Technology,Telephones and Communication,8890,Small Box,0.58,4/12/2010
799,5702,9/6/2010,Not Specified,20,2039.39,0.01,Regular Air,199.73,99.99,19.99,Grant Thornton,Yukon,Yukon,Corporate,Technology,Computer Peripherals,US Robotics 56K V.92 External Faxmodem,Small Box,0.52,9/8/2010
838,5990,4/7/2010,Critical,9,63.91,0.06,Regular Air,-27.78,6.48,6.35,Eric Murdock,Yukon,Yukon,Home Office,Office Supplies,Paper,Xerox 200,Small Box,0.37,4/8/2010
909,6531,7/17/2010,High,42,188.23,0.05,Regular Air,-145.10,4.37,5.15,Jill Fjeld,Yukon,Yukon,Home Office,Office Supplies,Appliances,"Eureka Sanitaire ¨ Multi-Pro Heavy-Duty Upright, Disposable Bags",Small Box,0.59,7/19/2010
910,6531,7/17/2010,High,28,541.95,0.06,Regular Air,143.04,19.84,4.1,Jill Fjeld,Yukon,Yukon,Home Office,Office Supplies,Pens & Art Supplies,Prismacolor Color Pencil Set,Wrap Bag,0.44,7/19/2010
931,6753,9/26/2010,Low,7,53.14,0.04,Regular Air,14.57,6.64,4.95,Robert Barroso,Yukon,Yukon,Small Business,Furniture,Office Furnishings,G.E. Longer-Life Indoor Recessed Floodlight Bulbs,Small Pack,0.37,9/28/2010
1081,7938,3/13/2010,Medium,16,2026.05,0.1,Delivery Truck,-357.65,135.99,28.63,Carlos Meador,Yukon,Yukon,Corporate,Furniture,Chairs & Chairmats,Global Deluxe High-Back Office Chair in Storm,Jumbo Drum,0.76,3/15/2010
1086,8001,11/19/2010,High,15,37.7,0.1,Regular Air,-81.08,2.18,7.09,Charles Crestani,Yukon,Yukon,Consumer,Office Supplies,Paper,"Ampad¨ Evidence¨ Wirebond Steno Books, 6"" x 9""",Wrap Bag,0.38,11/21/2010
1087,8001,11/19/2010,High,47,1059.72,0.01,Regular Air,112.22,20.98,5.42,Charles Crestani,Yukon,Yukon,Consumer,Office Supplies,Storage & Organization,Acco Perma¨ 3000 Stacking Storage Drawers,Small Box,0.66,11/21/2010
1102,8101,3/4/2010,Medium,35,3491.71,0.04,Delivery Truck,-1216.64,95.95,74.35,Maureen Gastineau,Yukon,Yukon,Consumer,Furniture,Chairs & Chairmats,Bevis Steel Folding Chairs,Jumbo Drum,0.57,3/6/2010
1103,8101,3/4/2010,Medium,15,485.16,0.1,Regular Air,-9.32,34.58,8.99,Maureen Gastineau,Yukon,Yukon,Consumer,Office Supplies,Pens & Art Supplies,Panasonic KP-350BK Electric Pencil Sharpener with Auto Stop,Small Pack,0.56,3/6/2010
1177,8582,11/20/2010,Low,15,1556.55,0.04,Regular Air,436.02,105.34,24.49,David Kendrick,Yukon,Yukon,Home Office,Furniture,Office Furnishings,Deflect-o DuraMat Antistatic Studded Beveled Mat for Medium Pile Carpeting,Large Box,0.61,11/20/2010
1249,9091,11/11/2010,High,42,605.77,0.05,Regular Air,129.33,14.34,5,Adam Hart,Yukon,Yukon,Corporate,Furniture,Office Furnishings,Nu-Dell Leatherette Frames,Small Pack,0.49,11/12/2010
1250,9091,11/11/2010,High,44,1480.91,0,Regular Air,489.14,30.98,8.74,Adam Hart,Yukon,Yukon,Corporate,Office Supplies,Paper,Xerox 1979,Small Box,0.4,11/12/2010
1274,9251,8/29/2010,Medium,38,3632.6,0,Delivery Truck,-400.33,89.99,42,Giulietta Dortch,Yukon,Yukon,Corporate,Furniture,Chairs & Chairmats,"Global Leather Task Chair, Black",Jumbo Drum,0.66,8/31/2010
1390,10080,2/12/2010,Low,20,637.04,0,Regular Air,-26.83,30.73,4,Grant Thornton,Yukon,Yukon,Corporate,Technology,Computer Peripherals,Fellowes 17-key keypad for PS/2 interface,Small Box,0.75,2/19/2010
1393,10117,11/16/2010,Medium,6,64.37,0.07,Express Air,-6.96,8.85,5.6,Brian Stugart,Yukon,Yukon,Consumer,Office Supplies,Binders and Binder Accessories,GBC Standard Plastic Binding Systems Combs,Small Box,0.36,11/17/2010
1394,10117,11/16/2010,Medium,10,4588.55,0.01,Regular Air,-266.62,449.99,24.49,Brian Stugart,Yukon,Yukon,Consumer,Technology,Copiers and Fax,Canon PC940 Copier,Large Box,0.52,11/18/2010
1465,10563,9/29/2010,Critical,38,10223.19,0.08,Regular Air,2723.31,289.53,19.99,Julia Barnett,Yukon,Yukon,Corporate,Office Supplies,Appliances,Hoover Upright Vacuum With Dirt Cup,Small Box,0.56,9/30/2010
1466,10563,9/29/2010,Critical,50,312.42,0.08,Regular Air,-90.42,6.48,5.4,Julia Barnett,Yukon,Yukon,Corporate,Office Supplies,Paper,Xerox 207,Small Box,0.37,10/1/2010
1530,11014,9/7/2010,High,13,158.79,0.05,Regular Air,1.16,11.7,5.63,Victoria Pisteka,Yukon,Yukon,Corporate,Office Supplies,Binders and Binder Accessories,Fellowes Binding Cases,Small Box,0.4,9/9/2010
1555,11236,10/30/2010,High,45,298.57,0.07,Regular Air,74.07,6.88,2,Robert Barroso,Yukon,Yukon,Small Business,Office Supplies,Paper,"Adams Phone Message Book, 200 Message Capacity, 8 1/16Ó x 11Ó",Wrap Bag,0.39,10/30/2010
1556,11236,10/30/2010,High,15,44.32,0.01,Regular Air,-41.55,2.52,4.28,Robert Barroso,Yukon,Yukon,Small Business,Office Supplies,Pens & Art Supplies,"Binney & Smith inkTankª Erasable Desk Highlighter, Chisel Tip, Yellow, 12/Box",Wrap Bag,0.44,10/30/2010
1612,11682,7/4/2010,Low,5,102.18,0.09,Regular Air,-65.67,19.98,4,Brad Thomas,Yukon,Yukon,Home Office,Technology,Computer Peripherals,Belkin 105-Key Black Keyboard,Small Box,0.68,7/11/2010
1630,11780,9/21/2010,Critical,7,54.23,0.08,Regular Air,-16.46,7.28,5.47,Tom Prescott,Yukon,Yukon,Small Business,Office Supplies,Paper,Southworth Structures Collectionª,Small Box,0.35,9/22/2010
1668,12039,6/16/2010,High,13,2048.568,0.1,Regular Air,-259.99,205.99,8.99,Carlos Meador,Yukon,Yukon,Corporate,Technology,Telephones and Communication,TimeportP7382,Small Box,0.56,6/18/2010
1755,12580,1/13/2010,Low,50,8038.08,0.1,Regular Air,2821.41,172.99,19.99,Dave Poirier,Yukon,Yukon,Small Business,Office Supplies,Binders and Binder Accessories,Ibico EB-19 Dual Function Manual Binding System,Small Box,0.39,1/15/2010
1758,12612,12/21/2010,Low,29,2360.98,0.02,Regular Air,611.93,78.65,13.99,Julia Barnett,Yukon,Yukon,Home Office,Office Supplies,Appliances,Honeywell Quietcare HEPA Air Cleaner,Medium Box,0.52,12/21/2010
1759,12612,12/21/2010,Low,49,182.2,0.09,Express Air,82.21,3.75,0.5,Julia Barnett,Yukon,Yukon,Home Office,Office Supplies,Labels,Avery 496,Small Box,0.37,12/26/2010
1774,12708,1/7/2010,Low,44,159.41,0,Express Air,34.68,3.28,0.98,Yana Sorensen,Yukon,Yukon,Corporate,Office Supplies,Pens & Art Supplies,Crayola Colored Pencils,Wrap Bag,0.52,1/12/2010
1812,12965,6/25/2010,Medium,7,44.74,0.04,Regular Air,-20.10,5.74,5.01,Shirley Jackson,Yukon,Yukon,Corporate,Office Supplies,Binders and Binder Accessories,Binder Posts,Small Box,0.39,6/26/2010
1813,12965,6/25/2010,Medium,21,90.78,0.06,Regular Air,-71.84,4.24,5.41,Shirley Jackson,Yukon,Yukon,Corporate,Office Supplies,Binders and Binder Accessories,Storex DuraTech Recycled Plastic Frosted Binders,Small Box,0.35,6/26/2010
1822,13090,7/26/2010,Not Specified,15,150.2,0.02,Regular Air,12.97,9.27,4.39,David Bremer,Yukon,Yukon,Corporate,Office Supplies,Paper,"Wirebound Message Books, Four 2 3/4"" x 5"" Forms per Page, 600 Sets per Book",Wrap Bag,0.38,7/27/2010
1949,13958,1/23/2010,Low,11,808.673,0.06,Regular Air,-10.67,85.99,0.99,Jill Matthias,Yukon,Yukon,Consumer,Technology,Telephones and Communication,Accessory34,Wrap Bag,0.55,2/1/2010
1964,14048,5/17/2010,Not Specified,47,1837.15,0.06,Regular Air,196.58,40.97,8.99,Nora Paige,Yukon,Yukon,Small Business,Office Supplies,Pens & Art Supplies,Sanford 52201 APSCO Electric Pencil Sharpener,Small Pack,0.59,5/17/2010
1965,14048,5/17/2010,Not Specified,5,540.22,0.06,Regular Air,-253.38,101.41,35,Nora Paige,Yukon,Yukon,Small Business,Office Supplies,Storage & Organization,Tennsco Regal Shelving Units,Large Box,0.82,5/19/2010
1966,14048,5/17/2010,Not Specified,40,2035.393,0.01,Regular Air,1152.69,55.99,1.25,Nora Paige,Yukon,Yukon,Small Business,Technology,Telephones and Communication,Accessory32,Small Pack,0.35,5/19/2010
2088,14950,9/26/2010,Low,48,525,0.03,Regular Air,63.50,10.48,2.89,Giulietta Dortch,Yukon,Yukon,Small Business,Office Supplies,Pens & Art Supplies,Staples Battery-Operated Desktop Pencil Sharpener,Small Pack,0.6,9/26/2010
2095,14981,10/26/2010,Medium,8,279.77,0.07,Regular Air,-14.02,34.76,8.22,Ed Braxton,Yukon,Yukon,Home Office,Office Supplies,Storage & Organization,"Multi-Use Personal File Cart and Caster Set, Three Stacking Bins",Small Box,0.57,10/27/2010
2096,14981,10/26/2010,Medium,8,154.21,0.03,Delivery Truck,-160.39,15.23,27.75,Ed Braxton,Yukon,Yukon,Home Office,Furniture,Tables,Anderson Hickey Conga Table Tops & Accessories,Jumbo Box,0.76,10/28/2010
2128,15202,7/9/2010,High,36,1340.93,0.09,Express Air,154.16,39.98,9.2,Darrin Sayre,Yukon,Yukon,Consumer,Furniture,Office Furnishings,Eldon Radial Chair Mat for Low to Medium Pile Carpets,Wrap Bag,0.65,7/11/2010
2131,15206,11/4/2010,Low,35,5287.16,0.05,Delivery Truck,-769.05,150.98,66.27,Rob Lucas,Yukon,Yukon,Small Business,Furniture,Bookcases,Bush Mission Pointe Library,Jumbo Box,0.65,11/9/2010
2308,16641,5/10/2010,High,33,1209.168,0.03,Delivery Truck,-1052.79,44.43,46.59,Bryan Spruell,Yukon,Yukon,Home Office,Furniture,Tables,Hon 61000 Series Interactive Training Tables,Jumbo Box,0.67,5/11/2010
2354,16992,12/12/2010,High,15,126.74,0.08,Regular Air,-18.53,8.67,3.5,Ed Jacobs,Yukon,Yukon,Small Business,Office Supplies,Appliances,Staples 4 Outlet Surge Protector,Small Box,0.58,12/13/2010
2356,16995,12/18/2010,Not Specified,42,48.41,0.06,Regular Air,-1.46,1.14,0.7,Darrin Sayre,Yukon,Yukon,Consumer,Office Supplies,Rubber Bands,OIC Thumb-Tacks,Wrap Bag,0.38,12/20/2010
2417,17542,8/31/2010,Low,37,105.99,0.01,Regular Air,43.37,2.88,0.5,Charles Crestani,Yukon,Yukon,Consumer,Office Supplies,Labels,Avery 49,Small Box,0.36,9/2/2010
2421,17568,10/8/2010,Not Specified,31,512.87,0,Regular Air,170.69,16.48,1.99,Brad Thomas,Yukon,Yukon,Home Office,Technology,Computer Peripherals,Maxell DVD-RAM Discs,Small Pack,0.42,10/9/2010
2563,18530,12/31/2010,Not Specified,2,56.13,0.02,Regular Air,48.85,20.28,14.39,Grant Thornton,Yukon,Yukon,Corporate,Furniture,Office Furnishings,"Career Cubicle Clock, 8 1/4"", Black",Small Box,0.47,12/31/2010
2564,18530,12/31/2010,Not Specified,25,1491.5205,0,Regular Air,286.36,65.99,5.99,Grant Thornton,Yukon,Yukon,Corporate,Technology,Telephones and Communication,i1000,Small Box,0.58,1/2/2011
2667,19296,4/10/2010,High,43,75.73,0.04,Express Air,-37.76,1.68,1.57,Eric Murdock,Yukon,Yukon,Home Office,Office Supplies,Pens & Art Supplies,Newell 323,Wrap Bag,0.59,4/12/2010
2686,19430,11/13/2010,Critical,39,6742.49,0.03,Regular Air,-502.05,167.27,35,Helen Andreada,Yukon,Yukon,Corporate,Office Supplies,Storage & Organization,Office Impressions Heavy Duty Welded Shelving & Multimedia Storage Drawers,Large Box,0.85,11/15/2010
2700,19524,1/14/2010,Critical,9,92.02,0.07,Regular Air,-24.88,10.23,4.68,Amy Cox,Yukon,Yukon,Corporate,Office Supplies,"Scissors, Rulers and Trimmers",Acme¨ Box Cutter Scissors,Small Pack,0.59,1/15/2010
2703,19556,12/30/2010,Not Specified,45,5785.59,0.07,Delivery Truck,-423.77,130.98,30,Charles Crestani,Yukon,Yukon,Consumer,Furniture,Chairs & Chairmats,"Office Star - Contemporary Task Swivel chair with 2-way adjustable arms, Plum",Jumbo Drum,0.78,1/16/2011
2704,19556,12/30/2010,Not Specified,22,1131.93,0.09,Regular Air,469.69,55.98,4.86,Charles Crestani,Yukon,Yukon,Consumer,Office Supplies,Paper,Xerox 1908,Small Box,0.36,1/10/2011
2705,19556,12/30/2010,Not Specified,35,3238.143,0.08,Regular Air,727.36,115.99,4.23,Charles Crestani,Yukon,Yukon,Consumer,Technology,Telephones and Communication,282,Small Box,0.56,1/27/2011
2746,19815,3/25/2010,Not Specified,33,167.07,0.03,Regular Air,-102.36,4.98,6.07,Karen Carlisle,Yukon,Yukon,Home Office,Office Supplies,Paper,Xerox 1897,Small Box,0.36,3/28/2010
2791,20132,5/17/2010,Low,30,8719.69,0.01,Delivery Truck,2241.71,270.97,28.06,Darrin Sayre,Yukon,Yukon,Consumer,Technology,Office Machines,Epson LQ-570e Dot Matrix Printer,Jumbo Drum,0.56,5/24/2010
2802,20225,7/26/2010,Low,33,124.78,0.09,Regular Air,-122.67,3.98,5.26,Kean Thornton,Yukon,Yukon,Corporate,Office Supplies,Binders and Binder Accessories,Ibico Presentation Index for Binding Systems,Small Box,0.38,8/2/2010
2803,20225,7/26/2010,Low,22,123.4,0.1,Regular Air,30.50,5.84,0.83,Kean Thornton,Yukon,Yukon,Corporate,Office Supplies,Pens & Art Supplies,Avery Hi-Liter¨ Smear-Safe Highlighters,Wrap Bag,0.49,8/2/2010
2818,20325,7/3/2010,Critical,35,4043.29,0.06,Delivery Truck,-34.30,119.99,56.14,Sara Luxemburg,Yukon,Yukon,Small Business,Technology,Office Machines,Hewlett-Packard 2600DN Business Color Inkjet Printer,Jumbo Box,0.39,7/5/2010
2819,20325,7/3/2010,Critical,24,870.48,0.07,Regular Air,104.37,36.55,13.89,Sara Luxemburg,Yukon,Yukon,Small Business,Office Supplies,Pens & Art Supplies,"Dixon Ticonderoga Core-Lock Colored Pencils, 48-Color Set",Wrap Bag,0.41,7/6/2010
2865,20679,8/14/2010,Medium,32,4976.6,0.06,Regular Air,601.88,161.55,19.99,Tracy Hopkins,Yukon,Yukon,Small Business,Office Supplies,Storage & Organization,Fellowes Super Stor/Drawer¨ Files,Small Box,0.66,8/14/2010
2981,21539,7/9/2010,Medium,18,388.13,0.04,Regular Air,40.11,21.98,8.32,Christy Brittain,Yukon,Yukon,Consumer,Office Supplies,Paper,Standard Lineª ÒWhile You Were OutÓ Hardbound Telephone Message Book,Wrap Bag,0.39,7/10/2010
2982,21539,7/9/2010,Medium,39,2339.84,0.05,Regular Air,-1730.30,71.37,69,Christy Brittain,Yukon,Yukon,Consumer,Furniture,Tables,"Lesro Sheffield Collection Coffee Table, End Table, Center Table, Corner Table",Large Box,0.68,7/9/2010
3068,21988,3/28/2010,Medium,4,1337.19,0.06,Delivery Truck,-431.45,328.14,91.05,Jeremy Pistek,Yukon,Yukon,Corporate,Office Supplies,Appliances,"Sanyo Counter Height Refrigerator with Crisper, 3.6 Cubic Foot, Stainless Steel/Black",Jumbo Drum,0.57,3/30/2010
3152,22627,4/3/2010,Low,46,6803,0.03,Delivery Truck,-1061.68,150.98,66.27,Bill Shonely,Yukon,Yukon,Small Business,Furniture,Bookcases,Bush Mission Pointe Library,Jumbo Box,0.65,4/3/2010
3192,22912,10/16/2010,Low,33,10168.23,0.03,Express Air,4141.80,304.99,19.99,Juliana Krohn,Yukon,Yukon,Corporate,Office Supplies,Binders and Binder Accessories,Ibico Hi-Tech Manual Binding System,Small Box,0.4,10/20/2010
3193,22913,6/25/2010,Critical,32,176.77,0.06,Express Air,-41.60,4.98,4.72,Giulietta Dortch,Yukon,Yukon,Corporate,Office Supplies,Paper,Xerox 1949,Small Box,0.36,6/26/2010
3194,22913,6/25/2010,Critical,24,6568.024,0.06,Delivery Truck,1715.90,348.21,40.19,Giulietta Dortch,Yukon,Yukon,Corporate,Furniture,Tables,Bretford CR4500 Series Slim Rectangular Table,Jumbo Box,0.62,6/28/2010
3195,22913,6/25/2010,Critical,50,1579.028,0.02,Regular Air,624.98,35.99,5.99,Giulietta Dortch,Yukon,Yukon,Corporate,Technology,Telephones and Communication,Accessory41,Wrap Bag,0.38,6/26/2010
3226,23168,9/15/2010,Low,46,23949.51,0,Express Air,-1312.84,499.99,24.49,Darren Budd,Yukon,Yukon,Home Office,Technology,Copiers and Fax,Sharp AL-1530CS Digital Copier,Large Box,0.36,9/22/2010
3243,23238,3/31/2010,Not Specified,25,2976.19,0.05,Delivery Truck,-44.52,115.99,56.14,Bradley Drucker,Yukon,Yukon,Small Business,Technology,Office Machines,Hewlett-Packard Deskjet 5550 Color Inkjet Printer,Jumbo Drum,0.4,4/2/2010
3257,23329,12/26/2010,Low,4,31.1185,0.05,Regular Air,-46.90,7.99,5.03,Maris LaWare,Yukon,Yukon,Home Office,Technology,Telephones and Communication,Bell Sonecor JB700 Caller ID,Medium Box,0.6,1/19/2011
3258,23329,12/26/2010,Low,47,4829.4535,0.05,Regular Air,1235.15,125.99,8.99,Maris LaWare,Yukon,Yukon,Home Office,Technology,Telephones and Communication,SC7868i,Small Box,0.55,12/30/2010
3268,23366,11/19/2010,Not Specified,12,136.1,0.06,Regular Air,-3.78,10.52,7.94,Tim Taslimi,Yukon,Yukon,Corporate,Furniture,Office Furnishings,Ultra Door Pull Handle,Small Pack,0.52,11/21/2010
3269,23366,11/19/2010,Not Specified,5,297.85,0.04,Regular Air,-69.89,54.1,19.99,Tim Taslimi,Yukon,Yukon,Corporate,Office Supplies,Storage & Organization,Desktop 3-Pocket Hot File¨,Small Box,0.59,11/19/2010
3314,23680,11/6/2010,Not Specified,8,2029.496,0.1,Delivery Truck,251.64,320.64,43.57,Ivan Liston,Yukon,Yukon,Consumer,Furniture,Tables,"Chromcraft 48"" x 96"" Racetrack Double Pedestal Table",Jumbo Box,0.63,11/7/2010
3318,23719,7/25/2010,Critical,17,122.74,0.08,Regular Air,-28.13,7.28,5.47,Brian Stugart,Yukon,Yukon,Consumer,Office Supplies,Paper,Southworth Structures Collectionª,Small Box,0.35,7/27/2010
3451,24610,1/18/2010,Not Specified,4,883.31,0.01,Delivery Truck,-79.96,200.98,23.76,Dean Katz,Yukon,Yukon,Home Office,Furniture,Chairs & Chairmats,"Global Leather Highback Executive Chair with Pneumatic Height Adjustment, Black",Jumbo Drum,0.58,1/20/2010
3537,25157,5/25/2010,Not Specified,24,545.38,0.02,Regular Air,89.60,22.84,8.18,Tony Molinari,Yukon,Yukon,Corporate,Office Supplies,Paper,Xerox 1991,Small Box,0.39,5/27/2010
3625,25889,6/8/2010,Low,23,321.63,0.04,Regular Air,73.70,14.34,5,Chris McAfee,Yukon,Yukon,Consumer,Furniture,Office Furnishings,Nu-Dell Leatherette Frames,Small Pack,0.49,6/10/2010
3727,26631,11/1/2010,Critical,37,231.65,0,Regular Air,-241.28,5.98,10.39,Jeremy Pistek,Yukon,Yukon,Corporate,Office Supplies,Paper,Xerox 1895,Small Box,0.4,11/1/2010
3751,26786,4/7/2010,Medium,29,296.94,0.08,Regular Air,-25.41,10.98,3.99,Evan Henry,Yukon,Yukon,Corporate,Office Supplies,Appliances,Staples Surge Protector 6 outlet,Small Box,0.58,4/8/2010
3858,27524,2/1/2010,Not Specified,50,343.94,0.02,Regular Air,-157.40,6.48,7.37,Jay Fine,Yukon,Yukon,Consumer,Office Supplies,Paper,Xerox 210,Small Box,0.37,2/3/2010
3879,27712,3/4/2010,Low,20,246.63,0.08,Regular Air,31.54,12.28,4.86,Speros Goranitis,Yukon,Yukon,Corporate,Office Supplies,Paper,Xerox 1933,Small Box,0.38,3/11/2010
3882,27744,8/3/2010,Critical,22,106.69,0.01,Regular Air,-76.60,4.54,5.83,Pete Kriz,Yukon,Yukon,Corporate,Office Supplies,Binders and Binder Accessories,"Avery¨ Durable Plastic 1"" Binders",Small Box,0.36,8/4/2010
3883,27745,9/20/2010,Low,41,6126.93,0.01,Delivery Truck,-1704.89,146.05,80.2,Brad Thomas,Yukon,Yukon,Home Office,Furniture,Tables,BPI Conference Tables,Jumbo Box,0.71,9/24/2010
3930,28007,4/8/2010,Not Specified,23,128.97,0.03,Regular Air,-1045.25,3.48,49,Deborah Brumfield,Yukon,Yukon,Small Business,Office Supplies,Appliances,Hoover¨ Commercial Lightweight Upright Vacuum,Large Box,0.59,4/9/2010
3931,28007,4/8/2010,Not Specified,20,238.77,0.02,Regular Air,-78.81,11.66,7.95,Deborah Brumfield,Yukon,Yukon,Small Business,Office Supplies,Pens & Art Supplies,"Hunt BOSTON¨ Vista¨ Battery-Operated Pencil Sharpener, Black",Small Pack,0.58,4/9/2010
3932,28007,4/8/2010,Not Specified,20,257.34,0.04,Regular Air,12.82,12.98,3.14,Deborah Brumfield,Yukon,Yukon,Small Business,Office Supplies,"Scissors, Rulers and Trimmers","Acme¨ 8"" Straight Scissors",Small Pack,0.6,4/9/2010
4014,28643,4/27/2010,Not Specified,16,659.5,0.09,Regular Air,248.98,41.94,2.99,Thomas Thornton,Yukon,Yukon,Consumer,Office Supplies,Binders and Binder Accessories,"Avery Trapezoid Extra Heavy Duty 4"" Binders",Small Box,0.35,4/28/2010
4039,28832,9/24/2010,Medium,46,1500.84,0.1,Express Air,91.56,35.89,14.72,Dave Kipp,Yukon,Yukon,Corporate,Office Supplies,Envelopes,Jet-Pak Recycled Peel 'N' Seal Padded Mailers,Small Box,0.4,9/25/2010
4040,28832,9/24/2010,Medium,45,98.64,0.03,Regular Air,-9.36,2.08,1.49,Dave Kipp,Yukon,Yukon,Corporate,Office Supplies,Binders and Binder Accessories,Round Ring Binders,Small Box,0.38,9/26/2010
4334,30885,6/21/2010,High,24,234.24,0.09,Regular Air,-151.80,9.71,9.45,Victoria Pisteka,Yukon,Yukon,Corporate,Office Supplies,Storage & Organization,Filing/Storage Totes and Swivel Casters,Small Box,0.6,6/22/2010
4336,30887,7/7/2010,Critical,44,4357.117,0.07,Regular Air,1192.98,115.99,5.92,Brad Thomas,Yukon,Yukon,Home Office,Technology,Telephones and Communication,8890,Small Box,0.58,7/7/2010
4433,31590,6/5/2010,Critical,5,43.49,0.06,Regular Air,-21.44,8.33,1.99,Luke Foster,Yukon,Yukon,Corporate,Technology,Computer Peripherals,"80 Minute Slim Jewel Case CD-R , 10/Pack - Staples",Small Pack,0.52,6/6/2010
4434,31590,6/5/2010,Critical,27,2854.76,0.06,Regular Air,61.13,111.03,8.64,Luke Foster,Yukon,Yukon,Corporate,Office Supplies,Storage & Organization,Fellowes Recycled Storage Drawers,Small Box,0.78,6/7/2010
4509,32099,5/5/2010,Not Specified,41,506.73,0.08,Regular Air,25.58,12.28,6.47,Emily Burns,British Columbia,West,Home Office,Office Supplies,Paper,Xerox 1881,Small Box,0.38,5/5/2010
4629,32932,1/9/2010,Low,49,29884.6,0.05,Regular Air,12748.86,599.99,24.49,Karen Carlisle,British Columbia,West,Corporate,Technology,Copiers and Fax,Canon Image Class D660 Copier,Large Box,0.44,1/13/2010
4861,34597,12/16/2010,Medium,8,849.337,0.07,Express Air,-258.85,125.99,2.5,Brad Thomas,British Columbia,West,Home Office,Technology,Telephones and Communication,V2397,Small Box,0.58,12/18/2010
4914,34980,8/2/2010,Not Specified,7,140.77,0.01,Regular Air,100.77,18.65,3.77,Victoria Pisteka,British Columbia,West,Corporate,Furniture,Office Furnishings,3M Polarizing Light Filter Sleeves,Small Pack,0.39,8/4/2010
4915,34980,8/2/2010,Not Specified,25,848.19,0.06,Express Air,120.02,34.76,5.49,Victoria Pisteka,British Columbia,West,Corporate,Office Supplies,Storage & Organization,Home/Office Personal File Carts,Small Box,0.6,8/4/2010
4916,34980,8/2/2010,Not Specified,12,562.15,0.01,Regular Air,148.34,46.89,5.1,Victoria Pisteka,British Columbia,West,Corporate,Office Supplies,Appliances,Bionaire Personal Warm Mist Humidifier/Vaporizer,Medium Box,0.46,8/4/2010
5159,36737,3/15/2010,Not Specified,10,999.89,0.02,Regular Air,-119.92,99.99,19.99,Harold Dahlen,British Columbia,West,Consumer,Technology,Computer Peripherals,US Robotics 56K V.92 External Faxmodem,Small Box,0.52,3/16/2010
5160,36737,3/15/2010,Not Specified,10,35.69,0.04,Regular Air,-31.24,3.28,4.2,Harold Dahlen,British Columbia,West,Consumer,Office Supplies,Pens & Art Supplies,Newell 351,Wrap Bag,0.56,3/16/2010
5184,36836,2/26/2010,Medium,43,16116.33,0.08,Regular Air,6919.87,387.99,19.99,Karen Carlisle,British Columbia,West,Corporate,Office Supplies,Binders and Binder Accessories,Fellowes PB300 Plastic Comb Binding Machine,Small Box,0.38,3/1/2010
5231,37250,1/14/2010,High,13,473.46,0.03,Regular Air,128.11,35.94,6.66,Grant Thornton,British Columbia,West,Corporate,Office Supplies,Envelopes,"Tyvek ¨ Top-Opening Peel & Seel ¨ Envelopes, Gray",Small Box,0.4,1/15/2010
5283,37606,2/22/2010,Critical,1,19.96,0.05,Express Air,3.25,4.98,4.86,Patrick Bzostek,British Columbia,West,Consumer,Office Supplies,Paper,Xerox 190,Small Box,0.38,2/23/2010
5284,37606,2/22/2010,Critical,41,148.99,0.03,Regular Air,-115.48,3.57,4.17,Patrick Bzostek,British Columbia,West,Consumer,Office Supplies,Pens & Art Supplies,Barrel Sharpener,Small Pack,0.59,2/24/2010
5285,37606,2/22/2010,Critical,21,70.66,0.06,Regular Air,-57.84,3.28,3.97,Patrick Bzostek,British Columbia,West,Consumer,Office Supplies,Pens & Art Supplies,Newell 342,Wrap Bag,0.56,2/24/2010
5289,37668,1/8/2010,Low,33,478.27,0.01,Regular Air,-4.85,13.99,7.51,Victoria Pisteka,British Columbia,West,Corporate,Technology,Office Machines,Sharp EL500L Fraction Calculator,Medium Box,0.39,1/8/2010
5343,37957,11/5/2010,Not Specified,31,229.26,0,Regular Air,-37.20,6.81,5.48,Bobby Trafton,British Columbia,West,Small Business,Office Supplies,Binders and Binder Accessories,Avery Self-Adhesive Photo Pockets for Polaroid Photos,Small Box,0.37,11/6/2010
5404,38406,12/2/2010,Medium,12,754.94,0.01,Delivery Truck,-226.24,58.14,36.61,Denny Ordway,British Columbia,West,Small Business,Furniture,Bookcases,O'Sullivan 3-Shelf Heavy-Duty Bookcases,Jumbo Box,0.61,12/3/2010
5444,38657,5/28/2010,Not Specified,38,1279.25,0.01,Regular Air,569.30,31.78,1.99,Elizabeth Moffitt,British Columbia,West,Consumer,Technology,Computer Peripherals,"Memorex 4.7GB DVD-RAM, 3/Pack",Small Pack,0.42,5/29/2010
5466,38850,4/29/2010,Medium,34,12570.74,0.02,Delivery Truck,-4560.43,348.21,40.19,Corey Lock,British Columbia,West,Home Office,Furniture,Tables,Bretford CR4500 Series Slim Rectangular Table,Jumbo Box,0.62,5/1/2010
5623,39841,1/1/2010,Medium,43,294.13,0.01,Regular Air,-123.07,6.68,6.92,Benjamin Venier,British Columbia,West,Small Business,Office Supplies,Paper,Xerox 1898,Small Box,0.37,1/3/2010
5630,39847,4/4/2010,Not Specified,29,125.41,0.08,Regular Air,-127.01,4.38,6.21,Jennifer Patt,British Columbia,West,Home Office,Office Supplies,Binders and Binder Accessories,Acco 3-Hole Punch,Small Box,0.37,4/5/2010
5631,39847,4/4/2010,Not Specified,49,3170.52,0.08,Regular Air,379.11,64.98,6.88,Jennifer Patt,British Columbia,West,Home Office,Office Supplies,Storage & Organization,Fellowes Bankers Boxª Staxonsteel¨ Drawer File/Stacking System,Small Box,0.73,4/5/2010
5632,39847,4/4/2010,Not Specified,20,2488.477,0.08,Regular Air,142.55,155.99,8.99,Jennifer Patt,British Columbia,West,Home Office,Technology,Telephones and Communication,CF 688,Small Box,0.58,4/6/2010
5641,39907,8/29/2010,Low,12,378.84,0.05,Regular Air,-99.38,30.73,4,Jennifer Patt,British Columbia,West,Home Office,Technology,Computer Peripherals,Fellowes 17-key keypad for PS/2 interface,Small Box,0.75,9/7/2010
5663,40068,4/20/2010,Low,1,200.38,0.02,Delivery Truck,-90.41,160.98,30,Jennifer Patt,British Columbia,West,Home Office,Furniture,Chairs & Chairmats,Office Star - Mid Back Dual function Ergonomic High Back Chair with 2-Way Adjustable Arms,Jumbo Drum,0.62,4/22/2010
5664,40068,4/20/2010,Low,2,128.52,0.1,Regular Air,-110.07,64.98,6.88,Jennifer Patt,British Columbia,West,Home Office,Office Supplies,Storage & Organization,Fellowes Bankers Boxª Staxonsteel¨ Drawer File/Stacking System,Small Box,0.73,4/24/2010
5665,40068,4/20/2010,Low,24,6717.784,0,Delivery Truck,1903.10,348.21,40.19,Jennifer Patt,British Columbia,West,Home Office,Furniture,Tables,Bretford CR4500 Series Slim Rectangular Table,Jumbo Box,0.62,4/20/2010
5859,41574,9/20/2010,High,23,283.82,0.01,Regular Air,-38.94,11.97,5.81,Brendan Murry,British Columbia,West,Corporate,Office Supplies,Pens & Art Supplies,Staples SlimLine Pencil Sharpener,Small Pack,0.6,9/22/2010
5991,42467,10/14/2010,High,10,238.88,0.01,Regular Air,-48.21,22.38,15.1,Julia Barnett,British Columbia,West,Home Office,Office Supplies,Binders and Binder Accessories,"Avery Flip-Chart Easel Binder, Black",Small Box,0.38,10/14/2010
5992,42467,10/14/2010,High,39,1235.29,0,Express Air,53.63,30.98,6.5,Julia Barnett,British Columbia,West,Home Office,Technology,Computer Peripherals,Belkin ErgoBoardª Keyboard,Small Box,0.64,10/16/2010
5993,42467,10/14/2010,High,12,1928.327,0.09,Regular Air,-253.37,195.99,8.99,Julia Barnett,British Columbia,West,Home Office,Technology,Telephones and Communication,T28 WORLD,Small Box,0.6,10/16/2010
6005,42529,10/10/2010,Low,8,57.15,0.03,Regular Air,-33.95,5.98,7.5,Bobby Elias,British Columbia,West,Small Business,Office Supplies,Paper,Xerox 1920,Small Box,0.4,10/15/2010
6008,42563,8/12/2010,Medium,7,44.25,0.07,Express Air,-14.36,4.24,5.41,Jeremy Pistek,British Columbia,West,Corporate,Office Supplies,Binders and Binder Accessories,Storex DuraTech Recycled Plastic Frosted Binders,Small Box,0.35,8/12/2010
6011,42567,1/11/2010,Critical,12,1940.32,0,Delivery Truck,-18.81,146.34,43.75,Tom Prescott,British Columbia,West,Small Business,Furniture,Tables,Bevis Round Conference Table Top & Single Column Base,Jumbo Box,0.65,1/13/2010
6024,42691,5/24/2010,Low,50,2447.65,0,Regular Air,1170.35,46.94,6.77,Noel Staavos,British Columbia,West,Home Office,Furniture,Office Furnishings,"Howard Miller 13"" Diameter Goldtone Round Wall Clock",Small Box,0.44,6/2/2010
6025,42691,5/24/2010,Low,7,1069.64,0.09,Regular Air,-139.75,161.55,19.99,Noel Staavos,British Columbia,West,Home Office,Office Supplies,Storage & Organization,Fellowes Super Stor/Drawer¨ Files,Small Box,0.66,5/28/2010
6092,43170,5/13/2010,Low,25,7667.78,0.04,Delivery Truck,1494.01,306.14,26.53,Bobby Elias,British Columbia,West,Small Business,Technology,Office Machines,Okidata ML184 Turbo Dot Matrix Printers,Jumbo Drum,0.56,5/20/2010
6093,43170,5/13/2010,Low,40,1305.85,0,Regular Air,65.01,30.98,17.08,Bobby Elias,British Columbia,West,Small Business,Office Supplies,Paper,Xerox 197,Small Box,0.4,5/17/2010
6186,43844,10/31/2010,High,25,1009.868,0.02,Regular Air,170.57,45.99,4.99,Deborah Brumfield,British Columbia,West,Small Business,Technology,Telephones and Communication,KF 788,Small Box,0.56,10/31/2010
6231,44133,1/6/2010,High,35,181.15,0.06,Regular Air,-46.68,5.28,3.96,Mark Packer,British Columbia,West,Small Business,Furniture,Office Furnishings,"Master Big Foot¨ Doorstop, Beige",Wrap Bag,0.54,1/7/2010
6367,45158,4/10/2010,Low,40,375.52,0.09,Regular Air,131.70,9.68,2.03,Juliana Krohn,British Columbia,West,Corporate,Office Supplies,Paper,"Wirebound Service Call Books, 5 1/2"" x 4""",Wrap Bag,0.37,4/12/2010
6368,45158,4/10/2010,Low,15,63.84,0.03,Express Air,23.52,3.78,0.71,Juliana Krohn,British Columbia,West,Corporate,Office Supplies,Rubber Bands,Staples Bulldog Clip,Wrap Bag,0.39,4/15/2010
6377,45254,7/26/2010,High,45,3327.84,0.06,Delivery Truck,-3033.57,70.89,89.3,Corey Lock,British Columbia,West,Home Office,Furniture,Tables,KI Conference Tables,Jumbo Box,0.69,7/27/2010
6393,45409,4/12/2010,Critical,11,3427.31,0.1,Delivery Truck,124.36,320.98,58.95,Damala Kotsonis,British Columbia,West,Corporate,Furniture,Chairs & Chairmats,Hon 4070 Series Pagodaª Round Back Stacking Chairs,Jumbo Drum,0.57,4/15/2010
6394,45409,4/12/2010,Critical,10,36.26,0.08,Regular Air,-28.37,3.28,3.97,Damala Kotsonis,British Columbia,West,Corporate,Office Supplies,Pens & Art Supplies,Newell 337,Wrap Bag,0.56,4/13/2010
6395,45409,4/12/2010,Critical,50,893.1375,0,Regular Air,11.00,20.99,1.25,Damala Kotsonis,British Columbia,West,Corporate,Technology,Telephones and Communication,Accessory29,Small Pack,0.83,4/15/2010
6418,45605,4/10/2010,Medium,7,1494.27,0.05,Delivery Truck,-248.78,212.6,52.2,Nora Paige,British Columbia,West,Small Business,Furniture,Tables,Bush Advantage Collection¨ Round Conference Table,Jumbo Box,0.64,4/12/2010
6430,45728,6/21/2010,High,49,1711.79,0.01,Regular Air,812.32,33.29,1.99,Keith Herrera,British Columbia,West,Small Business,Technology,Computer Peripherals,Verbatim 4.7GB DVD-R,Small Pack,0.41,6/22/2010
6437,45762,7/21/2010,Low,21,793.85,0.01,Regular Air,308.53,37.94,5.08,Barry Weirich,British Columbia,West,Corporate,Office Supplies,Paper,"Snap-A-Way¨ Black Print Carbonless Ruled Speed Letter, Triplicate",Wrap Bag,0.38,7/26/2010
6583,46880,7/3/2010,Critical,1,29.99,0.07,Regular Air,-8.88,21.98,8.32,Karen Carlisle,British Columbia,West,Corporate,Office Supplies,Paper,Standard Lineª ÒWhile You Were OutÓ Hardbound Telephone Message Book,Wrap Bag,0.39,7/5/2010
6688,47584,7/27/2010,Critical,4,20.19,0.03,Regular Air,1.30,4.91,0.5,Bryan Spruell,British Columbia,West,Home Office,Office Supplies,Labels,Avery 508,Small Box,0.36,7/29/2010
6689,47584,7/27/2010,Critical,43,74.99,0.08,Regular Air,-8.95,1.82,0.83,Bryan Spruell,British Columbia,West,Home Office,Office Supplies,Pens & Art Supplies,Newell 307,Wrap Bag,0.57,7/28/2010
6696,47683,9/1/2010,Low,38,81.97,0.05,Regular Air,-148.80,1.98,4.77,Harold Dahlen,British Columbia,West,Corporate,Office Supplies,Binders and Binder Accessories,Avery Reinforcements for Hole-Punch Pages,Small Box,0.4,9/8/2010
6739,47972,10/11/2010,Medium,46,7685.62,0.02,Express Air,1952.15,165.2,19.99,Brendan Murry,British Columbia,West,Corporate,Office Supplies,Storage & Organization,Economy Rollaway Files,Small Box,0.59,10/13/2010
6782,48294,5/26/2010,High,43,4072.01,0.01,Regular Air,1675.98,90.24,0.99,Aaron Hawkins,British Columbia,West,Home Office,Office Supplies,Appliances,Kensington 6 Outlet MasterPiece¨ HOMEOFFICE Power Control Center,Small Box,0.56,5/26/2010
6855,48832,5/5/2010,High,48,4480.89,0.02,Delivery Truck,195.04,90.98,30,Bobby Trafton,British Columbia,West,Small Business,Furniture,Chairs & Chairmats,Office Star - Task Chair with Contemporary Loop Arms,Jumbo Drum,0.61,5/5/2010
6870,48935,1/7/2010,Low,21,106.2,0,Regular Air,48.76,4.91,0.5,Jill Matthias,British Columbia,West,Consumer,Office Supplies,Labels,Avery 508,Small Box,0.36,1/9/2010
6987,49925,1/22/2010,High,1,3.41,0.06,Regular Air,-1.78,2.88,0.7,Adam Hart,British Columbia,West,Corporate,Office Supplies,Pens & Art Supplies,Newell 346,Wrap Bag,0.56,1/23/2010
7151,51011,6/6/2010,Low,41,5144.8715,0.09,Regular Air,1435.83,155.99,3.9,Thomas Thornton,British Columbia,West,Consumer,Technology,Telephones and Communication,T39m,Small Box,0.55,6/8/2010
7169,51171,6/21/2010,High,34,783.48,0.01,Regular Air,-73.40,22.38,15.1,Mark Packer,British Columbia,West,Small Business,Office Supplies,Binders and Binder Accessories,"Avery Flip-Chart Easel Binder, Black",Small Box,0.38,6/23/2010
7200,51362,2/22/2010,Medium,47,1501.8,0.02,Regular Air,112.78,30.97,4,Tim Taslimi,British Columbia,West,Corporate,Technology,Computer Peripherals,Microsoft Multimedia Keyboard,Small Box,0.74,2/24/2010
7323,52196,1/30/2010,Not Specified,1,3.85,0.08,Regular Air,-1.36,3.08,0.99,Adam Hart,British Columbia,West,Corporate,Office Supplies,Labels,Avery 481,Small Box,0.37,1/31/2010
7324,52196,1/30/2010,Not Specified,10,547.0005,0.08,Regular Air,-97.20,65.99,3.9,Adam Hart,British Columbia,West,Corporate,Technology,Telephones and Communication,StarTAC Series,Small Box,0.55,2/1/2010
7340,52292,10/3/2010,Not Specified,18,2379.15,0.06,Delivery Truck,-261.77,130.98,30,Corey Catlett,British Columbia,West,Home Office,Furniture,Chairs & Chairmats,"Office Star - Contemporary Task Swivel chair with 2-way adjustable arms, Plum",Jumbo Drum,0.78,10/4/2010
7361,52448,9/10/2010,Not Specified,22,6767.43,0.05,Delivery Truck,803.48,320.98,58.95,Barry Weirich,British Columbia,West,Corporate,Furniture,Chairs & Chairmats,Hon 4070 Series Pagodaª Round Back Stacking Chairs,Jumbo Drum,0.57,9/11/2010
7442,53060,3/22/2010,Critical,36,739.07,0.1,Regular Air,-71.55,20.95,5.99,Eric Barreto,British Columbia,West,Consumer,Technology,Computer Peripherals,"Fellowes Basic 104-Key Keyboard, Platinum",Small Box,0.65,3/24/2010
7443,53060,3/22/2010,Critical,4,38.58,0.02,Regular Air,-2.82,9.11,2.15,Eric Barreto,British Columbia,West,Consumer,Office Supplies,Paper,"Black Print Carbonless Snap-Off¨ Rapid Letter, 8 1/2"" x 7""",Wrap Bag,0.4,3/24/2010
7471,53344,2/24/2010,High,36,181.95,0.03,Regular Air,-132.26,4.89,6.07,Nora Paige,British Columbia,West,Small Business,Office Supplies,Binders and Binder Accessories,UniKeepª View Case Binders,Small Box,0.39,2/26/2010
7477,53381,9/26/2010,Critical,26,287.43,0.01,Regular Air,37.90,10.98,4.8,Juliana Krohn,British Columbia,West,Corporate,Office Supplies,Envelopes,"Manila Recycled Extra-Heavyweight Clasp Envelopes, 6"" x 9""",Small Box,0.36,9/27/2010
7591,54336,4/15/2010,Medium,50,952.21,0.05,Regular Air,403.83,18.84,3.62,Alejandro Savely,British Columbia,West,Corporate,Furniture,Office Furnishings,Flat Face Poster Frame,Wrap Bag,0.43,4/17/2010
7610,54467,10/18/2010,Low,37,436.67,0.06,Regular Air,51.91,11.58,5.72,Bradley Drucker,British Columbia,West,Small Business,Office Supplies,Envelopes,"Peel & Seel¨ Recycled Catalog Envelopes, Brown",Small Box,0.35,10/20/2010
7611,54467,10/18/2010,Low,30,146.72,0.06,Regular Air,18.26,5.08,2.03,Bradley Drucker,British Columbia,West,Small Business,Furniture,Office Furnishings,"Master Caster Door Stop, Brown",Wrap Bag,0.51,10/20/2010
7612,54467,10/18/2010,Low,17,74.83,0.08,Regular Air,-83.71,4.06,6.89,Bradley Drucker,British Columbia,West,Small Business,Office Supplies,Appliances,Eureka Disposable Bags for Sanitaire¨ Vibra Groomer I¨ Upright Vac,Small Box,0.6,10/23/2010
7627,54564,12/6/2010,High,27,1553.868,0.04,Express Air,322.51,65.99,5.92,Brendan Murry,British Columbia,West,Corporate,Technology,Telephones and Communication,252,Small Box,0.55,12/8/2010
7637,54692,3/5/2010,Medium,16,43.65,0.05,Regular Air,-3.67,2.78,0.97,Tom Ashbrook,British Columbia,West,Home Office,Office Supplies,Pens & Art Supplies,Newell 333,Wrap Bag,0.59,3/5/2010
7638,54692,3/5/2010,Medium,27,2478.481,0.09,Regular Air,249.10,115.99,8.99,Tom Ashbrook,British Columbia,West,Home Office,Technology,Telephones and Communication,5185,Small Box,0.58,3/7/2010
7641,54727,12/13/2010,Medium,29,1427.14,0.02,Regular Air,605.92,48.04,7.23,Bradley Drucker,British Columbia,West,Small Business,Office Supplies,Paper,Xerox 1885,Small Box,0.37,12/14/2010
7692,55139,1/17/2010,Not Specified,41,576.58,0.04,Regular Air,-81.55,13.9,7.59,Bobby Elias,British Columbia,West,Small Business,Office Supplies,"Scissors, Rulers and Trimmers","Acme Hot Forged Carbon Steel Scissors with Nickel-Plated Handles, 3 7/8"" Cut, 8""L",Small Pack,0.56,1/18/2010
7702,55203,4/11/2010,Low,18,994.4745,0.05,Regular Air,0.71,65.99,7.69,Natalie Webber,British Columbia,West,Corporate,Technology,Telephones and Communication,5190,Small Box,0.59,4/11/2010
7960,56869,7/23/2010,Low,10,842.19,0,Regular Air,157.45,80.98,4.5,Natalie Webber,British Columbia,West,Consumer,Office Supplies,Appliances,Belkin 8 Outlet SurgeMaster II Gold Surge Protector with Phone Protection,Small Box,0.59,7/25/2010
8004,57190,5/28/2010,Medium,48,2052.83,0.02,Regular Air,395.85,40.99,8.97,Dave Poirier,British Columbia,West,Small Business,Technology,Office Machines,AT&T 1430 2.4GHz Analog Phone w/Caller ID,Small Box,0.54,5/28/2010
8005,57190,5/28/2010,Medium,36,620.45,0.09,Regular Air,171.94,17.48,1.99,Dave Poirier,British Columbia,West,Small Business,Technology,Computer Peripherals,"Memorex 'Cool' 80 Minute CD-R Spindle, 25/Pack",Small Pack,0.46,5/29/2010
8022,57318,1/10/2010,Medium,33,158.79,0.02,Regular Air,74.14,4.91,0.5,Eric Barreto,British Columbia,West,Small Business,Office Supplies,Labels,Avery 508,Small Box,0.36,1/12/2010
8023,57318,1/10/2010,Medium,12,79.06,0.1,Regular Air,-47.00,6.68,6.92,Eric Barreto,British Columbia,West,Small Business,Office Supplies,Paper,Xerox 1898,Small Box,0.37,1/12/2010
8085,57669,8/8/2010,Critical,41,1803.12,0,Regular Air,544.93,40.98,5.33,Cyra Reiten,British Columbia,West,Consumer,Office Supplies,Appliances,Belkin 8 Outlet Surge Protector,Small Box,0.57,8/9/2010
8110,57891,12/17/2010,Medium,17,934.9405,0.08,Regular Air,47.10,65.99,5.92,Corey Lock,British Columbia,West,Home Office,Technology,Telephones and Communication,252,Small Box,0.55,12/17/2010
8167,58371,5/11/2010,Medium,5,2168.05,0,Regular Air,416.02,420.98,19.99,Barry Pond,British Columbia,West,Consumer,Office Supplies,Binders and Binder Accessories,GBC DocuBind 200 Manual Binding Machine,Small Box,0.35,5/13/2010
8168,58371,5/11/2010,Medium,44,303.07,0.02,Regular Air,-238.45,6.48,9.68,Barry Pond,British Columbia,West,Consumer,Office Supplies,Paper,Xerox 1993,Small Box,0.36,5/12/2010
8169,58371,5/11/2010,Medium,48,1661.8,0.07,Regular Air,202.68,36.55,13.89,Barry Pond,British Columbia,West,Consumer,Office Supplies,Pens & Art Supplies,"Dixon Ticonderoga Core-Lock Colored Pencils, 48-Color Set",Wrap Bag,0.41,5/13/2010
8236,58855,10/31/2010,Medium,38,69.26,0.07,Regular Air,-113.86,1.74,4.08,Jeremy Pistek,British Columbia,West,Corporate,Furniture,Office Furnishings,"Eldon Regeneration Recycled Desk Accessories, Smoke",Small Pack,0.53,10/31/2010
8278,59173,12/20/2010,High,27,2896.99,0.01,Delivery Truck,36.94,100.98,35.84,Jennifer Patt,British Columbia,West,Home Office,Furniture,Bookcases,"Bush Westfield Collection Bookcases, Fully Assembled",Jumbo Box,0.62,12/21/2010
8328,59553,11/12/2010,Not Specified,15,171.57,0.04,Regular Air,12.50,11.34,5.01,Raymond Fair,British Columbia,West,Small Business,Office Supplies,Paper,Xerox 188,Small Box,0.36,11/13/2010
8329,59553,11/12/2010,Not Specified,42,2170.305,0.1,Regular Air,264.32,65.99,8.99,Raymond Fair,British Columbia,West,Small Business,Technology,Telephones and Communication,5180,Small Box,0.56,11/14/2010
8376,59815,12/15/2010,Not Specified,14,51.56,0.09,Regular Air,-1.06,3.71,1.93,Christy Brittain,British Columbia,West,Consumer,Office Supplies,Paper,"""While you Were Out"" Message Book, One Form per Page",Wrap Bag,0.35,12/17/2010
335,2305,1/25/2010,High,33,3116.47,0.1,Delivery Truck,-1578.26,100.98,57.38,Maribeth Dona,British Columbia,West,Home Office,Furniture,Bookcases,"Bush Westfield Collection Bookcases, Dark Cherry Finish, Fully Assembled",Jumbo Box,0.78,1/27/2010
336,2305,1/25/2010,High,1,12.41,0.01,Regular Air,-9.08,6.68,5.66,Maribeth Dona,British Columbia,West,Home Office,Office Supplies,Paper,Xerox 1923,Small Box,0.37,1/26/2010
351,2438,7/14/2010,High,20,278.68,0.06,Regular Air,8.90,14.48,6.46,Andrew Allen,British Columbia,West,Corporate,Office Supplies,Binders and Binder Accessories,"GBC White Gloss Covers, Plain Front",Small Box,0.38,7/17/2010
352,2438,7/14/2010,High,23,717.468,0.01,Regular Air,316.48,35.99,0.99,Andrew Allen,British Columbia,West,Corporate,Technology,Telephones and Communication,Accessory31,Small Pack,0.35,7/16/2010
613,4195,5/28/2010,Not Specified,30,255.74,0.07,Regular Air,37.09,8.5,1.99,Art Miller,British Columbia,West,Corporate,Technology,Computer Peripherals,Hewlett-Packard 4.7GB DVD+R Discs,Small Pack,0.49,5/30/2010
878,6309,6/9/2010,Medium,10,29.79,0.01,Regular Air,3.76,2.88,0.99,Art Miller,British Columbia,West,Corporate,Office Supplies,Labels,Avery 474,Small Box,0.36,6/10/2010
961,6978,12/9/2010,High,47,371.95,0.07,Regular Air,-87.40,8.12,2.83,Art Foster,British Columbia,West,Home Office,Technology,Computer Peripherals,"Imation Neon Mac Format Diskettes, 10/Pack",Small Pack,0.77,12/10/2010
1732,12449,1/31/2010,Medium,36,1400.1,0.03,Regular Air,88.68,39.98,4,Anthony Rawles,British Columbia,West,Small Business,Technology,Computer Peripherals,Microsoft Natural Keyboard Elite,Small Box,0.7,2/2/2010
2051,14661,1/24/2010,Not Specified,38,1325.06,0.06,Regular Air,-180.23,35.77,9.02,Lauren Leatherbury,British Columbia,West,Home Office,Technology,Computer Peripherals,"IBM Numeric Access II Keypad, 17-Key, Black",Small Box,0.75,1/25/2010
2143,15303,9/13/2010,Critical,21,101.13,0.02,Regular Air,-74.41,4.54,5.83,Fred Harton,British Columbia,West,Home Office,Office Supplies,Binders and Binder Accessories,"Avery¨ Durable Plastic 1"" Binders",Small Box,0.36,9/14/2010
2144,15303,9/13/2010,Critical,18,526.45,0.02,Regular Air,-108.14,28.48,8.99,Fred Harton,British Columbia,West,Home Office,Technology,Computer Peripherals,"Imation IBM Formatted Diskettes, 100/Pack",Small Pack,0.7,9/15/2010
2189,15778,5/6/2010,High,9,43.23,0,Regular Air,-29.53,3.98,5.26,Barry Blumstein,British Columbia,West,Small Business,Office Supplies,Binders and Binder Accessories,Ibico Presentation Index for Binding Systems,Small Box,0.38,5/8/2010
2245,16166,1/31/2010,Critical,36,78.51,0.09,Regular Air,-10.06,2.18,1.38,Anthony Rawles,British Columbia,West,Small Business,Office Supplies,Rubber Bands,Advantus Push Pins,Wrap Bag,0.44,2/1/2010
2493,18145,9/4/2010,Medium,21,361.98,0,Regular Air,-55.61,15.99,9.4,Lauren Leatherbury,British Columbia,West,Corporate,Technology,Office Machines,"AT&T Black Trimline Phone, Model 210",Small Box,0.49,9/5/2010
2509,18215,9/19/2010,Medium,29,965.82,0.09,Regular Air,169.15,34.99,5.5,Eugene Moren,British Columbia,West,Home Office,Technology,Computer Peripherals,Logitech Cordless Keyboard,Small Box,0.49,9/20/2010
2581,18598,8/6/2010,Critical,24,349.65,0.1,Express Air,28.55,14.48,6.46,Fred Harton,British Columbia,West,Home Office,Office Supplies,Binders and Binder Accessories,"GBC White Gloss Covers, Plain Front",Small Box,0.38,8/9/2010
2582,18598,8/6/2010,Critical,46,4814.12,0.03,Regular Air,855.14,102.3,21.26,Fred Harton,British Columbia,West,Home Office,Furniture,Office Furnishings,Luxo Professional Combination Clamp-On Lamps,Large Box,0.59,8/8/2010
2701,19555,2/11/2010,Low,36,246.24,0.08,Regular Air,-118.90,6.68,7.3,Carol Darley,British Columbia,West,Small Business,Office Supplies,Paper,Xerox 1959,Small Box,0.37,2/15/2010
2702,19555,2/11/2010,Low,8,78.67,0,Regular Air,14.10,9.11,2.15,Carol Darley,British Columbia,West,Small Business,Office Supplies,Paper,"Black Print Carbonless Snap-Off¨ Rapid Letter, 8 1/2"" x 7""",Wrap Bag,0.4,2/18/2010
2751,19843,7/29/2010,Medium,33,4416.651,0.02,Regular Air,1020.41,155.99,8.99,Eugene Moren,British Columbia,West,Home Office,Technology,Telephones and Communication,LX 788,Small Box,0.58,7/29/2010
3925,27974,10/7/2010,High,31,813.41,0.09,Express Air,284.65,28.48,1.99,Art Foster,British Columbia,West,Home Office,Technology,Computer Peripherals,"Memorex 4.7GB DVD+RW, 3/Pack",Small Pack,0.4,10/9/2010
4379,31204,8/21/2010,Low,14,215.52,0.02,Regular Air,75.83,14.34,5,Christopher Martinez,British Columbia,West,Small Business,Furniture,Office Furnishings,Nu-Dell Leatherette Frames,Small Pack,0.49,8/26/2010
4380,31204,8/21/2010,Low,8,10.46,0,Regular Air,-0.89,1.14,0.7,Christopher Martinez,British Columbia,West,Small Business,Office Supplies,Rubber Bands,OIC Thumb-Tacks,Wrap Bag,0.38,8/21/2010
4589,32641,3/21/2010,High,18,167.53,0.05,Regular Air,-9.57,8.85,5.6,Fred Harton,British Columbia,West,Home Office,Office Supplies,Binders and Binder Accessories,GBC Standard Plastic Binding Systems Combs,Small Box,0.36,3/22/2010
4942,35139,1/18/2010,High,3,10380.34,0.05,Delivery Truck,-8389.47,3502.14,8.73,Lauren Leatherbury,British Columbia,West,Home Office,Technology,Office Machines,Okidata Pacemark 4410N Wide Format Dot Matrix Printer,Jumbo Box,0.57,1/19/2010
4943,35139,1/18/2010,High,25,854.9,0.05,Regular Air,76.87,34.58,8.99,Lauren Leatherbury,British Columbia,West,Home Office,Office Supplies,Pens & Art Supplies,Panasonic KP-350BK Electric Pencil Sharpener with Auto Stop,Small Pack,0.56,1/20/2010
4944,35139,1/18/2010,High,32,389.98,0.07,Regular Air,-14.98,12.21,4.81,Lauren Leatherbury,British Columbia,West,Home Office,Office Supplies,Storage & Organization,Portable Personal File Box,Small Box,0.58,1/20/2010
5217,37125,1/14/2010,High,46,72.18,0,Regular Air,11.83,1.48,0.7,Sanjit Jacobs,British Columbia,West,Consumer,Office Supplies,Rubber Bands,Binder Clips by OIC,Wrap Bag,0.37,1/15/2010
5516,39110,2/5/2010,Medium,14,2595.07,0.1,Regular Air,1217.19,194.3,11.54,Eva Jacobs,British Columbia,West,Home Office,Furniture,Office Furnishings,Electrix Halogen Magnifier Lamp,Large Box,0.59,2/5/2010
5537,39235,7/14/2010,Medium,34,801.98,0,Regular Air,-99.95,21.66,13.99,Lauren Leatherbury,British Columbia,West,Corporate,Office Supplies,Appliances,Holmes 99% HEPA Air Purifier,Medium Box,0.52,7/16/2010
5895,41824,7/4/2010,Not Specified,8,157.51,0.01,Regular Air,46.48,18.94,1.49,Art Miller,British Columbia,West,Corporate,Office Supplies,Binders and Binder Accessories,Flexible Leather- Look Classic Collection Ring Binder,Small Box,0.35,7/5/2010
5896,41824,7/4/2010,Not Specified,33,97.78,0.09,Regular Air,-31.22,2.98,2.03,Art Miller,British Columbia,West,Corporate,Office Supplies,Pens & Art Supplies,"Premium Writing Pencils, Soft, #2 by Central Association for the Blind",Wrap Bag,0.57,7/6/2010
6654,47329,2/10/2010,Low,2,26.64,0.09,Express Air,-13.88,11.55,2.36,Greg Matthias,British Columbia,West,Home Office,Office Supplies,Pens & Art Supplies,Newell 309,Wrap Bag,0.55,2/15/2010
6655,47329,2/10/2010,Low,16,88.19,0.03,Regular Air,-25.97,4.98,4.72,Greg Matthias,British Columbia,West,Home Office,Office Supplies,Paper,Xerox 1949,Small Box,0.36,2/19/2010
6666,47461,4/25/2010,High,39,318.28,0.08,Regular Air,114.95,8.17,1.69,Christopher Martinez,British Columbia,West,Small Business,Office Supplies,Paper,"Wirebound Message Forms, Four 2 3/4 x 5 Forms per Page, Pink Paper",Wrap Bag,0.38,4/26/2010
6667,47461,4/25/2010,High,34,289.53,0.08,Express Air,46.97,8.69,2.99,Christopher Martinez,British Columbia,West,Small Business,Office Supplies,Binders and Binder Accessories,"Cardinal Slant-D¨ Ring Binder, Heavy Gauge Vinyl",Small Box,0.39,4/26/2010
6668,47461,4/25/2010,High,45,322.8,0.06,Regular Air,53.15,7.08,2.35,Christopher Martinez,British Columbia,West,Small Business,Office Supplies,Pens & Art Supplies,SANFORD Major Accentª Highlighters,Wrap Bag,0.47,4/27/2010
7309,52128,11/22/2010,Not Specified,11,13.52,0.03,Regular Air,-27.66,0.99,2.96,Sanjit Jacobs,British Columbia,West,Consumer,Technology,Computer Peripherals,"Sony IBM Color Diskettes, 25/Pack",Small Pack,0.61,11/23/2010
7661,54917,4/9/2010,High,12,6034.68,0.06,Regular Air,-517.08,499.99,24.49,Anthony Rawles,British Columbia,West,Small Business,Technology,Copiers and Fax,Sharp AL-1530CS Digital Copier,Large Box,0.36,4/10/2010
8106,57857,5/1/2010,High,18,314.96,0.1,Regular Air,153.48,18.65,3.77,Anthony Rawles,British Columbia,West,Small Business,Furniture,Office Furnishings,3M Polarizing Light Filter Sleeves,Small Pack,0.39,5/1/2010
8365,59780,2/20/2010,Critical,21,6776.92,0,Delivery Truck,1395.02,306.14,26.53,Art Foster,British Columbia,West,Home Office,Technology,Office Machines,Okidata ML184 Turbo Dot Matrix Printers,Jumbo Drum,0.56,2/20/2010
62,358,9/19/2010,High,33,1640.9,0.02,Delivery Truck,-1348.06,48.58,54.11,Ricardo Block,Alberta,West,Corporate,Furniture,Bookcases,O'Sullivan 2-Shelf Heavy-Duty Bookcases,Jumbo Box,0.69,9/21/2010
63,358,9/19/2010,High,33,1235.87,0.07,Regular Air,269.27,39.48,1.99,Ricardo Block,Alberta,West,Corporate,Technology,Computer Peripherals,"80 Minute CD-R Spindle, 100/Pack - Staples",Small Pack,0.54,9/19/2010
271,1863,9/22/2010,Not Specified,26,2415.38,0.08,Delivery Truck,-1131.60,95.95,74.35,Sung Pak,Alberta,West,Small Business,Furniture,Chairs & Chairmats,Bevis Steel Folding Chairs,Jumbo Drum,0.57,9/23/2010
975,7078,4/11/2010,High,9,112.12,0.01,Regular Air,-8.45,11.33,6.12,Ricardo Block,Alberta,West,Corporate,Office Supplies,Appliances,"Holmes Replacement Filter for HEPA Air Cleaner, Medium Room",Medium Box,0.42,4/13/2010
976,7078,4/11/2010,High,11,49.58,0.1,Express Air,-47.02,3.36,6.27,Ricardo Block,Alberta,West,Corporate,Office Supplies,Binders and Binder Accessories,Cardinal Poly Pocket Divider Pockets for Ring Binders,Small Box,0.4,4/12/2010
977,7078,4/11/2010,High,16,1939.65,0.05,Delivery Truck,-885.73,122.99,70.2,Ricardo Block,Alberta,West,Corporate,Furniture,Chairs & Chairmats,"Global High-Back Leather Tilter, Burgundy",Jumbo Drum,0.74,4/13/2010
978,7078,4/11/2010,High,29,465.52,0.02,Express Air,65.35,14.98,8.99,Ricardo Block,Alberta,West,Corporate,Furniture,Office Furnishings,"GE 4 Foot Flourescent Tube, 40 Watt",Small Pack,0.39,4/12/2010
1045,7654,2/10/2010,High,3,19.47,0.06,Regular Air,-14.29,4.13,6.89,Resi Polking,Alberta,West,Small Business,Office Supplies,Labels,"Avery 05222 Permanent Self-Adhesive File Folder Labels for Typewriters, on Rolls, White, 250/Roll",Small Box,0.39,2/12/2010
1050,7746,12/5/2010,Medium,1,28.96,0.06,Regular Air,-27.07,19.98,8.68,Roger Demir,Alberta,West,Consumer,Office Supplies,Paper,Southworth 25% Cotton Premium Laser Paper and Envelopes,Small Box,0.37,12/7/2010
1149,8387,3/20/2010,Not Specified,35,1133.96,0.02,Regular Air,185.09,31.74,12.62,Tamara Manning,Alberta,West,Corporate,Office Supplies,Binders and Binder Accessories,GBC Wire Binding Strips,Small Box,0.37,3/21/2010
1531,11014,9/7/2010,High,39,286.81,0.07,Regular Air,110.05,7.64,1.39,Victoria Pisteka,Alberta,West,Corporate,Office Supplies,Envelopes,"#10- 4 1/8"" x 9 1/2"" Security-Tint Envelopes",Small Box,0.36,9/8/2010
2339,16834,10/23/2010,Low,23,158.78,0.07,Regular Air,33.26,7.04,2.17,Sue Ann Reed,Alberta,West,Consumer,Office Supplies,Paper,"Wirebound Message Books, 2 7/8"" x 5"", 3 Forms per Page",Wrap Bag,0.38,10/30/2010
3047,21862,9/12/2010,Not Specified,1,28.75,0.09,Express Air,-14.35,14.27,7.27,Roger Demir,Alberta,West,Consumer,Office Supplies,Binders and Binder Accessories,"GBC Laser Imprintable Binding System Covers, Desert Sand",Small Box,0.38,9/12/2010
3048,21862,9/12/2010,Not Specified,4,19014.24,0.06,Regular Air,-10263.66,6783.02,24.49,Roger Demir,Alberta,West,Consumer,Technology,Office Machines,Polycom ViewStationª ISDN Videoconferencing Unit,Large Box,0.39,9/14/2010
3049,21862,9/12/2010,Not Specified,46,385.05,0,Regular Air,56.75,8.14,3.12,Roger Demir,Alberta,West,Consumer,Office Supplies,Pens & Art Supplies,"Avery Hi-Liter¨ EverBoldª Pen Style Fluorescent Highlighters, 4/Pack",Wrap Bag,0.45,9/13/2010
3256,23328,9/15/2010,High,39,5740.32,0.03,Delivery Truck,1285.74,145.45,17.85,Resi Polking,Alberta,West,Small Business,Technology,Office Machines,Panasonic KX-P1150 Dot Matrix Printer,Jumbo Drum,0.56,9/16/2010
3403,24260,10/3/2010,Not Specified,48,548.3,0.09,Express Air,-47.92,11.97,4.98,Roger Barcio,Alberta,West,Corporate,Office Supplies,Appliances,Staples 6 Outlet Surge,Small Box,0.58,10/4/2010
3646,26054,2/12/2010,Critical,47,396.78,0.09,Regular Air,-321.21,8.37,10.16,Resi Polking,Alberta,West,Small Business,Furniture,Office Furnishings,Westinghouse Clip-On Gooseneck Lamps,Large Box,0.59,2/14/2010
4627,32931,2/15/2010,Low,31,86.1,0.06,Regular Air,32.70,2.88,0.5,Shaun Chance,Alberta,West,Corporate,Office Supplies,Labels,Avery 484,Small Box,0.36,2/22/2010
4628,32931,2/15/2010,Low,25,298.11,0.08,Regular Air,-60.79,12.44,6.27,Shaun Chance,Alberta,West,Corporate,Office Supplies,Storage & Organization,Eldon Simplefile¨ Box Office¨,Medium Box,0.57,2/20/2010
4937,35111,6/5/2010,Critical,39,893.29,0.08,Regular Air,256.16,23.99,6.71,Sung Pak,Alberta,West,Small Business,Office Supplies,Envelopes,"Recycled Interoffice Envelopes with String and Button Closure, 10 x 13",Small Box,0.35,6/7/2010
5169,36773,9/23/2010,Not Specified,24,2048.78,0.05,Regular Air,994.68,83.98,5.01,John Murray,Alberta,West,Small Business,Office Supplies,Envelopes,Ames Color-File¨ Green Diamond Border X-ray Mailers,Small Box,0.38,9/25/2010
5205,36997,12/5/2010,Not Specified,39,104.33,0,Regular Air,39.91,2.61,0.5,Tim Brockman,Alberta,West,Consumer,Office Supplies,Labels,Avery 494,Small Box,0.39,12/6/2010
5682,40162,1/24/2010,Critical,28,1581.23,0.03,Regular Air,760.79,55.98,5.15,Penelope Sewall,Alberta,West,Home Office,Office Supplies,Paper,Xerox 1934,Small Box,0.36,1/26/2010
5941,42151,12/15/2010,High,35,4408.6695,0.05,Regular Air,1140.67,155.99,3.9,Tim Brockman,Alberta,West,Consumer,Technology,Telephones and Communication,T39m,Small Box,0.55,12/18/2010
6021,42658,6/15/2010,Medium,29,146.68,0.08,Regular Air,-8.33,5.28,2.99,Sung Chung,Alberta,West,Home Office,Office Supplies,Binders and Binder Accessories,"Wilson Jones 1"" Hanging DublLock¨ Ring Binders",Small Box,0.37,6/15/2010
6215,44005,9/3/2010,Medium,7,733.36,0.02,Regular Air,-270.48,99.99,19.99,Shaun Chance,Alberta,West,Corporate,Technology,Computer Peripherals,US Robotics 56K V.92 External Faxmodem,Small Box,0.52,9/4/2010
6424,45668,12/12/2010,Not Specified,8,704.77,0.01,Delivery Truck,-298.90,81.94,55.81,Shaun Chance,Alberta,West,Corporate,Furniture,Bookcases,O'Sullivan 5-Shelf Heavy-Duty Bookcases,Jumbo Box,0.6,12/13/2010
6784,48321,7/29/2010,High,31,5875.66,0.02,Regular Air,1856.12,178.47,19.99,Tim Brockman,Alberta,West,Consumer,Office Supplies,Storage & Organization,"Hot File¨ 7-Pocket, Floor Stand",Small Box,0.55,7/30/2010
7038,50246,8/18/2010,Medium,14,102.04,0.05,Express Air,-47.67,6.48,7.37,Darren Powers,Alberta,West,Corporate,Office Supplies,Paper,Xerox 210,Small Box,0.37,8/19/2010
7189,51271,10/25/2010,High,31,3969.43,0.1,Delivery Truck,-796.51,140.98,36.09,Tim Brockman,Alberta,West,Consumer,Furniture,Bookcases,"Sauder Forest Hills Library, Woodland Oak Finish",Jumbo Box,0.77,10/27/2010
7190,51271,10/25/2010,High,16,2882.707,0.02,Regular Air,303.23,205.99,5,Tim Brockman,Alberta,West,Consumer,Technology,Telephones and Communication,Phone 918,Small Box,0.59,10/27/2010
7439,53027,10/26/2010,Low,38,1323.31,0.05,Regular Air,146.64,35.89,14.72,Sharelle Roach,Alberta,West,Home Office,Office Supplies,Envelopes,Jet-Pak Recycled Peel 'N' Seal Padded Mailers,Small Box,0.4,10/26/2010
1359,9895,4/20/2010,Low,9,54.79,0.05,Regular Air,-6.82,5.85,2.27,Adam Bellavance,Alberta,West,Small Business,Office Supplies,Pens & Art Supplies,"Dixon My First Ticonderoga Pencil, #2",Wrap Bag,0.56,4/24/2010
1640,11846,4/20/2010,Low,49,7319.85,0.03,Regular Air,611.43,152.48,4,Ken Dana,Alberta,West,Corporate,Technology,Computer Peripherals,Adesso Programmable 142-Key Keyboard,Small Box,0.79,4/24/2010
1641,11846,4/20/2010,Low,28,707.44,0.01,Express Air,-50.27,24.98,8.79,Ken Dana,Alberta,West,Corporate,Office Supplies,Storage & Organization,2300 Heavy-Duty Transfer File Systems by Perma,Small Box,0.66,4/27/2010
2465,17952,10/11/2010,Medium,28,430.13,0.02,Regular Air,2.33,14.42,6.75,Ken Dana,Alberta,West,Small Business,Office Supplies,Appliances,Holmes Odor Grabber,Medium Box,0.52,10/12/2010
3732,26688,8/18/2010,Medium,21,424.13,0.06,Regular Air,57.17,20.27,3.99,Laurel Workman,Alberta,West,Home Office,Office Supplies,Appliances,Fellowes Mighty 8 Compact Surge Protector,Small Box,0.57,8/20/2010
3733,26688,8/18/2010,Medium,7,69.4,0.09,Regular Air,12.02,9.93,1.09,Laurel Workman,Alberta,West,Home Office,Office Supplies,Pens & Art Supplies,Peel-Off¨ China Markers,Wrap Bag,0.43,8/19/2010
5131,36548,10/30/2010,Low,8,44.99,0.06,Regular Air,-40.43,4.98,7.54,Max Engle,Alberta,West,Corporate,Office Supplies,Paper,Xerox 1961,Small Box,0.38,11/1/2010
7073,50470,8/23/2010,Low,38,827.83,0.09,Regular Air,-57.73,22.99,8.99,Ken Dana,Alberta,West,Small Business,Office Supplies,Pens & Art Supplies,Boston KS Multi-Size Manual Pencil Sharpener,Small Pack,0.57,8/28/2010
8097,57766,4/30/2010,High,17,517.98,0.05,Regular Air,-85.32,30.53,19.99,Julia Dunbar,Alberta,West,Consumer,Office Supplies,Labels,"Avery 4027 File Folder Labels for Dot Matrix Printers, 5000 Labels per Box, White",Small Box,0.39,5/3/2010
747,5350,10/9/2010,Low,39,434.73,0.03,Regular Air,-12.20,11.33,6.12,Carl Weiss,Alberta,West,Consumer,Office Supplies,Appliances,"Holmes Replacement Filter for HEPA Air Cleaner, Medium Room",Medium Box,0.42,10/11/2010
943,6850,2/11/2010,High,8,81.56,0.08,Regular Air,-7.23,10.01,1.99,Chuck Clark,Alberta,West,Corporate,Technology,Computer Peripherals,TDK 4.7GB DVD-R,Small Pack,0.41,2/11/2010
944,6850,2/11/2010,High,41,2088.5,0.08,Regular Air,675.07,51.98,10.17,Chuck Clark,Alberta,West,Corporate,Technology,Office Machines,Canon MP25DIII Desktop Whisper-Quiet Printing Calculator,Medium Box,0.37,2/12/2010
945,6850,2/11/2010,High,34,2126.72,0.05,Regular Air,150.04,64.98,6.88,Chuck Clark,Alberta,West,Corporate,Office Supplies,Storage & Organization,Fellowes Bankers Boxª Staxonsteel¨ Drawer File/Stacking System,Small Box,0.73,2/13/2010
946,6850,2/11/2010,High,26,3753.72,0.05,Delivery Truck,-556.25,138.75,52.42,Chuck Clark,Alberta,West,Corporate,Furniture,Tables,Balt Split Level Computer Training Table,Jumbo Box,0.74,2/12/2010
1804,12902,10/29/2010,Not Specified,30,3645.45,0.04,Delivery Truck,-765.50,120.98,56.7,Daniel Byrd,Alberta,West,Home Office,Furniture,Bookcases,O'Sullivan 4-Shelf Bookcase in Odessa Pine,Jumbo Box,0.68,10/31/2010
3971,28357,5/21/2010,Not Specified,50,390.46,0.02,Regular Air,-171.17,7.3,7.72,Daniel Byrd,Alberta,West,Home Office,Office Supplies,Binders and Binder Accessories,"Angle-D Binders with Locking Rings, Label Holders",Small Box,0.38,5/22/2010
3972,28357,5/21/2010,Not Specified,43,113.43,0.02,Regular Air,24.27,2.47,1.02,Daniel Byrd,Alberta,West,Home Office,Office Supplies,Rubber Bands,Staples Paper Clips,Wrap Bag,0.38,5/22/2010
5732,40678,4/28/2010,Low,42,2753.07,0.07,Regular Air,551.34,67.28,19.99,Daniel Byrd,Alberta,West,Home Office,Office Supplies,Binders and Binder Accessories,Catalog Binders with Expanding Posts,Small Box,0.4,5/5/2010
1321,9664,4/7/2010,High,13,88.38,0.06,Regular Air,-64.95,6.48,8.4,Matthew Grinstein,Alberta,West,Small Business,Office Supplies,Paper,Xerox 212,Small Box,0.37,4/10/2010
1725,12417,10/24/2010,Critical,19,137.84,0.06,Regular Air,34.31,7.4,1.71,Cathy Prescott,Alberta,West,Corporate,Office Supplies,Paper,"It's Hot Message Books with Stickers, 2 3/4"" x 5""",Wrap Bag,0.4,10/26/2010
1899,13607,11/18/2010,Critical,12,440.6,0.07,Regular Air,2.97,39.48,1.99,Matthew Grinstein,Alberta,West,Small Business,Technology,Computer Peripherals,"80 Minute CD-R Spindle, 100/Pack - Staples",Small Pack,0.54,11/19/2010
1900,13607,11/18/2010,Critical,37,109.9,0.09,Express Air,48.52,2.61,0.5,Matthew Grinstein,Alberta,West,Small Business,Office Supplies,Labels,Avery 479,Small Box,0.39,11/19/2010
1901,13607,11/18/2010,Critical,13,315.29,0,Regular Air,-361.82,20.34,35,Matthew Grinstein,Alberta,West,Small Business,Office Supplies,Storage & Organization,Tennsco Commercial Shelving,Large Box,0.84,11/20/2010
2047,14597,8/30/2010,Critical,41,320.42,0.03,Express Air,-66.37,7.68,6.16,Lauren Leatherbury,Alberta,West,Corporate,Office Supplies,Binders and Binder Accessories,GBC VeloBinder Strips,Small Box,0.35,8/31/2010
2048,14597,8/30/2010,Critical,35,266.64,0.07,Regular Air,-36.76,7.96,4.95,Lauren Leatherbury,Alberta,West,Corporate,Furniture,Office Furnishings,Staples Plastic Wall Frames,Small Box,0.41,8/31/2010
2102,15015,11/25/2010,High,47,306.77,0.03,Regular Air,-102.06,6.24,5.22,Matthew Grinstein,Alberta,West,Small Business,Furniture,Office Furnishings,Eldon Expressions Mahogany Wood Desk Collection,Small Box,0.6,11/26/2010
2492,18145,9/4/2010,Medium,47,270.32,0.06,Regular Air,-47.15,5.81,3.37,Lauren Leatherbury,Alberta,West,Corporate,Office Supplies,Rubber Bands,"Advantus Push Pins, Aluminum Head",Wrap Bag,0.54,9/5/2010
2709,19559,4/15/2010,High,31,260.77,0.01,Regular Air,-8.75,8.34,4.82,Matthew Grinstein,Alberta,West,Small Business,Office Supplies,Paper,Southworth 25% Cotton Antique Laid Paper & Envelopes,Small Box,0.4,4/17/2010
2710,19559,4/15/2010,High,18,2445.212,0.02,Express Air,275.77,155.99,8.99,Matthew Grinstein,Alberta,West,Small Business,Technology,Telephones and Communication,CF 688,Small Box,0.58,4/16/2010
2711,19559,4/15/2010,High,14,1032.0275,0.07,Express Air,97.40,85.99,0.99,Matthew Grinstein,Alberta,West,Small Business,Technology,Telephones and Communication,Accessory34,Wrap Bag,0.55,4/18/2010
2941,21318,7/4/2010,High,40,1384.34,0.1,Regular Air,562.31,37.7,2.99,Lisa Hazard,Alberta,West,Home Office,Office Supplies,Binders and Binder Accessories,Vinyl Sectional Post Binders,Small Box,0.35,7/6/2010
3904,27843,9/5/2010,Medium,26,139.61,0.01,Regular Air,-92.04,4.89,4.93,Lisa Hazard,Alberta,West,Home Office,Technology,Computer Peripherals,"Maxell 3.5"" DS/HD IBM-Formatted Diskettes, 10/Pack",Small Pack,0.66,9/7/2010
4461,31809,7/28/2010,High,1,15,0.1,Regular Air,-13.74,9.78,5.76,Lauren Leatherbury,Alberta,West,Corporate,Office Supplies,Envelopes,"Staples #10 Laser & Inkjet Envelopes, 4 1/8"" x 9 1/2"", 100/Box",Small Box,0.35,7/30/2010
4913,34979,9/28/2010,Critical,15,609.97,0,Regular Air,62.93,39.48,1.99,Quincy Jones,Alberta,West,Small Business,Technology,Computer Peripherals,"80 Minute CD-R Spindle, 100/Pack - Staples",Small Pack,0.54,9/30/2010
4941,35139,1/18/2010,High,29,264.78,0.02,Regular Air,53.05,8.69,2.99,Lauren Leatherbury,Alberta,West,Home Office,Office Supplies,Binders and Binder Accessories,"Cardinal Slant-D¨ Ring Binder, Heavy Gauge Vinyl",Small Box,0.39,1/19/2010
5484,38944,4/20/2010,Medium,17,1873.349,0.02,Regular Air,194.21,125.99,8.08,Mitch Gastineau,Alberta,West,Small Business,Technology,Telephones and Communication,M3682,Small Box,0.57,4/21/2010
5485,38944,4/20/2010,Medium,46,24639.8,0.01,Delivery Truck,8614.79,500.98,26,Mitch Gastineau,Alberta,West,Small Business,Furniture,Chairs & Chairmats,Global Troyª Executive Leather Low-Back Tilter,Jumbo Drum,0.6,4/21/2010
5486,38944,4/20/2010,Medium,32,921.3,0.09,Regular Air,353.16,29.14,4.86,Mitch Gastineau,Alberta,West,Small Business,Office Supplies,Paper,"Snap-A-Way¨ Black Print Carbonless Speed Message, No Reply Area, Duplicate",Wrap Bag,0.38,4/22/2010
6337,44935,11/17/2010,High,39,9362.73,0,Regular Air,2766.29,232.58,19.99,Arthur Gainer,Alberta,West,Consumer,Office Supplies,Appliances,Hoover Commercial Lightweight Upright Vacuum with E-Z Emptyª Dirt Cup,Small Box,0.59,11/18/2010
6338,44935,11/17/2010,High,37,125.33,0.06,Express Air,58.50,3.08,0.5,Arthur Gainer,Alberta,West,Consumer,Office Supplies,Labels,Avery 497,Small Box,0.37,11/18/2010
6460,45989,8/23/2010,High,26,148.12,0.08,Regular Air,-51.62,5.58,5.3,Matthew Grinstein,Alberta,West,Small Business,Office Supplies,Envelopes,Staples Brown Kraft Recycled Clasp Envelopes,Small Box,0.35,8/23/2010
6963,49767,11/8/2010,Critical,43,634.38,0.09,Regular Air,272.40,15.74,1.39,John Murray,Alberta,West,Small Business,Office Supplies,Envelopes,"#10-4 1/8"" x 9 1/2"" Premium Diagonal Seam Envelopes",Small Box,0.4,11/8/2010
6964,49767,11/8/2010,Critical,39,5196.19,0.1,Regular Air,2052.13,140.99,13.99,John Murray,Alberta,West,Small Business,Technology,Office Machines,Canon MP100DHII Printing Calculator,Medium Box,0.37,11/9/2010
6965,49767,11/8/2010,Critical,7,50.47,0.08,Regular Air,-31.70,6.48,7.49,John Murray,Alberta,West,Small Business,Office Supplies,Paper,Xerox 220,Small Box,0.37,11/10/2010
7675,55014,11/1/2010,High,38,235.15,0.03,Regular Air,12.70,5.85,2.27,Quincy Jones,Alberta,West,Small Business,Office Supplies,Pens & Art Supplies,"Dixon My First Ticonderoga Pencil, #2",Wrap Bag,0.56,11/2/2010
171,1060,2/20/2010,Medium,30,1187.55,0,Regular Air,532.61,37.7,2.99,Harold Dahlen,Alberta,West,Corporate,Office Supplies,Binders and Binder Accessories,Vinyl Sectional Post Binders,Small Box,0.35,2/22/2010
190,1280,1/10/2010,Low,40,827.27,0.05,Regular Air,-170.87,20.97,6.5,Harold Dahlen,Alberta,West,Corporate,Technology,Computer Peripherals,Microsoft Internet Keyboard,Small Box,0.78,1/10/2010
358,2503,6/19/2010,Medium,21,91.15,0.03,Regular Air,-71.54,4.13,5.34,Maria Zettner,Alberta,West,Corporate,Office Supplies,Binders and Binder Accessories,ACCOHIDE¨ Binder by Acco,Small Box,0.38,6/20/2010
359,2503,6/19/2010,Medium,46,171.48,0.1,Regular Air,66.13,4.13,0.5,Maria Zettner,Alberta,West,Corporate,Office Supplies,Labels,Avery 506,Small Box,0.39,6/20/2010
360,2503,6/19/2010,Medium,9,162.1545,0.08,Regular Air,-73.74,20.99,4.81,Maria Zettner,Alberta,West,Corporate,Technology,Telephones and Communication,1726 Digital Answering Machine,Medium Box,0.58,6/21/2010
923,6661,4/16/2010,Low,47,19224.92,0.1,Delivery Truck,6635.15,449.99,49,Clytie Kelty,Alberta,West,Small Business,Technology,Copiers and Fax,Canon PC940 Copier,Jumbo Drum,0.38,4/20/2010
924,6661,4/16/2010,Low,39,778.62,0,Regular Air,247.24,19.23,6.15,Clytie Kelty,Alberta,West,Small Business,Furniture,Office Furnishings,"Executive Impressions 13"" Clairmont Wall Clock",Small Pack,0.44,4/23/2010
1071,7904,5/27/2010,Low,47,298.3,0.08,Express Air,146.72,6.3,0.5,Tom Boeckenhauer,Alberta,West,Corporate,Office Supplies,Labels,Avery 51,Small Box,0.39,6/5/2010
1271,9249,5/19/2010,High,46,176.5,0.01,Regular Air,-119.35,3.57,4.17,Alejandro Ballentine,Alberta,West,Small Business,Office Supplies,Pens & Art Supplies,Barrel Sharpener,Small Pack,0.59,5/20/2010
1272,9249,5/19/2010,High,42,1546.8,0.07,Regular Air,25.51,37.76,12.9,Alejandro Ballentine,Alberta,West,Small Business,Office Supplies,Storage & Organization,"Companion Letter/Legal File, Black",Small Box,0.57,5/20/2010
1273,9249,5/19/2010,High,35,3457.56,0.02,Delivery Truck,-365.44,124.49,51.94,Alejandro Ballentine,Alberta,West,Small Business,Furniture,Tables,Bevis 36 x 72 Conference Tables,Jumbo Box,0.63,5/21/2010
1318,9639,9/5/2010,Not Specified,47,1124.3,0.1,Delivery Truck,-335.22,25.98,14.36,Becky Pak,Alberta,West,Corporate,Furniture,Chairs & Chairmats,"Global Stack Chair without Arms, Black",Jumbo Drum,0.6,9/7/2010
1319,9639,9/5/2010,Not Specified,11,43.57,0.09,Regular Air,6.70,4.13,0.99,Becky Pak,Alberta,West,Corporate,Office Supplies,Labels,Avery 491,Small Box,0.39,9/5/2010
1320,9639,9/5/2010,Not Specified,23,2610.894,0,Regular Air,516.19,125.99,5.63,Becky Pak,Alberta,West,Corporate,Technology,Telephones and Communication,8290,Small Box,0.6,9/5/2010
1508,10913,2/6/2010,Low,27,5149.06,0.03,Delivery Truck,605.44,180.98,30,Alejandro Ballentine,Alberta,West,Small Business,Furniture,Chairs & Chairmats,Office Star - Ergonomic Mid Back Chair with 2-Way Adjustable Arms,Jumbo Drum,0.69,2/6/2010
1520,10981,5/14/2010,High,41,73.36,0.09,Regular Air,-94.95,1.86,2.58,Claire Good,Alberta,West,Home Office,Office Supplies,Rubber Bands,"Super Bands, 12/Pack",Wrap Bag,0.82,5/16/2010
1521,10981,5/14/2010,High,33,3630.146,0.04,Regular Air,951.68,125.99,8.99,Claire Good,Alberta,West,Home Office,Technology,Telephones and Communication,StarTAC ST7868,Small Box,0.55,5/16/2010
1773,12707,5/29/2010,High,20,2213.92,0.03,Regular Air,768.34,105.98,13.99,Alejandro Ballentine,Alberta,West,Small Business,Furniture,Office Furnishings,"Tenex 46"" x 60"" Computer Anti-Static Chairmat, Rectangular Shaped",Medium Box,0.65,5/31/2010
1931,13799,12/1/2010,Critical,5,118.06,0.05,Regular Air,2.63,22.23,5.08,Sibella Parks,Alberta,West,Small Business,Furniture,Office Furnishings,"Executive Impressions 14""",Small Pack,0.41,12/3/2010
2744,19812,4/2/2010,Low,3,1358.776,0.01,Delivery Truck,-163.20,550.98,45.7,Alex Russell,Alberta,West,Home Office,Furniture,Tables,Chromcraft Bull-Nose Wood Oval Conference Tables & Bases,Jumbo Box,0.71,4/7/2010
3101,22212,9/17/2010,Medium,19,116.22,0.01,Regular Air,26.89,5.98,1.49,Catherine Glotzbach,Alberta,West,Home Office,Office Supplies,Binders and Binder Accessories,Avery Hanging File Binders,Small Box,0.39,9/18/2010
3213,23046,10/6/2010,Critical,33,292.75,0.08,Regular Air,93.33,8.95,2.01,Adam Shillingsburg,Alberta,West,Corporate,Office Supplies,Paper,"Recycled Desk Saver Line ""While You Were Out"" Book, 5 1/2"" X 4""",Wrap Bag,0.39,10/8/2010
3340,23906,9/20/2010,Critical,37,321.02,0.1,Express Air,-11.88,8.67,3.5,Alyssa Crouse,Alberta,West,Corporate,Office Supplies,Appliances,Staples 4 Outlet Surge Protector,Small Box,0.58,9/21/2010
3884,27746,12/4/2010,Critical,3,87.09,0.1,Regular Air,-42.73,29.34,7.87,Jenna Caffey,Alberta,West,Consumer,Furniture,Office Furnishings,"Seth Thomas 14"" Putty-Colored Wall Clock",Small Box,0.54,12/5/2010
3885,27746,12/4/2010,Critical,42,196.1,0.07,Regular Air,71.65,4.76,0.88,Jenna Caffey,Alberta,West,Consumer,Office Supplies,Paper,Wirebound Voice Message Log Book,Wrap Bag,0.39,12/5/2010
3962,28262,12/31/2010,Medium,26,299.11,0.05,Regular Air,40.03,11.34,5.01,Brooke Gillingham,Alberta,West,Small Business,Office Supplies,Paper,Xerox 188,Small Box,0.36,1/1/2011
3998,28519,6/22/2010,High,4,268.7105,0.09,Regular Air,-337.66,85.99,0.99,Trudy Bell,Alberta,West,Consumer,Technology,Telephones and Communication,Accessory34,Wrap Bag,0.55,6/24/2010
4079,29058,1/3/2010,High,33,28389.14,0.07,Delivery Truck,7132.18,880.98,44.55,Valerie Takahito,Alberta,West,Consumer,Furniture,Bookcases,"Riverside Palais Royal Lawyers Bookcase, Royale Cherry Finish",Jumbo Box,0.62,1/5/2010
4245,30211,6/7/2010,Medium,19,141.96,0.05,Regular Air,38.43,7.4,1.71,Sibella Parks,Alberta,West,Small Business,Office Supplies,Paper,"It's Hot Message Books with Stickers, 2 3/4"" x 5""",Wrap Bag,0.4,6/8/2010
4316,30757,12/26/2010,Medium,5,21.32,0.08,Express Air,2.20,3.38,0.85,Claire Good,Alberta,West,Home Office,Office Supplies,Pens & Art Supplies,Avery Hi-Liter¨ Fluorescent Desk Style Markers,Wrap Bag,0.48,12/26/2010
4317,30757,12/26/2010,Medium,42,457.51,0.1,Regular Air,-183.75,11.66,7.95,Claire Good,Alberta,West,Home Office,Office Supplies,Pens & Art Supplies,"Hunt BOSTON¨ Vista¨ Battery-Operated Pencil Sharpener, Black",Small Pack,0.58,12/27/2010
4723,33634,8/31/2010,Not Specified,40,271.34,0.05,Regular Air,-151.92,6.48,7.86,Brooke Gillingham,Alberta,West,Small Business,Office Supplies,Paper,Xerox 213,Small Box,0.37,9/2/2010
4830,34338,6/30/2010,Low,26,1050.16,0.04,Express Air,265.09,38.76,13.26,Sonia Cooley,Alberta,West,Corporate,Office Supplies,Paper,Xerox 1892,Small Box,0.36,7/5/2010
4909,34948,1/12/2010,Critical,15,1057.06,0.08,Delivery Truck,-403.74,68.81,60,Catherine Glotzbach,Alberta,West,Home Office,Office Supplies,Appliances,"Holmes Replacement Filter for HEPA Air Cleaner, Very Large Room, HEPA Filter",Jumbo Drum,0.41,1/12/2010
5003,35652,9/21/2010,Low,21,2251.56,0.01,Delivery Truck,226.63,100.98,26.22,Rick Wilson,Alberta,West,Corporate,Furniture,Bookcases,Hon 4-Shelf Metal Bookcases,Jumbo Box,0.6,9/23/2010
5259,37440,6/23/2010,Not Specified,39,8407.08,0.04,Delivery Truck,629.40,208.16,68.02,Rick Wilson,Alberta,West,Corporate,Office Supplies,Appliances,"1.7 Cubic Foot Compact ""Cube"" Office Refrigerators",Jumbo Drum,0.58,6/24/2010
5463,38791,3/14/2010,Low,24,1457.712,0.03,Delivery Truck,-1565.89,70.89,89.3,Alyssa Crouse,Alberta,West,Home Office,Furniture,Tables,KI Conference Tables,Jumbo Box,0.69,3/21/2010
6260,44295,1/23/2010,Medium,47,4524.907,0.07,Regular Air,1464.87,115.99,2.5,Alex Russell,Alberta,West,Home Office,Technology,Telephones and Communication,StarTAC 7797,Small Box,0.55,1/25/2010
6405,45511,8/21/2010,Low,31,951.31,0.08,Delivery Truck,-1099.46,31.76,45.51,Sonia Cooley,Alberta,West,Corporate,Furniture,Tables,Hon iLevelª Computer Training Table,Jumbo Box,0.65,8/28/2010
7134,50882,8/31/2010,High,37,366.84,0.08,Regular Air,-50.10,10.23,4.68,Trudy Bell,Alberta,West,Consumer,Office Supplies,"Scissors, Rulers and Trimmers",Acme¨ Box Cutter Scissors,Small Pack,0.59,8/31/2010
7407,52839,4/11/2010,High,8,30.17,0.04,Regular Air,-22.84,3.28,3.97,Catherine Glotzbach,Alberta,West,Home Office,Office Supplies,Pens & Art Supplies,Newell 337,Wrap Bag,0.56,4/11/2010
7408,52839,4/11/2010,High,25,1158.601,0.1,Regular Air,-155.30,55.99,2.5,Catherine Glotzbach,Alberta,West,Home Office,Technology,Telephones and Communication,Accessory28,Small Pack,0.83,4/12/2010
210,1383,4/26/2010,High,43,17129.97,0.07,Regular Air,5616.08,415.88,11.37,Frank Merwin,Alberta,West,Consumer,Office Supplies,Storage & Organization,Deluxe Rollaway Locking File with Drawer,Small Box,0.57,4/27/2010
388,2659,12/17/2010,Not Specified,50,881.65,0.08,Regular Air,41.27,18.97,9.03,Alice McCarthy,Alberta,West,Corporate,Office Supplies,Paper,Computer Printout Paper with Letter-Trim Perforations,Small Box,0.37,12/19/2010
803,5764,10/2/2010,Not Specified,23,193.79,0.02,Regular Air,-117.16,8.04,8.94,Daniel Lacy,Alberta,West,Small Business,Office Supplies,Binders and Binder Accessories,"Fellowes Twister Kit, Gray/Clear, 3/pkg",Small Box,0.4,10/3/2010
1960,14018,6/6/2010,High,30,160.68,0.08,Express Air,77.75,4.98,0.49,Annie Thurman,Alberta,West,Consumer,Office Supplies,Labels,Avery White Multi-Purpose Labels,Small Box,0.39,6/6/2010
2878,20741,10/30/2010,Low,43,1711.02,0.1,Regular Air,139.63,43.98,8.99,Frank Merwin,Alberta,West,Corporate,Office Supplies,Pens & Art Supplies,Boston 1645 Deluxe Heavier-Duty Electric Pencil Sharpener,Small Pack,0.58,11/6/2010
3321,23746,12/15/2010,High,10,408.23,0.06,Regular Air,52.38,40.97,1.99,Emily Grady,Alberta,West,Home Office,Technology,Computer Peripherals,"TDK 4.7GB DVD-R Spindle, 15/Pack",Small Pack,0.42,12/16/2010
3773,26947,6/4/2010,High,4,467.15,0.01,Delivery Truck,-212.34,100.8,60,Bruce Money,Alberta,West,Corporate,Furniture,Tables,"Barricks 18"" x 48"" Non-Folding Utility Table with Bottom Storage Shelf",Jumbo Drum,0.59,6/7/2010
4819,34245,2/7/2010,Medium,42,189.22,0.05,Regular Air,-92.42,4.28,4.79,Grace Kelly,Alberta,West,Consumer,Office Supplies,Paper,Xerox 1962,Small Box,0.4,2/8/2010
4926,35046,7/24/2010,Medium,21,151.86,0.1,Express Air,-54.67,7.1,6.05,Cari Sayre,Alberta,West,Corporate,Office Supplies,Binders and Binder Accessories,"Wilson Jones Hanging View Binder, White, 1""",Small Box,0.39,7/24/2010
4927,35046,7/24/2010,Medium,13,3583.87,0.07,Delivery Truck,-113.08,284.98,69.55,Cari Sayre,Alberta,West,Corporate,Furniture,Chairs & Chairmats,Global Commerceª Series High-Back Swivel/Tilt Chairs,Jumbo Drum,0.6,7/25/2010
4928,35046,7/24/2010,Medium,45,4951.36,0.03,Express Air,1759.72,107.53,5.81,Cari Sayre,Alberta,West,Corporate,Furniture,Office Furnishings,"Tenex Contemporary Contur Chairmats for Low and Medium Pile Carpet, Computer, 39"" x 49""",Medium Box,0.65,7/25/2010
5143,36673,9/13/2010,Low,20,984.6315,0,Regular Air,-129.14,55.99,5,Annie Thurman,Alberta,West,Home Office,Technology,Telephones and Communication,Accessory6,Small Pack,0.8,9/20/2010
5226,37218,12/19/2010,High,29,1768.13,0,Regular Air,525.54,60.97,4.5,Frank Merwin,Alberta,West,Corporate,Office Supplies,Appliances,Tripp Lite Isotel 6 Outlet Surge Protector with Fax/Modem Protection,Small Box,0.56,12/21/2010
5227,37218,12/19/2010,High,23,147.05,0.08,Regular Air,-54.91,6.48,5.82,Frank Merwin,Alberta,West,Corporate,Office Supplies,Paper,Xerox 1998,Small Box,0.37,12/20/2010
5799,41123,12/6/2010,Low,27,322.46,0.04,Regular Air,54.29,11.34,5.01,Frank Gastineau,Alberta,West,Small Business,Office Supplies,Paper,Xerox 188,Small Box,0.36,12/11/2010
6709,47778,2/14/2010,Critical,12,174.11,0.06,Regular Air,-24.52,13.73,6.85,Frank Merwin,Alberta,West,Corporate,Furniture,Office Furnishings,DAX Wood Document Frame.,Wrap Bag,0.54,2/16/2010
6902,49218,6/4/2010,Low,21,86.64,0.09,Regular Air,-73.07,3.98,5.26,Ann Steele,Alberta,West,Corporate,Office Supplies,Binders and Binder Accessories,Ibico Presentation Index for Binding Systems,Small Box,0.38,6/4/2010
8203,58657,3/27/2010,Critical,43,1338.12,0.04,Regular Air,519.70,31.78,1.99,Kelly Williams,Alberta,West,Corporate,Technology,Computer Peripherals,"Memorex 4.7GB DVD-RAM, 3/Pack",Small Pack,0.42,3/29/2010
270,1857,1/12/2010,High,37,199.76,0.07,Regular Air,20.00,5.58,1.99,Roy Phan,Alberta,West,Consumer,Office Supplies,Pens & Art Supplies,DIXON Ticonderoga¨ Erasable Checking Pencils,Wrap Bag,0.46,1/13/2010
1035,7553,5/7/2010,Medium,12,1079.19,0.07,Regular Air,46.80,92.23,39.61,Tony Sayre,Alberta,West,Home Office,Furniture,Office Furnishings,"Deflect-o RollaMat Studded, Beveled Mat for Medium Pile Carpeting",Medium Box,0.67,5/8/2010
1036,7553,5/7/2010,Medium,3,19.05,0.04,Regular Air,-14.81,4.28,6.72,Tony Sayre,Alberta,West,Home Office,Office Supplies,Paper,Xerox 1927,Small Box,0.4,5/10/2010
1248,9089,5/23/2010,Critical,8,822.3495,0.1,Express Air,-360.31,125.99,8.8,Steven Roelle,Alberta,West,Small Business,Technology,Telephones and Communication,StarTAC 6500,Small Box,0.59,5/24/2010
1341,9796,9/10/2010,Critical,29,1222.59,0.02,Regular Air,501.99,40.97,1.99,Alan Dominguez,Alberta,West,Corporate,Technology,Computer Peripherals,"TDK 4.7GB DVD-R Spindle, 15/Pack",Small Pack,0.42,9/11/2010
1379,9985,8/7/2010,Low,12,81.9,0.08,Regular Air,-23.52,6.68,5.2,Raymond Book,Alberta,West,Consumer,Office Supplies,Paper,Xerox 1977,Small Box,0.37,8/7/2010
1405,10212,5/23/2010,Low,14,74.02,0.02,Regular Air,-2.91,5.08,3.63,Tonja Turnell,Alberta,West,Consumer,Furniture,Office Furnishings,"Master Caster Door Stop, Gray",Wrap Bag,0.51,5/25/2010
1406,10212,5/23/2010,Low,22,1276.17,0,Regular Air,564.22,55.48,6.79,Tonja Turnell,Alberta,West,Consumer,Office Supplies,Paper,"Eaton Premium Continuous-Feed Paper, 25% Cotton, Letter Size, White, 1000 Shts/Box",Small Box,0.37,5/27/2010
1546,11169,5/21/2010,Medium,46,398.86,0.08,Regular Air,-26.45,8.85,5.6,Christine Abelman,Alberta,West,Corporate,Office Supplies,Binders and Binder Accessories,GBC Standard Plastic Binding Systems Combs,Small Box,0.36,5/22/2010
1547,11169,5/21/2010,Medium,44,109.18,0.09,Regular Air,37.17,2.61,0.5,Christine Abelman,Alberta,West,Corporate,Office Supplies,Labels,Avery 479,Small Box,0.39,5/21/2010
1548,11169,5/21/2010,Medium,5,28.59,0.05,Regular Air,-14.33,4.98,4.7,Christine Abelman,Alberta,West,Corporate,Office Supplies,Paper,Staples Copy Paper (20Lb. and 84 Bright),Small Box,0.38,5/22/2010
1657,11943,4/7/2010,Low,49,657.94,0.09,Regular Air,7.35,14.45,7.17,Stephanie Phelps,Alberta,West,Consumer,Office Supplies,Binders and Binder Accessories,"Acco Recycled 2"" Capacity Laser Printer Hanging Data Binders",Small Box,0.38,4/14/2010
1658,11943,4/7/2010,Low,19,1270.73,0.08,Delivery Truck,-425.72,70.98,30,Stephanie Phelps,Alberta,West,Consumer,Furniture,Chairs & Chairmats,Novimex Turbo Task Chair,Jumbo Drum,0.73,4/9/2010
2067,14789,11/29/2010,Not Specified,37,438.07,0,Express Air,12.06,10.89,4.5,Sarah Brown,Alberta,West,Consumer,Office Supplies,Appliances,Belkin 6 Outlet Metallic Surge Strip,Small Box,0.59,12/1/2010
2068,14789,11/29/2010,Not Specified,19,116.37,0.03,Regular Air,-32.60,5.58,5.3,Sarah Brown,Alberta,West,Consumer,Office Supplies,Envelopes,Staples Brown Kraft Recycled Clasp Envelopes,Small Box,0.35,11/30/2010
2599,18758,4/20/2010,Not Specified,20,2022.18,0.09,Express Air,594.44,102.3,21.26,Liz Pelletier,Alberta,West,Corporate,Furniture,Office Furnishings,Luxo Professional Combination Clamp-On Lamps,Large Box,0.59,4/22/2010
3023,21735,3/9/2010,Not Specified,23,239.49,0.04,Regular Air,-159.35,9.98,12.52,Liz Pelletier,Alberta,West,Corporate,Furniture,Office Furnishings,"Eldon¨ Expressionsª Wood and Plastic Desk Accessories, Oak",Small Box,0.57,3/11/2010
3024,21735,3/9/2010,Not Specified,14,1819.153,0.02,Regular Air,-35.50,155.99,8.99,Liz Pelletier,Alberta,West,Corporate,Technology,Telephones and Communication,LX 788,Small Box,0.58,3/12/2010
3333,23842,9/17/2010,Low,20,127.16,0.1,Regular Air,-74.03,6.68,6.92,Yoseph Carroll,Alberta,West,Consumer,Office Supplies,Paper,Xerox 1898,Small Box,0.37,9/24/2010
4518,32164,2/2/2010,Not Specified,12,77.01,0.02,Regular Air,-19.04,5.78,4.96,Erica Smith,Alberta,West,Small Business,Office Supplies,Paper,Xerox 1899,Small Box,0.36,2/3/2010
4519,32164,2/2/2010,Not Specified,34,111.83,0.07,Regular Air,-92.16,3.28,3.97,Erica Smith,Alberta,West,Small Business,Office Supplies,Pens & Art Supplies,Newell 337,Wrap Bag,0.56,2/3/2010
4520,32164,2/2/2010,Not Specified,23,6552.9,0.1,Delivery Truck,-461.45,296.18,54.12,Erica Smith,Alberta,West,Small Business,Furniture,Tables,Hon 94000 Series Round Tables,Jumbo Box,0.76,2/3/2010
4531,32228,11/4/2010,Critical,35,209.63,0.01,Regular Air,43.53,5.84,1.2,Andrew Roberts,Alberta,West,Home Office,Office Supplies,Pens & Art Supplies,Newell 312,Wrap Bag,0.55,11/6/2010
4677,33283,3/20/2010,Medium,48,10462.54,0.02,Delivery Truck,-1402.68,218.75,69.64,Frank Hawley,Alberta,West,Home Office,Furniture,Tables,BoxOffice By Design Rectangular and Half-Moon Meeting Room Tables,Jumbo Box,0.77,3/20/2010
4979,35426,10/3/2010,High,5,53.01,0.08,Regular Air,3.85,10.31,1.79,Phillina Ober,Alberta,West,Small Business,Office Supplies,Paper,"Speediset Carbonless Redi-Letter¨ 7"" x 8 1/2""",Wrap Bag,0.38,10/4/2010
4987,35490,12/7/2010,High,7,44.64,0.03,Express Air,2.08,5.84,1.2,Victoria Brennan,Alberta,West,Small Business,Office Supplies,Pens & Art Supplies,Newell 312,Wrap Bag,0.55,12/9/2010
4988,35490,12/7/2010,High,41,1289.62,0.03,Regular Air,432.52,35.99,1.1,Victoria Brennan,Alberta,West,Small Business,Technology,Telephones and Communication,Accessory35,Small Box,0.55,12/9/2010
5005,35686,10/2/2010,High,48,313.52,0.05,Regular Air,-254.68,6.48,9.17,Andrew Roberts,Alberta,West,Home Office,Office Supplies,Paper,Xerox 1996,Small Box,0.37,10/4/2010
5086,36262,7/27/2010,Not Specified,23,164.02,0.03,Express Air,-47.64,6.68,6.15,Aaron Bergman,Alberta,West,Corporate,Office Supplies,Paper,Xerox 1968,Small Box,0.37,7/28/2010
5087,36262,7/27/2010,Not Specified,23,136.81,0.01,Regular Air,-30.51,5.68,3.6,Aaron Bergman,Alberta,West,Corporate,Office Supplies,"Scissors, Rulers and Trimmers",Acme¨ Preferred Stainless Steel Scissors,Small Pack,0.56,7/28/2010
5088,36262,7/27/2010,Not Specified,26,4701.69,0,Express Air,1148.90,205.99,2.5,Aaron Bergman,Alberta,West,Corporate,Technology,Telephones and Communication,V70,Small Box,0.59,7/27/2010
5089,36292,2/7/2010,Critical,21,109.87,0.05,Regular Air,-98.17,4.98,7.54,Christine Abelman,Alberta,West,Corporate,Office Supplies,Paper,Xerox 1961,Small Box,0.38,2/8/2010
5090,36292,2/7/2010,Critical,37,816.65,0.09,Regular Air,-182.80,22.84,16.87,Christine Abelman,Alberta,West,Corporate,Office Supplies,Paper,Xerox 1982,Small Box,0.39,2/7/2010
5168,36772,5/15/2010,Medium,47,280.45,0.1,Regular Air,-143.65,6.48,6.35,Frank Hawley,Alberta,West,Home Office,Office Supplies,Paper,Xerox 200,Small Box,0.37,5/15/2010
5523,39140,9/27/2010,Low,26,2268.91,0.02,Delivery Truck,-624.29,81.94,55.81,Tonja Turnell,Alberta,West,Consumer,Furniture,Bookcases,O'Sullivan 5-Shelf Heavy-Duty Bookcases,Jumbo Box,0.6,10/2/2010
5597,39682,11/9/2010,Medium,43,2337.89,0.09,Express Air,729.34,55.48,14.3,Aaron Bergman,Alberta,West,Corporate,Office Supplies,Paper,Xerox 194,Small Box,0.37,11/11/2010
5720,40519,12/21/2010,Critical,38,82.93,0.08,Regular Air,-10.32,2.18,1.38,Phillina Ober,Alberta,West,Small Business,Office Supplies,Rubber Bands,Advantus Push Pins,Wrap Bag,0.44,12/23/2010
6357,45088,11/22/2010,Low,9,1418.956,0.09,Regular Air,-447.41,195.99,4.2,Christopher Conant,Alberta,West,Home Office,Technology,Telephones and Communication,688,Small Box,0.6,11/29/2010
6555,46599,9/13/2010,Not Specified,4,284,0.01,Express Air,208.31,62.18,10.84,Victoria Brennan,Alberta,West,Small Business,Furniture,Office Furnishings,Deflect-o Glass Clear Studded Chair Mats,Medium Box,0.63,9/14/2010
6681,47524,4/15/2010,Medium,8,269.14,0.1,Regular Air,-160.72,35.77,9.02,Jeremy Lonsdale,Alberta,West,Corporate,Technology,Computer Peripherals,"IBM Numeric Access II Keypad, 17-Key, Black",Small Box,0.75,4/17/2010
7026,50146,8/9/2010,Not Specified,32,2288.642,0.05,Regular Air,519.59,85.99,2.79,Shui Tom,Alberta,West,Consumer,Technology,Telephones and Communication,6340,Small Box,0.58,8/9/2010
7090,50594,5/17/2010,Low,39,173.47,0.05,Regular Air,-4.96,4.63,1.93,Shui Tom,Alberta,West,Consumer,Office Supplies,Pens & Art Supplies,"Binney & Smith Crayola¨ Metallic Colored Pencils, 8-Color Set",Wrap Bag,0.52,5/19/2010
7091,50594,5/17/2010,Low,48,2832.88,0.01,Regular Air,668.96,65.99,8.8,Shui Tom,Alberta,West,Consumer,Technology,Telephones and Communication,6120,Small Box,0.58,5/26/2010
7658,54913,7/3/2010,High,11,54.61,0.08,Express Air,14.99,4.76,0.88,Tonja Turnell,Alberta,West,Consumer,Office Supplies,Paper,Wirebound Voice Message Log Book,Wrap Bag,0.39,7/5/2010
7738,55424,3/2/2010,Medium,6,25.84,0.04,Express Air,-4.13,1.76,4.86,Victoria Brennan,Alberta,West,Small Business,Furniture,Office Furnishings,Regeneration Desk Collection,Small Box,0.41,3/4/2010
7878,56327,1/11/2010,Medium,42,1767.47,0.05,Regular Air,331.56,40.99,17.48,Victoria Brennan,Alberta,West,Small Business,Office Supplies,Paper,Xerox 1893,Small Box,0.36,1/12/2010
7879,56327,1/11/2010,Medium,11,2164.07,0.01,Delivery Truck,59.73,180.98,55.24,Victoria Brennan,Alberta,West,Small Business,Office Supplies,Appliances,Avanti 4.4 Cu. Ft. Refrigerator,Jumbo Drum,0.57,1/13/2010
7880,56327,1/11/2010,Medium,47,1276.73,0.08,Express Air,357.23,29.18,8.55,Victoria Brennan,Alberta,West,Small Business,Furniture,Office Furnishings,"Deflect-o SuperTrayª Unbreakable Stackable Tray, Letter, Black",Small Box,0.42,1/12/2010
7991,57125,6/3/2010,Medium,19,61.02,0,Regular Air,-71.04,2.84,5.44,Raymond Book,Alberta,West,Consumer,Office Supplies,Binders and Binder Accessories,Avery Round Ring Poly Binders,Small Box,0.36,6/5/2010
7992,57125,6/3/2010,Medium,31,878.77,0.08,Regular Air,373.52,28.53,1.49,Raymond Book,Alberta,West,Consumer,Office Supplies,Binders and Binder Accessories,Lock-Up Easel 'Spel-Binder',Small Box,0.38,6/5/2010
8006,57216,7/29/2010,High,46,12719.7,0.03,Delivery Truck,-545.82,280.98,57,Ruben Dartt,Alberta,West,Corporate,Furniture,Chairs & Chairmats,Hon 2090 ÒPillow SoftÓ Series Mid Back Swivel/Tilt Chairs,Jumbo Drum,0.78,7/29/2010
8007,57216,7/29/2010,High,48,109.78,0.03,Regular Air,4.48,2.2,1.2,Ruben Dartt,Alberta,West,Corporate,Office Supplies,Pens & Art Supplies,"Sanford Uni-Blazerª View Highlighters, Chisel Tip, Yellow",Wrap Bag,0.41,7/31/2010
8017,57281,4/20/2010,High,26,561.66,0.07,Regular Air,-111.33,22.38,15.1,Andy Yotov,Alberta,West,Corporate,Office Supplies,Binders and Binder Accessories,"Avery Flip-Chart Easel Binder, Black",Small Box,0.38,4/20/2010
8018,57281,4/20/2010,High,19,1851.62,0.09,Delivery Truck,-220.84,100.98,35.84,Andy Yotov,Alberta,West,Corporate,Furniture,Bookcases,"Bush Westfield Collection Bookcases, Fully Assembled",Jumbo Box,0.62,4/22/2010
188,1222,2/4/2010,Medium,48,257.39,0.08,Regular Air,-121.91,5.28,5.57,Nicole Brennan,Alberta,West,Home Office,Office Supplies,Paper,Xerox 1981,Small Box,0.4,2/4/2010
2800,20193,11/7/2010,Medium,23,82.12,0.07,Regular Air,-121.59,3.52,6.83,Harry Greene,Alberta,West,Corporate,Office Supplies,Binders and Binder Accessories,Self-Adhesive Ring Binder Labels,Small Box,0.38,11/9/2010
5166,36772,5/15/2010,Medium,8,22.85,0.07,Regular Air,0.88,2.88,0.99,Frank Hawley,Alberta,West,Home Office,Office Supplies,Labels,Avery 474,Small Box,0.36,5/15/2010
5167,36772,5/15/2010,Medium,16,12007.05,0.09,Delivery Truck,2713.95,808.49,55.3,Frank Hawley,Alberta,West,Home Office,Technology,Office Machines,"Hewlett-Packard Business Color Inkjet 3000 [N, DTN] Series Printers",Jumbo Drum,0.4,5/17/2010
6657,47360,10/8/2010,Not Specified,25,2200.64,0.05,Delivery Truck,-514.18,89.99,42,Frank Hawley,Alberta,West,Home Office,Furniture,Chairs & Chairmats,"Global Leather Task Chair, Black",Jumbo Drum,0.66,10/10/2010
7765,55558,8/9/2010,Medium,8,1294.04,0.05,Delivery Truck,-323.18,150.98,66.27,Mick Brown,Alberta,West,Consumer,Furniture,Bookcases,Bush Mission Pointe Library,Jumbo Box,0.65,8/9/2010
7766,55558,8/9/2010,Medium,23,392.57,0.04,Regular Air,22.25,17.07,8.13,Mick Brown,Alberta,West,Consumer,Office Supplies,Envelopes,"Recycled Interoffice Envelopes with Re-Use-A-Seal¨ Closure, 10 x 13",Small Box,0.38,8/11/2010
