Row ID,Order ID,Order Date,Order Priority,Order Quantity,Sales,Discount,Ship Mode,Profit,Unit Price,Shipping Cost,Customer Name,Province,Region,Customer Segment,Product Category,Product Sub-Category,Product Name,Product Container,Product Base Margin,Ship Date
161,998,11/25/2009,Not Specified,16,248.26,0.07,Regular Air,93.80,15.74,1.39,Allen Rosenblatt,Nunavut,Nunavut,Small Business,Office Supplies,Envelopes,"#10-4 1/8"" x 9 1/2"" Premium Diagonal Seam Envelopes",Small Box,0.4,11/26/2009
413,2791,10/9/2009,High,47,191.67,0,Regular Air,-236.27,3.89,7.01,Eugene Barchas,Nunavut,Nunavut,Corporate,Office Supplies,Binders and Binder Accessories,Avery Binder Labels,Small Box,0.37,10/9/2009
414,2791,10/9/2009,High,49,5586.33,0.09,Delivery Truck,80.44,120.98,30,Eugene Barchas,Nunavut,Nunavut,Corporate,Furniture,Chairs & Chairmats,Hon Every-Day¨ Chair Series Swivel Task Chairs,Jumbo Drum,0.64,10/11/2009
415,2791,10/9/2009,High,18,507.64,0.1,Regular Air,118.94,30.98,5.76,Eugene Barchas,Nunavut,Nunavut,Corporate,Office Supplies,Paper,"IBM Multi-Purpose Copy Paper, 8 1/2 x 11"", Case",Small Box,0.4,10/10/2009
735,5316,1/30/2009,Critical,42,1285.37,0.1,Regular Air,514.07,31.78,1.99,Clay Rozendal,Nunavut,Nunavut,Corporate,Technology,Computer Peripherals,"Memorex 4.7GB DVD-RAM, 3/Pack",Small Pack,0.42,2/1/2009
817,5894,8/12/2009,High,7,384.33,0.1,Regular Air,87.68,58.1,1.49,Ann Chong,Nunavut,Nunavut,Corporate,Office Supplies,Binders and Binder Accessories,Avery Arch Ring Binders,Small Box,0.38,8/13/2009
818,5894,8/12/2009,High,3,239.03,0.01,Regular Air,-68.22,80.48,4.5,Ann Chong,Nunavut,Nunavut,Corporate,Office Supplies,Appliances,APC 7 Outlet Network SurgeArrest Surge Protector,Small Box,0.55,8/15/2009
853,6116,3/20/2009,Medium,6,9620.82,0.04,Regular Air,-1759.58,1637.53,24.49,Barry Weirich,Nunavut,Nunavut,Corporate,Office Supplies,"Scissors, Rulers and Trimmers",High Speed Automatic Electric Letter Opener,Medium Box,0.81,3/22/2009
950,6884,1/15/2009,Low,41,217,0.01,Regular Air,-61.21,4.98,4.75,Skye Norling,Nunavut,Nunavut,Home Office,Office Supplies,Paper,Hammermill CopyPlus Copy Paper (20Lb. and 84 Bright),Small Box,0.36,1/20/2009
951,6884,1/15/2009,Low,47,296.13,0.04,Regular Air,119.09,6.35,1.02,Skye Norling,Nunavut,Nunavut,Home Office,Office Supplies,Paper,"Telephone Message Books with Fax/Mobile Section, 5 1/2"" x 3 3/16""",Wrap Bag,0.39,1/20/2009
1073,7906,10/17/2009,Medium,37,1003.06,0.03,Regular Air,271.78,25.98,5.37,Beth Paige,Nunavut,Nunavut,Consumer,Office Supplies,Appliances,3M Office Air Cleaner,Medium Box,0.5,10/17/2009
1258,9126,11/17/2009,Medium,47,2799.7,0.04,Regular Air,884.08,62.05,3.99,Sylvia Foulston,Northwest Territories,Northwest Territories,Corporate,Office Supplies,Appliances,"Acco Smartsocketª Table Surge Protector, 6 Color-Coded Adapter Outlets",Small Box,0.55,11/18/2009
1380,10022,3/4/2009,Low,1,12.18,0.06,Regular Air,-3.88,10.14,2.27,Delfina Latchford,Northwest Territories,Northwest Territories,Small Business,Office Supplies,Paper,"Staples Wirebound Steno Books, 6"" x 9"", 12/Pack",Wrap Bag,0.36,3/4/2009
1445,10437,8/18/2009,Critical,50,820.52,0.01,Regular Air,-191.22,15.99,13.18,Don Jones,Northwest Territories,Northwest Territories,Corporate,Office Supplies,Binders and Binder Accessories,"GBC Pre-Punched Binding Paper, Plastic, White, 8-1/2"" x 11""",Small Box,0.37,8/20/2009
1751,12544,3/3/2009,Low,34,74.3,0.08,Regular Air,-129.01,2.08,5.33,Jim Radford,Northwest Territories,Northwest Territories,Corporate,Furniture,Office Furnishings,Eldon¨ Wave Desk Accessories,Small Box,0.43,3/10/2009
1781,12771,1/17/2009,Critical,40,1143.49,0.08,Regular Air,-193.44,30.53,19.99,Carlos Soltero,Northwest Territories,Northwest Territories,Small Business,Office Supplies,Labels,"Avery 4027 File Folder Labels for Dot Matrix Printers, 5000 Labels per Box, White",Small Box,0.39,1/17/2009
1782,12771,1/17/2009,Critical,46,78.08,0.01,Regular Air,-43.10,1.68,1.57,Carlos Soltero,Northwest Territories,Northwest Territories,Small Business,Office Supplies,Pens & Art Supplies,Newell 323,Wrap Bag,0.59,1/19/2009
1842,13280,9/11/2009,High,40,460.68,0.01,Regular Air,-116.76,10.9,7.46,Grant Carroll,Northwest Territories,Northwest Territories,Small Business,Office Supplies,Storage & Organization,Crate-A-Filesª,Small Box,0.59,9/12/2009
1843,13280,9/11/2009,High,49,318.7585,0.1,Regular Air,-160.95,7.99,5.03,Grant Carroll,Northwest Territories,Northwest Territories,Small Business,Technology,Telephones and Communication,Bell Sonecor JB700 Caller ID,Medium Box,0.6,9/12/2009
1848,13313,7/16/2009,Not Specified,47,1020.61,0.04,Regular Air,-209.61,21.66,13.99,Skye Norling,Northwest Territories,Northwest Territories,Home Office,Office Supplies,Appliances,Holmes 99% HEPA Air Purifier,Medium Box,0.52,7/17/2009
2117,15108,8/27/2009,High,50,2066.16,0.02,Regular Air,372.36,40.99,17.48,Delfina Latchford,Northwest Territories,Northwest Territories,Small Business,Office Supplies,Paper,Xerox 1893,Small Box,0.36,8/29/2009
2283,16451,7/22/2009,Not Specified,9,252.79,0.09,Regular Air,58.23,30.56,2.99,Don Jones,Northwest Territories,Northwest Territories,Corporate,Office Supplies,Binders and Binder Accessories,Surelockª Post Binders,Small Box,0.35,7/23/2009
2296,16547,2/18/2009,Not Specified,30,10554.63,0.09,Delivery Truck,1240.25,355.98,58.92,Nicole Hansen,Northwest Territories,Northwest Territories,Corporate,Furniture,Chairs & Chairmats,Hon 4700 Series Mobuisª Mid-Back Task Chairs with Adjustable Arms,Jumbo Drum,0.64,2/20/2009
2297,16547,2/18/2009,Not Specified,8,1749.64,0.04,Delivery Truck,-533.23,218.75,69.64,Nicole Hansen,Northwest Territories,Northwest Territories,Corporate,Furniture,Tables,BoxOffice By Design Rectangular and Half-Moon Meeting Room Tables,Jumbo Box,0.77,2/18/2009
2445,17764,9/16/2009,Low,27,644.4,0.04,Regular Air,-97.28,22.84,16.87,Don Miller,Northwest Territories,Northwest Territories,Home Office,Office Supplies,Paper,Xerox 1982,Small Box,0.39,9/16/2009
2483,18080,6/22/2009,High,7,1211.98,0.1,Delivery Truck,-80.83,180.98,26.2,Sylvia Foulston,Northwest Territories,Northwest Territories,Corporate,Furniture,Chairs & Chairmats,Global Ergonomic Managers Chair,Jumbo Drum,0.59,6/23/2009
2520,18308,10/9/2009,Not Specified,30,114.12,0.05,Regular Air,15.73,3.8,1.49,Ann Chong,Northwest Territories,Northwest Territories,Corporate,Office Supplies,Binders and Binder Accessories,Durable Pressboard Binders,Small Box,0.38,10/11/2009
2521,18308,10/9/2009,Not Specified,15,436.05,0.09,Regular Air,-92.58,30.73,4,Ann Chong,Northwest Territories,Northwest Territories,Corporate,Technology,Computer Peripherals,Fellowes 17-key keypad for PS/2 interface,Small Box,0.75,10/9/2009
2522,18308,10/9/2009,Not Specified,49,5247.4835,0,Regular Air,1465.87,125.99,8.08,Ann Chong,Northwest Territories,Northwest Territories,Corporate,Technology,Telephones and Communication,StarTAC ST7762,Small Box,0.57,10/10/2009
2624,19010,6/7/2009,Low,18,23792.93,0,Regular Air,10951.31,1270.99,19.99,Grant Carroll,Northwest Territories,Northwest Territories,Small Business,Office Supplies,Binders and Binder Accessories,Fellowes PB500 Electric Punch Plastic Comb Binding Machine with Manual Bind,Small Box,0.35,6/9/2009
2637,19078,7/27/2009,Critical,21,256.12,0.03,Regular Air,-18.19,11.97,4.98,Brendan Dodson,Northwest Territories,Northwest Territories,Corporate,Office Supplies,Appliances,Staples 6 Outlet Surge,Small Box,0.58,7/28/2009
2726,19655,1/11/2009,High,31,1143.45,0.06,Regular Air,304.42,39.24,1.99,Alan Barnes,Northwest Territories,Northwest Territories,Corporate,Technology,Computer Peripherals,Verbatim DVD-R 4.7GB authoring disc,Small Pack,0.51,1/12/2009
2768,20007,8/5/2009,Not Specified,49,82.61,0.08,Regular Air,-46.25,1.68,1.57,Nicole Hansen,Northwest Territories,Northwest Territories,Small Business,Office Supplies,Pens & Art Supplies,Newell 323,Wrap Bag,0.59,8/6/2009
2811,20263,11/14/2009,Medium,8,473.7,0.05,Regular Air,72.51,59.78,10.29,Bryan Mills,Northwest Territories,Northwest Territories,Small Business,Office Supplies,Binders and Binder Accessories,GBC Recycled Regency Composition Covers,Small Box,0.39,11/15/2009
2812,20263,11/14/2009,Medium,33,553.5625,0.08,Regular Air,-76.86,20.99,1.25,Bryan Mills,Northwest Territories,Northwest Territories,Small Business,Technology,Telephones and Communication,Accessory29,Small Pack,0.83,11/16/2009
2956,21383,1/30/2009,Low,31,16066.85,0.07,Regular Air,7416.43,574.74,24.49,Rick Reed,Northwest Territories,Northwest Territories,Consumer,Technology,Office Machines,Polycom ViaVideoª Desktop Video Communications Unit,Large Box,0.37,2/4/2009
3006,21636,8/10/2009,Low,35,1665.0395,0.02,Regular Air,366.51,55.99,3.3,Fred Wasserman,Northwest Territories,Northwest Territories,Home Office,Technology,Telephones and Communication,Accessory24,Small Pack,0.59,8/10/2009
3110,22342,5/29/2009,Low,13,241.706,0,Regular Air,-92.96,20.99,3.3,Claudia Miner,Northwest Territories,Northwest Territories,Small Business,Technology,Telephones and Communication,Accessory39,Small Pack,0.81,6/5/2009
3284,23488,1/6/2009,Critical,30,26133.39,0.04,Delivery Truck,-11053.60,880.98,44.55,Julia West,Northwest Territories,Northwest Territories,Home Office,Furniture,Bookcases,"Riverside Palais Royal Lawyers Bookcase, Royale Cherry Finish",Jumbo Box,0.62,1/7/2009
3406,24294,8/2/2009,Not Specified,24,4865.72,0.03,Delivery Truck,1951.30,200.97,15.59,Thomas Seio,Northwest Territories,Northwest Territories,Home Office,Technology,Office Machines,Hewlett-Packard Deskjet 6122 Color Inkjet Printer,Jumbo Drum,0.36,8/3/2009
3719,26567,9/4/2009,Critical,8,50.7,0.08,Regular Air,-44.07,5.4,7.78,Sylvia Foulston,Northwest Territories,Northwest Territories,Corporate,Office Supplies,Binders and Binder Accessories,3M Organizer Strips,Small Box,0.37,9/4/2009
3720,26567,9/4/2009,Critical,10,90.06,0.09,Express Air,-100.51,8.46,8.99,Sylvia Foulston,Northwest Territories,Northwest Territories,Corporate,Technology,Computer Peripherals,"Imation 3.5 IBM Diskettes, 10/Box",Small Pack,0.79,9/7/2009
3721,26567,9/4/2009,Critical,22,338.52,0.21,Regular Air,-17.75,14.98,8.99,Sylvia Foulston,Northwest Territories,Northwest Territories,Corporate,Furniture,Office Furnishings,"GE 4 Foot Flourescent Tube, 40 Watt",Small Pack,0.39,9/5/2009
3722,26567,9/4/2009,Critical,48,6109.817,0.04,Regular Air,1374.95,155.99,8.08,Sylvia Foulston,Northwest Territories,Northwest Territories,Corporate,Technology,Telephones and Communication,300 Series Non-Flip,Small Box,0.6,9/5/2009
3760,26854,6/21/2009,Not Specified,1,34.11,0.02,Regular Air,-12.95,25.38,8.99,Charlotte Melton,Northwest Territories,Northwest Territories,Home Office,Furniture,Office Furnishings,"Executive Impressions 13"" Chairman Wall Clock",Small Pack,0.5,6/22/2009
3806,27111,3/11/2009,High,11,1064.23,0.06,Regular Air,-127.56,99.99,19.99,Heather Kirkland,Northwest Territories,Northwest Territories,Home Office,Technology,Computer Peripherals,US Robotics 56K V.92 External Faxmodem,Small Box,0.52,3/14/2009
3807,27111,3/11/2009,High,18,3497.05,0,Regular Air,282.18,193.17,19.99,Heather Kirkland,Northwest Territories,Northwest Territories,Home Office,Office Supplies,Storage & Organization,Fellowes Staxonsteel¨ Drawer Files,Small Box,0.71,3/12/2009
3808,27111,3/11/2009,High,44,774.0525,0.08,Express Air,-96.34,20.99,3.3,Heather Kirkland,Northwest Territories,Northwest Territories,Home Office,Technology,Telephones and Communication,Accessory39,Small Pack,0.81,3/11/2009
3863,27555,9/1/2009,Critical,32,209.42,0.1,Regular Air,65.41,6.74,1.72,Ralph Knight,Northwest Territories,Northwest Territories,Consumer,Office Supplies,Paper,"Memo Book, 100 Message Capacity, 5 3/8Ó x 11Ó",Wrap Bag,0.35,9/3/2009
3947,28135,9/25/2009,Critical,37,1601.24,0.08,Regular Air,520.69,46.89,5.1,Jeremy Lonsdale,Northwest Territories,Northwest Territories,Corporate,Office Supplies,Appliances,Bionaire Personal Warm Mist Humidifier/Vaporizer,Medium Box,0.46,9/27/2009
3948,28135,9/25/2009,Critical,40,501.31,0.05,Regular Air,38.23,12.98,3.14,Jeremy Lonsdale,Northwest Territories,Northwest Territories,Corporate,Office Supplies,"Scissors, Rulers and Trimmers","Acme¨ 8"" Straight Scissors",Small Pack,0.6,9/25/2009
3992,28486,8/26/2009,High,2,811.13,0.08,Regular Air,-517.47,415.88,11.37,Carlos Daly,Northwest Territories,Northwest Territories,Corporate,Office Supplies,Storage & Organization,Deluxe Rollaway Locking File with Drawer,Small Box,0.57,8/27/2009
4017,28675,10/8/2009,Critical,15,822.8425,0.1,Regular Air,4.39,65.99,5.92,Ralph Knight,Northwest Territories,Northwest Territories,Consumer,Technology,Telephones and Communication,252,Small Box,0.55,10/9/2009
4118,29287,7/2/2009,High,50,281.39,0.1,Regular Air,-106.40,5.74,5.01,Edward Hooks,Northwest Territories,Northwest Territories,Consumer,Office Supplies,Binders and Binder Accessories,Binder Posts,Small Box,0.39,7/4/2009
4119,29287,7/2/2009,High,49,12593.91,0.09,Delivery Truck,2699.67,270.97,28.06,Edward Hooks,Northwest Territories,Northwest Territories,Consumer,Technology,Office Machines,Epson LQ-570e Dot Matrix Printer,Jumbo Drum,0.56,7/4/2009
4369,31111,8/24/2009,Not Specified,27,217.93,0.03,Regular Air,-29.02,7.64,5.83,Monica Federle,Northwest Territories,Northwest Territories,Corporate,Office Supplies,Paper,"Rediform Wirebound ""Phone Memo"" Message Book, 11 x 5-3/4",Wrap Bag,0.36,8/26/2009
4401,31364,5/1/2009,Not Specified,2,789.01,0.07,Regular Air,-539.59,415.88,11.37,Beth Thompson,Northwest Territories,Northwest Territories,Corporate,Office Supplies,Storage & Organization,Deluxe Rollaway Locking File with Drawer,Small Box,0.57,5/1/2009
4459,31781,1/16/2009,Medium,46,249.02,0.1,Regular Air,-282.61,5.81,8.49,Sylvia Foulston,Northwest Territories,Northwest Territories,Corporate,Office Supplies,Binders and Binder Accessories,Fellowes Black Plastic Comb Bindings,Small Box,0.39,1/17/2009
4460,31781,1/16/2009,Medium,41,78.49,0.03,Regular Air,5.53,1.81,0.75,Sylvia Foulston,Northwest Territories,Northwest Territories,Corporate,Office Supplies,Rubber Bands,Assorted Color Push Pins,Wrap Bag,0.52,1/17/2009
4763,33888,8/20/2009,Not Specified,31,349.43,0.04,Regular Air,-44.92,11.5,7.19,Heather Kirkland,Northwest Territories,Northwest Territories,Home Office,Office Supplies,Binders and Binder Accessories,Ibico Covers for Plastic or Wire Binding Elements,Small Box,0.4,8/23/2009
4764,33888,8/20/2009,Not Specified,3,58.33,0.02,Regular Air,-35.08,15.7,11.25,Heather Kirkland,Northwest Territories,Northwest Territories,Home Office,Office Supplies,Storage & Organization,Hanging Personal Folder File,Small Box,0.6,8/21/2009
4765,33888,8/20/2009,Not Specified,47,10377.22,0.05,Delivery Truck,965.48,225.02,28.66,Heather Kirkland,Northwest Territories,Northwest Territories,Home Office,Office Supplies,Storage & Organization,Tennsco Double-Tier Lockers,Jumbo Drum,0.72,8/22/2009
4803,34177,8/15/2009,High,13,34.42,0.02,Regular Air,9.47,2.61,0.5,Toby Braunhardt,Northwest Territories,Northwest Territories,Corporate,Office Supplies,Labels,Avery 494,Small Box,0.39,8/18/2009
4804,34177,8/15/2009,High,26,172.76,0.1,Regular Air,73.18,7.31,0.49,Toby Braunhardt,Northwest Territories,Northwest Territories,Corporate,Office Supplies,Labels,Self-Adhesive Address Labels for Typewriters by Universal,Small Box,0.38,8/16/2009
4805,34177,8/15/2009,High,50,853.162,0.1,Regular Air,-83.95,20.99,2.5,Toby Braunhardt,Northwest Territories,Northwest Territories,Corporate,Technology,Telephones and Communication,Accessory37,Wrap Bag,0.81,8/16/2009
4864,34631,10/23/2009,Not Specified,5,22.06,0.06,Regular Air,-22.28,3.36,6.27,Brendan Dodson,Northwest Territories,Northwest Territories,Corporate,Office Supplies,Binders and Binder Accessories,Cardinal Poly Pocket Divider Pockets for Ring Binders,Small Box,0.4,10/24/2009
4865,34631,10/23/2009,Not Specified,19,12616.2,0.07,Regular Air,2808.22,699.99,24.49,Brendan Dodson,Northwest Territories,Northwest Territories,Corporate,Technology,Copiers and Fax,Canon PC1060 Personal Laser Copier,Large Box,0.41,10/25/2009
5031,35847,1/30/2009,Critical,23,361.65,0.08,Express Air,-144.27,15.98,8.99,Eugene Barchas,Northwest Territories,Northwest Territories,Corporate,Technology,Computer Peripherals,"Imation 3.5"" DS/HD IBM Formatted Diskettes, 50/Pack",Small Pack,0.64,1/30/2009
5154,36707,11/29/2009,Medium,47,181.78,0.02,Regular Air,71.56,3.78,0.71,Charlotte Melton,Northwest Territories,Northwest Territories,Home Office,Office Supplies,Rubber Bands,Staples Bulldog Clip,Wrap Bag,0.39,11/30/2009
5312,37793,11/8/2009,Not Specified,16,224.47,0.08,Regular Air,-49.31,13.9,7.59,Dorothy Wardle,Northwest Territories,Northwest Territories,Corporate,Office Supplies,"Scissors, Rulers and Trimmers","Acme Hot Forged Carbon Steel Scissors with Nickel-Plated Handles, 3 7/8"" Cut, 8""L",Small Pack,0.56,11/9/2009
5628,39846,2/27/2009,Low,14,71.47,0.06,Regular Air,-62.73,4.98,4.62,Cindy Schnelling,Northwest Territories,Northwest Territories,Corporate,Technology,Computer Peripherals,"Imation 3.5"", DISKETTE 44766 HGHLD3.52HD/FM, 10/Pack",Small Pack,0.64,3/6/2009
5681,40160,10/15/2009,Critical,23,1404.22,0.1,Regular Air,202.87,63.94,14.48,Julia West,Northwest Territories,Northwest Territories,Consumer,Furniture,Office Furnishings,"Howard Miller 16"" Diameter Gallery Wall Clock",Small Box,0.46,10/16/2009
5719,40518,3/13/2009,Critical,3,17.52,0.05,Regular Air,-12.16,4.13,5.04,Carlos Daly,Northwest Territories,Northwest Territories,Home Office,Office Supplies,Binders and Binder Accessories,"ACCOHIDE¨ 3-Ring Binder, Blue, 1""",Small Box,0.38,3/14/2009
5764,40902,7/7/2009,Low,25,192.18,0.02,Regular Air,-48.88,7.1,6.05,Susan Vittorini,Northwest Territories,Northwest Territories,Home Office,Office Supplies,Binders and Binder Accessories,"Wilson Jones Hanging View Binder, White, 1""",Small Box,0.39,7/9/2009
5802,41153,3/2/2009,Medium,29,862.2,0.1,Regular Air,-45.10,30.73,4,Alan Barnes,Northwest Territories,Northwest Territories,Corporate,Technology,Computer Peripherals,Fellowes 17-key keypad for PS/2 interface,Small Box,0.75,3/3/2009
5877,41696,7/13/2009,Not Specified,45,237.28,0.03,Express Air,-2088.68,4.48,49,Bryan Mills,Northwest Territories,Northwest Territories,Small Business,Office Supplies,Appliances,Hoover Portapowerª Portable Vacuum,Large Box,0.6,7/15/2009
6067,42981,5/30/2009,Critical,4,3510.82,0.05,Regular Air,232.44,896.99,19.99,Susan Vittorini,Northwest Territories,Northwest Territories,Home Office,Office Supplies,Binders and Binder Accessories,GBC DocuBind TL300 Electric Binding System,Small Box,0.38,6/1/2009
6119,43330,4/27/2009,Not Specified,40,2205.7585,0.03,Regular Air,337.04,65.99,8.99,Fred Wasserman,Northwest Territories,Northwest Territories,Home Office,Technology,Telephones and Communication,8260,Small Box,0.58,4/28/2009
6319,44708,7/27/2009,Not Specified,15,30.68,0.02,Regular Air,-37.39,1.74,4.08,Allen Rosenblatt,Northwest Territories,Northwest Territories,Small Business,Furniture,Office Furnishings,"Eldon Regeneration Recycled Desk Accessories, Smoke",Small Pack,0.53,7/28/2009
6324,44772,3/31/2009,Not Specified,1,54.077,0.07,Express Air,-232.99,55.99,5,Dorothy Wardle,Northwest Territories,Northwest Territories,Corporate,Technology,Telephones and Communication,Accessory36,Small Pack,0.83,4/2/2009
6736,47943,11/14/2009,Medium,12,61.09,0.04,Regular Air,24.06,4.91,0.5,Don Miller,Northwest Territories,Northwest Territories,Home Office,Office Supplies,Labels,Avery 478,Small Box,0.36,11/14/2009
6737,47943,11/14/2009,Medium,48,777.76,0.02,Regular Air,63.46,15.94,5.45,Don Miller,Northwest Territories,Northwest Territories,Home Office,Office Supplies,Pens & Art Supplies,Boston 16701 Slimline Battery Pencil Sharpener,Small Pack,0.55,11/15/2009
6783,48295,11/23/2009,Medium,48,10051.52,0.05,Regular Air,4938.78,204.1,13.99,Bryan Mills,Northwest Territories,Northwest Territories,Small Business,Technology,Office Machines,"Soundgear Copyboard Conference Phone, Optional Battery",Medium Box,0.37,11/25/2009
6894,49154,3/6/2009,Medium,26,1523.5,0.07,Regular Air,-807.89,60.98,49,Joy Bell,Northwest Territories,Northwest Territories,Home Office,Office Supplies,Appliances,Euro Pro Shark Stick Mini Vacuum,Large Box,0.59,3/7/2009
7060,50374,5/30/2009,Not Specified,30,3482.41,0.05,Regular Air,1443.35,120.98,9.07,Susan Vittorini,Northwest Territories,Northwest Territories,Home Office,Office Supplies,Binders and Binder Accessories,GBC VeloBinder Electric Binding Machine,Small Box,0.35,5/31/2009
7111,50754,12/9/2009,Not Specified,9,64.0305,0.06,Regular Air,-58.34,7.99,5.03,Becky Castell,Northwest Territories,Northwest Territories,Consumer,Technology,Telephones and Communication,Bell Sonecor JB700 Caller ID,Medium Box,0.6,12/10/2009
7352,52386,1/5/2009,High,6,700.73,0.08,Delivery Truck,-188.58,120.97,26.3,Susan Vittorini,Northwest Territories,Northwest Territories,Home Office,Technology,Office Machines,Canon S750 Color Inkjet Printer,Jumbo Drum,0.38,1/7/2009
7500,53511,2/20/2009,Medium,41,241.1,0.07,Regular Air,-243.24,5.81,8.49,Anthony Johnson,Northwest Territories,Northwest Territories,Small Business,Office Supplies,Binders and Binder Accessories,Fellowes Black Plastic Comb Bindings,Small Box,0.39,2/22/2009
7501,53511,2/20/2009,Medium,49,491.93,0.04,Regular Air,-53.62,9.65,6.22,Anthony Johnson,Northwest Territories,Northwest Territories,Small Business,Furniture,Office Furnishings,"Eldon Expressionsª Desk Accessory, Wood Pencil Holder, Oak",Small Box,0.55,2/21/2009
7530,53797,10/1/2009,Critical,10,623.71,0.01,Delivery Truck,-213.32,58.14,36.61,Doug Bickford,Northwest Territories,Northwest Territories,Small Business,Furniture,Bookcases,O'Sullivan 3-Shelf Heavy-Duty Bookcases,Jumbo Box,0.61,10/1/2009
7628,54567,8/2/2009,Medium,31,196.74,0.09,Regular Air,-61.59,6.28,5.41,Nicole Hansen,Northwest Territories,Northwest Territories,Small Business,Furniture,Office Furnishings,Eldon¨ 200 Classª Desk Accessories,Small Box,0.53,8/4/2009
7716,55298,8/2/2009,Critical,1,368.66,0.01,Delivery Truck,-165.60,300.98,64.73,Bryan Mills,Northwest Territories,Northwest Territories,Corporate,Furniture,Chairs & Chairmats,"Global Leather and Oak Executive Chair, Black",Jumbo Drum,0.56,8/3/2009
7813,55875,11/25/2009,Critical,50,413.86,0,Regular Air,39.29,7.59,4,Brad Eason,Northwest Territories,Northwest Territories,Small Business,Furniture,Office Furnishings,"Master Giant Foot¨ Doorstop, Safety Yellow",Wrap Bag,0.42,11/28/2009
7814,55875,11/25/2009,Critical,31,178.45,0.09,Regular Air,-104.96,5.98,4.69,Brad Eason,Northwest Territories,Northwest Territories,Small Business,Office Supplies,Storage & Organization,"Perma STOR-ALLª Hanging File Box, 13 1/8""W x 12 1/4""D x 10 1/2""H",Small Box,0.68,11/25/2009
8057,57509,2/21/2009,Low,39,199.39,0.1,Express Air,101.13,4.91,0.5,Neola Schneider,Northwest Territories,Northwest Territories,Home Office,Office Supplies,Labels,Avery 493,Small Box,0.36,2/21/2009
8058,57509,2/21/2009,Low,11,2770.35,0.09,Delivery Truck,-202.58,259.71,66.67,Neola Schneider,Northwest Territories,Northwest Territories,Home Office,Furniture,Tables,"Bevis Round Bullnose 29"" High Table Top",Jumbo Box,0.61,2/26/2009
8133,58144,12/16/2009,Low,29,778.38,0.01,Regular Air,257.32,26.38,5.86,Muhammed MacIntyre,Prince Edward Island,Atlantic,Small Business,Office Supplies,Paper,Xerox 1935,Small Box,0.39,12/23/2009
8176,58434,3/9/2009,High,42,843.53,0.04,Regular Air,268.32,19.23,6.15,Dorothy Badders,Prince Edward Island,Atlantic,Home Office,Furniture,Office Furnishings,"Executive Impressions 13"" Clairmont Wall Clock",Small Pack,0.44,3/10/2009
8208,58688,3/29/2009,Not Specified,18,215.93,0.08,Regular Air,-41.87,11.97,5.81,Grant Carroll,Prince Edward Island,Atlantic,Small Business,Office Supplies,Pens & Art Supplies,Staples SlimLine Pencil Sharpener,Small Pack,0.6,3/31/2009
8290,59207,5/18/2009,Critical,42,9502.736,0.02,Delivery Truck,-945.56,280.98,81.98,Sylvia Foulston,Prince Edward Island,Atlantic,Corporate,Furniture,Tables,Global Adaptabilitiesª Conference Tables,Jumbo Box,0.78,5/18/2009
105,645,12/2/2009,High,42,557.85,0.05,Regular Air,89.45,12.95,4.98,Harold Engle,Prince Edward Island,Atlantic,Consumer,Office Supplies,Binders and Binder Accessories,GBC Binding covers,Small Box,0.4,12/4/2009
636,4454,2/1/2009,Low,17,55.45,0.01,Regular Air,21.42,3.08,0.5,Erica Bern,Prince Edward Island,Atlantic,Corporate,Office Supplies,Labels,Avery 497,Small Box,0.37,2/6/2009
762,5446,6/20/2009,Low,42,433.68,0.07,Regular Air,44.10,10.98,4.8,Guy Armstrong,Prince Edward Island,Atlantic,Corporate,Office Supplies,Envelopes,"Manila Recycled Extra-Heavyweight Clasp Envelopes, 6"" x 9""",Small Box,0.36,6/27/2009
1225,8994,4/7/2009,Low,36,1423.35,0.1,Regular Air,-580.32,40.48,19.99,Christopher Schild,Prince Edward Island,Atlantic,Corporate,Technology,Computer Peripherals,Keytronic Designer 104- Key Black Keyboard,Small Box,0.77,4/9/2009
1501,10851,4/6/2009,High,50,608.21,0.09,Regular Air,-175.13,12.88,4.59,Jenna Caffey,Prince Edward Island,Atlantic,Consumer,Office Supplies,"Scissors, Rulers and Trimmers",Martin-Yale Premier Letter Opener,Wrap Bag,0.82,4/6/2009
1810,12934,3/5/2009,Not Specified,45,440.39,0.05,Regular Air,186.64,9.78,1.39,Guy Armstrong,Prince Edward Island,Atlantic,Corporate,Office Supplies,Envelopes,"Staples #10 Laser & Inkjet Envelopes, 4 1/8"" x 9 1/2"", 100/Box",Small Box,0.39,3/6/2009
1811,12934,3/5/2009,Not Specified,27,96.99,0.02,Express Air,-66.35,3.28,3.97,Guy Armstrong,Prince Edward Island,Atlantic,Corporate,Office Supplies,Pens & Art Supplies,Newell 337,Wrap Bag,0.56,3/6/2009
1826,13120,12/14/2009,Low,46,590.43,0.09,Regular Air,82.59,12.95,4.98,Joy Smith,Prince Edward Island,Atlantic,Consumer,Office Supplies,Binders and Binder Accessories,GBC Binding covers,Small Box,0.4,12/21/2009
1827,13120,12/14/2009,Low,8,216.33,0,Regular Air,-17.37,24.92,12.98,Joy Smith,Prince Edward Island,Atlantic,Consumer,Office Supplies,Binders and Binder Accessories,GBC Standard Therm-A-Bind Covers,Small Box,0.39,12/14/2009
1896,13604,2/2/2009,Not Specified,38,3152.75,0.04,Regular Air,1166.40,83.1,6.13,Erica Bern,Prince Edward Island,Atlantic,Corporate,Technology,Computer Peripherals,"Micro Innovations Micro Digital Wireless Keyboard and Mouse, Gray",Small Box,0.45,2/4/2009
1897,13604,2/2/2009,Not Specified,42,3609.88,0.07,Regular Air,-1396.22,90.98,56.2,Erica Bern,Prince Edward Island,Atlantic,Corporate,Furniture,Office Furnishings,Eldon ClusterMat Chair Mat with Cordless Antistatic Protection,Medium Box,0.74,2/5/2009
1947,13927,8/26/2009,Low,26,188.05,0.04,Express Air,-21.41,6.48,5.16,Dan Reichenbach,Prince Edward Island,Atlantic,Corporate,Office Supplies,Paper,Xerox 1985,Small Box,0.37,9/2/2009
2124,15139,11/19/2009,High,17,5203.9,0.07,Delivery Truck,636.20,300.98,64.73,Guy Armstrong,Prince Edward Island,Atlantic,Corporate,Furniture,Chairs & Chairmats,"Global Leather and Oak Executive Chair, Black",Jumbo Drum,0.56,11/21/2009
2125,15139,11/19/2009,High,33,744.12,0.01,Delivery Truck,-1163.21,20.98,45,Guy Armstrong,Prince Edward Island,Atlantic,Corporate,Office Supplies,Storage & Organization,"Tennsco Lockers, Sand",Jumbo Drum,0.61,11/19/2009
2278,16419,8/4/2009,Not Specified,43,241.19,0.08,Regular Air,-103.65,5.78,5.67,Joy Smith,Prince Edward Island,Atlantic,Consumer,Office Supplies,Paper,Xerox 1978,Small Box,0.36,8/5/2009
2391,17315,4/22/2009,Low,29,159.11,0.07,Regular Air,64.01,5.43,0.95,Joy Smith,Prince Edward Island,Atlantic,Consumer,Office Supplies,Paper,"Wirebound Message Book, 4 per Page",Wrap Bag,0.36,4/26/2009
2600,18788,10/2/2009,Not Specified,27,566.12,0.03,Regular Air,-19.33,19.99,11.17,Joy Smith,Prince Edward Island,Atlantic,Corporate,Furniture,Office Furnishings,Telescoping Adjustable Floor Lamp,Large Box,0.6,10/3/2009
2628,19042,3/1/2009,Critical,8,327.61,0.07,Regular Air,54.90,40.98,7.47,Evan Minnotte,Prince Edward Island,Atlantic,Corporate,Office Supplies,Binders and Binder Accessories,"Wilson Jones Ledger-Size, Piano-Hinge Binder, 2"", Blue",Small Box,0.37,3/2/2009
2633,19073,6/24/2009,Not Specified,16,178.4,0.04,Regular Air,20.08,10.64,5.16,Chuck Magee,Prince Edward Island,Atlantic,Corporate,Furniture,Office Furnishings,"Eldon Expressions Punched Metal & Wood Desk Accessories, Pewter & Cherry",Small Box,0.57,6/25/2009
2634,19073,6/24/2009,Not Specified,40,115.01,0.03,Express Air,5.81,2.78,1.34,Chuck Magee,Prince Edward Island,Atlantic,Corporate,Office Supplies,Pens & Art Supplies,Prang Drawing Pencil Set,Wrap Bag,0.45,6/26/2009
3163,22695,7/3/2009,Low,44,444.52,0.02,Regular Air,161.13,10.06,2.06,Joy Smith,Prince Edward Island,Atlantic,Consumer,Office Supplies,Paper,Riverleaf Stik-Withit¨ Designer Note Cubes¨,Wrap Bag,0.39,7/8/2009
3214,23076,5/27/2009,Critical,50,742.21,0.03,Regular Air,122.21,14.2,5.3,Dan Reichenbach,Prince Edward Island,Atlantic,Corporate,Furniture,Office Furnishings,Coloredge Poster Frame,Wrap Bag,0.46,5/28/2009
3662,26240,12/19/2009,Critical,38,1483.44,0.04,Regular Air,439.77,39.48,1.99,Carlos Soltero,Prince Edward Island,Atlantic,Consumer,Technology,Computer Peripherals,"80 Minute CD-R Spindle, 100/Pack - Staples",Small Pack,0.54,12/22/2009
3663,26240,12/19/2009,Critical,39,145.68,0.04,Regular Air,12.00,3.7,1.61,Carlos Soltero,Prince Edward Island,Atlantic,Consumer,Furniture,Office Furnishings,3M Hangers With Command Adhesive,Wrap Bag,0.44,12/20/2009
4125,29319,1/24/2009,Low,30,6654.39,0.1,Regular Air,1151.69,238.4,24.49,Filia McAdams,Prince Edward Island,Atlantic,Small Business,Furniture,Chairs & Chairmats,Safco Contoured Stacking Chairs,Large Box,,1/26/2009
4126,29319,1/24/2009,Low,21,4429.69,0.03,Express Air,983.55,199.99,24.49,Filia McAdams,Prince Edward Island,Atlantic,Small Business,Technology,Copiers and Fax,Canon PC-428 Personal Copier,Large Box,0.46,1/26/2009
4528,32199,7/15/2009,High,40,196.5,0.08,Regular Air,-99.76,4.91,4.97,Erica Bern,Prince Edward Island,Atlantic,Corporate,Office Supplies,Binders and Binder Accessories,"Pressboard Covers with Storage Hooks, 9 1/2"" x 11"", Light Blue",Small Box,0.38,7/16/2009
4529,32199,7/15/2009,High,1,3672.89,0.01,Regular Air,-3061.82,3499.99,24.49,Erica Bern,Prince Edward Island,Atlantic,Corporate,Technology,Copiers and Fax,Canon imageCLASS 2200 Advanced Copier,Large Box,0.37,7/16/2009
4530,32199,7/15/2009,High,8,46.97,0.03,Regular Air,-0.01,5.84,1.2,Erica Bern,Prince Edward Island,Atlantic,Corporate,Office Supplies,Pens & Art Supplies,Newell 312,Wrap Bag,0.55,7/17/2009
4594,32676,2/1/2009,Critical,37,1697.44,0.06,Regular Air,523.43,45.19,1.99,Joy Smith,Prince Edward Island,Atlantic,Corporate,Technology,Computer Peripherals,"Verbatim DVD-RAM, 9.4GB, Rewritable, Type 1, DS, DataLife Plus",Small Pack,0.55,2/4/2009
4613,32869,3/27/2009,Medium,41,322.03,0.06,Regular Air,-82.83,8.12,2.83,Christopher Schild,Prince Edward Island,Atlantic,Corporate,Technology,Computer Peripherals,"Imation Neon Mac Format Diskettes, 10/Pack",Small Pack,0.77,3/28/2009
4614,32869,3/27/2009,Medium,49,2470.84,0.05,Regular Air,25.04,51.65,18.45,Christopher Schild,Prince Edward Island,Atlantic,Corporate,Furniture,Office Furnishings,"Deflect-o EconoMat Nonstudded, No Bevel Mat",Medium Box,0.65,3/28/2009
4615,32869,3/27/2009,Medium,2,15.26,0.01,Regular Air,-7.51,6.68,1.5,Christopher Schild,Prince Edward Island,Atlantic,Corporate,Office Supplies,Pens & Art Supplies,Sanford Liquid Accent Highlighters,Wrap Bag,0.48,3/28/2009
4616,32869,3/27/2009,Medium,39,5250.6625,0.1,Regular Air,930.99,175.99,8.99,Christopher Schild,Prince Edward Island,Atlantic,Corporate,Technology,Telephones and Communication,2180,Small Box,0.57,3/28/2009
4823,34275,7/1/2009,Low,27,123.46,0.07,Regular Air,26.66,4.84,0.71,Greg Guthrie,Prince Edward Island,Atlantic,Small Business,Office Supplies,Pens & Art Supplies,*Staples* Highlighting Markers,Wrap Bag,0.52,7/3/2009
4901,34880,9/16/2009,High,44,284.38,0.04,Regular Air,-62.43,6.48,5.19,Philip Brown,Prince Edward Island,Atlantic,Home Office,Office Supplies,Paper,Xerox 1995,Small Box,0.37,9/17/2009
4996,35558,9/15/2009,Critical,2,34.88,0.09,Regular Air,-22.12,13.79,8.78,Carlos Soltero,Prince Edward Island,Atlantic,Consumer,Furniture,Office Furnishings,9-3/4 Diameter Round Wall Clock,Small Box,0.43,9/17/2009
5147,36677,12/23/2009,Low,38,23255.61,0,Regular Air,-734.33,599.99,24.49,Jack Lebron,Prince Edward Island,Atlantic,Corporate,Technology,Copiers and Fax,Canon Image Class D660 Copier,Large Box,0.44,12/25/2009
5329,37888,12/22/2009,Critical,31,639.19,0.09,Regular Air,274.90,20.98,1.49,Hilary Holden,Prince Edward Island,Atlantic,Corporate,Office Supplies,Binders and Binder Accessories,Avery Legal 4-Ring Binder,Small Box,0.35,12/24/2009
5750,40835,11/24/2009,High,26,393.59,0.06,Regular Air,-8.08,15.01,8.4,Jennifer Braxton,Prince Edward Island,Atlantic,Small Business,Office Supplies,Binders and Binder Accessories,"GBC Prepunched Paper, 19-Hole, for Binding Systems, 24-lb",Small Box,0.39,11/26/2009
5751,40835,11/24/2009,High,14,551.18,0.09,Regular Air,-326.97,40.48,19.99,Jennifer Braxton,Prince Edward Island,Atlantic,Small Business,Technology,Computer Peripherals,Keytronic Designer 104- Key Black Keyboard,Small Box,0.77,11/26/2009
5752,40835,11/24/2009,High,1,18.73,0.05,Regular Air,-6.68,12.28,6.13,Jennifer Braxton,Prince Edward Island,Atlantic,Small Business,Office Supplies,Storage & Organization,Recycled Eldon Regeneration Jumbo File,Small Box,0.57,11/25/2009
6270,44387,2/4/2009,Low,50,1441.57,0.07,Express Air,475.26,29.89,1.99,Erica Bern,Prince Edward Island,Atlantic,Corporate,Technology,Computer Peripherals,"Verbatim DVD-RAM, 5.2GB, Rewritable, Type 1, DS",Small Pack,0.5,2/9/2009
6271,44387,2/4/2009,Low,20,173.09,0.03,Regular Air,-6.71,8.34,4.82,Erica Bern,Prince Edward Island,Atlantic,Corporate,Office Supplies,Paper,Southworth 25% Cotton Antique Laid Paper & Envelopes,Small Box,0.4,2/8/2009
6295,44576,12/25/2009,Not Specified,38,5016.25,0.01,Delivery Truck,-189.35,124.49,51.94,Greg Guthrie,Prince Edward Island,Atlantic,Small Business,Furniture,Tables,Bevis 36 x 72 Conference Tables,Jumbo Box,0.63,12/26/2009
6480,46119,2/15/2009,Critical,23,93.05,0.03,Regular Air,15.27,3.8,1.49,Carlos Soltero,Prince Edward Island,Atlantic,Consumer,Office Supplies,Binders and Binder Accessories,Durable Pressboard Binders,Small Box,0.38,2/17/2009
6481,46119,2/15/2009,Critical,20,154.13,0.07,Regular Air,57.31,7.98,1.25,Carlos Soltero,Prince Edward Island,Atlantic,Consumer,Office Supplies,Paper,"Adams Telephone Message Book w/Frequently-Called Numbers Space, 400 Messages per Book",Wrap Bag,0.35,2/17/2009
6482,46119,2/15/2009,Critical,46,18824.42,0.07,Delivery Truck,-575.35,417.4,75.23,Carlos Soltero,Prince Edward Island,Atlantic,Consumer,Furniture,Tables,Bretford ÒJust In TimeÓ Height-Adjustable Multi-Task Work Tables,Jumbo Box,0.79,2/16/2009
6574,46756,10/11/2009,Medium,3,33.64,0.01,Regular Air,-22.45,7.28,11.15,Chuck Magee,Prince Edward Island,Atlantic,Corporate,Office Supplies,Paper,"Array¨ Parchment Paper, Assorted Colors",Small Box,0.37,10/13/2009
6722,47876,12/25/2009,High,8,365.22,0.04,Regular Air,58.08,46.89,5.1,Greg Guthrie,Prince Edward Island,Atlantic,Small Business,Office Supplies,Appliances,Bionaire Personal Warm Mist Humidifier/Vaporizer,Medium Box,0.46,12/27/2009
6772,48199,1/18/2009,Not Specified,47,672.46,0.1,Regular Air,279.74,15.74,1.39,Erica Bern,Prince Edward Island,Atlantic,Corporate,Office Supplies,Envelopes,"#10-4 1/8"" x 9 1/2"" Premium Diagonal Seam Envelopes",Small Box,0.4,1/21/2009
6899,49216,3/19/2009,High,11,259.69,0.1,Regular Air,-45.82,24.92,12.98,Noah Childs,Prince Edward Island,Atlantic,Home Office,Office Supplies,Binders and Binder Accessories,GBC Standard Therm-A-Bind Covers,Small Box,0.39,3/19/2009
6900,49216,3/19/2009,High,9,2503.86,0.06,Delivery Truck,-172.48,270.97,28.06,Noah Childs,Manitoba,Prarie,Home Office,Technology,Office Machines,Epson LQ-570e Dot Matrix Printer,Jumbo Drum,0.56,3/19/2009
6901,49216,3/19/2009,High,29,374.67,0,Express Air,30.63,12.28,6.35,Noah Childs,Manitoba,Prarie,Home Office,Office Supplies,Paper,Staples Premium Bright 1-Part Blank Computer Paper,Small Box,0.38,3/20/2009
7005,49990,9/5/2009,Not Specified,11,5155.35,0,Delivery Truck,501.51,442.14,14.7,Evan Minnotte,Manitoba,Prarie,Corporate,Technology,Office Machines,Okidata ML390 Turbo Dot Matrix Printers,Jumbo Drum,0.56,9/5/2009
7018,50081,11/3/2009,Not Specified,7,538.51,0,Delivery Truck,-88.75,70.98,26.74,Guy Armstrong,Manitoba,Prarie,Corporate,Furniture,Bookcases,"Hon Metal Bookcases, Black",Jumbo Box,0.6,11/4/2009
7128,50850,5/6/2009,Critical,37,1599.54,0,Regular Air,578.14,40.98,7.47,Greg Guthrie,Manitoba,Prarie,Small Business,Office Supplies,Binders and Binder Accessories,"Wilson Jones Ledger-Size, Piano-Hinge Binder, 2"", Blue",Small Box,0.37,5/8/2009
7129,50850,5/6/2009,Critical,2,942.42,0.02,Delivery Truck,-634.87,417.4,75.23,Greg Guthrie,Manitoba,Prarie,Small Business,Furniture,Tables,Bretford ÒJust In TimeÓ Height-Adjustable Multi-Task Work Tables,Jumbo Box,0.79,5/7/2009
7480,53410,8/7/2009,Critical,44,642.8,0.08,Regular Air,-253.11,14.81,13.32,Christopher Schild,Manitoba,Prarie,Corporate,Office Supplies,Appliances,"Holmes Replacement Filter for HEPA Air Cleaner, Large Room",Small Box,0.43,8/9/2009
7497,53508,11/10/2009,High,13,1072.22,0.03,Regular Air,149.64,80.98,7.18,Joy Smith,Manitoba,Prarie,Consumer,Technology,Computer Peripherals,Logitech Cordless Navigator Duo,Small Box,0.48,11/12/2009
7498,53508,11/10/2009,High,25,342.85,0.06,Regular Air,-32.42,13.99,7.51,Joy Smith,Manitoba,Prarie,Consumer,Technology,Office Machines,Sharp EL500L Fraction Calculator,Medium Box,0.39,11/12/2009
7499,53508,11/10/2009,High,4,62.48,0.06,Regular Air,1.06,15.04,1.97,Joy Smith,Manitoba,Prarie,Consumer,Office Supplies,Paper,White GlueTop Scratch Pads,Wrap Bag,0.39,11/10/2009
7642,54753,4/18/2009,Medium,36,4711.244,0.06,Regular Air,1380.32,155.99,3.9,Christopher Schild,Manitoba,Prarie,Corporate,Technology,Telephones and Communication,T39m,Small Box,0.55,4/19/2009
7690,55138,9/24/2009,High,22,1132.54,0,Regular Air,-628.38,48.91,35,Jim Sink,Manitoba,Prarie,Corporate,Office Supplies,Storage & Organization,Tennsco Industrial Shelving,Large Box,0.83,9/25/2009
7949,56803,12/10/2009,Not Specified,42,258.19,0.1,Regular Air,-103.27,6.48,5.9,Carlos Soltero,Manitoba,Prarie,Small Business,Office Supplies,Paper,Xerox 1976,Small Box,0.37,12/10/2009
8056,57507,6/26/2009,Critical,10,155.45,0.03,Regular Air,-19.68,15.01,8.4,Logan Haushalter,Manitoba,Prarie,Corporate,Office Supplies,Binders and Binder Accessories,"GBC Prepunched Paper, 19-Hole, for Binding Systems, 24-lb",Small Box,0.39,6/29/2009
164,1028,1/5/2009,High,6,165.75,0.03,Regular Air,-28.46,28.48,1.99,Matt Collins,British Columbia,West,Consumer,Technology,Computer Peripherals,"Memorex 4.7GB DVD+RW, 3/Pack",Small Pack,0.4,1/6/2009
165,1028,1/5/2009,High,11,2021.147,0.01,Regular Air,-60.39,205.99,5.99,Matt Collins,British Columbia,West,Consumer,Technology,Telephones and Communication,3285,Small Box,0.59,1/7/2009
199,1314,5/12/2009,Medium,4,42.58,0,Regular Air,-7.61,9.27,4.39,Justin Knight,British Columbia,West,Corporate,Office Supplies,Paper,"Wirebound Message Books, Four 2 3/4"" x 5"" Forms per Page, 600 Sets per Book",Wrap Bag,0.38,5/14/2009
361,2530,3/20/2009,Medium,9,23.46,0.06,Regular Air,4.58,2.61,0.5,Rob Haberlin,British Columbia,West,Corporate,Office Supplies,Labels,Avery 479,Small Box,0.39,3/22/2009
895,6434,6/7/2009,High,13,59.58,0.07,Regular Air,14.49,4.76,0.88,Rob Haberlin,British Columbia,West,Corporate,Office Supplies,Paper,Wirebound Voice Message Log Book,Wrap Bag,0.39,6/7/2009
989,7136,3/22/2009,High,17,642.9,0.07,Regular Air,88.72,39.48,1.99,Lena Cacioppo,British Columbia,West,Home Office,Technology,Computer Peripherals,"80 Minute CD-R Spindle, 100/Pack - Staples",Small Pack,0.54,3/24/2009
990,7136,3/22/2009,High,9,47.28,0,Regular Air,17.05,4.91,0.5,Lena Cacioppo,British Columbia,West,Home Office,Office Supplies,Labels,Avery 493,Small Box,0.36,3/24/2009
1423,10310,2/5/2009,Low,48,139.86,0.07,Regular Air,9.59,2.88,1.01,Christina Vanderzanden,British Columbia,West,Small Business,Office Supplies,Pens & Art Supplies,"Sanford Colorific Colored Pencils, 12/Box",Wrap Bag,0.55,2/9/2009
1424,10310,2/5/2009,Low,6,926.585,0.1,Regular Air,-655.42,195.99,3.99,Christina Vanderzanden,British Columbia,West,Small Business,Technology,Telephones and Communication,R380,Small Box,0.58,2/12/2009
1486,10692,7/26/2009,Low,26,100.41,0.04,Regular Air,-69.91,3.57,4.17,Rob Haberlin,British Columbia,West,Corporate,Office Supplies,Pens & Art Supplies,Barrel Sharpener,Small Pack,0.59,7/28/2009
1487,10692,7/26/2009,Low,48,8101.9875,0.05,Regular Air,2369.84,200.99,4.2,Rob Haberlin,British Columbia,West,Corporate,Technology,Telephones and Communication,2160i,Small Box,0.59,7/30/2009
1488,10692,7/26/2009,Low,8,1313.811,0.07,Regular Air,-457.16,195.99,8.99,Rob Haberlin,British Columbia,West,Corporate,Technology,Telephones and Communication,A1228,Small Box,0.58,7/26/2009
1596,11553,4/18/2009,Medium,28,1350.34,0.1,Express Air,-517.17,52.99,19.99,Justin Knight,British Columbia,West,Corporate,Office Supplies,Storage & Organization,"Gould Plastics 9-Pocket Panel Bin, 18-3/8w x 5-1/4d x 20-1/2h, Black",Small Box,0.81,4/19/2009
1597,11553,4/18/2009,Medium,8,861.26,0.07,Delivery Truck,-429.86,100.98,57.38,Justin Knight,British Columbia,West,Corporate,Furniture,Bookcases,"Bush Westfield Collection Bookcases, Dark Cherry Finish, Fully Assembled",Jumbo Box,0.78,4/21/2009
1598,11553,4/18/2009,Medium,20,1531.411,0.03,Regular Air,365.42,85.99,0.99,Justin Knight,British Columbia,West,Corporate,Technology,Telephones and Communication,Accessory34,Wrap Bag,0.55,4/20/2009
2513,18247,11/5/2009,Not Specified,20,155.8,0,Regular Air,27.22,7.59,4,Rob Haberlin,British Columbia,West,Corporate,Furniture,Office Furnishings,"Master Giant Foot¨ Doorstop, Safety Yellow",Wrap Bag,0.42,11/6/2009
2551,18471,2/19/2009,Not Specified,37,226.65,0,Regular Air,46.41,5.98,0.96,Justin Knight,British Columbia,West,Corporate,Office Supplies,Pens & Art Supplies,Newell 315,Wrap Bag,0.6,2/20/2009
2552,18471,2/19/2009,Not Specified,4,10.96,0.02,Regular Air,-8.02,2.08,2.56,Justin Knight,British Columbia,West,Corporate,Office Supplies,"Scissors, Rulers and Trimmers",Kleencut¨ Forged Office Shears by Acme United Corporation,Small Pack,0.55,2/20/2009
2553,18471,2/19/2009,Not Specified,29,185.61,0.02,Regular Air,-47.12,5.98,5.46,Justin Knight,British Columbia,West,Corporate,Office Supplies,Paper,Xerox 1983,Small Box,0.36,2/20/2009
2815,20322,6/28/2009,Critical,46,160.27,0.06,Regular Air,-183.36,3.58,5.47,Seth Vernon,British Columbia,West,Home Office,Office Supplies,Binders and Binder Accessories,Avery Poly Binder Pockets,Small Box,0.37,6/30/2009
2816,20322,6/28/2009,Critical,46,4601.02,0.09,Delivery Truck,-129.53,100.98,35.84,Seth Vernon,British Columbia,West,Home Office,Furniture,Bookcases,"Bush Westfield Collection Bookcases, Fully Assembled",Jumbo Box,0.62,6/28/2009
2817,20322,6/28/2009,Critical,15,89.89,0.1,Regular Air,-72.28,5.78,7.96,Seth Vernon,British Columbia,West,Home Office,Office Supplies,Paper,Xerox 196,Small Box,0.36,6/28/2009
2830,20422,1/26/2009,High,30,447.33,0.03,Regular Air,115.21,14.34,5,Gene Hale,British Columbia,West,Consumer,Furniture,Office Furnishings,Nu-Dell Leatherette Frames,Small Pack,0.49,1/27/2009
3382,24132,7/6/2009,Low,4,31.01,0.03,Regular Air,-4.49,6.75,2.99,Justin Knight,British Columbia,West,Corporate,Office Supplies,Binders and Binder Accessories,Wilson Jones DublLock¨ D-Ring Binders,Small Box,0.35,7/11/2009
3383,24132,7/6/2009,Low,46,331.83,0.05,Regular Air,-101.25,7.1,6.05,Justin Knight,British Columbia,West,Corporate,Office Supplies,Binders and Binder Accessories,"Wilson Jones Hanging View Binder, White, 1""",Small Box,0.39,7/6/2009
3384,24132,7/6/2009,Low,22,446.46,0.04,Regular Air,-1.88,20.95,4,Justin Knight,British Columbia,West,Corporate,Technology,Computer Peripherals,"Fellowes Basic 104-Key Keyboard, Platinum",Small Box,0.6,7/11/2009
3385,24132,7/6/2009,Low,31,1252.89,0.05,Regular Air,339.75,39.06,10.55,Justin Knight,British Columbia,West,Corporate,Office Supplies,Binders and Binder Accessories,Ibico Recycled Linen-Style Covers,Small Box,0.37,7/13/2009
3386,24132,7/6/2009,Low,12,47.79,0.04,Regular Air,-57.75,3.52,6.83,Justin Knight,British Columbia,West,Corporate,Office Supplies,Binders and Binder Accessories,Self-Adhesive Ring Binder Labels,Small Box,0.38,7/15/2009
3387,24132,7/6/2009,Low,3,63.84,0.02,Regular Air,-47.97,15.51,17.78,Justin Knight,British Columbia,West,Corporate,Office Supplies,Storage & Organization,"Tenex File Box, Personal Filing Tote with Lid, Black",Small Box,0.59,7/13/2009
3573,25475,4/4/2009,Critical,49,305.96,0.06,Regular Air,-191.49,6.48,7.49,Lena Cacioppo,British Columbia,West,Home Office,Office Supplies,Paper,Xerox 220,Small Box,0.37,4/4/2009
4044,28839,4/28/2009,Low,30,102.95,0.06,Express Air,-175.86,3.34,7.49,Anthony Johnson,British Columbia,West,Small Business,Office Supplies,Pens & Art Supplies,"Eldon Spacemaker¨ Box, Quick-Snap Lid, Clear",Wrap Bag,0.54,4/30/2009
4111,29252,8/6/2009,Low,9,65.81,0.01,Regular Air,-15.44,6.48,5.19,Anthony Johnson,British Columbia,West,Small Business,Office Supplies,Paper,Xerox 1995,Small Box,0.37,8/10/2009
4488,31941,3/18/2009,Medium,32,2564.45,0.01,Express Air,650.73,78.65,13.99,Kimberly Carter,British Columbia,West,Small Business,Office Supplies,Appliances,Honeywell Quietcare HEPA Air Cleaner,Medium Box,0.52,3/19/2009
4489,31941,3/18/2009,Medium,7,53.55,0.07,Regular Air,-43.50,6.48,9.68,Kimberly Carter,British Columbia,West,Small Business,Office Supplies,Paper,Xerox 1993,Small Box,0.36,3/20/2009
4555,32418,1/5/2009,Not Specified,5,1244.19,0.08,Delivery Truck,-131.31,243.98,43.32,Marina Lichtenstein,British Columbia,West,Corporate,Furniture,Chairs & Chairmats,"Hon Deluxe Fabric Upholstered Stacking Chairs, Rounded Back",Jumbo Drum,0.55,1/6/2009
5058,36068,2/5/2009,Critical,23,6133.18,0.06,Delivery Truck,1243.17,279.81,23.19,Anthony Johnson,British Columbia,West,Small Business,Office Supplies,Appliances,Sanyo 2.5 Cubic Foot Mid-Size Office Refrigerators,Jumbo Drum,0.59,2/6/2009
5351,38021,1/21/2009,Medium,46,1482.01,0.02,Regular Air,709.33,30.44,1.49,Rob Haberlin,British Columbia,West,Corporate,Office Supplies,Binders and Binder Accessories,"Premier Elliptical Ring Binder, Black",Small Box,0.37,1/23/2009
5430,38565,3/25/2009,Critical,20,234.09,0.01,Express Air,-11.69,10.64,5.16,Justin Knight,British Columbia,West,Corporate,Furniture,Office Furnishings,"Eldon Expressions Punched Metal & Wood Desk Accessories, Pewter & Cherry",Small Box,0.57,3/27/2009
6261,44320,4/29/2009,Medium,49,7002.08,0.1,Regular Air,-1640.51,154.13,69,Sally Knutson,British Columbia,West,Corporate,Furniture,Tables,Laminate Occasional Tables,Large Box,0.68,4/30/2009
6791,48388,8/9/2009,High,3,21.64,0.08,Regular Air,-13.33,5.74,5.01,Marina Lichtenstein,British Columbia,West,Corporate,Office Supplies,Binders and Binder Accessories,Binder Posts,Small Box,0.39,8/11/2009
6882,49059,9/20/2009,Medium,48,128,0.09,Regular Air,45.51,2.89,0.5,Christina DeMoss,British Columbia,West,Home Office,Office Supplies,Labels,Avery 498,Small Box,0.38,9/22/2009
6883,49059,9/20/2009,Medium,5,252.66,0.02,Regular Air,32.86,48.91,5.81,Christina DeMoss,British Columbia,West,Home Office,Office Supplies,Paper,Xerox 1891,Small Box,0.38,9/21/2009
7120,50816,3/27/2009,High,25,286.07,0.07,Regular Air,-35.94,11.97,4.98,Anthony Johnson,British Columbia,West,Small Business,Office Supplies,Appliances,Staples 6 Outlet Surge,Small Box,0.58,3/29/2009
7121,50816,3/27/2009,High,26,733.92,0.03,Regular Air,302.80,28.53,1.49,Anthony Johnson,British Columbia,West,Small Business,Office Supplies,Binders and Binder Accessories,Lock-Up Easel 'Spel-Binder',Small Box,0.38,3/29/2009
7122,50816,3/27/2009,High,6,99.11,0.01,Regular Air,-12.46,15.28,1.99,Anthony Johnson,British Columbia,West,Small Business,Technology,Computer Peripherals,"Memorex 4.7GB DVD+R, 3/Pack",Small Pack,0.42,3/29/2009
7456,53190,9/24/2009,Medium,10,268.18,0.06,Regular Air,74.64,28.53,1.49,Michelle Arnett,British Columbia,West,Home Office,Office Supplies,Binders and Binder Accessories,Lock-Up Easel 'Spel-Binder',Small Box,0.38,9/27/2009
7457,53190,9/24/2009,Medium,9,477.054,0.1,Regular Air,-170.53,65.99,3.99,Michelle Arnett,British Columbia,West,Home Office,Technology,Telephones and Communication,StarTAC 7760,Small Box,0.59,9/25/2009
1168,8545,6/17/2009,Low,25,113.75,0,Regular Air,-77.34,4.13,5.34,Barbara Fisher,British Columbia,West,Small Business,Office Supplies,Binders and Binder Accessories,ACCOHIDE¨ Binder by Acco,Small Box,0.38,6/21/2009
1169,8545,6/17/2009,Low,24,3081.95,0.1,Delivery Truck,-662.80,130.98,54.74,Barbara Fisher,British Columbia,West,Small Business,Furniture,Bookcases,"O'Sullivan Elevations Bookcase, Cherry Finish",Jumbo Box,0.69,6/21/2009
1381,10048,5/15/2009,Not Specified,46,3197.45,0.08,Regular Air,97.16,73.98,4,Sonia Sunley,British Columbia,West,Corporate,Technology,Computer Peripherals,Keytronic 105-Key Spanish Keyboard,Small Box,0.77,5/18/2009
1382,10048,5/15/2009,Not Specified,21,78.57,0.02,Regular Air,-20.65,3.68,1.32,Sonia Sunley,British Columbia,West,Corporate,Office Supplies,"Scissors, Rulers and Trimmers","*Staples* vLetter Openers, 2/Pack",Wrap Bag,0.83,5/17/2009
1481,10661,1/23/2009,Not Specified,18,136.41,0,Regular Air,-99.34,6.84,8.37,Jocasta Rupert,British Columbia,West,Consumer,Office Supplies,"Scissors, Rulers and Trimmers","Acme Design Line 8"" Stainless Steel Bent Scissors w/Champagne Handles, 3-1/8"" Cut",Small Pack,0.58,1/24/2009
2049,14627,2/4/2009,Medium,47,671.03,0.07,Regular Air,67.86,14.48,6.46,Sonia Sunley,British Columbia,West,Small Business,Office Supplies,Binders and Binder Accessories,"GBC White Gloss Covers, Plain Front",Small Box,0.38,2/5/2009
3085,22119,7/24/2009,Low,20,939.39,0.07,Regular Air,-122.77,49.43,19.99,Stewart Carmichael,British Columbia,West,Corporate,Office Supplies,Appliances,"Eureka Hand Vacuum, Bagless",Small Box,0.57,7/29/2009
3474,24737,12/6/2009,High,3,549.92,0.09,Delivery Truck,-210.97,180.98,26.2,Sonia Sunley,British Columbia,West,Small Business,Furniture,Chairs & Chairmats,Global Ergonomic Managers Chair,Jumbo Drum,0.59,12/9/2009
3475,24737,12/6/2009,High,26,182.09,0,Regular Air,-28.15,6.48,5.19,Sonia Sunley,British Columbia,West,Small Business,Office Supplies,Paper,Xerox 1995,Small Box,0.37,12/7/2009
4200,29857,12/12/2009,Medium,41,5572.92,0.07,Delivery Truck,-639.47,140.98,36.09,Angele Hood,British Columbia,West,Consumer,Furniture,Bookcases,"Sauder Forest Hills Library, Woodland Oak Finish",Jumbo Box,0.77,12/14/2009
4970,35364,12/12/2009,Critical,16,72.08,0.04,Regular Air,-54.75,4.28,5.68,Lisa DeCherney,British Columbia,West,Corporate,Office Supplies,Paper,Xerox 199,Small Box,0.4,12/14/2009
4971,35364,12/12/2009,Critical,29,10338.93,0.06,Delivery Truck,-871.52,376.13,85.63,Lisa DeCherney,British Columbia,West,Corporate,Furniture,Tables,Bretford Rectangular Conference Table Tops,Jumbo Box,0.74,12/14/2009
4972,35364,12/12/2009,Critical,37,15897.01,0.06,Delivery Truck,455.02,424.21,110.2,Lisa DeCherney,British Columbia,West,Corporate,Furniture,Tables,Bush Advantage Collection¨ Racetrack Conference Table,Jumbo Box,0.67,12/13/2009
4973,35364,12/12/2009,Critical,8,1265.293,0.06,Regular Air,-554.44,195.99,8.99,Lisa DeCherney,British Columbia,West,Corporate,Technology,Telephones and Communication,T28 WORLD,Small Box,0.6,12/14/2009
5238,37281,8/28/2009,Medium,25,453.2455,0.05,Regular Air,3.31,20.99,4.81,Roy Skaria,British Columbia,West,Corporate,Technology,Telephones and Communication,1726 Digital Answering Machine,Medium Box,0.58,8/29/2009
5551,39301,3/22/2009,Medium,16,2232.66,0.1,Express Air,-521.09,152.48,4,Kelly Williams,British Columbia,West,Corporate,Technology,Computer Peripherals,Adesso Programmable 142-Key Keyboard,Small Box,0.79,3/23/2009
5562,39367,8/6/2009,Critical,45,177.88,0.07,Regular Air,-146.97,4.13,5.04,Dennis Bolton,British Columbia,West,Small Business,Office Supplies,Binders and Binder Accessories,"ACCOHIDE¨ 3-Ring Binder, Blue, 1""",Small Box,0.38,8/7/2009
5563,39367,8/6/2009,Critical,30,139.59,0,Regular Air,5.90,4.48,2.5,Dennis Bolton,British Columbia,West,Small Business,Office Supplies,Envelopes,Ampad #10 Peel & Seel¨ Holiday Envelopes,Small Box,0.37,8/8/2009
6243,44231,11/3/2009,Not Specified,11,1865.94,0.04,Delivery Truck,116.10,160.98,30,Alex Avila,British Columbia,West,Home Office,Furniture,Chairs & Chairmats,Office Star - Mid Back Dual function Ergonomic High Back Chair with 2-Way Adjustable Arms,Jumbo Drum,0.62,11/5/2009
6244,44231,11/3/2009,Not Specified,43,784.72,0.01,Regular Air,-87.96,17.98,4,Alex Avila,British Columbia,West,Home Office,Technology,Computer Peripherals,"Belkin 107-key enhanced keyboard, USB/PS/2 interface",Small Box,0.79,11/5/2009
6245,44231,11/3/2009,Not Specified,24,2343.076,0.06,Regular Air,311.64,115.99,8.99,Alex Avila,British Columbia,West,Home Office,Technology,Telephones and Communication,5185,Small Box,0.58,11/4/2009
6415,45573,8/12/2009,High,5,627.64,0.05,Delivery Truck,-151.46,120.98,30,Sonia Sunley,British Columbia,West,Small Business,Furniture,Chairs & Chairmats,Hon Every-Day¨ Chair Series Swivel Task Chairs,Jumbo Drum,0.64,8/14/2009
6926,49412,3/7/2009,Critical,20,9418.14,0.09,Delivery Truck,909.36,517.48,16.63,Dennis Bolton,British Columbia,West,Small Business,Technology,Office Machines,Panasonic KX-P3626 Dot Matrix Printer,Jumbo Box,0.59,3/7/2009
7051,50310,8/15/2009,Medium,42,1811.3,0.07,Express Air,520.41,42.98,4.62,Sarah Foster,British Columbia,West,Corporate,Office Supplies,Appliances,Belkin F9M820V08 8 Outlet Surge,Small Box,0.56,8/17/2009
7052,50310,8/15/2009,Medium,43,4095.76,0.03,Delivery Truck,-444.14,89.99,42,Sarah Foster,British Columbia,West,Corporate,Furniture,Chairs & Chairmats,"Global Leather Task Chair, Black",Jumbo Drum,0.66,8/18/2009
7053,50310,8/15/2009,Medium,22,482.37,0.03,Regular Air,34.03,20.95,4,Sarah Foster,British Columbia,West,Corporate,Technology,Computer Peripherals,"Fellowes Basic 104-Key Keyboard, Platinum",Small Box,0.6,8/17/2009
7158,51072,10/2/2009,Critical,43,7036.11,0,Regular Air,1268.65,161.55,19.99,Anna Andreadi,British Columbia,West,Small Business,Office Supplies,Storage & Organization,Fellowes Super Stor/Drawer¨ Files,Small Box,0.66,10/4/2009
7298,52035,11/27/2009,High,29,20872.16,0.03,Regular Air,-4437.91,699.99,24.49,Roy Skaria,British Columbia,West,Corporate,Technology,Copiers and Fax,Canon PC1060 Personal Laser Copier,Large Box,0.41,11/30/2009
7624,54560,7/16/2009,Critical,22,604.38,0.09,Regular Air,167.58,28.48,1.99,Barbara Fisher,British Columbia,West,Small Business,Technology,Computer Peripherals,"Memorex 4.7GB DVD+RW, 3/Pack",Small Pack,0.4,7/19/2009
7625,54560,7/16/2009,Critical,45,2404.599,0.08,Express Air,496.89,65.99,4.99,Barbara Fisher,British Columbia,West,Small Business,Technology,Telephones and Communication,MicroTAC 650,Small Box,0.58,7/18/2009
7662,54947,2/22/2009,Not Specified,27,132.36,0.05,Regular Air,-98.35,4.98,4.62,Peter Buhler,British Columbia,West,Consumer,Technology,Computer Peripherals,"Imation 3.5"", DISKETTE 44766 HGHLD3.52HD/FM, 10/Pack",Small Pack,0.64,2/23/2009
7663,54947,2/22/2009,Not Specified,42,1498.46,0.02,Regular Air,565.37,34.23,5.02,Peter Buhler,British Columbia,West,Consumer,Furniture,Office Furnishings,Hand-Finished Solid Wood Document Frame,Small Box,0.55,2/24/2009
151,962,5/5/2009,Low,33,4064.05,0.06,Regular Air,1408.19,122.99,19.99,Mike Vittorini,British Columbia,West,Small Business,Office Supplies,Binders and Binder Accessories,GBC Therma-A-Bind 250T Electric Binding System,Small Box,0.37,5/7/2009
152,962,5/5/2009,Low,47,3213.87,0.08,Delivery Truck,-1069.72,68.81,60,Mike Vittorini,British Columbia,West,Small Business,Office Supplies,Appliances,"Holmes Replacement Filter for HEPA Air Cleaner, Very Large Room, HEPA Filter",Jumbo Drum,0.41,5/7/2009
259,1799,3/6/2009,Not Specified,10,1187.12,0.06,Delivery Truck,-127.30,113.98,30,Trudy Schmidt,British Columbia,West,Small Business,Furniture,Chairs & Chairmats,Hon Comfortask¨ Task/Swivel Chairs,Jumbo Drum,0.69,3/8/2009
260,1799,3/6/2009,Not Specified,16,108.31,0.05,Regular Air,-52.77,6.48,6.86,Trudy Schmidt,British Columbia,West,Small Business,Office Supplies,Paper,Xerox 204,Small Box,0.37,3/8/2009
795,5698,5/20/2009,Medium,15,297.05,0.09,Regular Air,-16.89,20.48,6.32,Kristina Nunn,British Columbia,West,Consumer,Office Supplies,Appliances,Kensington 6 Outlet Guardian Standard Surge Protector,Small Box,0.58,5/21/2009
796,5698,5/20/2009,Medium,7,108.26,0.06,Regular Air,25.51,15.67,1.39,Kristina Nunn,British Columbia,West,Consumer,Office Supplies,Envelopes,"#10 White Business Envelopes,4 1/8 x 9 1/2",Small Box,0.38,5/21/2009
855,6144,6/21/2009,Critical,24,67.35,0.07,Regular Air,22.63,2.88,0.5,Ralph Kennedy,British Columbia,West,Corporate,Office Supplies,Labels,Avery 492,Small Box,0.39,6/24/2009
856,6144,6/21/2009,Critical,4,1472.31,0.03,Delivery Truck,-223.59,348.21,40.19,Ralph Kennedy,British Columbia,West,Corporate,Furniture,Tables,Bretford CR4500 Series Slim Rectangular Table,Jumbo Box,0.62,6/22/2009
1123,8229,12/7/2009,Medium,7,3565.27,0.04,Delivery Truck,-502.81,510.14,14.7,Patrick O'Brill,British Columbia,West,Home Office,Technology,Office Machines,Okidata ML520 Series Dot Matrix Printers,Jumbo Drum,0.56,12/9/2009
1124,8229,12/7/2009,Medium,50,241.01,0,Regular Air,-4.69,4.76,3.01,Patrick O'Brill,British Columbia,West,Home Office,Office Supplies,Paper,"TOPS Voice Message Log Book, Flash Format",Wrap Bag,0.36,12/9/2009
1134,8290,12/9/2009,Critical,32,209.02,0.04,Regular Air,101.80,6.3,0.5,Patrick O'Brill,British Columbia,West,Home Office,Office Supplies,Labels,Avery 48,Small Box,0.39,12/11/2009
1567,11332,11/16/2009,Low,6,184.331,0.07,Regular Air,-89.20,35.99,5.99,Liz Price,British Columbia,West,Corporate,Technology,Telephones and Communication,Accessory41,Wrap Bag,0.38,11/20/2009
1568,11332,11/16/2009,Low,23,1223.3795,0.08,Express Air,83.57,65.99,5.92,Liz Price,British Columbia,West,Corporate,Technology,Telephones and Communication,i500plus,Small Box,0.58,11/23/2009
1575,11392,9/5/2009,Low,28,128.69,0.04,Regular Air,28.29,4.55,1.49,Sarah Bern,British Columbia,West,Corporate,Office Supplies,Binders and Binder Accessories,Presstex Flexible Ring Binders,Small Box,0.35,9/7/2009
1860,13380,7/15/2009,Critical,24,66.12,0.09,Regular Air,4.85,2.88,0.7,Rob Dowd,British Columbia,West,Corporate,Office Supplies,Pens & Art Supplies,Newell 346,Wrap Bag,0.56,7/15/2009
1898,13606,4/26/2009,Not Specified,34,109.86,0.07,Regular Air,19.04,3.38,0.85,Mike Vittorini,British Columbia,West,Small Business,Office Supplies,Pens & Art Supplies,Avery Hi-Liter¨ Fluorescent Desk Style Markers,Wrap Bag,0.48,4/28/2009
2006,14276,6/18/2009,Medium,11,110.79,0.1,Regular Air,-11.13,10.48,2.89,Lela Donovan,British Columbia,West,Corporate,Office Supplies,Pens & Art Supplies,Staples Battery-Operated Desktop Pencil Sharpener,Small Pack,0.6,6/19/2009
2498,18179,8/1/2009,Not Specified,50,3075.83,0.03,Regular Air,1207.91,60.98,1.99,Liz Price,British Columbia,West,Corporate,Technology,Computer Peripherals,Imation 5.2GB DVD-RAM,Small Pack,0.5,8/1/2009
2499,18179,8/1/2009,Not Specified,24,73.37,0.04,Regular Air,16.10,3.08,0.99,Liz Price,British Columbia,West,Corporate,Office Supplies,Labels,Avery 481,Small Box,0.37,8/2/2009
2500,18179,8/1/2009,Not Specified,50,527.6,0,Regular Air,221.59,10.31,1.79,Liz Price,British Columbia,West,Corporate,Office Supplies,Paper,"Speediset Carbonless Redi-Letter¨ 7"" x 8 1/2""",Wrap Bag,0.38,8/3/2009
2824,20389,8/11/2009,High,31,7477.78,0.09,Delivery Truck,883.29,260.98,41.91,Liz Price,British Columbia,West,Corporate,Furniture,Bookcases,"Atlantic Metals Mobile 3-Shelf Bookcases, Custom Colors",Jumbo Box,0.59,8/13/2009
2825,20389,8/11/2009,High,24,270.39,0.01,Regular Air,-30.42,10.52,7.94,Liz Price,British Columbia,West,Corporate,Furniture,Office Furnishings,Ultra Door Pull Handle,Small Pack,0.52,8/13/2009
2826,20389,8/11/2009,High,30,201.35,0.02,Express Air,-107.37,5.98,7.5,Liz Price,British Columbia,West,Corporate,Office Supplies,Paper,Xerox 1920,Small Box,0.4,8/13/2009
2829,20422,1/26/2009,High,5,15.38,0.01,Regular Air,1.61,2.89,0.5,Gene Hale,British Columbia,West,Consumer,Office Supplies,Labels,Avery 498,Small Box,0.38,1/28/2009
2890,20838,4/10/2009,Not Specified,5,20.17,0.05,Regular Air,-15.42,3.28,3.97,Shahid Shariari,British Columbia,West,Consumer,Office Supplies,Pens & Art Supplies,Newell 342,Wrap Bag,0.56,4/11/2009
2891,20838,4/10/2009,Not Specified,21,235.98,0.03,Regular Air,11.82,10.98,3.37,Shahid Shariari,British Columbia,West,Consumer,Office Supplies,"Scissors, Rulers and Trimmers",Fiskars¨ Softgrip Scissors,Small Pack,0.57,4/11/2009
2986,21572,2/13/2009,Critical,42,8549.04,0.03,Regular Air,2861.01,194.3,11.54,Vicky Freymann,British Columbia,West,Home Office,Furniture,Office Furnishings,Electrix Halogen Magnifier Lamp,Large Box,0.59,2/15/2009
3498,24933,7/26/2009,Low,32,3416.38,0.01,Delivery Truck,-1142.20,100.98,57.38,Shahid Shariari,British Columbia,West,Consumer,Furniture,Bookcases,"Bush Westfield Collection Bookcases, Dark Cherry Finish, Fully Assembled",Jumbo Box,0.78,7/28/2009
3499,24933,7/26/2009,Low,14,142.81,0.01,Regular Air,39.64,10.14,2.27,Shahid Shariari,British Columbia,West,Consumer,Office Supplies,Paper,"Staples Wirebound Steno Books, 6"" x 9"", 12/Pack",Wrap Bag,0.36,7/28/2009
3514,25031,8/23/2009,High,24,4636.62,0.1,Regular Air,-318.45,209.37,69,Sally Knutson,British Columbia,West,Consumer,Furniture,Tables,Hon 2111 Invitationª Series Corner Table,Large Box,0.79,8/25/2009
3515,25031,8/23/2009,High,20,100.11,0.07,Regular Air,-41.70,4.98,4.7,Sally Knutson,British Columbia,West,Consumer,Office Supplies,Paper,Staples Copy Paper (20Lb. and 84 Bright),Small Box,0.38,8/24/2009
3684,26342,10/18/2009,Low,24,265.35,0.02,Regular Air,-128.69,9.99,11.59,Khloe Miller,British Columbia,West,Home Office,Office Supplies,Paper,Hammermill Color Copier Paper (28Lb. and 96 Bright),Small Box,0.4,10/27/2009
3685,26342,10/18/2009,Low,41,1993.94,0.02,Regular Air,931.70,48.04,5.79,Khloe Miller,British Columbia,West,Home Office,Office Supplies,Paper,Xerox 1937,Small Box,0.37,10/23/2009
3686,26342,10/18/2009,Low,3,24.73,0.04,Regular Air,-10.77,6.68,4.91,Khloe Miller,British Columbia,West,Home Office,Office Supplies,Paper,Xerox 1986,Small Box,0.37,10/25/2009
3690,26372,7/12/2009,Low,1,31.96,0.01,Regular Air,-74.64,29.89,1.99,Ralph Kennedy,British Columbia,West,Corporate,Technology,Computer Peripherals,"Verbatim DVD-RAM, 5.2GB, Rewritable, Type 1, DS",Small Pack,0.5,7/16/2009
3834,27330,9/16/2009,Low,8,507.74,0.05,Regular Air,-118.54,55.5,52.2,Mark Cousins,British Columbia,West,Home Office,Furniture,Office Furnishings,Eldon Cleatmat¨ Chair Mats for Medium Pile Carpets,Medium Box,0.72,9/16/2009
3835,27330,9/16/2009,Low,30,12600.99,0.05,Delivery Truck,2963.48,442.14,14.7,Mark Cousins,British Columbia,West,Home Office,Technology,Office Machines,Okidata ML390 Turbo Dot Matrix Printers,Jumbo Drum,0.56,9/25/2009
3956,28225,1/22/2009,Critical,9,206.04,0,Regular Air,-49.81,20.28,14.39,Khloe Miller,British Columbia,West,Corporate,Furniture,Office Furnishings,"Career Cubicle Clock, 8 1/4"", Black",Small Box,0.47,1/22/2009
3975,28389,11/3/2009,High,22,668.39,0.07,Regular Air,344.61,30.93,3.92,Mark Cousins,British Columbia,West,Home Office,Furniture,Office Furnishings,"Advantus Employee of the Month Certificate Frame, 11 x 13-1/2",Small Pack,0.44,11/4/2009
3976,28389,11/3/2009,High,16,4657.35,0.05,Delivery Truck,322.66,297.48,18.06,Mark Cousins,British Columbia,West,Home Office,Technology,Office Machines,Panasonic KX-P3200 Dot Matrix Printer,Jumbo Drum,0.6,11/4/2009
3977,28389,11/3/2009,High,7,2097.94,0.07,Delivery Truck,-404.05,296.18,54.12,Mark Cousins,British Columbia,West,Home Office,Furniture,Tables,Hon 94000 Series Round Tables,Jumbo Box,0.76,11/5/2009
4407,31426,8/5/2009,Low,40,4054.058,0.09,Regular Air,914.19,125.99,2.5,Greg Maxwell,British Columbia,West,Home Office,Technology,Telephones and Communication,i2000,Small Box,0.6,8/9/2009
4576,32582,6/25/2009,Not Specified,27,2780.88,0.07,Express Air,595.38,105.34,24.49,Tony Chapman,British Columbia,West,Consumer,Furniture,Office Furnishings,Deflect-o DuraMat Antistatic Studded Beveled Mat for Medium Pile Carpeting,Large Box,0.61,6/26/2009
4580,32611,8/27/2009,Medium,16,33.76,0.04,Regular Air,-7.15,2.08,1.49,Neil Knudson,British Columbia,West,Corporate,Office Supplies,Binders and Binder Accessories,Economy Binders,Small Box,0.36,8/29/2009
4581,32611,8/27/2009,Medium,19,3537.39,0,Delivery Truck,232.78,180.98,30,Neil Knudson,British Columbia,West,Corporate,Furniture,Chairs & Chairmats,Office Star - Ergonomic Mid Back Chair with 2-Way Adjustable Arms,Jumbo Drum,0.69,8/28/2009
4582,32611,8/27/2009,Medium,18,986.24,0.02,Express Air,68.90,53.98,5.5,Neil Knudson,British Columbia,West,Corporate,Technology,Computer Peripherals,Nu-Form 106-Key Ergonomic Keyboard w/ Touchpad,Small Box,0.62,8/28/2009
4583,32611,8/27/2009,Medium,15,81.66,0.05,Regular Air,-31.99,4.98,5.02,Neil Knudson,British Columbia,West,Corporate,Office Supplies,Paper,Xerox 1989,Small Box,0.38,8/27/2009
4745,33732,8/28/2009,Not Specified,33,332.95,0.05,Regular Air,-28.16,9.65,6.22,Heather Jas,British Columbia,West,Corporate,Furniture,Office Furnishings,"Eldon Expressionsª Desk Accessory, Wood Pencil Holder, Oak",Small Box,0.55,8/29/2009
4843,34435,8/5/2009,Low,42,447.36,0.01,Regular Air,40.92,10.48,2.89,Justin Hirsh,British Columbia,West,Consumer,Office Supplies,Pens & Art Supplies,Staples Battery-Operated Desktop Pencil Sharpener,Small Pack,0.6,8/7/2009
5180,36834,12/24/2009,Low,11,1935.1,0.01,Delivery Truck,-42.96,170.98,35.89,Rob Dowd,British Columbia,West,Corporate,Furniture,Bookcases,"Rush Hierlooms Collection 1"" Thick Stackable Bookcases",Jumbo Box,0.66,12/26/2009
5297,37729,1/15/2009,Not Specified,48,447.89,0,Regular Air,-26.78,8.6,6.19,Giulietta Weimer,British Columbia,West,Corporate,Office Supplies,Binders and Binder Accessories,Avery Printable Repositionable Plastic Tabs,Small Box,0.38,1/15/2009
5775,40965,11/20/2009,Medium,29,843.55,0.08,Regular Air,168.76,30.98,8.74,Mark Cousins,British Columbia,West,Corporate,Office Supplies,Paper,Xerox 1979,Small Box,0.4,11/21/2009
5836,41412,9/17/2009,Not Specified,47,263.81,0.03,Regular Air,-237.54,5.4,7.78,Shahid Shariari,British Columbia,West,Consumer,Office Supplies,Binders and Binder Accessories,3M Organizer Strips,Small Box,0.37,9/19/2009
5969,42339,2/12/2009,Critical,31,206.54,0.02,Regular Air,-178.82,6.48,9.68,Cathy Armstrong,British Columbia,West,Consumer,Office Supplies,Paper,Xerox 1993,Small Box,0.36,2/12/2009
5971,42342,9/4/2009,Not Specified,25,318.14,0.01,Regular Air,49.67,12.28,5.09,Bill Eplett,British Columbia,West,Corporate,Office Supplies,Paper,Xerox 1907,Small Box,0.38,9/5/2009
6080,43079,7/21/2009,Medium,40,1184.03,0.04,Regular Air,-20.79,30.73,4,Giulietta Weimer,British Columbia,West,Home Office,Technology,Computer Peripherals,Fellowes 17-key keypad for PS/2 interface,Small Box,0.75,7/22/2009
6091,43140,3/18/2009,Critical,23,130.16,0.1,Regular Air,-49.53,5.98,5.14,Marc Harrigan,British Columbia,West,Home Office,Office Supplies,Paper,Xerox 1974,Small Box,0.36,3/20/2009
6432,45731,8/10/2009,Critical,19,146.63,0.01,Express Air,-30.06,6.48,6.22,Gene Hale,Nova Scotia,Atlantic,Consumer,Office Supplies,Paper,Xerox 1894,Small Box,0.37,8/11/2009
6433,45731,8/10/2009,Critical,35,2506.2675,0.03,Regular Air,1160.58,85.99,3.3,Gene Hale,Nova Scotia,Atlantic,Consumer,Technology,Telephones and Communication,Accessory20,Small Pack,0.37,8/12/2009
6621,47108,10/15/2009,Not Specified,19,359.68,0.07,Regular Air,187.15,18.65,3.77,Justin Hirsh,Nova Scotia,Atlantic,Consumer,Furniture,Office Furnishings,3M Polarizing Light Filter Sleeves,Small Pack,0.39,10/16/2009
6622,47108,10/15/2009,Not Specified,7,131.55,0.06,Regular Air,-43.74,17.98,8.51,Justin Hirsh,Nova Scotia,Atlantic,Consumer,Technology,Office Machines,Canon P1-DHIII Palm Printing Calculator,Medium Box,0.4,10/17/2009
6623,47108,10/15/2009,Not Specified,26,258.11,0.1,Express Air,9.95,9.99,4.78,Justin Hirsh,Nova Scotia,Atlantic,Consumer,Office Supplies,Paper,Xerox 1896,Small Box,0.4,10/18/2009
6624,47108,10/15/2009,Not Specified,9,1288.515,0.08,Express Air,-382.57,175.99,8.99,Justin Hirsh,Nova Scotia,Atlantic,Consumer,Technology,Telephones and Communication,2180,Small Box,0.57,10/16/2009
6676,47520,10/7/2009,Not Specified,36,277.88,0.09,Regular Air,-64.41,7.68,6.16,Liz Price,Nova Scotia,Atlantic,Consumer,Office Supplies,Binders and Binder Accessories,GBC VeloBinder Strips,Small Box,0.35,10/9/2009
6677,47520,10/7/2009,Not Specified,13,3939.89,0.05,Delivery Truck,598.24,291.73,48.8,Liz Price,Nova Scotia,Atlantic,Consumer,Furniture,Chairs & Chairmats,Hon 4070 Series Pagodaª Armless Upholstered Stacking Chairs,Jumbo Drum,0.56,10/9/2009
6678,47520,10/7/2009,Not Specified,47,925.3,0.04,Regular Air,257.31,19.98,5.77,Liz Price,Nova Scotia,Atlantic,Consumer,Office Supplies,Paper,Xerox Blank Computer Paper,Small Box,0.38,10/9/2009
6699,47713,7/3/2009,High,34,3419.1505,0,Regular Air,858.58,115.99,5.92,Marc Harrigan,Nova Scotia,Atlantic,Home Office,Technology,Telephones and Communication,8890,Small Box,0.58,7/3/2009
6885,49088,9/23/2009,Critical,16,130.11,0.03,Regular Air,-47.69,8.12,2.83,Kristina Nunn,Nova Scotia,Atlantic,Consumer,Technology,Computer Peripherals,"Imation Neon Mac Format Diskettes, 10/Pack",Small Pack,0.77,9/24/2009
6886,49088,9/23/2009,Critical,15,4012.58,0.05,Express Air,-425.14,279.48,35,Kristina Nunn,Nova Scotia,Atlantic,Consumer,Office Supplies,Storage & Organization,"Tennsco Snap-Together Open Shelving Units, Starter Sets and Add-On Units",Large Box,0.8,9/24/2009
6887,49088,9/23/2009,Critical,31,1295.54,0.06,Regular Air,214.23,40.99,17.48,Kristina Nunn,Nova Scotia,Atlantic,Consumer,Office Supplies,Paper,Xerox 1893,Small Box,0.36,9/25/2009
7057,50338,3/23/2009,Not Specified,36,551.44,0,Regular Air,28.70,13.99,7.51,Liz Price,Nova Scotia,Atlantic,Corporate,Technology,Office Machines,Sharp EL500L Fraction Calculator,Medium Box,0.39,3/25/2009
7539,53894,7/7/2009,Critical,47,691.52,0.03,Regular Air,107.02,14.2,5.3,Cathy Armstrong,Nova Scotia,Atlantic,Consumer,Furniture,Office Furnishings,Coloredge Poster Frame,Wrap Bag,0.46,7/8/2009
7540,53894,7/7/2009,Critical,37,2756.17,0.04,Regular Air,-1561.72,71.37,69,Cathy Armstrong,Nova Scotia,Atlantic,Consumer,Furniture,Tables,"Lesro Sheffield Collection Coffee Table, End Table, Center Table, Corner Table",Large Box,0.68,7/8/2009
7541,53894,7/7/2009,Critical,29,5159.3725,0.02,Express Air,1252.48,200.99,8.08,Cathy Armstrong,Nova Scotia,Atlantic,Consumer,Technology,Telephones and Communication,5125,Small Box,0.59,7/7/2009
7544,53953,3/27/2009,Not Specified,36,307.65,0.07,Regular Air,91.73,8.95,2.01,Heather Jas,Nova Scotia,Atlantic,Corporate,Office Supplies,Paper,"Recycled Desk Saver Line ""While You Were Out"" Book, 5 1/2"" X 4""",Wrap Bag,0.39,3/28/2009
7731,55367,1/10/2009,Critical,31,2137.1,0.05,Delivery Truck,-686.01,70.98,46.74,Kristina Nunn,Nova Scotia,Atlantic,Consumer,Furniture,Bookcases,"Hon Metal Bookcases, Putty",Jumbo Box,0.56,1/11/2009
7732,55367,1/10/2009,Critical,48,571.17,0.05,Regular Air,129.87,11.55,2.36,Kristina Nunn,Nova Scotia,Atlantic,Consumer,Office Supplies,Pens & Art Supplies,Newell 309,Wrap Bag,0.55,1/12/2009
7962,56901,9/11/2009,Critical,36,100.68,0,Regular Air,-45.21,2.6,2.4,Paul MacIntyre,Nova Scotia,Atlantic,Corporate,Office Supplies,Pens & Art Supplies,12 Colored Short Pencils,Wrap Bag,0.58,9/13/2009
198,1313,9/12/2009,Critical,34,840.07,0,Regular Air,-83.75,22.84,16.92,Sally Matthias,Nova Scotia,Atlantic,Home Office,Office Supplies,Paper,Xerox 1973,Small Box,0.39,9/14/2009
773,5511,11/28/2009,Critical,46,129.44,0.02,Express Air,-5.54,2.58,1.3,Art Ferguson,Nova Scotia,Atlantic,Corporate,Office Supplies,Pens & Art Supplies,DIXON Oriole¨ Pencils,Wrap Bag,0.59,11/29/2009
774,5511,11/28/2009,Critical,32,1829.387,0.02,Regular Air,482.45,65.99,3.9,Art Ferguson,Nova Scotia,Atlantic,Corporate,Technology,Telephones and Communication,StarTAC Series,Small Box,0.55,11/29/2009
1127,8257,3/22/2009,Low,5,7486.09,0.05,Delivery Truck,-2561.32,1500.97,29.7,David Philippe,Nova Scotia,Atlantic,Consumer,Technology,Office Machines,Epson DFX5000+ Dot Matrix Printer,Jumbo Drum,0.57,3/22/2009
1128,8257,3/22/2009,Low,18,881.32,0.02,Regular Air,373.67,48.04,5.09,David Philippe,Nova Scotia,Atlantic,Consumer,Office Supplies,Paper,Xerox 1910,Small Box,0.37,3/26/2009
1129,8257,3/22/2009,Low,5,22.77,0.03,Regular Air,-6.20,4.28,1.6,David Philippe,Nova Scotia,Atlantic,Consumer,Office Supplies,Pens & Art Supplies,Newell 320,Wrap Bag,0.58,3/29/2009
1243,9057,11/4/2009,Critical,20,160.29,0.01,Regular Air,1.35,7.59,4,Michael Granlund,Nova Scotia,Atlantic,Home Office,Furniture,Office Furnishings,"Master Giant Foot¨ Doorstop, Safety Yellow",Wrap Bag,0.42,11/4/2009
1279,9285,1/2/2009,Critical,3,124.81,0.06,Regular Air,-11.94,40.98,2.99,David Philippe,Nova Scotia,Atlantic,Consumer,Office Supplies,Binders and Binder Accessories,"Avery Trapezoid Ring Binder, 3"" Capacity, Black, 1040 sheets",Small Box,0.36,1/4/2009
1364,9923,10/5/2009,High,27,63.71,0.01,Regular Air,-96.03,2.08,5.33,Chad Sievert,Nova Scotia,Atlantic,Corporate,Furniture,Office Furnishings,Eldon¨ Wave Desk Accessories,Small Box,0.43,10/5/2009
1365,9923,10/5/2009,High,14,5388.8,0.03,Delivery Truck,-115.08,370.98,99,Chad Sievert,Nova Scotia,Atlantic,Corporate,Office Supplies,Storage & Organization,"Sauder Facets Collection Locker/File Cabinet, Sky Alder Finish",Jumbo Drum,0.65,10/6/2009
1694,12228,6/25/2009,Not Specified,1,159.51,0.04,Delivery Truck,-103.63,130.98,30,Brad Norvell,Nova Scotia,Atlantic,Corporate,Furniture,Chairs & Chairmats,"Office Star - Contemporary Task Swivel chair with 2-way adjustable arms, Plum",Jumbo Drum,0.78,6/28/2009
1695,12228,6/25/2009,Not Specified,30,5015.051,0.05,Regular Air,1090.43,200.99,4.2,Brad Norvell,Nova Scotia,Atlantic,Corporate,Technology,Telephones and Communication,2160i,Small Box,0.59,6/25/2009
1723,12389,8/4/2009,Medium,34,2560.59,0.07,Regular Air,670.96,80.98,7.18,Michael Granlund,Nova Scotia,Atlantic,Corporate,Technology,Computer Peripherals,Logitech Cordless Navigator Duo,Small Box,0.48,8/6/2009
1724,12389,8/4/2009,Medium,16,189.04,0.08,Regular Air,-74.77,11.35,8.6,Michael Granlund,Nova Scotia,Atlantic,Corporate,Office Supplies,Storage & Organization,"SimpliFileª Personal File, Black Granite, 15w x 6-15/16d x 11-1/4h",Small Box,0.57,8/5/2009
1909,13636,1/22/2009,Low,32,28180.08,0.02,Delivery Truck,7513.88,880.98,44.55,Sally Matthias,Nova Scotia,Atlantic,Home Office,Furniture,Bookcases,"Riverside Palais Royal Lawyers Bookcase, Royale Cherry Finish",Jumbo Box,0.62,1/26/2009
2234,16133,9/25/2009,Critical,1,27.96,0.17,Regular Air,-9.13,14.89,13.56,Matt Abelman,Nova Scotia,Atlantic,Small Business,Furniture,Office Furnishings,Tensor Computer Mounted Lamp,Large Box,0.58,9/27/2009
2304,16612,2/13/2009,High,45,3699.22,0.05,Delivery Truck,565.18,80.97,30.06,Sally Matthias,Nova Scotia,Atlantic,Home Office,Technology,Office Machines,Hewlett-Packard Deskjet 940 REFURBISHED Color Inkjet Printer,Jumbo Box,0.4,2/14/2009
2305,16612,2/13/2009,High,6,48.93,0,Regular Air,-38.72,6.48,10.05,Sally Matthias,Nova Scotia,Atlantic,Home Office,Office Supplies,Paper,Xerox 1997,Small Box,0.37,2/15/2009
2594,18754,9/25/2009,Not Specified,8,1217.62,0.03,Delivery Truck,-221.50,140.98,36.09,Roland Black,Nova Scotia,Atlantic,Small Business,Furniture,Bookcases,"Sauder Forest Hills Library, Woodland Oak Finish",Jumbo Box,0.77,9/27/2009
2595,18754,9/25/2009,Not Specified,32,1725.0325,0.08,Regular Air,206.35,65.99,8.99,Roland Black,Nova Scotia,Atlantic,Small Business,Technology,Telephones and Communication,Talkabout T8367,Small Box,0.56,9/26/2009
3027,21766,6/1/2009,High,41,5178.17,0.03,Delivery Truck,531.69,120.98,30,Steve Carroll,Nova Scotia,Atlantic,Consumer,Furniture,Chairs & Chairmats,Hon Every-Day¨ Chair Series Swivel Task Chairs,Jumbo Drum,0.64,6/3/2009
3028,21766,6/1/2009,High,32,535.24,0.01,Regular Air,216.43,15.68,3.73,Steve Carroll,Nova Scotia,Atlantic,Consumer,Furniture,Office Furnishings,Artistic Insta-Plaque,Small Pack,0.46,6/3/2009
3190,22885,11/23/2009,Medium,4,56.47,0.05,Regular Air,-29.90,12.88,4.59,Neil Ducich,Nova Scotia,Atlantic,Home Office,Office Supplies,"Scissors, Rulers and Trimmers",Martin-Yale Premier Letter Opener,Wrap Bag,0.82,11/25/2009
3200,22947,12/18/2009,Low,19,216.25,0.09,Regular Air,58.84,12.22,2.85,Sarah Jordon,Nova Scotia,Atlantic,Consumer,Furniture,Office Furnishings,Aluminum Document Frame,Small Pack,0.55,12/25/2009
3334,23844,7/6/2009,Not Specified,40,1861.36,0,Regular Air,627.85,42.98,4.62,Michael Granlund,Nova Scotia,Atlantic,Home Office,Office Supplies,Appliances,Belkin F9M820V08 8 Outlet Surge,Small Box,0.56,7/8/2009
3335,23844,7/6/2009,Not Specified,42,937.62,0.03,Regular Air,187.20,21.78,5.94,Michael Granlund,Nova Scotia,Atlantic,Home Office,Office Supplies,Appliances,Holmes HEPA Air Purifier,Medium Box,0.5,7/8/2009
3336,23844,7/6/2009,Not Specified,11,33.02,0.08,Regular Air,8.40,3.15,0.5,Michael Granlund,Nova Scotia,Atlantic,Home Office,Office Supplies,Labels,Avery 520,Small Box,0.37,7/7/2009
3554,25347,6/12/2009,Low,28,967.27,0.07,Regular Air,309.31,35.44,7.5,Theone Pippenger,Nova Scotia,Atlantic,Corporate,Office Supplies,Paper,Xerox 1906,Small Box,0.38,6/19/2009
3988,28480,3/15/2009,Medium,17,30.62,0.01,Regular Air,-1.56,1.76,0.7,Mike Kennedy,British Columbia,West,Corporate,Office Supplies,Pens & Art Supplies,Newell 310,Wrap Bag,0.56,3/16/2009
4213,29956,8/14/2009,Critical,48,80.33,0.09,Regular Air,-12.95,1.82,0.83,Steve Carroll,British Columbia,West,Consumer,Office Supplies,Pens & Art Supplies,Newell 307,Wrap Bag,0.57,8/15/2009
4259,30341,1/31/2009,Low,42,6244.18,0.09,Delivery Truck,470.30,160.98,30,Matt Abelman,British Columbia,West,Home Office,Furniture,Chairs & Chairmats,Office Star - Mid Back Dual function Ergonomic High Back Chair with 2-Way Adjustable Arms,Jumbo Drum,0.62,1/31/2009
4260,30341,1/31/2009,Low,41,239.75,0.09,Regular Air,105.91,6.3,0.5,Matt Abelman,British Columbia,West,Home Office,Office Supplies,Labels,Avery 51,Small Box,0.39,1/31/2009
4261,30341,1/31/2009,Low,30,150.2,0,Regular Air,62.46,4.98,0.8,Matt Abelman,British Columbia,West,Home Office,Office Supplies,Paper,Rediform S.O.S. Phone Message Books,Wrap Bag,0.36,2/7/2009
4278,30467,8/15/2009,Critical,5,2019.65,0.05,Regular Air,289.88,420.98,19.99,John Castell,British Columbia,West,Consumer,Office Supplies,Binders and Binder Accessories,GBC DocuBind 200 Manual Binding Machine,Small Box,0.35,8/16/2009
4321,30785,7/3/2009,High,7,55.81,0.03,Regular Air,-35.04,6.48,8.73,Neil Ducich,British Columbia,West,Home Office,Office Supplies,Paper,Xerox 227,Small Box,0.37,7/5/2009
4322,30785,7/3/2009,High,38,373.07,0.07,Regular Air,149.53,9.93,1.09,Neil Ducich,British Columbia,West,Home Office,Office Supplies,Pens & Art Supplies,Peel-Off¨ China Markers,Wrap Bag,0.43,7/6/2009
4374,31171,4/8/2009,Not Specified,37,161.02,0.08,Regular Air,32.19,4.55,1.49,Parhena Norris,British Columbia,West,Home Office,Office Supplies,Binders and Binder Accessories,Presstex Flexible Ring Binders,Small Box,0.35,4/9/2009
4425,31553,1/10/2009,Critical,32,4906.85,0.09,Regular Air,1907.94,162.93,19.99,Sean Wendt,British Columbia,West,Corporate,Office Supplies,Envelopes,Multimedia Mailers,Small Box,0.39,1/12/2009
4595,32706,7/4/2009,Critical,5,2017.5,0.03,Delivery Truck,-663.51,399.98,12.06,Matt Abelman,British Columbia,West,Home Office,Technology,Office Machines,Okidata ML320 Series Turbo Dot Matrix Printers,Jumbo Box,0.56,7/6/2009
5471,38882,12/14/2009,Critical,37,4411.5,0.1,Delivery Truck,-1799.35,122.99,70.2,Hunter Lopez,British Columbia,West,Consumer,Furniture,Chairs & Chairmats,"Global High-Back Leather Tilter, Burgundy",Jumbo Drum,0.74,12/15/2009
5627,39845,9/6/2009,Critical,44,447.42,0.05,Regular Air,41.30,9.99,4.78,Shaun Weien,British Columbia,West,Home Office,Office Supplies,Paper,Xerox 1896,Small Box,0.4,9/7/2009
5919,41988,2/4/2009,Low,33,4610.35,0.08,Delivery Truck,751.58,145.45,17.85,Matt Abelman,British Columbia,West,Home Office,Technology,Office Machines,Panasonic KX-P1150 Dot Matrix Printer,Jumbo Drum,0.56,2/4/2009
5920,41988,2/4/2009,Low,18,610.07,0.07,Delivery Truck,-157.56,33.94,19.19,Matt Abelman,British Columbia,West,Home Office,Furniture,Chairs & Chairmats,"Metal Folding Chairs, Beige, 4/Carton",Jumbo Drum,0.58,2/8/2009
5921,41988,2/4/2009,Low,14,181.49,0.1,Regular Air,-29.54,13.43,5.5,Matt Abelman,British Columbia,West,Home Office,Office Supplies,Storage & Organization,"Fellowes Personal Hanging Folder Files, Navy",Small Box,0.57,2/8/2009
6434,45731,8/10/2009,Critical,44,12689.87,0.04,Delivery Truck,-169.23,296.18,154.12,Matt Abelman,Manitoba,Prarie,Consumer,Furniture,Tables,Hon 94000 Series Round Tables,Jumbo Box,0.76,8/11/2009
6762,48167,9/6/2009,Critical,43,5041.46,0.06,Delivery Truck,-2136.66,122.99,70.2,Dana Kaydos,Manitoba,Prarie,Corporate,Furniture,Chairs & Chairmats,"Global High-Back Leather Tilter, Burgundy",Jumbo Drum,0.74,9/9/2009
6763,48167,9/6/2009,Critical,45,282.98,0.06,Regular Air,-237.47,6.48,8.88,Dana Kaydos,Manitoba,Prarie,Corporate,Office Supplies,Paper,Xerox 224,Small Box,0.37,9/7/2009
6764,48167,9/6/2009,Critical,27,8817.71,0.09,Delivery Truck,-2946.05,349.45,60,Dana Kaydos,Manitoba,Prarie,Corporate,Furniture,Tables,"SAFCO PlanMaster Heigh-Adjustable Drafting Table Base, 43w x 30d x 30-37h, Black",Jumbo Drum,,9/7/2009
6774,48230,2/25/2009,Not Specified,39,1140.26,0.04,Express Air,387.20,29.18,8.55,Dana Kaydos,Manitoba,Prarie,Corporate,Furniture,Office Furnishings,"Deflect-o SuperTrayª Unbreakable Stackable Tray, Letter, Black",Small Box,0.42,2/27/2009
6775,48230,2/25/2009,Not Specified,31,2645.8,0,Regular Air,-684.78,80.98,35,Dana Kaydos,Manitoba,Prarie,Corporate,Office Supplies,Storage & Organization,"Carina 42""Hx23 3/4""W Media Storage Unit",Large Box,0.83,2/27/2009
6844,48772,5/12/2009,Medium,44,3202.25,0.09,Regular Air,991.26,78.69,19.99,Aaron Smayling,Manitoba,Prarie,Small Business,Furniture,Office Furnishings,Howard Miller 12-3/4 Diameter Accuwave DS ª Wall Clock,Small Box,0.43,5/14/2009
6845,48772,5/12/2009,Medium,11,81.25,0.01,Regular Air,-44.54,6.48,7.86,Aaron Smayling,Manitoba,Prarie,Small Business,Office Supplies,Paper,Xerox 213,Small Box,0.37,5/13/2009
6846,48772,5/12/2009,Medium,18,57.17,0.08,Regular Air,-24.03,3.28,2.31,Aaron Smayling,Manitoba,Prarie,Small Business,Office Supplies,Pens & Art Supplies,Newell 321,Wrap Bag,0.56,5/13/2009
6847,48772,5/12/2009,Medium,12,41.97,0.05,Regular Air,-37.03,3.28,4.2,Aaron Smayling,Manitoba,Prarie,Small Business,Office Supplies,Pens & Art Supplies,Newell 351,Wrap Bag,0.56,5/13/2009
6848,48772,5/12/2009,Medium,10,35.64,0.05,Regular Air,-0.71,3.58,1.63,Aaron Smayling,Manitoba,Prarie,Small Business,Office Supplies,Rubber Bands,"OIC Colored Binder Clips, Assorted Sizes",Wrap Bag,0.36,5/13/2009
6867,48931,6/17/2009,Low,33,750.66,0,Regular Air,120.05,20.95,4,Charles Sheldon,Manitoba,Prarie,Corporate,Technology,Computer Peripherals,"Fellowes Basic 104-Key Keyboard, Platinum",Small Box,0.6,6/24/2009
6868,48931,6/17/2009,Low,8,254.32,0.01,Regular Air,-117.39,30.98,6.5,Charles Sheldon,Manitoba,Prarie,Corporate,Technology,Computer Peripherals,Logitech Internet Navigator Keyboard,Small Box,0.79,6/19/2009
6869,48931,6/17/2009,Low,42,2149.37,0.03,Regular Air,217.87,51.75,19.99,Charles Sheldon,Manitoba,Prarie,Corporate,Furniture,Office Furnishings,"Howard Miller 13-3/4"" Diameter Brushed Chrome Round Wall Clock",Small Box,0.55,6/22/2009
6908,49283,12/11/2009,High,25,334.71,0.01,Regular Air,31.74,12.28,6.47,Shaun Weien,Manitoba,Prarie,Home Office,Office Supplies,Paper,Xerox 1881,Small Box,0.38,12/12/2009
6927,49441,9/27/2009,Medium,49,1981.26,0.07,Express Air,100.80,41.32,8.66,Mary O'Rourke,Manitoba,Prarie,Home Office,Furniture,Office Furnishings,"Deflect-o EconoMat Studded, No Bevel Mat for Low Pile Carpeting",Medium Box,0.76,9/28/2009
7290,51975,12/18/2009,Low,12,1064.7865,0.1,Regular Air,-181.01,115.99,2.5,Michael Granlund,Manitoba,Prarie,Home Office,Technology,Telephones and Communication,DPC 650 Piper,Small Box,0.58,12/22/2009
7366,52487,6/1/2009,Critical,17,124.06,0.09,Regular Air,15.74,7.78,2.5,Nathan Mautz,Manitoba,Prarie,Corporate,Office Supplies,Envelopes,Staples #10 Colored Envelopes,Small Box,0.38,6/2/2009
7535,53891,1/22/2009,High,36,562.8,0.02,Regular Air,-17.45,15.22,9.73,Nathan Mautz,Manitoba,Prarie,Home Office,Office Supplies,Binders and Binder Accessories,"GBC Twin Loopª Wire Binding Elements, 9/16"" Spine, Black",Small Box,0.36,1/22/2009
7742,55429,6/29/2009,High,43,260.59,0.09,Regular Air,-157.76,6.48,7.03,Nathan Cano,Manitoba,Prarie,Consumer,Office Supplies,Paper,Xerox 214,Small Box,0.37,7/1/2009
8155,58310,2/23/2009,Critical,22,834.81,0.03,Regular Air,1.98,37.76,12.9,Mary O'Rourke,Manitoba,Prarie,Home Office,Office Supplies,Storage & Organization,"Companion Letter/Legal File, Black",Small Box,0.57,2/24/2009
142,902,7/26/2009,Not Specified,10,1925.83,0.09,Regular Air,359.83,207.48,0.99,Meg O'Connel,Manitoba,Prarie,Corporate,Office Supplies,Appliances,Kensington 7 Outlet MasterPiece Power Center with Fax/Phone Line Protection,Small Box,0.55,7/29/2009
460,3110,12/16/2009,High,13,1601.32,0.04,Delivery Truck,377.81,119.99,14,Helen Andreada,Manitoba,Prarie,Corporate,Technology,Office Machines,Epson C82 Color Inkjet Printer,Jumbo Drum,0.36,12/18/2009
1008,7364,5/8/2009,High,15,260.39,0.09,Regular Air,-48.57,16.98,12.39,Mary Zewe,Manitoba,Prarie,Corporate,Office Supplies,Envelopes,Brown Kraft Recycled Envelopes,Small Box,0.35,5/10/2009
1171,8551,7/29/2009,Critical,25,185.64,0.1,Regular Air,-69.87,7.45,6.28,Meg O'Connel,Manitoba,Prarie,Corporate,Office Supplies,Binders and Binder Accessories,"Acco Four Pocket Poly Ring Binder with Label Holder, Smoke, 1""",Small Box,0.4,8/1/2009
1172,8551,7/29/2009,Critical,34,225.98,0.01,Regular Air,-135.74,6.48,7.86,Meg O'Connel,Manitoba,Prarie,Corporate,Office Supplies,Paper,Xerox 213,Small Box,0.37,7/31/2009
1325,9668,9/6/2009,Low,10,42.67,0.06,Regular Air,-12.72,4.18,2.99,Christine Sundaresam,Manitoba,Prarie,Small Business,Office Supplies,Binders and Binder Accessories,Avery¨ Durable Slant Ring Binders With Label Holder,Small Box,0.37,9/8/2009
2216,16032,12/5/2009,Low,35,436.98,0.07,Regular Air,75.61,12.64,4.98,Brian Thompson,Manitoba,Prarie,Home Office,Furniture,Office Furnishings,Nu-Dell Executive Frame,Small Pack,0.48,12/12/2009
3411,24358,5/16/2009,Critical,27,7333.45,0.07,Regular Air,-207.28,279.48,35,Christine Sundaresam,Manitoba,Prarie,Small Business,Office Supplies,Storage & Organization,"Tennsco Snap-Together Open Shelving Units, Starter Sets and Add-On Units",Large Box,0.8,5/16/2009
3596,25638,8/6/2009,High,31,163.89,0.02,Regular Air,-108.55,4.89,4.93,Ivan Gibson,Manitoba,Prarie,Corporate,Technology,Computer Peripherals,"Maxell 3.5"" DS/HD IBM-Formatted Diskettes, 10/Pack",Small Pack,0.66,8/7/2009
3597,25638,8/6/2009,High,12,115.45,0.07,Regular Air,23.53,10.06,2.06,Ivan Gibson,Manitoba,Prarie,Corporate,Office Supplies,Paper,Riverleaf Stik-Withit¨ Designer Note Cubes¨,Wrap Bag,0.39,8/7/2009
3638,26016,10/7/2009,High,2,154.94,0.09,Regular Air,-358.43,77.51,4,Ken Lonsdale,Manitoba,Prarie,Consumer,Technology,Computer Peripherals,Micro Innovations Media Access Pro Keyboard,Small Box,0.76,10/9/2009
3639,26016,10/7/2009,High,44,1642.642,0.08,Express Air,314.84,45.99,4.99,Ken Lonsdale,Manitoba,Prarie,Consumer,Technology,Telephones and Communication,KF 788,Small Box,0.56,10/9/2009
3902,27840,7/3/2009,High,8,1209.37,0.09,Delivery Truck,-407.85,150.98,66.27,Maria Bertelson,Ontario,Ontario,Home Office,Furniture,Bookcases,Bush Mission Pointe Library,Jumbo Box,0.65,7/4/2009
3945,28130,7/30/2009,Low,23,404.24,0.02,Express Air,-76.99,15.99,13.18,Guy Thornton,Ontario,Ontario,Corporate,Office Supplies,Binders and Binder Accessories,"GBC Pre-Punched Binding Paper, Plastic, White, 8-1/2"" x 11""",Small Box,0.37,8/3/2009
3946,28130,7/30/2009,Low,32,1381.88,0.09,Express Air,598.20,46.94,6.77,Guy Thornton,Ontario,Ontario,Corporate,Furniture,Office Furnishings,"Howard Miller 13"" Diameter Goldtone Round Wall Clock",Small Box,0.44,7/30/2009
3964,28290,1/10/2009,Low,43,1307.35,0.05,Express Air,-154.24,30.42,8.65,Maria Bertelson,Ontario,Ontario,Home Office,Technology,Computer Peripherals,"Fellowes Internet Keyboard, Platinum",Small Box,0.74,1/14/2009
3965,28290,1/10/2009,Low,3,523.58,0.01,Express Air,-179.36,161.55,19.99,Maria Bertelson,Ontario,Ontario,Home Office,Office Supplies,Storage & Organization,Fellowes Super Stor/Drawer¨ Files,Small Box,0.66,1/12/2009
4672,33250,6/25/2009,Not Specified,40,7381.19,0.04,Regular Air,2998.88,177.98,0.99,Guy Thornton,Ontario,Ontario,Corporate,Office Supplies,Appliances,Kensington 7 Outlet MasterPiece Power Center,Small Box,0.56,6/27/2009
4858,34567,4/26/2009,Low,18,3344.11,0.03,Delivery Truck,588.54,180.98,26.2,Katrina Bavinger,Ontario,Ontario,Consumer,Furniture,Chairs & Chairmats,Global Ergonomic Managers Chair,Jumbo Drum,0.59,4/30/2009
5327,37862,1/12/2009,Not Specified,27,1603.27,0.01,Regular Air,452.49,59.98,3.99,Guy Thornton,Ontario,Ontario,Corporate,Office Supplies,Appliances,Belkin 8 Outlet SurgeMaster II Gold Surge Protector,Small Box,0.57,1/15/2009
5379,38240,12/19/2009,High,4,41.53,0.04,Regular Air,-15.53,8.6,6.19,Ken Lonsdale,Ontario,Ontario,Consumer,Office Supplies,Binders and Binder Accessories,Avery Printable Repositionable Plastic Tabs,Small Box,0.38,12/19/2009
5501,39015,12/6/2009,Medium,13,5236.14,0.05,Delivery Truck,567.59,399.98,12.06,Lycoris Saunders,Ontario,Ontario,Corporate,Technology,Office Machines,Okidata ML320 Series Turbo Dot Matrix Printers,Jumbo Box,0.56,12/6/2009
5502,39015,12/6/2009,Medium,11,74.02,0.07,Regular Air,-28.45,6.48,5.74,Lycoris Saunders,Ontario,Ontario,Corporate,Office Supplies,Paper,Xerox 1994,Small Box,0.37,12/6/2009
6373,45218,5/10/2009,Low,49,309.46,0.08,Regular Air,-82.64,6.48,2.74,Robert Waldorf,Ontario,Ontario,Home Office,Technology,Computer Peripherals,"Sony MFD2HD Formatted Diskettes, 10/Pack",Small Pack,0.71,5/12/2009
6746,48034,7/14/2009,Not Specified,47,945.86,0.1,Regular Air,31.59,22.01,5.53,Robert Waldorf,Ontario,Ontario,Home Office,Office Supplies,Pens & Art Supplies,Boston 16801 Nautilusª Battery Pencil Sharpener,Small Pack,0.59,7/15/2009
6747,48034,7/14/2009,Not Specified,12,2340.504,0.04,Delivery Truck,243.16,236.97,59.24,Robert Waldorf,Ontario,Ontario,Home Office,Furniture,Tables,Chromcraft Rectangular Conference Tables,Jumbo Box,0.61,7/14/2009
7054,50336,11/4/2009,Not Specified,9,58.98,0,Regular Air,-17.79,5.77,4.97,Joseph Airdo,Ontario,Ontario,Consumer,Office Supplies,Binders and Binder Accessories,Avery Binding System Hidden Tabª Executive Style Index Sets,Small Box,0.35,11/5/2009
7059,50373,7/2/2009,Critical,9,1455.04,0.06,Regular Air,-7.58,161.55,19.99,Christina Vanderzanden,Ontario,Ontario,Small Business,Office Supplies,Storage & Organization,Fellowes Super Stor/Drawer¨ Files,Small Box,0.66,7/3/2009
7449,53152,3/5/2009,Medium,5,185.79,0.02,Regular Air,-159.68,34.98,7.53,Bill Eplett,Ontario,Ontario,Corporate,Technology,Computer Peripherals,Fellowes EZ Multi-Media Keyboard,Small Box,0.76,3/7/2009
7450,53152,3/5/2009,Medium,9,196.41,0.01,Regular Air,27.91,19.99,11.17,Bill Eplett,Ontario,Ontario,Corporate,Furniture,Office Furnishings,Telescoping Adjustable Floor Lamp,Large Box,0.6,3/8/2009
7451,53152,3/5/2009,Medium,9,186.67,0.02,Regular Air,2.06,19.98,8.68,Bill Eplett,Ontario,Ontario,Corporate,Office Supplies,Paper,Southworth 25% Cotton Premium Laser Paper and Envelopes,Small Box,0.37,3/7/2009
7750,55461,9/28/2009,Medium,16,84.01,0.06,Regular Air,-34.12,4.82,5.72,Meg O'Connel,Ontario,Ontario,Small Business,Furniture,Office Furnishings,Magna Visual Magnetic Picture Hangers,Small Pack,0.47,9/29/2009
7996,57153,5/26/2009,Critical,9,106.05,0.02,Regular Air,-14.52,11.33,6.12,Meg O'Connel,Ontario,Ontario,Corporate,Office Supplies,Appliances,"Holmes Replacement Filter for HEPA Air Cleaner, Medium Room",Medium Box,0.42,5/28/2009
7997,57153,5/26/2009,Critical,45,698.1,0.01,Regular Air,336.25,15.67,1.39,Meg O'Connel,Ontario,Ontario,Corporate,Office Supplies,Envelopes,"#10 White Business Envelopes,4 1/8 x 9 1/2",Small Box,0.38,5/27/2009
8321,59459,2/4/2009,Medium,40,69.66,0.07,Regular Air,-51.42,1.7,1.99,Christine Sundaresam,Ontario,Ontario,Small Business,Technology,Computer Peripherals,BASF Silver 74 Minute CD-R,Small Pack,0.51,2/5/2009
184,1218,6/19/2009,Not Specified,3,46.46,0.1,Regular Air,-25.13,14.42,6.75,Craig Carroll,Ontario,Ontario,Corporate,Office Supplies,Appliances,Holmes Odor Grabber,Medium Box,0.52,6/22/2009
347,2373,3/11/2009,Not Specified,36,317.59,0.06,Regular Air,-46.12,8.6,6.19,Craig Carroll,Ontario,Ontario,Corporate,Office Supplies,Binders and Binder Accessories,Avery Printable Repositionable Plastic Tabs,Small Box,0.38,3/12/2009
555,3777,4/7/2009,Medium,14,244.85,0.06,Express Air,38.06,17.67,8.99,Christine Kargatis,Ontario,Ontario,Small Business,Furniture,Office Furnishings,"Executive Impressions 12"" Wall Clock",Small Pack,0.47,4/8/2009
1246,9088,6/22/2009,Critical,50,15383.7,0.03,Regular Air,6523.26,304.99,19.99,Russell Applegate,Ontario,Ontario,Home Office,Office Supplies,Binders and Binder Accessories,Ibico Hi-Tech Manual Binding System,Small Box,0.4,6/24/2009
1247,9088,6/22/2009,Critical,31,1637.457,0.09,Regular Air,118.15,65.99,8.99,Russell Applegate,Ontario,Ontario,Home Office,Technology,Telephones and Communication,V 3600 Series,Small Box,0.58,6/24/2009
2841,20480,1/29/2009,Medium,4,1042.63,0.02,Delivery Truck,-219.93,240.98,60.2,Liz MacKendrick,Ontario,Ontario,Corporate,Furniture,Bookcases,"Atlantic Metals Mobile 2-Shelf Bookcases, Custom Colors",Jumbo Box,0.56,1/31/2009
2919,21091,12/12/2009,High,32,270.73,0.1,Express Air,-54.57,8.88,6.28,Bill Donatelli,Ontario,Ontario,Corporate,Office Supplies,Binders and Binder Accessories,GBC Instant Indexª System for Binding Systems,Small Box,0.35,12/14/2009
3768,26918,4/6/2009,Low,16,77.96,0.05,Regular Air,16.65,4.84,0.71,Russell Applegate,Ontario,Ontario,Home Office,Office Supplies,Pens & Art Supplies,*Staples* Highlighting Markers,Wrap Bag,0.52,4/15/2009
3847,27456,4/10/2009,Not Specified,29,9492.92,0.05,Delivery Truck,772.04,328.14,91.05,Duane Benoit,Ontario,Ontario,Home Office,Office Supplies,Appliances,"Sanyo Counter Height Refrigerator with Crisper, 3.6 Cubic Foot, Stainless Steel/Black",Jumbo Drum,0.57,4/11/2009
3980,28420,9/24/2009,Low,2,45.64,0.08,Express Air,-0.11,15.57,1.39,Bill Donatelli,Ontario,Ontario,Corporate,Office Supplies,Envelopes,Park Ridgeª Embossed Executive Business Envelopes,Small Box,0.38,9/24/2009
4223,30016,1/3/2009,Critical,15,85.56,0.03,Regular Air,-41.58,5.28,5.66,Bill Donatelli,Ontario,Ontario,Corporate,Office Supplies,Paper,Xerox 4200 Series MultiUse Premium Copy Paper (20Lb. and 84 Bright),Small Box,0.4,1/5/2009
4224,30016,1/3/2009,Critical,8,754.6555,0.01,Regular Air,-212.55,110.99,2.5,Bill Donatelli,Ontario,Ontario,Corporate,Technology,Telephones and Communication,T18,Small Box,0.57,1/6/2009
5152,36706,4/11/2009,Not Specified,47,887.45,0.1,Regular Air,365.79,20.98,1.49,Brad Eason,Ontario,Ontario,Small Business,Office Supplies,Binders and Binder Accessories,Avery Legal 4-Ring Binder,Small Box,0.35,4/13/2009
5153,36706,4/11/2009,Not Specified,7,355.97,0.03,Regular Air,-4.46,48.04,19.99,Brad Eason,Ontario,Ontario,Small Business,Office Supplies,Paper,14-7/8 x 11 Blue Bar Computer Printout Paper,Small Box,0.37,4/13/2009
5735,40707,6/11/2009,High,26,1495.184,0,Regular Air,211.09,65.99,8.99,Harold Pawlan,Ontario,Ontario,Small Business,Technology,Telephones and Communication,5180,Small Box,0.56,6/13/2009
5853,41543,2/6/2009,Low,45,7548.65,0.03,Delivery Truck,1385.35,160.98,30,Bill Donatelli,Ontario,Ontario,Corporate,Furniture,Chairs & Chairmats,Office Star - Mid Back Dual function Ergonomic High Back Chair with 2-Way Adjustable Arms,Jumbo Drum,0.62,2/10/2009
5854,41543,2/6/2009,Low,24,1318.8685,0.03,Regular Air,172.33,65.99,3.99,Bill Donatelli,Ontario,Ontario,Corporate,Technology,Telephones and Communication,StarTAC 7760,Small Box,0.59,2/10/2009
5862,41606,6/23/2009,High,23,4514.86,0.09,Delivery Truck,-641.09,200.98,55.96,Brad Eason,Ontario,Ontario,Small Business,Furniture,Bookcases,O'Sullivan Living Dimensions 3-Shelf Bookcases,Jumbo Box,0.75,6/24/2009
5863,41606,6/23/2009,High,30,79.14,0.09,Regular Air,-4.73,2.78,0.97,Brad Eason,Ontario,Ontario,Small Business,Office Supplies,Pens & Art Supplies,Newell 333,Wrap Bag,0.59,6/24/2009
7917,56582,6/12/2009,Low,36,4581.41,0.04,Delivery Truck,-904.73,130.98,54.74,Harold Pawlan,Ontario,Ontario,Small Business,Furniture,Bookcases,"O'Sullivan Elevations Bookcase, Cherry Finish",Jumbo Box,0.69,6/12/2009
7932,56677,4/11/2009,High,35,430.55,0,Regular Air,120.01,12.22,2.85,Roy Skaria,Ontario,Ontario,Corporate,Furniture,Office Furnishings,Aluminum Document Frame,Small Pack,0.55,4/12/2009
133,837,6/14/2009,Not Specified,11,65.7,0.01,Regular Air,13.41,5.84,0.83,Sean O'Donnell,Ontario,Ontario,Corporate,Office Supplies,Pens & Art Supplies,Avery Hi-Liter¨ Smear-Safe Highlighters,Wrap Bag,0.49,6/16/2009
169,1059,2/26/2009,Critical,22,127.33,0.02,Regular Air,5.30,5.34,2.99,Sean O'Donnell,Ontario,Ontario,Corporate,Office Supplies,Binders and Binder Accessories,Wilson Jones 14 Line Acrylic Coated Pressboard Data Binders,Small Box,0.38,2/28/2009
170,1059,2/26/2009,Critical,24,990.1,0.03,Regular Air,310.22,40.98,7.47,Sean O'Donnell,Ontario,Ontario,Corporate,Office Supplies,Binders and Binder Accessories,"Wilson Jones Ledger-Size, Piano-Hinge Binder, 2"", Blue",Small Box,0.37,2/27/2009
1849,13313,7/16/2009,Not Specified,18,243.51,0.02,Regular Air,-159.86,12.99,14.37,Skye Norling,Ontario,Ontario,Home Office,Furniture,Office Furnishings,"Tensor ""Hersey Kiss"" Styled Floor Lamp",Large Box,0.73,7/18/2009
1850,13313,7/16/2009,Not Specified,22,755.6,0.05,Regular Air,223.44,35.44,7.5,Skye Norling,Ontario,Ontario,Home Office,Office Supplies,Paper,Xerox 1906,Small Box,0.38,7/18/2009
1851,13313,7/16/2009,Not Specified,45,592.73,0.02,Regular Air,75.01,12.98,3.14,Skye Norling,Ontario,Ontario,Home Office,Office Supplies,"Scissors, Rulers and Trimmers","Acme¨ 8"" Straight Scissors",Small Pack,0.6,7/19/2009
2182,15718,1/27/2009,Critical,36,100.87,0.09,Regular Air,8.40,2.94,0.7,Sean O'Donnell,Ontario,Ontario,Corporate,Office Supplies,Pens & Art Supplies,Newell 338,Wrap Bag,0.58,1/28/2009
3290,23524,4/28/2009,High,28,129.33,0.04,Express Air,48.25,4.13,0.99,Sandra Glassco,Ontario,Ontario,Home Office,Office Supplies,Labels,Avery 491,Small Box,0.39,4/30/2009
3291,23524,4/28/2009,High,46,2461.23,0.06,Regular Air,748.20,55.48,14.3,Sandra Glassco,Ontario,Ontario,Home Office,Office Supplies,Paper,Xerox 194,Small Box,0.37,4/30/2009
4201,29860,9/13/2009,Critical,48,8295.29,0.08,Regular Air,2267.22,178.47,19.99,Skye Norling,Ontario,Ontario,Home Office,Office Supplies,Storage & Organization,"Hot File¨ 7-Pocket, Floor Stand",Small Box,0.55,9/16/2009
623,4321,7/17/2009,Medium,47,1505.57,0.02,Express Air,-54.63,30.53,19.99,Pauline Chand,Ontario,Ontario,Corporate,Office Supplies,Labels,"Avery 4027 File Folder Labels for Dot Matrix Printers, 5000 Labels per Box, White",Small Box,0.39,7/19/2009
783,5572,7/16/2009,High,37,288.55,0.03,Regular Air,-133.70,7.37,5.53,Anna Gayman,Ontario,Ontario,Corporate,Technology,Computer Peripherals,"Imation 3.5"" Unformatted DS/HD Diskettes, 10/Box",Small Pack,0.69,7/18/2009
819,5920,11/19/2009,High,4,582.59,0.07,Regular Air,-121.75,155.06,7.07,Nat Gilpin,Ontario,Ontario,Consumer,Office Supplies,Storage & Organization,"Dual Level, Single-Width Filing Carts",Small Box,0.59,11/19/2009
1191,8709,3/8/2009,High,50,2451.41,0.07,Regular Air,773.36,51.98,10.17,Rose O'Brian,Ontario,Ontario,Home Office,Technology,Office Machines,Canon MP25DIII Desktop Whisper-Quiet Printing Calculator,Medium Box,0.37,3/10/2009
1192,8709,3/8/2009,High,11,851.24,0.1,Delivery Truck,-149.46,80.97,33.6,Rose O'Brian,Ontario,Ontario,Home Office,Technology,Office Machines,Lexmark Z25 Color Inkjet Printer,Jumbo Drum,0.37,3/11/2009
1692,12224,12/12/2009,High,2,302.91,0.04,Delivery Truck,-186.13,124.49,51.94,Joni Blumstein,Ontario,Ontario,Consumer,Furniture,Tables,Bevis 36 x 72 Conference Tables,Jumbo Box,0.63,12/14/2009
1693,12224,12/12/2009,High,29,842.6135,0.1,Regular Air,-208.43,35.99,5,Joni Blumstein,Ontario,Ontario,Consumer,Technology,Telephones and Communication,Accessory17,Wrap Bag,0.82,12/12/2009
1863,13408,2/14/2009,Low,4,256.77,0.04,Regular Air,173.89,60.65,12.23,Joni Blumstein,Ontario,Ontario,Home Office,Furniture,Office Furnishings,"Tenex Traditional Chairmats for Medium Pile Carpet, Standard Lip, 36"" x 48""",Medium Box,0.64,2/16/2009
2286,16480,12/6/2009,Not Specified,14,87.23,0.09,Express Air,-69.53,5.4,7.78,Nat Gilpin,Ontario,Ontario,Consumer,Office Supplies,Binders and Binder Accessories,3M Organizer Strips,Small Box,0.37,12/8/2009
2571,18561,1/9/2009,Not Specified,9,45.87,0.02,Regular Air,-38.90,4.13,6.89,Joni Blumstein,Ontario,Ontario,Home Office,Office Supplies,Labels,"Avery 05222 Permanent Self-Adhesive File Folder Labels for Typewriters, on Rolls, White, 250/Roll",Small Box,0.39,1/10/2009
3490,24869,6/10/2009,Not Specified,14,132.72,0.05,Regular Air,-9.18,8.85,5.6,Nat Gilpin,Ontario,Ontario,Consumer,Office Supplies,Binders and Binder Accessories,GBC Standard Plastic Binding Systems Combs,Small Box,0.36,6/11/2009
3981,28451,1/5/2009,Critical,21,4201.08,0.01,Regular Air,1162.76,194.3,11.54,Pauline Chand,Ontario,Ontario,Small Business,Furniture,Office Furnishings,Electrix Halogen Magnifier Lamp,Large Box,0.59,1/7/2009
3982,28451,1/5/2009,Critical,41,8958.46,0.02,Regular Air,2593.14,209.84,21.21,Pauline Chand,Ontario,Ontario,Small Business,Furniture,Office Furnishings,Luxo Professional Fluorescent Magnifier Lamp with Clamp-Mount Base,Large Box,0.59,1/6/2009
3983,28451,1/5/2009,Critical,33,4913.7,0,Delivery Truck,1054.93,145.45,17.85,Pauline Chand,Ontario,Ontario,Small Business,Technology,Office Machines,Panasonic KX-P1150 Dot Matrix Printer,Jumbo Drum,0.56,1/7/2009
4136,29380,4/27/2009,Not Specified,13,150.13,0.09,Regular Air,1.73,12.28,4.86,Anna Gayman,Ontario,Ontario,Corporate,Office Supplies,Paper,Xerox 1933,Small Box,0.38,4/28/2009
4540,32295,1/7/2009,High,11,607.597,0.07,Regular Air,-112.24,65.99,5.99,Pauline Chand,Ontario,Ontario,Small Business,Technology,Telephones and Communication,i1000,Small Box,0.58,1/8/2009
5176,36807,3/16/2009,Medium,14,211.88,0.1,Regular Air,78.45,15.57,1.39,Daniel Raglin,Ontario,Ontario,Corporate,Office Supplies,Envelopes,Park Ridgeª Embossed Executive Business Envelopes,Small Box,0.38,3/17/2009
6559,46627,6/11/2009,Critical,3,21.46,0.05,Regular Air,-14.22,5.28,6.26,Eva Jacobs,Ontario,Ontario,Home Office,Office Supplies,Paper,Xerox 1928,Small Box,0.4,6/12/2009
6560,46627,6/11/2009,Critical,24,1388.628,0.03,Regular Air,261.52,65.99,5.26,Eva Jacobs,Ontario,Ontario,Home Office,Technology,Telephones and Communication,8860,Small Box,0.56,6/12/2009
6628,47168,6/21/2009,Not Specified,24,2920.83,0.02,Delivery Truck,1068.16,119.99,14,Corinna Mitchell,Ontario,Ontario,Corporate,Technology,Office Machines,Epson C82 Color Inkjet Printer,Jumbo Drum,0.36,6/22/2009
6629,47168,6/21/2009,Not Specified,42,262.3,0.09,Regular Air,-255.20,6.48,9.68,Corinna Mitchell,Ontario,Ontario,Corporate,Office Supplies,Paper,Xerox 1993,Small Box,0.36,6/22/2009
7011,50051,10/4/2009,Medium,17,103.72,0.02,Regular Air,-72.06,5.53,6.98,Jas O'Carroll,Ontario,Ontario,Corporate,Office Supplies,Binders and Binder Accessories,Avery Durable Poly Binders,Small Box,0.39,10/6/2009
7012,50051,10/4/2009,Medium,4,185.15,0.09,Regular Air,10.20,41.47,34.2,Jas O'Carroll,Ontario,Ontario,Corporate,Furniture,Office Furnishings,Eldon Econocleat¨ Chair Mats for Low Pile Carpets,Wrap Bag,0.73,10/6/2009
7804,55840,8/17/2009,Medium,11,59.03,0.04,Regular Air,-25.21,4.98,4.86,Jas O'Carroll,Ontario,Ontario,Home Office,Office Supplies,Paper,Xerox 190,Small Box,0.38,8/17/2009
461,3136,8/9/2009,Not Specified,8,238.74,0.1,Regular Air,-38.89,30.98,8.99,Paul Prost,Ontario,Ontario,Corporate,Office Supplies,Pens & Art Supplies,"Boston School Pro Electric Pencil Sharpener, 1670",Small Pack,0.58,8/11/2009
870,6246,10/21/2009,Not Specified,13,52.38,0.06,Regular Air,11.72,3.93,0.99,Philip Brown,Ontario,Ontario,Home Office,Office Supplies,Rubber Bands,Staples Vinyl Coated Paper Clips,Wrap Bag,0.39,10/23/2009
1294,9478,3/28/2009,High,48,522.97,0.04,Regular Air,29.98,10.4,5.4,Philip Brown,Ontario,Ontario,Corporate,Furniture,Office Furnishings,"Executive Impressions 8-1/2"" Career Panel/Partition Cubicle Clock",Small Pack,0.51,3/29/2009
1295,9478,3/28/2009,High,48,199.46,0.08,Regular Air,-121.20,4.28,4.79,Philip Brown,Ontario,Ontario,Corporate,Office Supplies,Paper,Xerox 1962,Small Box,0.4,3/30/2009
1934,13830,12/21/2009,High,27,2609.53,0,Regular Air,911.66,90.48,19.99,Michael Nguyen,Ontario,Ontario,Small Business,Office Supplies,Envelopes,Tyvek¨ Side-Opening Peel & Seel¨ Expanding Envelopes,Small Box,0.4,12/24/2009
4788,34017,3/23/2009,High,20,103.39,0.05,Express Air,29.17,4.84,0.71,Paul Prost,Ontario,Ontario,Corporate,Office Supplies,Pens & Art Supplies,*Staples* Highlighting Markers,Wrap Bag,0.52,3/23/2009
4789,34017,3/23/2009,High,28,435.39,0.01,Regular Air,-48.97,14.98,7.69,Paul Prost,Ontario,Ontario,Corporate,Office Supplies,Storage & Organization,Super Decoflex Portable Personal File,Small Box,0.57,3/25/2009
6587,46884,1/17/2009,Medium,25,280.43,0.1,Regular Air,39.52,11.55,2.36,Paul Prost,Ontario,Ontario,Corporate,Office Supplies,Pens & Art Supplies,Newell 309,Wrap Bag,0.55,1/18/2009
7478,53382,12/27/2009,Not Specified,13,88.17,0.1,Regular Air,-572.49,3.25,49,Paul MacIntyre,Ontario,Ontario,Corporate,Office Supplies,Appliances,"Bravo IIª Megaboss¨ 12-Amp Hard Body Upright, Replacement Belts, 2 Belts per Pack",Large Box,0.56,12/28/2009
7479,53382,12/27/2009,Not Specified,15,4760.02,0,Delivery Truck,658.88,300.98,64.73,Paul MacIntyre,Ontario,Ontario,Corporate,Furniture,Chairs & Chairmats,"Global Leather and Oak Executive Chair, Black",Jumbo Drum,0.56,12/28/2009
61,355,6/13/2009,Low,16,1239.6315,0,Regular Air,-172.55,85.99,0.99,Henry MacAllister,Ontario,Ontario,Small Business,Technology,Telephones and Communication,Accessory4,Wrap Bag,0.85,6/18/2009
106,646,11/21/2009,High,18,173.2,0.01,Regular Air,-10.90,9.31,3.98,Duane Huffman,Ontario,Ontario,Small Business,Office Supplies,"Scissors, Rulers and Trimmers",Acme¨ Forged Steel Scissors with Black Enamel Handles,Small Pack,0.56,11/22/2009
159,994,4/19/2009,Low,38,132.07,0.06,Regular Air,14.00,3.58,1.63,Kelly Lampkin,Ontario,Ontario,Corporate,Office Supplies,Rubber Bands,"OIC Colored Binder Clips, Assorted Sizes",Wrap Bag,0.36,4/23/2009
274,1891,12/14/2009,Low,3,302.36,0.09,Regular Air,290.31,107.53,5.81,Jeremy Ellison,Ontario,Ontario,Small Business,Furniture,Office Furnishings,"Tenex Contemporary Contur Chairmats for Low and Medium Pile Carpet, Computer, 39"" x 49""",Medium Box,0.65,12/16/2009
521,3585,11/22/2009,High,27,259.72,0.07,Regular Air,78.05,10.06,2.06,Ann Blume,Ontario,Ontario,Corporate,Office Supplies,Paper,Riverleaf Stik-Withit¨ Designer Note Cubes¨,Wrap Bag,0.39,11/22/2009
522,3585,11/22/2009,High,34,54.69,0.07,Regular Air,-35.75,1.68,1.57,Ann Blume,Ontario,Ontario,Corporate,Office Supplies,Pens & Art Supplies,Newell 323,Wrap Bag,0.59,11/23/2009
625,4354,9/29/2009,Not Specified,6,49.04,0.02,Regular Air,7.74,7.38,5.21,Erin Creighton,Ontario,Ontario,Corporate,Furniture,Office Furnishings,"Eldon¨ Expressionsª Wood Desk Accessories, Oak",Small Box,0.56,9/30/2009
645,4550,12/28/2009,High,32,3730.54,0.07,Delivery Truck,1369.09,119.99,16.8,Gary Zandusky,Ontario,Ontario,Home Office,Technology,Office Machines,Epson C62 Color Inkjet Printer,Jumbo Box,0.35,12/30/2009
733,5283,6/3/2009,Medium,23,2508.673,0.03,Regular Air,417.47,125.99,7.69,Gary Zandusky,Ontario,Ontario,Home Office,Technology,Telephones and Communication,Timeport L7089,Small Box,0.58,6/5/2009
802,5760,5/24/2009,Not Specified,34,5261.73,0.05,Delivery Truck,650.30,150.98,43.71,Nancy Lomonaco,Ontario,Ontario,Home Office,Furniture,Chairs & Chairmats,"Global Airflow Leather Mesh Back Chair, Black",Jumbo Drum,0.55,5/25/2009
917,6592,12/1/2009,Low,29,194.29,0.09,Regular Air,-177.17,6.84,8.37,Tamara Chand,Ontario,Ontario,Consumer,Office Supplies,"Scissors, Rulers and Trimmers","Acme Design Line 8"" Stainless Steel Bent Scissors w/Champagne Handles, 3-1/8"" Cut",Small Pack,0.58,12/8/2009
918,6592,12/1/2009,Low,33,1621.1,0.07,Express Air,-971.36,48.91,35,Tamara Chand,Ontario,Ontario,Consumer,Office Supplies,Storage & Organization,Tennsco Industrial Shelving,Large Box,0.83,12/3/2009
1104,8103,11/2/2009,Low,16,457.68,0.07,Regular Air,107.38,29.17,6.27,Bill Stewart,Ontario,Ontario,Corporate,Office Supplies,Binders and Binder Accessories,Binding Machine Supplies,Small Box,0.37,11/6/2009
1130,8258,3/1/2009,High,37,434.77,0.02,Regular Air,-155.21,11.34,11.25,James Lanier,Ontario,Ontario,Corporate,Office Supplies,Paper,Staples 1 Part Blank Computer Paper,Small Box,0.36,3/2/2009
1193,8710,1/4/2009,Critical,17,63.34,0.03,Regular Air,-76.02,3.36,6.27,Tamara Dahlen,Ontario,Ontario,Corporate,Office Supplies,Binders and Binder Accessories,Cardinal Poly Pocket Divider Pockets for Ring Binders,Small Box,0.4,1/5/2009
1194,8710,1/4/2009,Critical,42,151.35,0.07,Express Air,8.33,3.71,1.93,Tamara Dahlen,Ontario,Ontario,Corporate,Office Supplies,Paper,"""While you Were Out"" Message Book, One Form per Page",Wrap Bag,0.35,1/6/2009
1208,8835,10/13/2009,Critical,12,153.44,0.05,Regular Air,-6.15,12.2,6.02,James Lanier,Ontario,Ontario,Corporate,Furniture,Office Furnishings,Advantus Panel Wall Certificate Holder - 8.5x11,Small Pack,0.43,10/14/2009
1322,9665,4/23/2009,Low,50,2348.66,0.02,Regular Air,921.41,46.89,5.1,Eugene Hildebrand,Ontario,Ontario,Home Office,Office Supplies,Appliances,Bionaire Personal Warm Mist Humidifier/Vaporizer,Medium Box,0.46,4/23/2009
1323,9665,4/23/2009,Low,19,2657.12,0.05,Delivery Truck,-373.09,140.98,36.09,Eugene Hildebrand,Ontario,Ontario,Home Office,Furniture,Bookcases,"Sauder Forest Hills Library, Woodland Oak Finish",Jumbo Box,0.77,4/25/2009
1324,9665,4/23/2009,Low,49,9579.62,0.1,Delivery Truck,-3465.07,212.6,110.2,Eugene Hildebrand,Ontario,Ontario,Home Office,Furniture,Tables,Bush Advantage Collection¨ Round Conference Table,Jumbo Box,0.73,4/25/2009
1357,9893,8/16/2009,Medium,1,192.49,0.02,Delivery Truck,-98.30,160.98,30,Edward Nazzal,Ontario,Ontario,Home Office,Furniture,Chairs & Chairmats,Office Star - Mid Back Dual function Ergonomic High Back Chair with 2-Way Adjustable Arms,Jumbo Drum,0.62,8/19/2009
1401,10183,11/24/2009,Critical,48,1210.02,0.06,Delivery Truck,-279.44,25.98,14.36,Darren Budd,Ontario,Ontario,Corporate,Furniture,Chairs & Chairmats,"Global Stack Chair without Arms, Black",Jumbo Drum,0.6,11/25/2009
1438,10371,9/16/2009,High,10,156.15,0.08,Express Air,-37.60,15.73,7.42,Melanie Page,Ontario,Ontario,Corporate,Office Supplies,"Scissors, Rulers and Trimmers",Acme Galleria¨ Hot Forged Steel Scissors with Colored Handles,Small Pack,0.56,9/18/2009
1470,10624,12/20/2009,Critical,23,1082.43,0.06,Regular Air,23.97,47.98,3.61,Darren Powers,Ontario,Ontario,Corporate,Technology,Computer Peripherals,"DS/HD IBM Formatted Diskettes, 200/Pack - Staples",Small Pack,0.71,12/22/2009
1697,12258,11/30/2009,Low,3,561.65,0.04,Delivery Truck,-264.94,180.98,30,Kelly Lampkin,Ontario,Ontario,Home Office,Furniture,Chairs & Chairmats,Office Star - Ergonomic Mid Back Chair with 2-Way Adjustable Arms,Jumbo Drum,0.69,11/30/2009
1698,12258,11/30/2009,Low,2,55.6,0.06,Regular Air,-52.54,3.25,49,Kelly Lampkin,Ontario,Ontario,Home Office,Office Supplies,Appliances,"Bravo IIª Megaboss¨ 12-Amp Hard Body Upright, Replacement Belts, 2 Belts per Pack",Large Box,0.56,12/5/2009
1699,12258,11/30/2009,Low,22,2431.13,0.01,Regular Air,660.63,110.98,13.99,Kelly Lampkin,Ontario,Ontario,Home Office,Furniture,Office Furnishings,"Rubbermaid ClusterMat Chairmats, Mat Size- 66"" x 60"", Lip 20"" x 11"" -90 Degree Angle",Medium Box,0.69,12/4/2009
1700,12258,11/30/2009,Low,27,113.4,0.05,Express Air,-5.02,3.95,2,Kelly Lampkin,Ontario,Ontario,Home Office,Office Supplies,Rubber Bands,Advantus Map Pennant Flags and Round Head Tacks,Wrap Bag,0.53,12/7/2009
1780,12768,4/8/2009,Critical,34,1562.97,0.01,Express Air,501.59,42.98,4.62,Kelly Lampkin,Ontario,Ontario,Corporate,Office Supplies,Appliances,Belkin F9M820V08 8 Outlet Surge,Small Box,0.56,4/10/2009
1817,13030,7/22/2009,Medium,32,136.2,0.09,Express Air,-154.31,3.89,7.01,Nancy Lomonaco,Ontario,Ontario,Home Office,Office Supplies,Binders and Binder Accessories,Avery Binder Labels,Small Box,0.37,7/24/2009
1823,13091,11/15/2009,Medium,12,81.43,0.08,Regular Air,-44.66,6.48,7.03,Arthur Wiediger,Ontario,Ontario,Corporate,Office Supplies,Paper,Xerox 214,Small Box,0.37,11/16/2009
1824,13091,11/15/2009,Medium,39,883.15,0.01,Regular Air,-1148.19,20.34,35,Arthur Wiediger,Ontario,Ontario,Corporate,Office Supplies,Storage & Organization,Tennsco Commercial Shelving,Large Box,0.84,11/16/2009
1874,13479,12/4/2009,High,3,292.96,0.09,Regular Air,-322.95,99.99,19.99,Erin Ashbrook,Ontario,Ontario,Consumer,Technology,Computer Peripherals,US Robotics 56K V.92 External Faxmodem,Small Box,0.52,12/6/2009
1875,13479,12/4/2009,High,13,2206.991,0.04,Regular Air,-1.63,205.99,5.26,Erin Ashbrook,Ontario,Ontario,Consumer,Technology,Telephones and Communication,i470,Small Box,0.56,12/5/2009
1917,13735,5/21/2009,Medium,36,281.71,0.02,Regular Air,117.38,7.64,1.39,Edward Becker,Ontario,Ontario,Home Office,Office Supplies,Envelopes,"#10- 4 1/8"" x 9 1/2"" Security-Tint Envelopes",Small Box,0.36,5/23/2009
1976,14115,8/14/2009,Not Specified,24,158.78,0.04,Regular Air,-38.38,6.28,5.41,Jim Mitchum,Ontario,Ontario,Consumer,Furniture,Office Furnishings,Eldon¨ 200 Classª Desk Accessories,Small Box,0.53,8/16/2009
1977,14115,8/14/2009,Not Specified,46,3296.062,0.06,Regular Air,591.91,85.99,10.78,Jim Mitchum,Ontario,Ontario,Consumer,Technology,Telephones and Communication,3395,Small Box,0.58,8/16/2009
1990,14211,2/12/2009,Not Specified,22,3220.58,0.04,Regular Air,1046.69,150.98,13.99,Frank Hawley,Ontario,Ontario,Home Office,Technology,Office Machines,Canon MP41DH Printing Calculator,Medium Box,0.38,2/15/2009
1991,14211,2/12/2009,Not Specified,14,2367.99,0.04,Regular Air,320.10,176.19,11.87,Frank Hawley,Ontario,Ontario,Home Office,Office Supplies,Storage & Organization,Fellowes High-Stak¨ Drawer Files,Small Box,0.62,2/14/2009
2045,14596,1/10/2009,Critical,24,199.12,0.01,Regular Air,73.33,8.34,0.96,Darren Powers,Ontario,Ontario,Corporate,Furniture,Office Furnishings,Document Clip Frames,Wrap Bag,0.43,1/12/2009
2046,14596,1/10/2009,Critical,19,63.14,0.06,Regular Air,-53.75,3.28,3.97,Darren Powers,Ontario,Ontario,Corporate,Office Supplies,Pens & Art Supplies,Newell 337,Wrap Bag,0.56,1/11/2009
2073,14823,2/12/2009,Low,15,103.62,0.1,Regular Air,39.98,7.31,0.49,David Smith,Ontario,Ontario,Small Business,Office Supplies,Labels,Self-Adhesive Address Labels for Typewriters by Universal,Small Box,0.38,2/21/2009
2074,14823,2/12/2009,Low,20,124.84,0.08,Regular Air,10.56,6.7,1.56,David Smith,Ontario,Ontario,Small Business,Office Supplies,Pens & Art Supplies,Turquoise Lead Holder with Pocket Clip,Wrap Bag,0.52,2/12/2009
2249,16196,10/20/2009,High,44,14521.39,0.03,Regular Air,5034.15,320.98,24.49,Magdelene Morse,Ontario,Ontario,Home Office,Furniture,Chairs & Chairmats,Hon Pagodaª Stacking Chairs,Large Box,0.55,10/22/2009
2250,16196,10/20/2009,High,39,3925.9715,0.06,Regular Air,671.95,125.99,8.8,Magdelene Morse,Ontario,Ontario,Home Office,Technology,Telephones and Communication,StarTAC 6500,Small Box,0.59,10/21/2009
2326,16771,9/28/2009,High,42,1737.06,0.02,Regular Air,339.17,39.98,9.2,Dan Lawera,Ontario,Ontario,Corporate,Furniture,Office Furnishings,Eldon Radial Chair Mat for Low to Medium Pile Carpets,Wrap Bag,0.65,9/30/2009
2358,17024,10/13/2009,Medium,31,1401.75,0.02,Regular Air,426.44,42.98,4.62,Tamara Dahlen,Ontario,Ontario,Corporate,Office Supplies,Appliances,Belkin F9M820V08 8 Outlet Surge,Small Box,0.56,10/15/2009
2431,17668,11/25/2009,Medium,49,848.92,0.04,Regular Air,296.06,17.48,1.99,Erin Creighton,Ontario,Ontario,Corporate,Technology,Computer Peripherals,"Maxell Pro 80 Minute CD-R, 10/Pack",Small Pack,0.45,11/27/2009
2432,17668,11/25/2009,Medium,24,6930.97,0.05,Regular Air,2574.12,300.98,13.99,Erin Creighton,Ontario,Ontario,Corporate,Technology,Office Machines,Polycom VoiceStation 100,Medium Box,0.39,11/26/2009
2433,17668,11/25/2009,Medium,13,2219.7325,0.04,Express Air,-69.78,205.99,5,Erin Creighton,Ontario,Ontario,Corporate,Technology,Telephones and Communication,Phone 918,Small Box,0.59,11/26/2009
2496,18178,11/2/2009,Low,43,235.09,0.08,Regular Air,-1987.49,4.48,49,Naresj Patel,Ontario,Ontario,Small Business,Office Supplies,Appliances,Hoover Portapowerª Portable Vacuum,Large Box,0.6,11/2/2009
2497,18178,11/2/2009,Low,10,187.46,0,Regular Air,49.85,17.67,8.99,Naresj Patel,Ontario,Ontario,Small Business,Furniture,Office Furnishings,"Executive Impressions 12"" Wall Clock",Small Pack,0.47,11/9/2009
2538,18405,1/7/2009,Medium,30,610.65,0.09,Express Air,60.27,20.98,8.83,George Ashbrook,Ontario,Ontario,Consumer,Office Supplies,Binders and Binder Accessories,Premium Transparent Presentation Covers by GBC,Small Box,0.37,1/9/2009
2539,18405,1/7/2009,Medium,2,158.04,0.03,Regular Air,-263.09,73.98,14.52,George Ashbrook,Ontario,Ontario,Consumer,Technology,Computer Peripherals,Keytronic French Keyboard,Small Box,0.65,1/10/2009
2568,18533,11/6/2009,Not Specified,27,442.57,0.01,Regular Air,-60.73,15.31,8.78,Larry Hughes,Ontario,Ontario,Home Office,Office Supplies,Storage & Organization,Eldon Jumbo ProFileª Portable File Boxes Graphite/Black,Small Box,0.57,11/7/2009
2569,18533,11/6/2009,Not Specified,5,53.737,0.05,Express Air,-28.44,7.99,5.03,Larry Hughes,Ontario,Ontario,Home Office,Technology,Telephones and Communication,Bell Sonecor JB700 Caller ID,Medium Box,0.6,11/8/2009
2591,18723,8/12/2009,Medium,1,52.0965,0,Regular Air,-232.80,55.99,2.5,Jonathan Howell,Ontario,Ontario,Consumer,Technology,Telephones and Communication,Accessory28,Small Pack,0.83,8/14/2009
2592,18753,7/31/2009,Medium,31,3945.95,0.03,Regular Air,1031.32,128.24,12.65,Erin Creighton,Ontario,Ontario,Corporate,Furniture,Chairs & Chairmats,SAFCO Folding Chair Trolley,Medium Box,,8/2/2009
2593,18753,7/31/2009,Medium,33,5394.4,0.01,Delivery Truck,788.79,160.98,30,Erin Creighton,Ontario,Ontario,Corporate,Furniture,Chairs & Chairmats,Office Star - Mid Back Dual function Ergonomic High Back Chair with 2-Way Adjustable Arms,Jumbo Drum,0.62,8/2/2009
2653,19204,9/18/2009,Medium,27,233.92,0.1,Regular Air,-80.75,8.75,8.54,Linda Cazamias,Ontario,Ontario,Corporate,Furniture,Office Furnishings,"Eldon¨ 400 Classª Desk Accessories, Black Carbon",Small Pack,0.43,9/19/2009
2654,19204,9/18/2009,Medium,28,1642.05,0.03,Regular Air,829.73,55.98,4.86,Linda Cazamias,Ontario,Ontario,Corporate,Office Supplies,Paper,Xerox 1908,Small Box,0.36,9/20/2009
2731,19716,9/29/2009,Low,5,616.1055,0.03,Regular Air,-458.74,140.99,4.2,Nat Carroll,Ontario,Ontario,Home Office,Technology,Telephones and Communication,7160,Small Box,0.59,10/6/2009
2807,20261,5/20/2009,Medium,25,751.52,0.09,Express Air,67.11,31.74,12.62,Duane Huffman,Ontario,Ontario,Small Business,Office Supplies,Binders and Binder Accessories,GBC Wire Binding Strips,Small Box,0.37,5/20/2009
2808,20261,5/20/2009,Medium,36,220.48,0.04,Regular Air,81.91,6.35,1.02,Duane Huffman,Ontario,Ontario,Small Business,Office Supplies,Paper,"Telephone Message Books with Fax/Mobile Section, 5 1/2"" x 3 3/16""",Wrap Bag,0.39,5/23/2009
2809,20261,5/20/2009,Medium,21,1259.4535,0.02,Express Air,168.24,65.99,8.99,Duane Huffman,Ontario,Ontario,Small Business,Technology,Telephones and Communication,Talkabout T8367,Small Box,0.56,5/21/2009
2858,20614,5/18/2009,Not Specified,47,3596.36,0,Express Air,326.25,73.98,12.14,Arthur Wiediger,Ontario,Ontario,Corporate,Technology,Computer Peripherals,Keytronic 105-Key Spanish Keyboard,Small Box,0.67,5/20/2009
2870,20709,8/11/2009,High,4,16.6,0.1,Regular Air,-2.06,4.13,0.99,Gary Mitchum,Ontario,Ontario,Consumer,Office Supplies,Labels,Avery 491,Small Box,0.39,8/11/2009
2871,20709,8/11/2009,High,5,25.1,0.04,Regular Air,2.98,4.98,0.49,Gary Mitchum,Ontario,Ontario,Consumer,Office Supplies,Labels,Avery White Multi-Purpose Labels,Small Box,0.39,8/13/2009
3206,23008,10/9/2009,Critical,10,1136.47,0.1,Express Air,323.32,120.98,9.07,Erin Ashbrook,Ontario,Ontario,Consumer,Office Supplies,Binders and Binder Accessories,GBC VeloBinder Electric Binding Machine,Small Box,0.35,10/11/2009
3207,23008,10/9/2009,Critical,2,325.81,0.02,Express Air,-522.78,152.48,6.5,Erin Ashbrook,Ontario,Ontario,Consumer,Technology,Computer Peripherals,Adesso Programmable 142-Key Keyboard,Small Box,0.74,10/11/2009
3350,23971,11/21/2009,Critical,5,66.63,0,Regular Air,-16.92,11.97,4.98,Cynthia Arntzen,Ontario,Ontario,Home Office,Office Supplies,Appliances,Staples 6 Outlet Surge,Small Box,0.58,11/24/2009
3671,26279,7/30/2009,Not Specified,7,211.7435,0.04,Regular Air,-33.31,35.99,1.25,Edward Nazzal,Ontario,Ontario,Home Office,Technology,Telephones and Communication,Accessory23,Small Pack,0.36,8/1/2009
3761,26855,3/15/2009,High,13,396.04,0.08,Regular Air,230.02,30.93,3.92,Naresj Patel,Ontario,Ontario,Small Business,Furniture,Office Furnishings,"Advantus Employee of the Month Certificate Frame, 11 x 13-1/2",Small Pack,0.44,3/16/2009
4052,28897,8/24/2009,Medium,35,146.15,0.02,Regular Air,-180.26,4.06,6.89,Ed Ludwig,Ontario,Ontario,Consumer,Office Supplies,Appliances,Eureka Disposable Bags for Sanitaire¨ Vibra Groomer I¨ Upright Vac,Small Box,0.6,8/26/2009
4053,28897,8/24/2009,Medium,14,877.47,0.07,Regular Air,151.24,60.98,19.99,Ed Ludwig,Ontario,Ontario,Consumer,Office Supplies,Envelopes,"Tyvek Interoffice Envelopes, 9 1/2"" x 12 1/2"", 100/Box",Small Box,0.38,8/26/2009
4105,29219,4/10/2009,Not Specified,29,203.4,0.04,Regular Air,24.59,7.08,2.35,Nat Carroll,Ontario,Ontario,Home Office,Office Supplies,Pens & Art Supplies,SANFORD Major Accentª Highlighters,Wrap Bag,0.47,4/11/2009
4145,29410,9/17/2009,Critical,35,4186.53,0.04,Regular Air,1929.58,120.97,7.11,Linda Cazamias,Ontario,Ontario,Corporate,Technology,Office Machines,Canon BP1200DH 12-Digit Bubble Jet Printing Calculator,Medium Box,0.36,9/17/2009
4146,29410,9/17/2009,Critical,36,6057.27,0,Regular Air,1585.50,195.99,4.2,Linda Cazamias,Ontario,Ontario,Corporate,Technology,Telephones and Communication,688,Small Box,0.6,9/19/2009
4480,31877,6/29/2009,Medium,34,285.06,0.08,Regular Air,-211.54,8.37,10.16,Duane Huffman,Ontario,Ontario,Consumer,Furniture,Office Furnishings,Westinghouse Clip-On Gooseneck Lamps,Large Box,0.59,6/29/2009
4501,32037,2/16/2009,Low,37,311.66,0.04,Regular Air,-63.81,8.6,6.19,Edward Becker,Ontario,Ontario,Home Office,Office Supplies,Binders and Binder Accessories,Avery Printable Repositionable Plastic Tabs,Small Box,0.38,2/23/2009
4502,32037,2/16/2009,Low,15,9862.51,0.07,Regular Air,325.29,699.99,24.49,Edward Becker,Ontario,Ontario,Home Office,Technology,Copiers and Fax,Canon Imageclass D680 Copier / Fax,Large Box,0.54,2/20/2009
4526,32195,11/25/2009,Medium,7,86.29,0.05,Regular Air,-14.03,11.58,6.97,Michelle Huthwaite,Ontario,Ontario,Home Office,Office Supplies,Envelopes,"Peel & Seel¨ Recycled Catalog Envelopes, Brown",Small Box,0.35,11/28/2009
4562,32451,3/24/2009,Not Specified,42,580.56,0.1,Regular Air,163.63,14.28,2.99,Nat Carroll,Ontario,Ontario,Home Office,Office Supplies,Binders and Binder Accessories,Avery Premier Heavy-Duty Binder with Round Locking Rings,Small Box,0.39,3/25/2009
4890,34788,11/9/2009,High,4,30.47,0.02,Regular Air,-10.70,5.98,5.15,Alan Hwang,Ontario,Ontario,Corporate,Office Supplies,Paper,Xerox 193,Small Box,0.36,11/11/2009
4907,34918,10/23/2009,Medium,12,2230.97,0.06,Delivery Truck,273.27,180.98,26.2,Amy Cox,Ontario,Ontario,Corporate,Furniture,Chairs & Chairmats,Global Ergonomic Managers Chair,Jumbo Drum,0.59,10/24/2009
4908,34918,10/23/2009,Medium,25,200.77,0.01,Regular Air,-60.61,7.28,7.98,Amy Cox,Ontario,Ontario,Corporate,Furniture,Office Furnishings,"Master Caster Door Stop, Large Neon Orange",Wrap Bag,0.42,10/25/2009
5117,36452,4/5/2009,High,26,564.98,0.1,Regular Air,-107.51,22.38,15.1,Eudokia Martin,Ontario,Ontario,Home Office,Office Supplies,Binders and Binder Accessories,"Avery Flip-Chart Easel Binder, Black",Small Box,0.38,4/6/2009
5118,36452,4/5/2009,High,18,129.48,0.04,Regular Air,46.01,6.98,2.83,Eudokia Martin,Ontario,Ontario,Home Office,Furniture,Office Furnishings,G.E. Halogen Desk Lamp Bulbs,Small Pack,0.37,4/7/2009
5136,36643,2/23/2009,Critical,17,240.87,0.01,Regular Air,-36.77,13.79,8.78,Ruben Ausman,Ontario,Ontario,Corporate,Furniture,Office Furnishings,9-3/4 Diameter Round Wall Clock,Small Box,0.43,2/25/2009
5137,36643,2/23/2009,Critical,30,1025.02,0.04,Regular Air,87.03,33.29,8.74,Ruben Ausman,Ontario,Ontario,Corporate,Office Supplies,Storage & Organization,Fellowes Bases and Tops For Staxonsteel¨/High-Stak¨ Systems,Small Box,0.61,2/24/2009
5209,36999,12/12/2009,Medium,28,14475.74,0.06,Delivery Truck,4963.89,549.99,49,Cari MacIntyre,Ontario,Ontario,Corporate,Technology,Copiers and Fax,Sharp 1540cs Digital Laser Copier,Jumbo Drum,0.35,12/13/2009
5210,36999,12/12/2009,Medium,3,306.6205,0.08,Express Air,-479.08,115.99,5.99,Cari MacIntyre,Ontario,Ontario,Corporate,Technology,Telephones and Communication,2160,Small Box,0.57,12/13/2009
5358,38080,9/14/2009,Not Specified,26,125.01,0.08,Regular Air,-56.35,4.98,4.7,Jim Mitchum,Ontario,Ontario,Consumer,Office Supplies,Paper,Staples Copy Paper (20Lb. and 84 Bright),Small Box,0.38,9/15/2009
5364,38145,9/12/2009,Not Specified,33,60.92,0.07,Regular Air,-17.20,1.88,1.49,Amy Cox,Ontario,Ontario,Small Business,Office Supplies,Binders and Binder Accessories,Staples¨ General Use 3-Ring Binders,Small Box,0.37,9/14/2009
5365,38145,9/12/2009,Not Specified,8,387.17,0.01,Regular Air,190.60,45.98,4.8,Amy Cox,Ontario,Ontario,Small Business,Furniture,Office Furnishings,Tenex B1-RE Series Chair Mats for Low Pile Carpets,Wrap Bag,0.68,9/13/2009
5416,38503,5/5/2009,Low,47,5567.79,0.04,Regular Air,1726.66,120.98,3.99,Melanie Page,Ontario,Ontario,Corporate,Office Supplies,Appliances,"Belkin 325VA UPS Surge Protector, 6'",Small Box,0.6,5/5/2009
5417,38503,5/5/2009,Low,10,503.2935,0.02,Regular Air,-222.82,55.99,5,Melanie Page,Ontario,Ontario,Corporate,Technology,Telephones and Communication,Accessory36,Small Pack,0.83,5/5/2009
5418,38503,5/5/2009,Low,32,796.03,0.05,Delivery Truck,-133.71,23.99,15.68,Melanie Page,Ontario,Ontario,Corporate,Furniture,Office Furnishings,"Westinghouse Floor Lamp with Metal Mesh Shade, Black",Jumbo Drum,0.62,5/9/2009
5455,38726,5/21/2009,Medium,44,92.86,0.04,Regular Air,-11.28,2.08,1.49,Eugene Hildebrand,Ontario,Ontario,Home Office,Office Supplies,Binders and Binder Accessories,Economy Binders,Small Box,0.36,5/23/2009
5568,39430,6/13/2009,Low,29,877.97,0.03,Regular Air,-144.20,30.98,6.5,Edward Becker,Ontario,Ontario,Corporate,Technology,Computer Peripherals,Logitech Internet Navigator Keyboard,Small Box,0.79,6/17/2009
5622,39815,4/9/2009,Low,43,4075.376,0.05,Regular Air,841.73,115.99,8.99,Roy French,Ontario,Ontario,Consumer,Technology,Telephones and Communication,5185,Small Box,0.58,4/13/2009
5729,40647,8/17/2009,High,47,1982.16,0.03,Regular Air,267.10,40.99,19.99,Naresj Patel,Ontario,Ontario,Corporate,Office Supplies,Paper,"White Dual Perf Computer Printout Paper, 2700 Sheets, 1 Part, Heavyweight, 20 lbs., 14 7/8 x 11",Small Box,0.36,8/18/2009
5815,41221,9/12/2009,Critical,4,345.57,0.06,Regular Air,-218.77,80.98,35,Eugene Hildebrand,Ontario,Ontario,Home Office,Office Supplies,Storage & Organization,Carina Double Wide Media Storage Towers in Natural & Black,Large Box,0.81,9/13/2009
5819,41282,7/4/2009,Medium,39,916.05,0.08,Regular Air,-21.90,24.92,12.98,Eileen Kiefer,Ontario,Ontario,Consumer,Office Supplies,Binders and Binder Accessories,GBC Standard Therm-A-Bind Covers,Small Box,0.39,7/6/2009
5860,41604,2/10/2009,Medium,22,138.24,0.06,Regular Air,-48.22,6.37,5.19,Edward Becker,Ontario,Ontario,Corporate,Office Supplies,Binders and Binder Accessories,"C-Line Peel & Stick Add-On Filing Pockets, 8-3/4 x 5-1/8, 10/Pack",Small Box,0.38,2/11/2009
5925,42022,9/24/2009,Medium,45,338.85,0.04,Regular Air,-170.18,7.3,7.72,Eugene Hildebrand,Ontario,Ontario,Home Office,Office Supplies,Binders and Binder Accessories,"Angle-D Binders with Locking Rings, Label Holders",Small Box,0.38,9/25/2009
5926,42022,9/24/2009,Medium,11,43.25,0.06,Regular Air,-9.68,3.95,2,Eugene Hildebrand,Ontario,Ontario,Home Office,Office Supplies,Rubber Bands,Advantus Map Pennant Flags and Round Head Tacks,Wrap Bag,0.53,9/25/2009
6106,43269,4/10/2009,Critical,16,843.15,0,Regular Air,355.00,48.91,5.81,James Lanier,Ontario,Ontario,Corporate,Office Supplies,Paper,Xerox 1891,Small Box,0.38,4/12/2009
6107,43269,4/10/2009,Critical,24,3978.02,0.08,Regular Air,1336.96,165.98,19.99,James Lanier,Ontario,Ontario,Corporate,Office Supplies,Binders and Binder Accessories,GBC DocuBind P100 Manual Binding Machine,Small Box,0.4,4/12/2009
6132,43399,7/30/2009,High,35,59.66,0.05,Regular Air,-33.34,1.68,1.57,Cari MacIntyre,Ontario,Ontario,Corporate,Office Supplies,Pens & Art Supplies,Newell 323,Wrap Bag,0.59,7/31/2009
6133,43399,7/30/2009,High,2,377.016,0.1,Delivery Truck,-201.28,218.75,69.64,Cari MacIntyre,Ontario,Ontario,Corporate,Furniture,Tables,BoxOffice By Design Rectangular and Half-Moon Meeting Room Tables,Jumbo Box,0.77,8/1/2009
6134,43399,7/30/2009,High,8,124.7,0,Regular Air,31.94,15.04,1.97,Cari MacIntyre,Ontario,Ontario,Corporate,Office Supplies,Paper,White GlueTop Scratch Pads,Wrap Bag,0.39,8/1/2009
6237,44197,1/20/2009,High,27,3970.33,0.02,Delivery Truck,-229.79,140.98,53.48,Cynthia Arntzen,Ontario,Ontario,Small Business,Furniture,Bookcases,"Bush Heritage Pine Collection 5-Shelf Bookcase, Albany Pine Finish, *Special Order",Jumbo Box,0.65,1/23/2009
6401,45414,2/11/2009,Critical,17,1002.73,0.08,Regular Air,-563.86,60.98,49,George Ashbrook,Ontario,Ontario,Consumer,Office Supplies,Appliances,Euro Pro Shark Stick Mini Vacuum,Large Box,0.59,2/12/2009
6443,45824,12/6/2009,Not Specified,44,6123.48,0.08,Regular Air,1232.79,140.81,24.49,Duane Huffman,Ontario,Ontario,Consumer,Furniture,Chairs & Chairmats,Hon Olson Stacker Stools,Large Box,0.57,12/8/2009
6538,46528,12/6/2009,Medium,43,2980.15,0.05,Express Air,-865.98,70.71,37.58,Edward Nazzal,Ontario,Ontario,Home Office,Furniture,Office Furnishings,"Tenex Carpeted, Granite-Look or Clear Contemporary Contour Shape Chair Mats",Wrap Bag,0.78,12/8/2009
6539,46528,12/6/2009,Medium,23,476.04,0.01,Regular Air,57.25,18.97,9.54,Edward Nazzal,Ontario,Ontario,Home Office,Office Supplies,Paper,Xerox 1939,Small Box,0.37,12/9/2009
6581,46853,5/22/2009,Low,22,5648.69,0.03,Regular Air,1489.80,256.99,11.25,Eudokia Martin,Ontario,Ontario,Home Office,Technology,Computer Peripherals,Hayes Optima 56K V.90 Internal Voice Modem,Small Box,0.51,5/22/2009
6595,46919,6/18/2009,Low,31,4483.92,0.07,Regular Air,174.61,152.48,6.5,Jesus Ocampo,Ontario,Ontario,Small Business,Technology,Computer Peripherals,Adesso Programmable 142-Key Keyboard,Small Box,0.74,6/20/2009
6789,48357,3/28/2009,Not Specified,16,2365.43,0.04,Regular Air,619.71,150.98,13.99,Eileen Kiefer,Ontario,Ontario,Consumer,Technology,Office Machines,Canon MP41DH Printing Calculator,Medium Box,0.38,3/28/2009
6842,48710,11/25/2009,Medium,4,29.24,0.01,Regular Air,-1.73,6.98,1.6,Cynthia Arntzen,Ontario,Ontario,Home Office,Office Supplies,Paper,"Adams Phone Message Book, Professional, 400 Message Capacity, 5 3/6Ó x 11Ó",Wrap Bag,0.38,11/26/2009
6891,49125,3/29/2009,Not Specified,29,177.41,0.05,Express Air,-116.05,5.78,7.64,Edward Becker,Ontario,Ontario,Corporate,Office Supplies,Paper,HP Office Recycled Paper (20Lb. and 87 Bright),Small Box,0.36,3/31/2009
6898,49216,3/19/2009,High,28,96.71,0.01,Regular Air,-72.44,3.28,3.97,Noah Childs,Ontario,Ontario,Home Office,Office Supplies,Pens & Art Supplies,Newell 342,Wrap Bag,0.56,3/19/2009
6953,49730,1/4/2009,High,3,1039.56,0.06,Delivery Truck,-394.69,350.98,30,Dave Hallsten,Ontario,Ontario,Home Office,Furniture,Chairs & Chairmats,Office Star - Professional Matrix Back Chair with 2-to-1 Synchro Tilt and Mesh Fabric Seat,Jumbo Drum,0.61,1/5/2009
7126,50823,7/21/2009,Low,12,1244.72,0.04,Regular Air,269.94,100.98,7.18,Nancy Lomonaco,Ontario,Ontario,Home Office,Technology,Computer Peripherals,Logitech Cordless Elite Duo,Small Box,0.4,7/26/2009
7276,51937,2/27/2009,High,39,11613.13,0.05,Delivery Truck,2816.21,294.62,42.52,James Lanier,Ontario,Ontario,Corporate,Office Supplies,Appliances,3.6 Cubic Foot Counter Height Office Refrigerator,Jumbo Drum,0.57,2/27/2009
7354,52391,12/12/2009,High,36,1072.36,0.04,Regular Air,440.48,29.14,4.86,Alan Hwang,Ontario,Ontario,Corporate,Office Supplies,Paper,"Snap-A-Way¨ Black Print Carbonless Speed Message, No Reply Area, Duplicate",Wrap Bag,0.38,12/14/2009
7355,52391,12/12/2009,High,39,857.84,0.02,Regular Air,-309.43,20.89,11.52,Alan Hwang,Ontario,Ontario,Corporate,Office Supplies,Storage & Organization,"Iris¨ 3-Drawer Stacking Bin, Black",Small Box,0.83,12/14/2009
7463,53254,8/18/2009,Medium,34,5442.142,0,Regular Air,1640.30,175.99,4.99,Noel Staavos,Ontario,Ontario,Home Office,Technology,Telephones and Communication,5165,Small Box,0.59,8/21/2009
7464,53281,4/2/2009,Critical,40,14075.99,0.08,Delivery Truck,1894.14,355.98,58.92,Philip Brown,Ontario,Ontario,Corporate,Furniture,Chairs & Chairmats,Hon 4700 Series Mobuisª Mid-Back Task Chairs with Adjustable Arms,Jumbo Drum,0.64,4/4/2009
7467,53312,7/4/2009,Medium,23,8413.23,0.05,Regular Air,2464.75,363.25,19.99,Edward Nazzal,Ontario,Ontario,Home Office,Office Supplies,Appliances,Hoover WindTunnelª Plus Canister Vacuum,Small Box,0.57,7/6/2009
7468,53312,7/4/2009,Medium,30,105.45,0.06,Regular Air,-173.36,3.34,7.49,Edward Nazzal,Ontario,Ontario,Home Office,Office Supplies,Pens & Art Supplies,"Eldon Spacemaker¨ Box, Quick-Snap Lid, Clear",Wrap Bag,0.54,7/5/2009
7639,54694,9/19/2009,Critical,43,112.63,0.08,Regular Air,-201.60,2.66,6.35,Jonathan Howell,Ontario,Ontario,Consumer,Office Supplies,Envelopes,Letter or Legal Size Expandable Poly String Tie Envelopes,Small Box,0.36,9/19/2009
7643,54755,12/7/2009,Critical,44,3421.88,0,Regular Air,443.52,73.98,4,Matt Collister,Ontario,Ontario,Home Office,Technology,Computer Peripherals,Keytronic 105-Key Spanish Keyboard,Small Box,0.77,12/10/2009
7795,55776,3/22/2009,Not Specified,32,4856.1,0.01,Delivery Truck,1096.64,145.45,17.85,Dean Braden,Ontario,Ontario,Corporate,Technology,Office Machines,Panasonic KX-P1150 Dot Matrix Printer,Jumbo Drum,0.56,3/23/2009
7810,55874,2/16/2009,Medium,28,208.83,0,Regular Air,-60.15,7.1,6.05,Erica Smith,Ontario,Ontario,Small Business,Office Supplies,Binders and Binder Accessories,"Wilson Jones Hanging View Binder, White, 1""",Small Box,0.39,2/17/2009
7811,55874,2/16/2009,Medium,41,228.3,0.01,Express Air,-111.72,4.98,4.62,Erica Smith,Ontario,Ontario,Small Business,Technology,Computer Peripherals,"Imation 3.5"", DISKETTE 44766 HGHLD3.52HD/FM, 10/Pack",Small Pack,0.64,2/18/2009
7831,56002,7/4/2009,Low,21,514.53,0.04,Regular Air,149.31,23.99,6.71,Dave Hallsten,Ontario,Ontario,Corporate,Office Supplies,Envelopes,"Recycled Interoffice Envelopes with String and Button Closure, 10 x 13",Small Box,0.35,7/6/2009
7832,56002,7/4/2009,Low,14,748.84,0.09,Regular Air,286.70,55.98,4.86,Dave Hallsten,Ontario,Ontario,Corporate,Office Supplies,Paper,Xerox 1908,Small Box,0.36,7/8/2009
7833,56002,7/4/2009,Low,9,1497.93,0.05,Regular Air,35.31,161.55,19.99,Dave Hallsten,Ontario,Ontario,Corporate,Office Supplies,Storage & Organization,Fellowes Super Stor/Drawer¨ Files,Small Box,0.66,7/11/2009
7834,56002,7/4/2009,Low,14,3857.56,0.07,Regular Air,-377.81,290.98,69,Dave Hallsten,Ontario,Ontario,Corporate,Furniture,Tables,Hon 5100 Series Wood Tables,Large Box,0.67,7/6/2009
8011,57253,1/5/2009,Critical,43,78.08,0.08,Regular Air,1.74,1.81,0.75,Darren Budd,Ontario,Ontario,Consumer,Furniture,Chairs & Chairmats,"Metal Folding Chairs, Beige, 4/Carton",Jumbo Drum,0.58,1/6/2009
8012,57253,1/5/2009,Critical,29,653.54,0.06,Delivery Truck,-1358.90,20.98,53.03,Darren Budd,Ontario,Ontario,Consumer,Furniture,Chairs & Chairmats,Hon 4700 Series Mobuisª Mid-Back Task Chairs with Adjustable Arms,Jumbo Drum,0.64,1/7/2009
8013,57253,1/5/2009,Critical,48,12635.75,0.07,Regular Air,-335.24,279.48,35,Darren Budd,Ontario,Ontario,Consumer,Furniture,Office Furnishings,Telescoping Adjustable Floor Lamp,Large Box,0.6,1/5/2009
8014,57253,1/5/2009,Critical,49,240.3,0.08,Regular Air,-139.16,4.91,5.68,Darren Budd,Ontario,Ontario,Consumer,Furniture,Tables,"Iceberg OfficeWorks 42"" Round Tables",Jumbo Box,0.7,1/6/2009
8015,57253,1/5/2009,Critical,25,2750.107,0.04,Regular Air,667.45,125.99,5.26,Darren Budd,Ontario,Ontario,Consumer,Technology,Telephones and Communication,232,Small Box,0.55,1/5/2009
8034,57382,3/23/2009,Medium,25,106.04,0.09,Regular Air,16.90,4.55,1.49,George Ashbrook,Ontario,Ontario,Consumer,Office Supplies,Binders and Binder Accessories,Presstex Flexible Ring Binders,Small Box,0.35,3/25/2009
8035,57382,3/23/2009,Medium,45,452.93,0.07,Express Air,20.14,9.78,5.76,George Ashbrook,Ontario,Ontario,Consumer,Office Supplies,Envelopes,"Staples #10 Laser & Inkjet Envelopes, 4 1/8"" x 9 1/2"", 100/Box",Small Box,0.35,3/25/2009
8039,57415,3/24/2009,Medium,6,101.52,0.02,Regular Air,-16.37,15.42,5.41,Tamara Chand,Ontario,Ontario,Consumer,Office Supplies,Storage & Organization,Decoflex Hanging Personal Folder File,Small Box,0.59,3/25/2009
8099,57794,7/26/2009,Low,16,88.84,0.02,Regular Air,-46.92,4.98,6.07,Edward Becker,Ontario,Ontario,Home Office,Office Supplies,Paper,Xerox 1897,Small Box,0.36,7/28/2009
8377,59845,12/22/2009,Low,42,200.1,0.04,Regular Air,3.02,4.71,0.7,Ed Ludwig,Ontario,Ontario,Consumer,Office Supplies,Rubber Bands,Plymouth Boxed Rubber Bands by Plymouth,Wrap Bag,0.8,12/26/2009
8378,59845,12/22/2009,Low,28,120.54,0.06,Regular Air,6.52,4.2,2.26,Ed Ludwig,Ontario,Ontario,Consumer,Office Supplies,Paper,"Important Message Pads, 50 4-1/4 x 5-1/2 Forms per Pad",Wrap Bag,0.36,12/27/2009
130,833,2/12/2009,Medium,1,19.32,0.03,Regular Air,-20.32,12.53,7.17,Olvera Toch,Ontario,Ontario,Home Office,Office Supplies,Binders and Binder Accessories,GBC ProClick Spines for 32-Hole Punch,Small Box,0.38,2/13/2009
940,6823,7/21/2009,Not Specified,50,1262.72,0.01,Regular Air,490.28,24.95,2.99,Todd Boyes,Ontario,Ontario,Small Business,Office Supplies,Binders and Binder Accessories,Large Capacity Hanging Post Binders,Small Box,0.39,7/22/2009
941,6823,7/21/2009,Not Specified,31,524.19,0,Regular Air,-135.46,15.98,8.99,Todd Boyes,Ontario,Ontario,Small Business,Technology,Computer Peripherals,"Imation 3.5"" DS/HD IBM Formatted Diskettes, 50/Pack",Small Pack,0.64,7/23/2009
1062,7845,12/13/2009,Critical,22,118.56,0.06,Express Air,-63.38,4.91,5.68,Todd Boyes,Ontario,Ontario,Small Business,Office Supplies,Binders and Binder Accessories,"Acco Pressboard Covers with Storage Hooks, 14 7/8"" x 11"", Light Blue",Small Box,0.36,12/13/2009
1063,7845,12/13/2009,Critical,45,2145.05,0.07,Express Air,1012.67,48.94,5.86,Todd Boyes,Ontario,Ontario,Small Business,Office Supplies,Paper,Xerox 1916,Small Box,0.35,12/14/2009
1441,10434,12/23/2009,High,2,383.45,0.06,Delivery Truck,-244.47,180.98,26.2,Michelle Ellison,Ontario,Ontario,Small Business,Furniture,Chairs & Chairmats,Global Ergonomic Managers Chair,Jumbo Drum,0.59,12/24/2009
1566,11302,3/1/2009,Low,10,866.66,0.09,Delivery Truck,35.29,90.97,14,Natalie Fritzler,Ontario,Ontario,Home Office,Technology,Office Machines,Lexmark Z54se Color Inkjet Printer,Jumbo Drum,0.36,3/3/2009
1599,11584,11/22/2009,Medium,48,1497.3175,0.01,Regular Air,836.51,35.99,0.99,Sean Miller,Ontario,Ontario,Small Business,Technology,Telephones and Communication,Accessory31,Small Pack,0.35,11/23/2009
1615,11686,1/27/2009,Not Specified,38,6121.1985,0.08,Regular Air,1312.34,205.99,2.5,Michael Dominguez,Ontario,Ontario,Home Office,Technology,Telephones and Communication,V70,Small Box,0.59,1/28/2009
2127,15170,3/18/2009,Critical,19,356.4645,0.01,Regular Air,-9.11,20.99,4.81,Thomas Boland,Ontario,Ontario,Corporate,Technology,Telephones and Communication,1726 Digital Answering Machine,Medium Box,0.58,3/18/2009
2303,16610,10/10/2009,High,19,659.13,0.09,Regular Air,187.57,35.94,6.66,Thomas Boland,Ontario,Ontario,Corporate,Office Supplies,Envelopes,"Tyvek ¨ Top-Opening Peel & Seel ¨ Envelopes, Gray",Small Box,0.4,10/12/2009
2687,19431,5/23/2009,Not Specified,4,16.82,0.08,Regular Air,-5.54,4.13,1.17,Nathan Gelder,Ontario,Ontario,Home Office,Office Supplies,Pens & Art Supplies,Newell 31,Wrap Bag,0.57,5/25/2009
2712,19584,4/16/2009,Critical,6,14535.8,0.05,Delivery Truck,-3971.06,2550.14,29.7,Maria Zettner,Ontario,Ontario,Corporate,Technology,Office Machines,Epson DFX-8500 Dot Matrix Printer,Jumbo Drum,0.57,4/17/2009
2810,20262,12/26/2009,Not Specified,27,652.24,0.02,Regular Air,185.04,22.72,8.99,Patrick O'Donnell,Ontario,Ontario,Home Office,Furniture,Office Furnishings,"Executive Impressions 14"" Two-Color Numerals Wall Clock",Small Pack,0.44,12/26/2009
2976,21479,8/28/2009,Medium,41,291.16,0.01,Express Air,-89.47,6.48,6.57,Patrick O'Donnell,Ontario,Ontario,Home Office,Office Supplies,Paper,Xerox 20,Small Box,0.37,8/29/2009
3096,22208,10/13/2009,High,37,1138.43,0.01,Regular Air,18.59,30.97,4,Sean Christensen,Ontario,Ontario,Home Office,Technology,Computer Peripherals,Microsoft Multimedia Keyboard,Small Box,0.74,10/15/2009
3097,22208,10/13/2009,High,50,5271.0455,0.08,Regular Air,1379.76,125.99,7.69,Sean Christensen,Ontario,Ontario,Home Office,Technology,Telephones and Communication,Timeport L7089,Small Box,0.58,10/15/2009
3106,22279,12/22/2009,Not Specified,43,2463.6,0.03,Regular Air,1040.65,54.96,10.75,Lena Radford,Ontario,Ontario,Small Business,Office Supplies,Paper,Xerox 1940,Small Box,0.36,12/25/2009
3259,23333,8/5/2009,Medium,44,634.12,0.04,Regular Air,-21.65,14.42,6.75,Michael Dominguez,Ontario,Ontario,Home Office,Office Supplies,Appliances,Holmes Odor Grabber,Medium Box,0.52,8/6/2009
3260,23333,8/5/2009,Medium,32,196.84,0.04,Regular Air,-69.29,5.98,5.79,Michael Dominguez,Ontario,Ontario,Home Office,Office Supplies,Paper,Xerox 1903,Small Box,0.36,8/7/2009
3261,23333,8/5/2009,Medium,16,886.89,0.03,Regular Air,-23.83,65.99,8.99,Michael Dominguez,Ontario,Ontario,Home Office,Technology,Telephones and Communication,Talkabout T8367,Small Box,0.56,8/6/2009
4473,31873,11/8/2009,Low,2,141.59,0.05,Regular Air,-91.09,70.97,3.5,Shahid Collister,Ontario,Ontario,Home Office,Office Supplies,Appliances,Tripp Lite Isotel 8 Ultra 8 Outlet Metal Surge,Small Box,0.59,11/13/2009
4474,31873,11/8/2009,Low,14,2465.5015,0.06,Regular Air,13.01,205.99,8.99,Shahid Collister,Ontario,Ontario,Home Office,Technology,Telephones and Communication,StarTAC 8000,Small Box,0.6,11/15/2009
4475,31873,11/8/2009,Low,50,8558.4715,0.06,Regular Air,2539.46,205.99,8.99,Shahid Collister,Ontario,Ontario,Home Office,Technology,Telephones and Communication,TimeportP7382,Small Box,0.56,11/15/2009
4476,31873,11/8/2009,Low,42,236.89,0,Regular Air,-125.29,5.28,6.26,Shahid Collister,Ontario,Ontario,Home Office,Office Supplies,Paper,Xerox 1928,Small Box,0.4,11/15/2009
4597,32737,10/28/2009,High,14,367.11,0.09,Regular Air,116.80,28.53,1.49,Victoria Wilson,Ontario,Ontario,Home Office,Office Supplies,Binders and Binder Accessories,Lock-Up Easel 'Spel-Binder',Small Box,0.38,10/30/2009
5237,37254,9/18/2009,High,28,739.94,0.01,Regular Air,370.23,26.17,1.39,Katrina Bavinger,Ontario,Ontario,Consumer,Office Supplies,Envelopes,Quality Park Security Envelopes,Small Box,0.38,9/19/2009
5260,37441,2/24/2009,Critical,46,14740.51,0,Delivery Truck,3407.73,300.98,164.73,Katrina Bavinger,Ontario,Ontario,Home Office,Furniture,Chairs & Chairmats,"Global Leather and Oak Executive Chair, Black",Jumbo Drum,0.56,2/25/2009
5261,37441,2/24/2009,Critical,1,3.77,0.09,Regular Air,-1.84,2.94,0.96,Katrina Bavinger,Ontario,Ontario,Home Office,Office Supplies,Pens & Art Supplies,Newell 343,Wrap Bag,0.58,2/26/2009
5359,38084,3/20/2009,Not Specified,11,100.36,0.02,Regular Air,18.41,9.11,2.15,Victoria Wilson,Ontario,Ontario,Home Office,Office Supplies,Paper,"Black Print Carbonless Snap-Off¨ Rapid Letter, 8 1/2"" x 7""",Wrap Bag,0.4,3/22/2009
5360,38084,3/20/2009,Not Specified,33,404.91,0.06,Regular Air,65.63,12.64,4.98,Victoria Wilson,Ontario,Ontario,Home Office,Furniture,Office Furnishings,Nu-Dell Executive Frame,Small Pack,0.48,3/22/2009
5583,39589,8/2/2009,Critical,42,577.42,0,Regular Air,253.50,12.97,1.49,Olvera Toch,Ontario,Ontario,Home Office,Office Supplies,Binders and Binder Accessories,"Mead 1st Gear 2"" Zipper Binder, Asst. Colors",Small Box,0.35,8/3/2009
5584,39589,8/2/2009,Critical,20,95.08,0.06,Regular Air,39.91,4.91,0.5,Olvera Toch,Ontario,Ontario,Home Office,Office Supplies,Labels,Avery 508,Small Box,0.36,8/2/2009
5640,39906,3/17/2009,Medium,25,82.21,0.04,Regular Air,15.25,3.38,1.09,Sean Christensen,Ontario,Ontario,Home Office,Office Supplies,Paper,Avoid Verbal Orders Carbonless Minifold Book,Wrap Bag,0.39,3/19/2009
5666,40097,1/9/2009,Low,47,117.88,0.1,Regular Air,-71.00,2.6,2.4,Olvera Toch,Ontario,Ontario,Home Office,Office Supplies,Pens & Art Supplies,12 Colored Short Pencils,Wrap Bag,0.58,1/14/2009
5693,40258,4/9/2009,Not Specified,31,449.47,0.05,Regular Air,-190.49,14.81,13.32,Michelle Ellison,Ontario,Ontario,Small Business,Office Supplies,Appliances,"Holmes Replacement Filter for HEPA Air Cleaner, Large Room",Small Box,0.43,4/11/2009
5694,40258,4/9/2009,Not Specified,29,80.61,0.08,Regular Air,-8.77,2.78,1.25,Michelle Ellison,Ontario,Ontario,Small Business,Office Supplies,Pens & Art Supplies,Newell 318,Wrap Bag,0.59,4/10/2009
5721,40544,4/6/2009,Low,39,2413.53,0.06,Regular Air,544.04,60.65,12.23,Michelle Ellison,Ontario,Ontario,Consumer,Furniture,Office Furnishings,"Tenex Traditional Chairmats for Medium Pile Carpet, Standard Lip, 36"" x 48""",Medium Box,0.64,4/8/2009
5887,41765,12/9/2009,Medium,41,204.99,0.03,Regular Air,-95.99,4.98,4.95,Victoria Wilson,Ontario,Ontario,Home Office,Office Supplies,Binders and Binder Accessories,Cardinal Holdit Business Card Pockets,Small Box,0.37,12/11/2009
5949,42242,4/1/2009,Not Specified,23,265.31,0.09,Express Air,-33.19,11.5,7.19,Thomas Boland,Ontario,Ontario,Corporate,Office Supplies,Binders and Binder Accessories,Ibico Covers for Plastic or Wire Binding Elements,Small Box,0.4,4/2/2009
5950,42242,4/1/2009,Not Specified,15,1444.88,0.1,Regular Air,236.61,100.97,7.18,Thomas Boland,Ontario,Ontario,Corporate,Technology,Computer Peripherals,Gyration Ultra Cordless Optical Suite,Small Box,0.46,4/2/2009
5951,42242,4/1/2009,Not Specified,23,2287.1,0.07,Regular Air,231.49,99.99,19.99,Thomas Boland,Ontario,Ontario,Corporate,Technology,Office Machines,AT&T 2230 Dual Handset Phone With Caller ID/Call Waiting,Small Box,0.52,4/2/2009
6770,48198,11/20/2009,Critical,7,2813.34,0.1,Delivery Truck,-688.44,442.14,14.7,Sean Christensen,Ontario,Ontario,Home Office,Technology,Office Machines,Okidata ML390 Turbo Dot Matrix Printers,Jumbo Drum,0.56,11/21/2009
6771,48198,11/20/2009,Critical,45,2682.8,0.01,Regular Air,860.22,60.22,3.5,Sean Christensen,Ontario,Ontario,Home Office,Office Supplies,Appliances,"Fellowes Smart Surge Ten-Outlet Protector, Platinum",Small Box,0.57,11/22/2009
6802,48453,7/26/2009,Medium,50,387.03,0.04,Regular Air,-7.73,7.96,4.95,Victoria Wilson,Ontario,Ontario,Home Office,Furniture,Office Furnishings,Staples Plastic Wall Frames,Small Box,0.41,7/26/2009
6817,48518,4/2/2009,Medium,17,585.47,0.1,Express Air,178.14,37.94,5.08,Scot Coram,Ontario,Ontario,Corporate,Office Supplies,Paper,"Snap-A-Way¨ Black Print Carbonless Ruled Speed Letter, Triplicate",Wrap Bag,0.38,4/4/2009
6952,49668,12/2/2009,Low,25,93.22,0.06,Regular Air,-15.37,3.74,0.94,Michelle Ellison,Ontario,Ontario,Home Office,Office Supplies,Rubber Bands,Rubber Band Ball,Wrap Bag,0.83,12/9/2009
7709,55265,9/23/2009,Low,39,706.3925,0.06,Regular Air,346.14,20.99,0.99,Scot Coram,Ontario,Ontario,Corporate,Technology,Telephones and Communication,Accessory21,Wrap Bag,0.37,9/28/2009
8148,58277,1/24/2009,Medium,23,294.68,0.01,Regular Air,-23.35,11.7,6.96,Michael Dominguez,Ontario,Ontario,Home Office,Office Supplies,Appliances,Harmony HEPA Quiet Air Purifiers,Medium Box,0.5,1/26/2009
211,1411,12/20/2009,High,39,5748.2,0.09,Delivery Truck,-459.86,160.98,35.02,Ed Jacobs,Newfoundland,Atlantic,Small Business,Furniture,Bookcases,Rush Hierlooms Collection Rich Wood Bookcases,Jumbo Box,0.72,12/21/2009
219,1444,12/5/2009,Medium,2,21.44,0.02,Regular Air,-13.67,6.48,8.74,Noel Staavos,Newfoundland,Atlantic,Home Office,Office Supplies,Paper,Xerox 1984,Small Box,0.36,12/7/2009
664,4647,5/13/2009,Medium,7,1203.73,0.03,Regular Air,293.14,162.93,19.99,Carlos Meador,Newfoundland,Atlantic,Corporate,Office Supplies,Envelopes,Multimedia Mailers,Small Box,0.39,5/14/2009
665,4647,5/13/2009,Medium,6,75.19,0.01,Regular Air,-6.61,11.58,5.72,Carlos Meador,Newfoundland,Atlantic,Corporate,Office Supplies,Envelopes,"Peel & Seel¨ Recycled Catalog Envelopes, Brown",Small Box,0.35,5/15/2009
1142,8320,9/19/2009,Not Specified,35,1142.36,0.02,Regular Air,72.78,30.73,4,Karl Brown,Newfoundland,Atlantic,Home Office,Technology,Computer Peripherals,Fellowes 17-key keypad for PS/2 interface,Small Box,0.75,9/22/2009
1553,11206,12/28/2009,Low,6,177.67,0.03,Regular Air,39.63,28.53,1.49,Eric Barreto,Newfoundland,Atlantic,Small Business,Office Supplies,Binders and Binder Accessories,Lock-Up Easel 'Spel-Binder',Small Box,0.38,1/1/2010
1601,11585,3/15/2009,Medium,2,200.753,0.09,Regular Air,-605.37,125.99,8.99,Chuck Sachs,Newfoundland,Atlantic,Consumer,Technology,Telephones and Communication,SC7868i,Small Box,0.55,3/16/2009
2447,17795,4/1/2009,Medium,1,17.62,0.06,Regular Air,-15.92,11.33,6.12,Troy Staebel,Newfoundland,Atlantic,Small Business,Office Supplies,Appliances,"Holmes Replacement Filter for HEPA Air Cleaner, Medium Room",Medium Box,0.42,4/3/2009
3351,24003,10/31/2009,Critical,49,87.44,0.06,Regular Air,1.33,1.76,0.7,Dan Campbell,Newfoundland,Atlantic,Corporate,Office Supplies,Pens & Art Supplies,Newell 310,Wrap Bag,0.56,11/2/2009
3352,24003,10/31/2009,Critical,50,1318.49,0.02,Regular Air,4.69,24.98,8.79,Dan Campbell,Newfoundland,Atlantic,Corporate,Office Supplies,Storage & Organization,2300 Heavy-Duty Transfer File Systems by Perma,Small Box,0.66,11/1/2009
3630,25927,4/22/2009,Medium,43,945.9,0.08,Regular Air,105.70,22.01,5.53,Rick Duston,Newfoundland,Atlantic,Corporate,Office Supplies,Pens & Art Supplies,Boston 16801 Nautilusª Battery Pencil Sharpener,Small Pack,0.59,4/24/2009
4180,29667,7/24/2009,Not Specified,14,215.31,0.09,Regular Air,-51.75,15.28,10.91,Astrea Jones,Newfoundland,Atlantic,Corporate,Office Supplies,Binders and Binder Accessories,Recycled Premium Regency Composition Covers,Small Box,0.36,7/25/2009
4248,30215,2/26/2009,Medium,20,125.84,0.1,Regular Air,18.42,6.88,2,Cathy Hwang,Newfoundland,Atlantic,Home Office,Office Supplies,Paper,"Adams Phone Message Book, 200 Message Capacity, 8 1/16Ó x 11Ó",Wrap Bag,0.39,2/27/2009
4638,32999,4/14/2009,Low,14,1386.65,0.09,Delivery Truck,-193.58,100.98,35.84,David Flashing,Newfoundland,Atlantic,Home Office,Furniture,Bookcases,"Bush Westfield Collection Bookcases, Fully Assembled",Jumbo Box,0.62,4/19/2009
5084,36230,6/10/2009,High,7,57.03,0,Regular Air,-31.38,7.28,3.52,Tom Prescott,Newfoundland,Atlantic,Small Business,Technology,Computer Peripherals,"Imation 3.5"" DS-HD Macintosh Formatted Diskettes, 10/Pack",Small Pack,0.68,6/10/2009
5504,39040,5/21/2009,Critical,7,19.36,0.04,Express Air,-1.00,1.98,0.7,Astrea Jones,Newfoundland,Atlantic,Corporate,Office Supplies,Rubber Bands,"Brites Rubber Bands, 1 1/2 oz. Box",Wrap Bag,0.83,5/22/2009
5864,41607,12/19/2009,Medium,36,4115.74,0.1,Regular Air,1719.47,120.98,9.07,Barry Franz,Newfoundland,Atlantic,Corporate,Office Supplies,Binders and Binder Accessories,GBC VeloBinder Electric Binding Machine,Small Box,0.35,12/21/2009
6773,48226,1/6/2009,Low,23,2357.45,0.02,Delivery Truck,-108.80,100.98,35.84,Corey Roper,Newfoundland,Atlantic,Small Business,Furniture,Bookcases,"Bush Westfield Collection Bookcases, Fully Assembled",Jumbo Box,0.62,1/6/2009
6803,48455,6/2/2009,Critical,34,817.53,0.03,Regular Air,76.63,22.84,11.54,Amy Cox,Newfoundland,Atlantic,Small Business,Office Supplies,Paper,Xerox 1964,Small Box,0.39,6/3/2009
6866,48929,10/22/2009,High,1,55.43,0.01,Regular Air,-48.91,35.44,19.99,Sara Luxemburg,Newfoundland,Atlantic,Small Business,Office Supplies,Paper,Xerox 1880,Small Box,0.38,10/23/2009
7827,55940,4/29/2009,Not Specified,29,2925.78,0.03,Regular Air,1041.29,100.98,7.18,Janet Martin,Newfoundland,Atlantic,Corporate,Technology,Computer Peripherals,Logitech Cordless Elite Duo,Small Box,0.4,4/30/2009
8109,57890,2/26/2009,Critical,15,803.04,0.08,Regular Air,282.32,55.48,6.79,Jennifer Patt,Newfoundland,Atlantic,Home Office,Office Supplies,Paper,"Eaton Premium Continuous-Feed Paper, 25% Cotton, Letter Size, White, 1000 Shts/Box",Small Box,0.37,2/28/2009
860,6179,6/2/2009,Not Specified,50,477.53,0.09,Regular Air,197.76,9.78,1.39,Elpida Rittenbach,Nova Scotia,Atlantic,Consumer,Office Supplies,Envelopes,"Staples #10 Laser & Inkjet Envelopes, 4 1/8"" x 9 1/2"", 100/Box",Small Box,0.39,6/3/2009
861,6179,6/2/2009,Not Specified,15,2690.7515,0,Regular Air,234.61,200.99,8.08,Elpida Rittenbach,Nova Scotia,Atlantic,Consumer,Technology,Telephones and Communication,5125,Small Box,0.59,6/4/2009
141,900,9/30/2009,Not Specified,29,1193.65,0.07,Regular Air,507.58,40.98,2.99,Karen Carlisle,Nova Scotia,Atlantic,Home Office,Office Supplies,Binders and Binder Accessories,"Avery Trapezoid Ring Binder, 3"" Capacity, Black, 1040 sheets",Small Box,0.36,10/1/2009
394,2722,4/8/2009,Low,46,1895.55,0.06,Regular Air,807.62,40.97,1.99,Jay Fine,Nova Scotia,Atlantic,Consumer,Technology,Computer Peripherals,"TDK 4.7GB DVD-R Spindle, 15/Pack",Small Pack,0.42,4/12/2009
852,6116,3/20/2009,Medium,7,150.77,0.01,Regular Air,-72.23,19.98,4,Barry Weirich,Nova Scotia,Atlantic,Corporate,Technology,Computer Peripherals,Belkin 105-Key Black Keyboard,Small Box,0.68,3/20/2009
1358,9894,3/18/2009,High,16,5403.75,0.08,Delivery Truck,103.83,355.98,58.92,Eric Barreto,Nova Scotia,Atlantic,Small Business,Furniture,Chairs & Chairmats,Hon 4700 Series Mobuisª Mid-Back Task Chairs with Adjustable Arms,Jumbo Drum,0.64,3/20/2009
1988,14182,6/22/2009,Low,23,2433.55,0.05,Regular Air,355.93,125.99,8.08,Bobby Trafton,Nova Scotia,Atlantic,Small Business,Technology,Telephones and Communication,StarTAC ST7762,Small Box,0.57,6/27/2009
2036,14528,6/15/2009,Critical,14,78.44,0.09,Regular Air,11.02,5.98,1.49,Karl Brown,Nova Scotia,Atlantic,Home Office,Office Supplies,Binders and Binder Accessories,Avery Hanging File Binders,Small Box,0.39,6/17/2009
2212,15971,8/14/2009,High,15,2172.515,0.06,Regular Air,32.75,175.99,8.99,Elizabeth Moffitt,Nova Scotia,Atlantic,Consumer,Technology,Telephones and Communication,2180,Small Box,0.57,8/15/2009
2400,17408,5/27/2009,Not Specified,26,149.7,0.05,Express Air,-132.63,5.4,7.78,Berenike Kampe,Nova Scotia,Atlantic,Corporate,Office Supplies,Binders and Binder Accessories,3M Organizer Strips,Small Box,0.37,5/29/2009
2874,20711,1/19/2009,Critical,5,98.66,0.1,Regular Air,-19.52,18.97,9.03,Chris Cortes,Nova Scotia,Atlantic,Consumer,Office Supplies,Paper,Computer Printout Paper with Letter-Trim Perforations,Small Box,0.37,1/21/2009
2980,21538,7/27/2009,Medium,31,87.32,0.08,Regular Air,-1.18,2.94,0.96,Mark Packer,Nova Scotia,Atlantic,Small Business,Office Supplies,Pens & Art Supplies,Newell 343,Wrap Bag,0.58,7/29/2009
3102,22242,6/15/2009,Not Specified,50,329.91,0.04,Regular Air,-279.93,6.48,9.54,Noel Staavos,Nova Scotia,Atlantic,Home Office,Office Supplies,Paper,Xerox 1905,Small Box,0.37,6/17/2009
4556,32420,7/29/2009,Medium,35,175.08,0.07,Regular Air,-168.72,5.02,5.14,Christy Brittain,Nova Scotia,Atlantic,Consumer,Technology,Computer Peripherals,"Imation 3.5, DISKETTE 44766 HGHLD3.52HD/FM, 10/Pack",Small Pack,0.79,7/31/2009
4732,33699,7/26/2009,Low,18,290.07,0.07,Regular Air,-114.20,16.74,7.04,Troy Staebel,Nova Scotia,Atlantic,Small Business,Office Supplies,Storage & Organization,Rogers¨ Profile Extra Capacity Storage Tub,Small Box,0.81,8/2/2009
4734,33699,7/26/2009,Low,31,196.81,0.06,Regular Air,70.39,6.45,1.34,Troy Staebel,Nova Scotia,Atlantic,Small Business,Office Supplies,Paper,"Wirebound Four 2-3/4 x 5 Forms per Page, 400 Sets per Book",Wrap Bag,0.36,7/31/2009
4754,33797,1/11/2009,Not Specified,20,4531.34,0.08,Delivery Truck,653.68,297.64,14.7,Bradley Drucker,Nova Scotia,Atlantic,Small Business,Technology,Office Machines,Panasonic KX-P3200 Dot Matrix Printer,Jumbo Drum,0.57,1/11/2009
4755,33797,1/11/2009,Not Specified,44,574.5,0.02,Regular Air,-449.04,12.99,14.37,Bradley Drucker,Nova Scotia,Atlantic,Small Business,Furniture,Office Furnishings,"Tensor ""Hersey Kiss"" Styled Floor Lamp",Large Box,0.73,1/12/2009
4756,33797,1/11/2009,Not Specified,18,262.94,0.06,Regular Air,-22.37,14.42,6.75,Bradley Drucker,Nova Scotia,Atlantic,Small Business,Office Supplies,Appliances,Holmes Odor Grabber,Medium Box,0.52,1/12/2009
5134,36609,5/14/2009,Not Specified,8,45.73,0,Regular Air,-23.29,4.98,5.49,Brad Thomas,Nova Scotia,Atlantic,Home Office,Office Supplies,Paper,Xerox 1952,Small Box,0.38,5/16/2009
5361,38087,2/21/2009,Critical,18,901.81,0.02,Regular Air,-76.89,49.99,19.99,Ann Blume,Nova Scotia,Atlantic,Small Business,Technology,Computer Peripherals,Zoom V.92 USB External Faxmodem,Small Box,0.41,2/21/2009
5393,38341,5/18/2009,Medium,38,623.1265,0.09,Regular Air,122.29,20.99,0.99,Brendan Murry,Nova Scotia,Atlantic,Corporate,Technology,Telephones and Communication,Accessory25,Wrap Bag,0.57,5/18/2009
5436,38599,10/26/2009,High,27,2651.23,0.09,Regular Air,-741.81,101.41,35,Chuck Sachs,Nova Scotia,Atlantic,Consumer,Office Supplies,Storage & Organization,Tennsco Regal Shelving Units,Large Box,0.82,10/27/2009
5451,38721,3/24/2009,Critical,17,107.56,0.1,Regular Air,-25.00,6.64,54.95,Troy Staebel,Nova Scotia,Atlantic,Small Business,Furniture,Office Furnishings,G.E. Longer-Life Indoor Recessed Floodlight Bulbs,Small Pack,0.37,3/26/2009
5452,38721,3/24/2009,Critical,15,1386.69,0.05,Regular Air,363.00,90.48,19.99,Troy Staebel,Nova Scotia,Atlantic,Small Business,Office Supplies,Envelopes,Tyvek¨ Side-Opening Peel & Seel¨ Expanding Envelopes,Small Box,0.4,3/25/2009
6180,43813,7/21/2009,Not Specified,23,384.21,0.04,Regular Air,-266.22,15.51,17.78,Carlos Meador,Nova Scotia,Atlantic,Corporate,Office Supplies,Storage & Organization,"Tenex File Box, Personal Filing Tote with Lid, Black",Small Box,0.59,7/23/2009
6298,44583,10/4/2009,Low,6,17.59,0.1,Regular Air,-19.74,2.22,5,Deanra Eno,Nova Scotia,Atlantic,Corporate,Office Supplies,Appliances,Hoover Replacement Belt for Commercial Guardsman Heavy-Duty Upright Vacuum,Small Box,0.55,10/9/2009
6711,47813,8/27/2009,High,50,343,0,Regular Air,-76.94,6.68,5.66,Dianna Arnett,Nova Scotia,Atlantic,Home Office,Office Supplies,Paper,Xerox 1923,Small Box,0.37,8/29/2009
6805,48455,6/2/2009,Critical,17,182.47,0.05,Regular Air,-3.18,10.98,3.37,Amy Cox,Nova Scotia,Atlantic,Small Business,Office Supplies,"Scissors, Rulers and Trimmers",Fiskars¨ Softgrip Scissors,Small Pack,0.57,6/3/2009
6865,48929,10/22/2009,High,45,2096.7,0.03,Regular Air,939.67,47.9,5.86,Sara Luxemburg,Nova Scotia,Atlantic,Small Business,Office Supplies,Paper,Xerox 1938,Small Box,0.37,10/25/2009
6981,49891,9/12/2009,Not Specified,40,259.83,0,Regular Air,80.73,5.98,1.49,Darrin Sayre,Nova Scotia,Atlantic,Consumer,Office Supplies,Binders and Binder Accessories,Avery Hanging File Binders,Small Box,0.39,9/14/2009
6995,49984,5/11/2009,Low,14,57.28,0.02,Regular Air,7.31,3.8,1.49,Sara Luxemburg,Nova Scotia,Atlantic,Small Business,Office Supplies,Binders and Binder Accessories,Durable Pressboard Binders,Small Box,0.38,5/15/2009
6996,49984,5/11/2009,Low,32,227.87,0.02,Regular Air,-130.61,6.48,8.4,Sara Luxemburg,Nova Scotia,Atlantic,Small Business,Office Supplies,Paper,Xerox 212,Small Box,0.37,5/11/2009
7179,51233,12/9/2009,Low,3,26.5,0.05,Regular Air,20.12,7.59,4,Eleni McCrary,Nova Scotia,Atlantic,Corporate,Furniture,Office Furnishings,"Master Giant Foot¨ Doorstop, Safety Yellow",Wrap Bag,0.42,12/9/2009
7445,53123,8/31/2009,Not Specified,25,265.75,0.06,Regular Air,14.00,10.98,5.14,Michael Kennedy,Nova Scotia,Atlantic,Corporate,Office Supplies,Binders and Binder Accessories,GBC Imprintable Covers,Small Box,0.36,9/2/2009
7734,55392,6/6/2009,Critical,39,104.97,0.07,Regular Air,3.21,2.84,0.93,Christy Brittain,Nova Scotia,Atlantic,Consumer,Office Supplies,Pens & Art Supplies,SANFORD Liquid Accentª Tank-Style Highlighters,Wrap Bag,0.54,6/8/2009
7822,55909,5/19/2009,Low,3,526.76,0.07,Regular Air,-93.83,172.99,19.99,Karen Ferguson,Nova Scotia,Atlantic,Home Office,Office Supplies,Binders and Binder Accessories,Ibico EB-19 Dual Function Manual Binding System,Small Box,0.39,5/23/2009
217,1444,12/5/2009,Medium,32,21717.36,0.06,Express Air,8249.86,699.99,24.49,Noel Staavos,Nova Scotia,Atlantic,Home Office,Technology,Copiers and Fax,Canon PC1060 Personal Laser Copier,Large Box,0.41,12/7/2009
480,3332,11/4/2009,Critical,6,22.19,0.01,Regular Air,-3.51,3.26,1.86,Ben Peterman,Nova Scotia,Atlantic,Corporate,Office Supplies,Pens & Art Supplies,"Avery Hi-Liter GlideStik Fluorescent Highlighter, Yellow Ink",Wrap Bag,0.41,11/6/2009
494,3397,6/22/2009,Medium,43,815.89,0.1,Regular Air,-20.25,19.98,4,Alex Grayson,Nova Scotia,Atlantic,Consumer,Technology,Computer Peripherals,Belkin 105-Key Black Keyboard,Small Box,0.68,6/24/2009
529,3589,5/25/2009,High,23,72.93,0.01,Regular Air,28.55,3.15,0.49,Denise Leinenbach,Nova Scotia,Atlantic,Home Office,Office Supplies,Labels,Self-Adhesive Removable Labels,Small Box,0.37,5/27/2009
662,4647,5/13/2009,Medium,33,1590.163,0.01,Regular Air,-57.54,55.99,5,Carlos Meador,Nova Scotia,Atlantic,Corporate,Technology,Telephones and Communication,Accessory6,Small Pack,0.8,5/14/2009
886,6369,12/19/2009,High,30,14922.16,0.1,Delivery Truck,545.70,550.98,45.7,Denise Leinenbach,Nova Scotia,Atlantic,Corporate,Furniture,Tables,Chromcraft Bull-Nose Wood Oval Conference Tables & Bases,Jumbo Box,0.71,12/21/2009
1004,7297,9/14/2009,High,4,1620.94,0.1,Delivery Truck,-969.05,400.98,76.37,Debra Catini,Nova Scotia,Atlantic,Small Business,Furniture,Tables,Bretford CR8500 Series Meeting Room Furniture,Jumbo Box,0.6,9/15/2009
1159,8422,4/14/2009,Medium,18,4212.752,0.06,Delivery Truck,-715.78,296.18,54.12,Becky Martin,Nova Scotia,Atlantic,Home Office,Furniture,Tables,Hon 94000 Series Round Tables,Jumbo Box,0.76,4/15/2009
1525,11008,2/24/2009,Critical,17,2545.89,0.01,Regular Air,-321.51,138.14,35,Peter McVee,Nova Scotia,Atlantic,Small Business,Office Supplies,Storage & Organization,"SAFCO Commercial Wire Shelving, Black",Large Box,,2/26/2009
1600,11585,3/15/2009,Medium,17,281.84,0.1,Regular Air,-99.55,17.98,4,Chuck Sachs,Nova Scotia,Atlantic,Consumer,Technology,Computer Peripherals,"Belkin 107-key enhanced keyboard, USB/PS/2 interface",Small Box,0.79,3/16/2009
1973,14114,4/6/2009,Critical,29,65.16,0.03,Regular Air,-7.04,2.18,1.38,Dave Poirier,Nova Scotia,Atlantic,Small Business,Office Supplies,Rubber Bands,Advantus Push Pins,Wrap Bag,0.44,4/6/2009
2255,16229,3/29/2009,High,19,568.7435,0.05,Regular Air,143.79,35.99,3.3,Nora Paige,Nova Scotia,Atlantic,Small Business,Technology,Telephones and Communication,Accessory9,Small Pack,0.39,3/31/2009
2401,17408,5/27/2009,Not Specified,41,728.127,0.02,Regular Air,49.79,20.99,4.81,Berenike Kampe,Nova Scotia,Atlantic,Corporate,Technology,Telephones and Communication,1726 Digital Answering Machine,Medium Box,0.58,5/29/2009
3354,24003,10/31/2009,Critical,4,129.7865,0.05,Express Air,-116.51,35.99,5.99,Dan Campbell,Nova Scotia,Atlantic,Corporate,Technology,Telephones and Communication,Accessory41,Wrap Bag,0.38,11/2/2009
3459,24644,7/28/2009,Critical,46,5897.47,0,Delivery Truck,-1764.29,122.99,70.2,Tony Molinari,Nova Scotia,Atlantic,Corporate,Furniture,Chairs & Chairmats,"Global High-Back Leather Tilter, Burgundy",Jumbo Drum,0.74,7/29/2009
3918,27938,5/5/2009,Medium,40,1233.51,0.05,Regular Air,308.67,30.98,9.18,Noel Staavos,Nova Scotia,Atlantic,Home Office,Office Supplies,Paper,Xerox 1951,Small Box,0.4,5/5/2009
4127,29346,8/16/2009,Low,2,29.06,0.1,Regular Air,-16.15,11.58,6.97,Janet Martin,Nova Scotia,Atlantic,Corporate,Office Supplies,Envelopes,"Peel & Seel¨ Recycled Catalog Envelopes, Brown",Small Box,0.35,8/20/2009
4247,30215,2/26/2009,Medium,23,3637.728,0.06,Regular Air,349.47,195.99,8.99,Cathy Hwang,Nova Scotia,Atlantic,Home Office,Technology,Telephones and Communication,T28 WORLD,Small Box,0.6,2/28/2009
4449,31715,1/9/2009,Not Specified,24,64.11,0.09,Regular Air,-4.09,2.78,0.97,Mark Haberlin,Nova Scotia,Atlantic,Small Business,Office Supplies,Pens & Art Supplies,Newell 339,Wrap Bag,0.59,1/11/2009
4557,32420,7/29/2009,Medium,19,5369.46,0.07,Delivery Truck,-439.62,280.98,57,Christy Brittain,Nova Scotia,Atlantic,Consumer,Furniture,Chairs & Chairmats,Hon 2090 ÒPillow SoftÓ Series Mid Back Swivel/Tilt Chairs,Jumbo Drum,0.78,7/31/2009
4784,33959,7/31/2009,Critical,23,367.53,0.03,Delivery Truck,11.65,15.23,27.75,Ben Peterman,Nova Scotia,Atlantic,Corporate,Furniture,Tables,Anderson Hickey Conga Table Tops & Accessories,Jumbo Box,0.76,8/1/2009
5265,37447,7/8/2009,Low,23,139.45,0.02,Regular Air,-137.49,5.81,8.49,Noel Staavos,Nova Scotia,Atlantic,Home Office,Office Supplies,Binders and Binder Accessories,Fellowes Black Plastic Comb Bindings,Small Box,0.39,7/12/2009
5394,38341,5/18/2009,Medium,15,62.62,0.1,Express Air,-67.06,3.36,6.27,Brendan Murry,Nova Scotia,Atlantic,Corporate,Office Supplies,Binders and Binder Accessories,Cardinal Poly Pocket Divider Pockets for Ring Binders,Small Box,0.4,5/19/2009
5395,38341,5/18/2009,Medium,5,64.25,0.07,Regular Air,-7.94,12.28,4.86,Brendan Murry,Nova Scotia,Atlantic,Corporate,Office Supplies,Paper,Xerox 1933,Small Box,0.38,5/20/2009
5470,38882,12/14/2009,Critical,40,2169.49,0.06,Regular Air,1043.43,55.48,4.85,Hunter Lopez,Nova Scotia,Atlantic,Consumer,Office Supplies,Paper,Xerox 1888,Small Box,0.37,12/14/2009
5614,39780,6/7/2009,Low,48,2208.31,0.04,Regular Air,569.08,45.98,4.8,Chuck Sachs,Nova Scotia,Atlantic,Consumer,Furniture,Office Furnishings,Tenex B1-RE Series Chair Mats for Low Pile Carpets,Wrap Bag,0.68,6/9/2009
5733,40704,1/7/2009,Low,6,11.57,0.01,Regular Air,-2.06,1.76,0.7,Julie Kriz,Nova Scotia,Atlantic,Corporate,Office Supplies,Pens & Art Supplies,Newell 310,Wrap Bag,0.56,1/12/2009
5840,41415,11/10/2009,Low,10,80.92,0.09,Regular Air,-20.16,7.64,5.83,Debra Catini,Nova Scotia,Atlantic,Small Business,Office Supplies,Paper,"Rediform Wirebound ""Phone Memo"" Message Book, 11 x 5-3/4",Wrap Bag,0.36,11/15/2009
5898,41825,8/22/2009,Critical,50,7817.45,0.03,Delivery Truck,-1303.60,150.89,60.2,Sylvia Foulston,Nova Scotia,Atlantic,Consumer,Furniture,Chairs & Chairmats,"Global Leather & Oak Executive Chair, Burgundy",Jumbo Drum,0.77,8/22/2009
6459,45988,9/1/2009,Critical,43,3832.24,0.09,Express Air,-1570.32,90.98,56.2,David Kendrick,Nova Scotia,Atlantic,Home Office,Furniture,Office Furnishings,Eldon ClusterMat Chair Mat with Cordless Antistatic Protection,Medium Box,0.74,9/2/2009
6980,49891,9/12/2009,Not Specified,19,88.4,0.08,Regular Air,35.50,4.91,0.5,Darrin Sayre,Nova Scotia,Atlantic,Consumer,Office Supplies,Labels,Avery 508,Small Box,0.36,9/12/2009
7295,52006,6/24/2009,Medium,42,375.76,0,Regular Air,-241.63,8.37,10.16,Carlos Meador,Nova Scotia,Atlantic,Corporate,Furniture,Office Furnishings,Westinghouse Clip-On Gooseneck Lamps,Large Box,0.59,6/26/2009
166,1031,8/31/2009,Medium,34,226.1,0,Regular Air,-52.21,6.37,5.19,Sanjit Jacobs,Quebec,Quebec,Consumer,Office Supplies,Binders and Binder Accessories,"C-Line Peel & Stick Add-On Filing Pockets, 8-3/4 x 5-1/8, 10/Pack",Small Box,0.38,9/2/2009
311,2150,6/2/2009,Medium,21,3905.75,0.01,Delivery Truck,55.30,179.29,29.21,Vivian Mathis,Quebec,Quebec,Corporate,Furniture,Tables,"Bevis Round Conference Table Top, X-Base",Jumbo Box,0.76,6/4/2009
320,2211,6/29/2009,High,22,1651.09,0.05,Regular Air,-2.38,73.98,12.14,Vivian Mathis,Quebec,Quebec,Home Office,Technology,Computer Peripherals,Keytronic 105-Key Spanish Keyboard,Small Box,0.67,6/30/2009
321,2211,6/29/2009,High,14,95.89,0,Regular Air,-46.31,5.98,7.15,Vivian Mathis,Quebec,Quebec,Home Office,Office Supplies,Paper,Universal Premium White Copier/Laser Paper (20Lb. and 87 Bright),Small Box,0.36,7/1/2009
322,2211,6/29/2009,High,23,80.38,0.09,Regular Air,-71.11,3.57,4.17,Vivian Mathis,Quebec,Quebec,Home Office,Office Supplies,Pens & Art Supplies,Barrel Sharpener,Small Pack,0.59,7/1/2009
345,2370,1/16/2009,Critical,6,679.6,0.02,Regular Air,-85.76,110.98,13.99,Sanjit Jacobs,Quebec,Quebec,Consumer,Furniture,Office Furnishings,"Rubbermaid ClusterMat Chairmats, Mat Size- 66"" x 60"", Lip 20"" x 11"" -90 Degree Angle",Medium Box,0.69,1/18/2009
346,2370,1/16/2009,Critical,30,257.42,0.01,Regular Air,59.18,8.01,2.87,Sanjit Jacobs,Quebec,Quebec,Consumer,Office Supplies,Paper,"TOPS Money Receipt Book, Consecutively Numbered in Red,",Wrap Bag,0.4,1/18/2009
462,3138,2/8/2009,Not Specified,4,718.03,0.07,Express Air,-427.47,179.99,19.99,Bradley Nguyen,Quebec,Quebec,Consumer,Technology,Computer Peripherals,Motorola SB4200 Cable Modem,Small Box,0.48,2/8/2009
675,4708,9/30/2009,Critical,29,180.38,0.08,Regular Air,-119.32,6.48,7.49,Michelle Tran,Quebec,Quebec,Corporate,Office Supplies,Paper,Xerox 220,Small Box,0.37,10/2/2009
720,5155,6/11/2009,High,14,569.21,0.01,Regular Air,-38.51,39.98,4,Pete Takahito,Quebec,Quebec,Corporate,Technology,Computer Peripherals,Microsoft Natural Keyboard Elite,Small Box,0.7,6/12/2009
898,6464,5/28/2009,Medium,1,57.84,0.07,Regular Air,-41.77,60.97,4.5,Ralph Arnett,Quebec,Quebec,Consumer,Office Supplies,Appliances,Tripp Lite Isotel 6 Outlet Surge Protector with Fax/Modem Protection,Small Box,0.56,5/30/2009
899,6464,5/28/2009,Medium,42,3991.99,0,Regular Air,-1014.11,90.98,56.2,Ralph Arnett,Quebec,Quebec,Consumer,Furniture,Office Furnishings,Eldon ClusterMat Chair Mat with Cordless Antistatic Protection,Medium Box,0.74,5/30/2009
1270,9248,12/23/2009,Not Specified,41,2811.7,0.09,Regular Air,-3074.27,71.37,69,Michelle Tran,Quebec,Quebec,Home Office,Furniture,Tables,"Lesro Sheffield Collection Coffee Table, End Table, Center Table, Corner Table",Large Box,0.68,12/24/2009
1333,9733,3/17/2009,Not Specified,39,223.64,0.1,Regular Air,-90.26,5.98,5.35,Gene McClure,Quebec,Quebec,Home Office,Office Supplies,Paper,Xerox 1947,Small Box,0.4,3/17/2009
1472,10629,9/11/2009,Critical,39,341.55,0.06,Regular Air,-255.65,8.37,10.16,Helen Wasserman,Quebec,Quebec,Corporate,Furniture,Office Furnishings,Westinghouse Clip-On Gooseneck Lamps,Large Box,0.59,9/13/2009
1473,10629,9/11/2009,Critical,14,98.37,0.09,Express Air,-76.54,6.48,9.17,Helen Wasserman,Quebec,Quebec,Corporate,Office Supplies,Paper,Xerox 1996,Small Box,0.37,9/13/2009
1914,13729,1/1/2009,Not Specified,9,872.48,0.08,Express Air,-342.91,95.99,35,Matt Collister,Quebec,Quebec,Home Office,Office Supplies,Storage & Organization,Safco Industrial Wire Shelving,Large Box,,1/3/2009
2641,19111,10/4/2009,Low,24,195.83,0.04,Regular Air,10.79,8.33,1.99,Bart Pistole,Quebec,Quebec,Consumer,Technology,Computer Peripherals,"80 Minute Slim Jewel Case CD-R , 10/Pack - Staples",Small Pack,0.52,10/9/2009
2904,20965,12/20/2009,Critical,38,2315.11,0.06,Regular Air,532.21,59.76,9.71,Michelle Tran,Quebec,Quebec,Consumer,Office Supplies,Storage & Organization,"Advantus 10-Drawer Portable Organizer, Chrome Metal Frame, Smoke Drawers",Small Box,0.57,12/23/2009
2905,20965,12/20/2009,Critical,8,1264.2305,0.07,Regular Air,-444.69,195.99,4.2,Michelle Tran,Quebec,Quebec,Consumer,Technology,Telephones and Communication,T65,Small Box,0.56,12/23/2009
3255,23303,6/20/2009,Not Specified,39,238.49,0.09,Regular Air,-110.56,6.48,6.22,Ralph Arnett,Quebec,Quebec,Consumer,Office Supplies,Paper,Xerox 1894,Small Box,0.37,6/22/2009
3274,23398,3/13/2009,Medium,19,123.1,0.06,Regular Air,-75.44,6.48,7.37,Carol Adams,Quebec,Quebec,Corporate,Office Supplies,Paper,Xerox 210,Small Box,0.37,3/14/2009
3928,28002,10/10/2009,Critical,5,43.55,0.1,Regular Air,-3.64,9.11,2.15,Jason Klamczynski,Quebec,Quebec,Home Office,Office Supplies,Paper,"Black Print Carbonless Snap-Off¨ Rapid Letter, 8 1/2"" x 7""",Wrap Bag,0.4,10/12/2009
4175,29633,6/22/2009,Critical,11,96.01,0.01,Regular Air,-43.24,7.98,6.5,Scott Cohen,Quebec,Quebec,Consumer,Office Supplies,Storage & Organization,Iris Project Case,Medium Box,0.59,6/23/2009
5302,37760,8/14/2009,High,18,157.85,0.01,Regular Air,10.74,8.33,1.99,Barry Gonzalez,Quebec,Quebec,Small Business,Technology,Computer Peripherals,"80 Minute Slim Jewel Case CD-R , 10/Pack - Staples",Small Pack,0.52,8/15/2009
5303,37760,8/14/2009,High,38,2773.0315,0.04,Regular Air,897.87,85.99,0.99,Barry Gonzalez,Quebec,Quebec,Small Business,Technology,Telephones and Communication,Accessory34,Wrap Bag,0.55,8/16/2009
6122,43362,1/12/2009,Critical,45,15963.09,0.03,Delivery Truck,4276.73,350.98,30,Rick Reed,Quebec,Quebec,Consumer,Furniture,Chairs & Chairmats,Office Star - Professional Matrix Back Chair with 2-to-1 Synchro Tilt and Mesh Fabric Seat,Jumbo Drum,0.61,1/15/2009
6123,43362,1/12/2009,Critical,33,58.48,0.04,Regular Air,2.72,1.68,1,Rick Reed,Quebec,Quebec,Consumer,Office Supplies,Pens & Art Supplies,Prang Dustless Chalk Sticks,Wrap Bag,0.35,1/14/2009
6232,44134,10/30/2009,High,35,620.02,0.05,Regular Air,50.04,17.67,8.99,Gary McGarr,Quebec,Quebec,Home Office,Furniture,Office Furnishings,"Executive Impressions 12"" Wall Clock",Small Pack,0.47,11/1/2009
6235,44196,8/22/2009,Not Specified,12,653.786,0.09,Regular Air,-83.47,65.99,5.31,Cynthia Delaney,Quebec,Quebec,Corporate,Technology,Telephones and Communication,3390,Small Box,0.57,8/23/2009
6756,48135,4/19/2009,High,20,3960.99,0.09,Express Air,631.33,199.99,24.49,Matt Collister,Quebec,Quebec,Home Office,Technology,Copiers and Fax,Canon PC-428 Personal Copier,Large Box,0.46,4/21/2009
7241,51623,1/13/2009,Critical,17,39.23,0.06,Regular Air,-66.58,2.08,5.33,Michelle Huthwaite,Quebec,Quebec,Home Office,Furniture,Office Furnishings,Eldon¨ Wave Desk Accessories,Small Box,0.43,1/13/2009
7338,52291,10/29/2009,Critical,48,287.54,0.04,Regular Air,57.28,5.98,0.96,Michelle Tran,Quebec,Quebec,Corporate,Office Supplies,Pens & Art Supplies,Newell 315,Wrap Bag,0.6,10/31/2009
7339,52291,10/29/2009,Critical,5,88.315,0.01,Regular Air,-72.40,20.99,0.99,Michelle Tran,Quebec,Quebec,Corporate,Technology,Telephones and Communication,Accessory25,Wrap Bag,0.57,10/30/2009
7820,55908,5/23/2009,High,44,1844.97,0.03,Regular Air,807.38,42.8,2.99,Tom Stivers,Quebec,Quebec,Corporate,Office Supplies,Binders and Binder Accessories,"Wilson Jones Elliptical Ring 3 1/2"" Capacity Binders, 800 sheets",Small Box,0.36,5/24/2009
8137,58151,9/29/2009,High,33,211.48,0.1,Regular Air,18.15,6.75,2.99,Michelle Huthwaite,Quebec,Quebec,Home Office,Office Supplies,Binders and Binder Accessories,Wilson Jones DublLock¨ D-Ring Binders,Small Box,0.35,9/29/2009
8138,58151,9/29/2009,High,38,5601.1,0.02,Express Air,1515.70,142.86,19.99,Michelle Huthwaite,Quebec,Quebec,Home Office,Office Supplies,Storage & Organization,Letter Size Cart,Small Box,0.56,9/29/2009
8216,58727,7/6/2009,Medium,20,525.78,0.03,Regular Air,180.64,26.48,6.93,Vivian Mathis,Quebec,Quebec,Home Office,Furniture,Office Furnishings,DAX Natural Wood-Tone Poster Frame,Small Box,0.49,7/7/2009
663,4647,5/13/2009,Medium,34,482.93,0.06,Regular Air,-67.59,13.9,7.59,Carlos Meador,Quebec,Quebec,Corporate,Office Supplies,"Scissors, Rulers and Trimmers","Acme Hot Forged Carbon Steel Scissors with Nickel-Plated Handles, 3 7/8"" Cut, 8""L",Small Pack,0.56,5/14/2009
1158,8422,4/14/2009,Medium,33,1003.71,0.01,Express Air,-22.82,29.1,4,Becky Martin,Quebec,Quebec,Home Office,Technology,Computer Peripherals,Acco Keyboard-In-A-Box¨,Small Box,0.78,4/16/2009
1859,13378,9/21/2009,Low,16,96.04,0.05,Regular Air,-50.75,5.74,5.3,Paul Knutson,Quebec,Quebec,Corporate,Office Supplies,"Scissors, Rulers and Trimmers",Acme Kleencut¨ Forged Steel Scissors,Small Pack,0.55,9/26/2009
1932,13824,12/27/2009,Low,19,55.27,0.05,Regular Air,19.12,2.89,0.5,George Zrebassa,Quebec,Quebec,Home Office,Office Supplies,Labels,Avery 498,Small Box,0.38,1/3/2010
3927,28001,6/14/2009,Critical,21,4201.08,0.01,Regular Air,1162.76,194.3,11.54,Dianna Arnett,Quebec,Quebec,Home Office,Furniture,Office Furnishings,Electrix Halogen Magnifier Lamp,Large Box,0.59,6/16/2009
3950,28161,6/15/2009,Not Specified,15,5028.31,0.06,Delivery Truck,664.88,350.98,30,Chuck Sachs,Quebec,Quebec,Consumer,Furniture,Chairs & Chairmats,Office Star - Professional Matrix Back Chair with 2-to-1 Synchro Tilt and Mesh Fabric Seat,Jumbo Drum,0.61,6/17/2009
4132,29350,8/25/2009,High,10,150.33,0.1,Regular Air,-47.88,15.14,4.53,Eric Barreto,Quebec,Quebec,Consumer,Office Supplies,Storage & Organization,Eldon¨ Gobal File Keepers,Small Box,0.81,8/28/2009
5267,37473,10/1/2009,Low,8,43.72,0.06,Regular Air,2.12,5.18,2.04,Tom Prescott,Quebec,Quebec,Small Business,Office Supplies,Paper,Array¨ Memo Cubes,Wrap Bag,0.36,10/1/2009
5706,40356,12/19/2009,Not Specified,48,201.98,0.05,Express Air,-245.67,4.06,6.89,Sylvia Foulston,Quebec,Quebec,Corporate,Office Supplies,Appliances,Eureka Disposable Bags for Sanitaire¨ Vibra Groomer I¨ Upright Vac,Small Box,0.6,12/21/2009
6014,42599,4/6/2009,Medium,31,9459.94,0.04,Delivery Truck,2023.75,300.98,54.92,Alex Grayson,Quebec,Quebec,Consumer,Furniture,Bookcases,"Atlantic Metals Mobile 5-Shelf Bookcases, Custom Colors",Jumbo Box,0.55,4/7/2009
6691,47617,12/8/2009,Not Specified,17,5001.29,0.09,Regular Air,1680.92,304.99,19.99,Sylvia Foulston,Quebec,Quebec,Corporate,Office Supplies,Binders and Binder Accessories,Ibico Hi-Tech Manual Binding System,Small Box,0.4,12/9/2009
6880,49056,10/1/2009,High,46,300.07,0.05,Regular Air,-209.58,6.48,8.4,Cathy Hwang,Quebec,Quebec,Home Office,Office Supplies,Paper,Xerox 212,Small Box,0.37,10/3/2009
220,1444,12/5/2009,Medium,24,416.4,0.02,Regular Air,24.33,17.15,4.96,Noel Staavos,Quebec,Quebec,Home Office,Office Supplies,Storage & Organization,Advantus Rolling Storage Box,Small Box,0.58,12/7/2009
284,1985,9/1/2009,Not Specified,1,11.35,0.09,Regular Air,-7.96,5.78,5.67,Katherine Murray,Quebec,Quebec,Home Office,Office Supplies,Paper,Xerox 1978,Small Box,0.36,9/3/2009
495,3397,6/22/2009,Medium,11,30.61,0.09,Regular Air,-3.38,2.88,1.49,Alex Grayson,Quebec,Quebec,Consumer,Office Supplies,Binders and Binder Accessories,Avery Durable Binders,Small Box,0.36,6/23/2009
1003,7297,9/14/2009,High,7,296.84,0.08,Regular Air,-71.83,45.19,1.99,Debra Catini,Quebec,Quebec,Small Business,Technology,Computer Peripherals,"Verbatim DVD-RAM, 9.4GB, Rewritable, Type 1, DS, DataLife Plus",Small Pack,0.55,9/15/2009
1314,9635,4/13/2009,Critical,1,3.42,0.05,Regular Air,-2.91,1.88,1.49,Andy Reiter,Quebec,Quebec,Corporate,Office Supplies,Binders and Binder Accessories,Staples¨ General Use 3-Ring Binders,Small Box,0.37,4/15/2009
1971,14112,7/24/2009,Low,1,68.45,0.02,Express Air,-25.76,50.98,13.66,Paul Lucas,Quebec,Quebec,Corporate,Office Supplies,Appliances,Eureka The Boss¨ Cordless Rechargeable Stick Vac,Small Box,0.58,7/24/2009
1974,14114,4/6/2009,Critical,38,6532.48,0.01,Delivery Truck,538.52,170.98,35.89,Dave Poirier,Quebec,Quebec,Small Business,Furniture,Bookcases,"Rush Hierlooms Collection 1"" Thick Stackable Bookcases",Jumbo Box,0.66,4/8/2009
1975,14114,4/6/2009,Critical,41,241.9,0.05,Regular Air,-136.70,5.77,5.92,Dave Poirier,Quebec,Quebec,Small Business,Furniture,Office Furnishings,DAX Cubicle Frames - 8x10,Medium Box,0.55,4/6/2009
2849,20518,10/5/2009,Critical,49,8252.361,0.07,Regular Air,2418.56,200.99,4.2,Paul Knutson,Quebec,Quebec,Corporate,Technology,Telephones and Communication,2160i,Small Box,0.59,10/6/2009
2850,20518,10/5/2009,Critical,7,2205.84,0.01,Delivery Truck,-313.13,297.48,18.06,Paul Knutson,Quebec,Quebec,Corporate,Technology,Office Machines,Panasonic KX-P3200 Dot Matrix Printer,Jumbo Drum,0.6,10/6/2009
2897,20903,5/20/2009,High,4,442.99,0.04,Delivery Truck,-152.76,100.98,35.84,Elizabeth Moffitt,Quebec,Quebec,Consumer,Furniture,Bookcases,"Bush Westfield Collection Bookcases, Fully Assembled",Jumbo Box,0.62,5/21/2009
3458,24644,7/28/2009,Critical,40,2550.12,0.01,Express Air,882.45,60.97,4.5,Tony Molinari,Quebec,Quebec,Corporate,Office Supplies,Appliances,Tripp Lite Isotel 6 Outlet Surge Protector with Fax/Modem Protection,Small Box,0.56,7/30/2009
3570,25472,5/21/2009,High,40,194.02,0.03,Regular Air,80.35,4.98,0.8,Bill Shonely,Quebec,Quebec,Small Business,Office Supplies,Paper,Rediform S.O.S. Phone Message Books,Wrap Bag,0.36,5/22/2009
3629,25927,4/22/2009,Medium,14,422.83,0.02,Regular Air,-21.06,29.74,6.64,Rick Duston,Quebec,Quebec,Corporate,Office Supplies,Storage & Organization,Acco Perma¨ 2700 Stacking Storage Drawers,Small Box,0.7,4/22/2009
3739,26724,2/6/2009,Critical,2,1838.18,0.09,Regular Air,-2531.48,999.99,13.99,Bobby Elias,Quebec,Quebec,Small Business,Technology,Office Machines,"Polycom Soundstation EX Audio-Conferencing Telephone, Black",Medium Box,0.36,2/8/2009
3776,26949,8/15/2009,Critical,48,460.69,0.06,Regular Air,-103.48,9.48,7.29,Aaron Hawkins,Quebec,Quebec,Home Office,Furniture,Office Furnishings,"DAX Two-Tone Rosewood/Black Document Frame, Desktop, 5 x 7",Small Pack,0.45,8/17/2009
3949,28161,6/15/2009,Not Specified,10,784.08,0.02,Delivery Truck,-222.77,70.98,46.74,Chuck Sachs,Quebec,Quebec,Consumer,Furniture,Bookcases,"Hon Metal Bookcases, Putty",Jumbo Box,0.56,6/16/2009
3951,28161,6/15/2009,Not Specified,41,1085.61,0.04,Regular Air,-33.32,27.48,4,Chuck Sachs,Quebec,Quebec,Consumer,Technology,Computer Peripherals,Belkin MediaBoard 104- Keyboard,Small Box,0.75,6/17/2009
4131,29350,8/25/2009,High,47,2519.55,0.05,Regular Air,592.53,52.4,16.11,Eric Barreto,Quebec,Quebec,Consumer,Office Supplies,Binders and Binder Accessories,Ibico Laser Imprintable Binding System Covers,Small Box,0.39,8/27/2009
4133,29350,8/25/2009,High,46,1634.17,0.05,Express Air,232.80,36.55,13.89,Eric Barreto,Quebec,Quebec,Consumer,Office Supplies,Pens & Art Supplies,"Dixon Ticonderoga Core-Lock Colored Pencils, 48-Color Set",Wrap Bag,0.41,8/26/2009
4639,33025,1/24/2009,Low,5,318.31,0.08,Regular Air,-19.06,67.84,0.99,Debra Catini,Quebec,Quebec,Small Business,Office Supplies,Appliances,Fellowes Command Center 5-outlet power strip,Small Box,0.58,1/29/2009
4733,33699,7/26/2009,Low,13,1619.51,0.05,Delivery Truck,-722.23,122.99,70.2,Troy Staebel,Quebec,Quebec,Small Business,Furniture,Chairs & Chairmats,"Global High-Back Leather Tilter, Burgundy",Jumbo Drum,0.74,7/30/2009
4757,33797,1/11/2009,Not Specified,29,138.17,0.05,Express Air,-103.78,4.14,6.6,Bradley Drucker,Quebec,Quebec,Small Business,Furniture,Office Furnishings,Eldon Image Series Black Desk Accessories,Small Box,0.49,1/13/2009
4758,33797,1/11/2009,Not Specified,18,216.87,0.03,Regular Air,30.53,11.34,5.01,Bradley Drucker,Quebec,Quebec,Small Business,Office Supplies,Paper,Xerox 188,Small Box,0.36,1/11/2009
4874,34689,11/23/2009,Low,36,572.4,0.07,Regular Air,-39.50,16.91,6.25,Brad Thomas,Quebec,Quebec,Home Office,Office Supplies,Storage & Organization,"Tenex Personal Self-Stacking Standard File Box, Black/Gray",Small Box,0.58,11/30/2009
5299,37731,11/4/2009,Critical,25,88.37,0.09,Regular Air,33.68,3.75,0.5,Pierre Wener,Quebec,Quebec,Home Office,Office Supplies,Labels,Avery 496,Small Box,0.37,11/6/2009
5427,38564,11/2/2009,Critical,37,9517.6,0.09,Delivery Truck,-1262.44,280.98,57,Sylvia Foulston,Quebec,Quebec,Home Office,Furniture,Chairs & Chairmats,Hon 2090 ÒPillow SoftÓ Series Mid Back Swivel/Tilt Chairs,Jumbo Drum,0.78,11/5/2009
5503,39040,5/21/2009,Critical,26,1204.5095,0.03,Regular Air,-221.25,55.99,5,Astrea Jones,Quebec,Quebec,Corporate,Technology,Telephones and Communication,Accessory36,Small Pack,0.83,5/22/2009
5567,39426,5/26/2009,Critical,21,56.21,0.05,Regular Air,12.71,2.62,0.8,Sara Luxemburg,Quebec,Quebec,Small Business,Office Supplies,Rubber Bands,Staples Metal Binder Clips,Wrap Bag,0.39,5/27/2009
5613,39780,6/7/2009,Low,33,1683.69,0.02,Regular Air,809.97,48.04,5.79,Chuck Sachs,Quebec,Quebec,Consumer,Office Supplies,Paper,Xerox 1937,Small Box,0.37,6/14/2009
6150,43553,5/14/2009,Not Specified,29,143.29,0.05,Regular Air,-55.54,4.98,4.72,Bart Folk,Quebec,Quebec,Corporate,Office Supplies,Paper,Xerox 1949,Small Box,0.36,5/15/2009
6299,44583,10/4/2009,Low,21,315.07,0.02,Regular Air,95.00,14.2,5.3,Deanra Eno,Quebec,Quebec,Corporate,Furniture,Office Furnishings,Coloredge Poster Frame,Wrap Bag,0.46,10/6/2009
6512,46341,12/17/2009,High,23,39.13,0.1,Regular Air,-23.14,1.68,1.57,Astrea Jones,Quebec,Quebec,Corporate,Office Supplies,Pens & Art Supplies,Newell 323,Wrap Bag,0.59,12/18/2009
6693,47621,7/11/2009,Critical,16,230.74,0.08,Express Air,27.23,14.2,5.3,David Kendrick,Quebec,Quebec,Home Office,Furniture,Office Furnishings,Coloredge Poster Frame,Wrap Bag,0.46,7/13/2009
7156,51047,4/10/2009,Medium,28,65.7,0.02,Express Air,-83.54,1.76,4.86,Ellis Ballard,Quebec,Quebec,Corporate,Furniture,Office Furnishings,Regeneration Desk Collection,Small Box,0.41,4/11/2009
7157,51047,4/10/2009,Medium,38,1685.07,0.03,Regular Air,-681.97,41.47,34.2,Ellis Ballard,Quebec,Quebec,Corporate,Furniture,Office Furnishings,Eldon Econocleat¨ Chair Mats for Low Pile Carpets,Wrap Bag,0.73,4/11/2009
7821,55909,5/19/2009,Low,2,32.6,0.03,Regular Air,-20.57,13.43,5.5,Karen Ferguson,Quebec,Quebec,Home Office,Office Supplies,Storage & Organization,"Fellowes Personal Hanging Folder Files, Navy",Small Box,0.57,5/26/2009
7866,56260,8/15/2009,Not Specified,34,223.76,0.03,Regular Air,-139.66,6.48,7.91,Julie Kriz,Quebec,Quebec,Corporate,Office Supplies,Paper,Xerox 216,Small Box,0.37,8/16/2009
8156,58337,5/28/2009,Low,18,106.45,0.03,Regular Air,-5.08,5.85,2.27,Rick Duston,Quebec,Quebec,Corporate,Office Supplies,Pens & Art Supplies,"Dixon My First Ticonderoga Pencil, #2",Wrap Bag,0.56,5/30/2009
8161,58343,1/9/2009,Not Specified,39,121.87,0.07,Regular Air,11.32,3.29,1.35,Yana Sorensen,Quebec,Quebec,Corporate,Office Supplies,Rubber Bands,Acco¨ Hot Clipsª Clips to Go,Wrap Bag,0.4,1/11/2009
47,290,1/5/2009,Not Specified,24,188.73,0.05,Regular Air,-32.48,7.64,5.83,Dorris Love,Quebec,Quebec,Home Office,Office Supplies,Paper,"Rediform Wirebound ""Phone Memo"" Message Book, 11 x 5-3/4",Wrap Bag,0.36,1/6/2009
181,1189,4/8/2009,Critical,27,129.1,0,Regular Air,-59.82,4.42,4.99,Aaron Smayling,Quebec,Quebec,Small Business,Office Supplies,Envelopes,Grip Seal Envelopes,Small Box,0.38,4/9/2009
450,3073,1/7/2009,Medium,3,10.58,0.05,Regular Air,-11.58,1.98,4.77,Jasper Cacioppo,Quebec,Quebec,Home Office,Office Supplies,Binders and Binder Accessories,Avery Reinforcements for Hole-Punch Pages,Small Box,0.4,1/8/2009
451,3073,1/7/2009,Medium,3,2119.67,0.07,Express Air,-2314.74,699.99,24.49,Jasper Cacioppo,Quebec,Quebec,Home Office,Technology,Copiers and Fax,Canon PC1060 Personal Laser Copier,Large Box,0.41,1/8/2009
452,3073,1/7/2009,Medium,7,45923.76,0.07,Regular Air,102.61,6783.02,24.49,Jasper Cacioppo,Quebec,Quebec,Home Office,Technology,Office Machines,Polycom ViewStationª ISDN Videoconferencing Unit,Large Box,0.39,1/8/2009
566,3841,10/4/2009,Not Specified,19,1184.45,0.02,Regular Air,-552.10,60.98,49,John Stevenson,Quebec,Quebec,Small Business,Office Supplies,Appliances,Euro Pro Shark Stick Mini Vacuum,Large Box,0.59,10/6/2009
567,3841,10/4/2009,Not Specified,20,25409.63,0.02,Regular Air,11535.28,1270.99,19.99,John Stevenson,Quebec,Quebec,Small Business,Office Supplies,Binders and Binder Accessories,Fellowes PB500 Electric Punch Plastic Comb Binding Machine with Manual Bind,Small Box,0.35,10/6/2009
568,3841,10/4/2009,Not Specified,43,7308.283,0.05,Express Air,1680.23,205.99,8.99,John Stevenson,Quebec,Quebec,Small Business,Technology,Telephones and Communication,StarTAC 8000,Small Box,0.6,10/6/2009
930,6727,8/29/2009,Low,12,33.43,0.06,Regular Air,8.47,2.89,0.5,Stuart Van,Quebec,Quebec,Consumer,Office Supplies,Labels,Avery 498,Small Box,0.38,8/29/2009
1041,7623,10/28/2009,Critical,18,5459.32,0.03,Regular Air,1603.12,300.65,24.49,Sheri Gordon,Quebec,Quebec,Corporate,Office Supplies,Appliances,Honeywell Enviracaire Portable HEPA Air Cleaner for 17' x 22' Room,Large Box,0.52,10/30/2009
1042,7623,10/28/2009,Critical,37,1793.42,0.06,Regular Air,21.50,49.99,19.99,Sheri Gordon,Quebec,Quebec,Corporate,Technology,Computer Peripherals,US Robotics 56K V.92 Internal PCI Faxmodem,Small Box,0.45,10/30/2009
1043,7623,10/28/2009,Critical,32,3080.07,0.1,Regular Air,1480.15,104.85,4.65,Sheri Gordon,Quebec,Quebec,Corporate,Office Supplies,Paper,Xerox 1941,Small Box,0.37,10/29/2009
1112,8162,10/7/2009,Medium,25,670.39,0.03,Regular Air,-82.26,27.48,4,Mathew Reese,Quebec,Quebec,Small Business,Technology,Computer Peripherals,Belkin MediaBoard 104- Keyboard,Small Box,0.75,10/8/2009
1113,8162,10/7/2009,Medium,32,5618.4,0.1,Regular Air,1314.12,179.99,19.99,Mathew Reese,Quebec,Quebec,Small Business,Technology,Computer Peripherals,Motorola SB4200 Cable Modem,Small Box,0.48,10/8/2009
1114,8162,10/7/2009,Medium,42,5450.6,0.1,Regular Air,10.86,140.85,19.99,Mathew Reese,Quebec,Quebec,Small Business,Office Supplies,Storage & Organization,"Fellowes Strictly Business¨ Drawer File, Letter/Legal Size",Small Box,0.73,10/9/2009
1595,11527,7/2/2009,Medium,45,4629.67,0.04,Regular Air,2860.71,99.23,8.99,Ben Wallace,Quebec,Quebec,Home Office,Furniture,Office Furnishings,"GE 48"" Fluorescent Tube, Cool White Energy Saver, 34 Watts, 30/Box",Small Pack,0.35,7/4/2009
1816,13028,4/8/2009,Critical,39,1357.53,0.05,Regular Air,562.92,35.44,5.09,Stuart Van,Quebec,Quebec,Consumer,Office Supplies,Paper,Xerox 1932,Small Box,0.38,4/9/2009
1840,13252,3/22/2009,Not Specified,44,7312.86,0.03,Delivery Truck,1279.37,160.98,30,Pamela Stobb,Quebec,Quebec,Consumer,Furniture,Chairs & Chairmats,Office Star - Mid Back Dual function Ergonomic High Back Chair with 2-Way Adjustable Arms,Jumbo Drum,0.62,3/25/2009
1841,13252,3/22/2009,Not Specified,39,605.16,0.09,Regular Air,154.65,15.98,4,Pamela Stobb,Quebec,Quebec,Consumer,Technology,Computer Peripherals,Logitech Access Keyboard,Small Box,0.37,3/24/2009
2392,17317,12/3/2009,Not Specified,7,34.66,0.06,Regular Air,-20.87,4.42,4.99,Laurel Elliston,Quebec,Quebec,Corporate,Office Supplies,Envelopes,Grip Seal Envelopes,Small Box,0.38,12/5/2009
2408,17446,6/9/2009,Critical,15,138.84,0,Express Air,8.75,8.34,2.64,Ben Wallace,Quebec,Quebec,Home Office,Office Supplies,"Scissors, Rulers and Trimmers",Acme¨ Elite Stainless Steel Scissors,Small Pack,0.59,6/11/2009
2603,18816,2/24/2009,Critical,12,580.46,0.03,Express Air,108.96,48.58,3.99,Jeremy Lonsdale,Quebec,Quebec,Corporate,Office Supplies,Appliances,Belkin Premiere Surge Master II 8-outlet surge protector,Small Box,0.56,2/26/2009
2697,19522,10/20/2009,Medium,44,161.8,0.06,Regular Air,21.34,3.8,1.49,Alan Haines,Quebec,Quebec,Consumer,Office Supplies,Binders and Binder Accessories,Durable Pressboard Binders,Small Box,0.38,10/21/2009
2698,19522,10/20/2009,Medium,37,64.36,0.06,Regular Air,-1.53,1.76,0.7,Alan Haines,Quebec,Quebec,Consumer,Office Supplies,Pens & Art Supplies,Newell 310,Wrap Bag,0.56,10/21/2009
2797,20162,2/8/2009,Medium,38,607.42,0.03,Regular Air,-254.14,15.16,15.09,Helen Wasserman,Quebec,Quebec,Home Office,Office Supplies,Binders and Binder Accessories,"GBC Clear Cover, 8-1/2 x 11, unpunched, 25 covers per pack",Small Box,0.39,2/9/2009
2872,20710,11/29/2009,High,31,180.7,0.1,Regular Air,-94.61,5.98,3.85,Dennis Kane,Quebec,Quebec,Small Business,Technology,Computer Peripherals,"Imation 3.5"" IBM-Formatted Diskettes, 10/Pack",Small Pack,0.68,11/30/2009
2873,20710,11/29/2009,High,26,67.4,0.07,Regular Air,22.71,2.61,0.5,Dennis Kane,Quebec,Quebec,Small Business,Office Supplies,Labels,Avery 494,Small Box,0.39,12/1/2009
2925,21190,5/28/2009,Medium,28,1062.69,0.01,Regular Air,401.80,35.94,6.66,Aaron Smayling,Quebec,Quebec,Small Business,Office Supplies,Envelopes,"Tyvek ¨ Top-Opening Peel & Seel ¨ Envelopes, Gray",Small Box,0.4,5/28/2009
3114,22371,4/4/2009,High,8,70.55,0,Regular Air,-66.17,7.38,11.51,Phillip Flathmann,Quebec,Quebec,Small Business,Office Supplies,Binders and Binder Accessories,GBC Plastic Binding Combs,Small Box,0.36,4/5/2009
3145,22562,3/27/2009,Medium,46,9304.2,0.08,Delivery Truck,1981.17,213.45,14.7,Jennifer Ferguson,Quebec,Quebec,Home Office,Technology,Office Machines,Panasonic KX-P2130 Dot Matrix Printer,Jumbo Drum,0.59,3/29/2009
3146,22562,3/27/2009,Medium,31,1685.05,0.1,Regular Air,518.07,55.98,13.88,Jennifer Ferguson,Quebec,Quebec,Home Office,Office Supplies,Paper,Xerox 1882,Small Box,0.36,3/29/2009
3147,22562,3/27/2009,Medium,3,57.48,0,Regular Air,-28.09,16.06,8.34,Jennifer Ferguson,Quebec,Quebec,Home Office,Office Supplies,Storage & Organization,"Letter/Legal File Tote with Clear Snap-On Lid, Black Granite",Small Box,0.59,3/28/2009
3270,23392,8/16/2009,Medium,24,4276.096,0,Regular Air,-505.98,209.37,69,Jennifer Ferguson,Quebec,Quebec,Home Office,Furniture,Tables,Hon 2111 Invitationª Series Corner Table,Large Box,0.79,8/18/2009
3401,24228,7/17/2009,Low,31,60.64,0.05,Regular Air,-66.62,1.86,2.58,Anne Pryor,Quebec,Quebec,Home Office,Office Supplies,Rubber Bands,"Super Bands, 12/Pack",Wrap Bag,0.82,7/21/2009
3402,24231,8/7/2009,Not Specified,48,2482.034,0.08,Regular Air,421.89,65.99,5.92,Dennis Kane,Quebec,Quebec,Small Business,Technology,Telephones and Communication,i500plus,Small Box,0.58,8/7/2009
3462,24647,6/4/2009,Not Specified,3,3029.97,0,Regular Air,-1820.00,999.99,13.99,Mitch Webber,Quebec,Quebec,Corporate,Technology,Office Machines,"Polycom Soundstation EX Audio-Conferencing Telephone, Black",Medium Box,0.36,6/6/2009
3463,24647,6/4/2009,Not Specified,34,241.04,0.05,Express Air,-28.20,6.48,5.14,Mitch Webber,Quebec,Quebec,Corporate,Office Supplies,Paper,Xerox 23,Small Box,0.37,6/5/2009
3697,26432,12/30/2009,Low,37,1420.89,0.06,Regular Air,389.67,38.06,4.5,Logan Haushalter,Quebec,Quebec,Corporate,Office Supplies,Appliances,Fellowes Superior 10 Outlet Split Surge Protector,Small Box,0.56,1/6/2010
3698,26432,12/30/2009,Low,48,27820.34,0.08,Regular Air,11630.15,599.99,24.49,Logan Haushalter,Quebec,Quebec,Corporate,Technology,Copiers and Fax,Hewlett Packard LaserJet 3310 Copier,Large Box,0.37,1/8/2010
3699,26432,12/30/2009,Low,11,45.18,0.1,Express Air,-10.77,3.98,2.97,Logan Haushalter,Quebec,Quebec,Corporate,Office Supplies,Paper,Unpadded Memo Slips,Wrap Bag,0.35,1/4/2010
4015,28647,3/14/2009,Critical,38,5679.59,0.09,Express Air,-1763.75,154.13,69,Carol Triggs,Quebec,Quebec,Corporate,Furniture,Tables,Laminate Occasional Tables,Large Box,0.68,3/15/2009
4018,28736,4/21/2009,High,26,1029.29,0.06,Regular Air,109.16,40.99,17.48,Lindsay Castell,Quebec,Quebec,Small Business,Office Supplies,Paper,Xerox 1893,Small Box,0.36,4/21/2009
4312,30725,12/28/2009,Medium,39,16468.55,0.08,Delivery Truck,5638.75,449.99,49,Dennis Kane,Quebec,Quebec,Small Business,Technology,Copiers and Fax,Canon PC940 Copier,Jumbo Drum,0.38,12/29/2009
4503,32038,6/17/2009,Low,26,342.4,0,Express Air,-14.06,11.7,6.96,Stuart Van,Quebec,Quebec,Consumer,Office Supplies,Appliances,Harmony HEPA Quiet Air Purifiers,Medium Box,0.5,6/19/2009
4598,32741,2/15/2009,Low,13,136.24,0.07,Regular Air,-81.77,9.71,9.45,Bill Eplett,Quebec,Quebec,Corporate,Office Supplies,Storage & Organization,Filing/Storage Totes and Swivel Casters,Small Box,0.6,2/22/2009
4662,33217,3/12/2009,High,20,1388.91,0.1,Regular Air,-229.87,73.98,4,Dennis Kane,Quebec,Quebec,Small Business,Technology,Computer Peripherals,Keytronic French Keyboard,Small Box,0.79,3/13/2009
4663,33217,3/12/2009,High,34,1806.65,0.05,Regular Air,599.04,51.98,10.17,Dennis Kane,Quebec,Quebec,Small Business,Technology,Office Machines,Canon MP25DIII Desktop Whisper-Quiet Printing Calculator,Medium Box,0.37,3/13/2009
4903,34882,7/24/2009,Critical,43,84.61,0.03,Regular Air,-15.10,1.88,1.49,Carol Triggs,Quebec,Quebec,Home Office,Office Supplies,Binders and Binder Accessories,Staples¨ General Use 3-Ring Binders,Small Box,0.37,7/25/2009
4921,35041,4/15/2009,Not Specified,28,443.73,0.01,Regular Air,-200.86,15.16,15.09,Jasper Cacioppo,Quebec,Quebec,Home Office,Office Supplies,Binders and Binder Accessories,"GBC Clear Cover, 8-1/2 x 11, unpunched, 25 covers per pack",Small Box,0.39,4/15/2009
5097,36355,12/2/2009,Medium,9,61.43,0.09,Express Air,-42.98,5.4,7.78,Anne Pryor,Quebec,Quebec,Home Office,Office Supplies,Binders and Binder Accessories,3M Organizer Strips,Small Box,0.37,12/2/2009
5098,36355,12/2/2009,Medium,6,129.5,0.02,Regular Air,65.49,20.28,6.68,Anne Pryor,Quebec,Quebec,Home Office,Furniture,Office Furnishings,"Seth Thomas 8 1/2"" Cubicle Clock",Small Box,0.53,12/2/2009
5099,36355,12/2/2009,Medium,10,125.95,0,Regular Air,15.73,11.55,2.36,Anne Pryor,Quebec,Quebec,Home Office,Office Supplies,Pens & Art Supplies,Newell 309,Wrap Bag,0.55,12/3/2009
5100,36355,12/2/2009,Medium,43,90.93,0.05,Regular Air,-72.50,2.08,2.56,Anne Pryor,Quebec,Quebec,Home Office,Office Supplies,"Scissors, Rulers and Trimmers",Kleencut¨ Forged Office Shears by Acme United Corporation,Small Pack,0.55,12/3/2009
5104,36358,5/13/2009,Not Specified,28,865.35,0.06,Regular Air,-159.25,30.42,8.65,Dorris Love,Quebec,Quebec,Corporate,Technology,Computer Peripherals,"Fellowes Internet Keyboard, Platinum",Small Box,0.74,5/15/2009
5105,36358,5/13/2009,Not Specified,22,823.07,0.02,Regular Air,318.25,37.94,5.08,Dorris Love,Quebec,Quebec,Corporate,Office Supplies,Paper,"Snap-A-Way¨ Black Print Carbonless Ruled Speed Letter, Triplicate",Wrap Bag,0.38,5/14/2009
5161,36739,10/8/2009,Not Specified,16,68.04,0.07,Regular Air,-55.52,3.98,5.26,Pamela Stobb,Quebec,Quebec,Consumer,Office Supplies,Binders and Binder Accessories,Ibico Presentation Index for Binding Systems,Small Box,0.38,10/10/2009
5162,36739,10/8/2009,Not Specified,27,331.17,0.07,Regular Air,97.19,12.22,2.85,Pamela Stobb,Quebec,Quebec,Consumer,Furniture,Office Furnishings,Aluminum Document Frame,Small Pack,0.55,10/8/2009
5287,37638,1/21/2009,Low,33,139.98,0.07,Regular Air,-140.54,4.13,6.89,Aaron Smayling,Quebec,Quebec,Small Business,Office Supplies,Labels,"Avery 05222 Permanent Self-Adhesive File Folder Labels for Typewriters, on Rolls, White, 250/Roll",Small Box,0.39,1/23/2009
5300,37734,12/26/2009,Critical,15,1393.39,0.08,Regular Air,84.15,100.97,7.18,Mathew Reese,Quebec,Quebec,Small Business,Technology,Computer Peripherals,Gyration Ultra Cordless Optical Suite,Small Box,0.46,12/27/2009
5301,37734,12/26/2009,Critical,42,601.52,0,Regular Air,171.98,13.4,4.95,Mathew Reese,Quebec,Quebec,Small Business,Furniture,Office Furnishings,Electrix 20W Halogen Replacement Bulb for Zoom-In Desk Lamp,Small Pack,0.37,12/27/2009
5324,37859,3/30/2009,Critical,2,29.03,0.01,Regular Air,-11.83,11.34,5.01,Tom Stivers,Quebec,Quebec,Small Business,Office Supplies,Paper,Xerox 188,Small Box,0.36,4/1/2009
5398,38371,11/8/2009,Not Specified,24,2004.4,0.05,Express Air,544.30,83.1,6.13,Dennis Kane,Quebec,Quebec,Small Business,Technology,Computer Peripherals,"Micro Innovations Micro Digital Wireless Keyboard and Mouse, Gray",Small Box,0.45,11/9/2009
5511,39076,12/11/2009,Critical,41,222.65,0.02,Regular Air,-131.16,5.28,6.26,Tom Stivers,Quebec,Quebec,Corporate,Office Supplies,Paper,Xerox 1928,Small Box,0.4,12/12/2009
5533,39173,1/16/2009,Critical,36,76.48,0.09,Regular Air,3.23,2.18,0.78,Jason Klamczynski,Quebec,Quebec,Small Business,Office Supplies,Rubber Bands,Stockwell Push Pins,Wrap Bag,0.52,1/18/2009
5534,39173,1/16/2009,Critical,2,373.27,0.05,Delivery Truck,-433.29,179.29,29.21,Jason Klamczynski,Quebec,Quebec,Small Business,Furniture,Tables,"Bevis Round Conference Table Top, X-Base",Jumbo Box,0.76,1/18/2009
5557,39335,5/25/2009,Not Specified,24,113.23,0.06,Regular Air,-45.64,4.77,2.39,Mitch Webber,Quebec,Quebec,Corporate,Technology,Computer Peripherals,"Imation Primaris 3.5"" 2HD Unformatted Diskettes, 10/Pack",Small Pack,0.72,5/26/2009
5558,39335,5/25/2009,Not Specified,34,889.84,0.1,Regular Air,204.49,27.18,8.23,Mitch Webber,Quebec,Quebec,Corporate,Office Supplies,Envelopes,"Tyvek ¨ Top-Opening Peel & Seel Envelopes, Plain White",Small Box,0.38,5/27/2009
5605,39744,7/6/2009,Medium,6,63.61,0.01,Regular Air,7.59,10.06,2.06,Anne Pryor,Quebec,Quebec,Consumer,Office Supplies,Paper,Riverleaf Stik-Withit¨ Designer Note Cubes¨,Wrap Bag,0.39,7/8/2009
5606,39744,7/6/2009,Medium,9,519.9535,0,Regular Air,-107.99,65.99,5.92,Anne Pryor,Quebec,Quebec,Consumer,Technology,Telephones and Communication,252,Small Box,0.55,7/8/2009
5607,39744,7/6/2009,Medium,41,5636.3075,0.04,Regular Air,1595.67,155.99,8.99,Anne Pryor,Quebec,Quebec,Consumer,Technology,Telephones and Communication,CF 688,Small Box,0.58,7/7/2009
5939,42144,11/12/2009,Medium,10,670.03,0.01,Express Air,-326.47,64.65,35,Anne Pryor,Quebec,Quebec,Consumer,Office Supplies,Storage & Organization,Space Solutions Commercial Steel Shelving,Large Box,0.8,11/14/2009
6094,43172,7/3/2009,Low,19,28.34,0.09,Regular Air,1.68,1.48,0.7,Liz Willingham,Quebec,Quebec,Corporate,Office Supplies,Rubber Bands,Binder Clips by OIC,Wrap Bag,0.37,7/5/2009
6175,43779,8/21/2009,High,20,3878.49,0.09,Regular Air,1397.86,209.84,21.21,Lindsay Castell,Quebec,Quebec,Corporate,Furniture,Office Furnishings,Luxo Professional Fluorescent Magnifier Lamp with Clamp-Mount Base,Large Box,0.59,8/24/2009
6241,44225,4/3/2009,High,29,1958.32,0,Regular Air,632.29,62.18,10.84,Nora Price,Quebec,Quebec,Small Business,Furniture,Office Furnishings,Deflect-o Glass Clear Studded Chair Mats,Medium Box,0.63,4/5/2009
6265,44352,9/15/2009,Not Specified,25,81.76,0.06,Regular Air,8.53,3.29,1.35,Jeremy Farry,Quebec,Quebec,Small Business,Office Supplies,Rubber Bands,Acco¨ Hot Clipsª Clips to Go,Wrap Bag,0.4,9/17/2009
6286,44487,9/11/2009,Critical,4,28.15,0.09,Regular Air,-10.09,6.28,5.29,Helen Wasserman,Quebec,Quebec,Corporate,Furniture,Office Furnishings,"Eldon¨ 200 Classª Desk Accessories, Burgundy",Small Box,0.43,9/12/2009
6287,44487,9/11/2009,Critical,37,558.77,0.03,Regular Air,-92.87,15.14,4.53,Helen Wasserman,Quebec,Quebec,Corporate,Office Supplies,Storage & Organization,Eldon¨ Gobal File Keepers,Small Box,0.81,9/13/2009
6325,44775,9/29/2009,Medium,29,209.3,0.07,Express Air,30.49,7.08,2.35,Dennis Kane,Quebec,Quebec,Small Business,Office Supplies,Pens & Art Supplies,SANFORD Major Accentª Highlighters,Wrap Bag,0.47,9/30/2009
6552,46597,12/31/2009,Not Specified,47,8216.593,0.01,Regular Air,2463.46,195.99,8.99,Michael Chen,Quebec,Quebec,Consumer,Technology,Telephones and Communication,T28 WORLD,Small Box,0.6,12/31/2009
6553,46597,12/31/2009,Not Specified,10,130.36,0.06,Regular Air,2.43,12.95,4.98,Michael Chen,Quebec,Quebec,Consumer,Office Supplies,Binders and Binder Accessories,GBC Binding covers,Small Box,0.4,1/2/2010
6554,46597,12/31/2009,Not Specified,1,200.57,0,Delivery Truck,-83.63,122.99,70.2,Michael Chen,Quebec,Quebec,Consumer,Furniture,Chairs & Chairmats,"Global High-Back Leather Tilter, Burgundy",Jumbo Drum,0.74,1/2/2010
6951,49666,8/6/2009,Low,46,259.25,0.1,Express Air,-64.03,5.68,3.6,Jasper Cacioppo,Quebec,Quebec,Home Office,Office Supplies,"Scissors, Rulers and Trimmers",Acme¨ Preferred Stainless Steel Scissors,Small Pack,0.56,8/10/2009
7279,51943,4/24/2009,High,11,113.19,0.04,Regular Air,-53.25,9.06,9.86,Dorris Love,Quebec,Quebec,Home Office,Office Supplies,Paper,Southworth 25% Cotton Linen-Finish Paper & Envelopes,Small Box,0.4,4/25/2009
7280,51943,4/24/2009,High,13,196.04,0.04,Regular Air,2.13,14.27,7.27,Dorris Love,Quebec,Quebec,Home Office,Office Supplies,Binders and Binder Accessories,"GBC Laser Imprintable Binding System Covers, Desert Sand",Small Box,0.38,4/25/2009
7281,51943,4/24/2009,High,28,140.02,0.03,Regular Air,66.71,4.91,0.5,Dorris Love,Quebec,Quebec,Home Office,Office Supplies,Labels,Avery 508,Small Box,0.36,4/27/2009
7448,53152,3/5/2009,Medium,36,2051.8235,0.01,Express Air,350.36,65.99,8.8,Bill Eplett,Quebec,Quebec,Corporate,Technology,Telephones and Communication,6120,Small Box,0.58,3/5/2009
7898,56486,5/28/2009,Critical,11,73.62,0.03,Regular Air,-23.50,5.98,5.35,Sheri Gordon,Quebec,Quebec,Corporate,Office Supplies,Paper,Xerox 1947,Small Box,0.4,5/29/2009
7979,57061,11/30/2009,Low,21,470.79,0.04,Regular Air,-80.11,22.38,15.1,Dionis Lloyd,Quebec,Quebec,Small Business,Office Supplies,Binders and Binder Accessories,"Avery Flip-Chart Easel Binder, Black",Small Box,0.38,12/7/2009
7980,57061,11/30/2009,Low,6,36.56,0.07,Regular Air,6.22,6.3,0.5,Dionis Lloyd,Quebec,Quebec,Small Business,Office Supplies,Labels,Avery 51,Small Box,0.39,11/30/2009
7981,57061,11/30/2009,Low,3,55.17,0.06,Regular Air,46.84,17.78,5.03,Dionis Lloyd,Quebec,Quebec,Small Business,Furniture,Office Furnishings,"Seth Thomas 13 1/2"" Wall Clock",Small Box,0.54,12/2/2009
8054,57504,8/4/2009,Not Specified,44,357.48,0.01,Regular Air,160.02,7.64,1.39,Sarah Brown,Quebec,Quebec,Consumer,Office Supplies,Envelopes,Security-Tint Envelopes,Small Box,0.36,8/7/2009
8083,57666,5/22/2009,Not Specified,45,1206.15,0.03,Regular Air,304.20,25.98,4.08,Mathew Reese,Quebec,Quebec,Small Business,Office Supplies,Pens & Art Supplies,Boston 1799 Powerhouseª Electric Pencil Sharpener,Small Pack,0.57,5/25/2009
8084,57666,5/22/2009,Not Specified,44,941.99,0.1,Delivery Truck,-2111.36,20.98,53.03,Mathew Reese,Quebec,Quebec,Small Business,Office Supplies,Storage & Organization,"Tennsco Lockers, Gray",Jumbo Drum,0.78,5/22/2009
8200,58628,3/24/2009,Medium,23,2527.792,0.09,Delivery Truck,-335.32,138.75,52.42,Dionis Lloyd,Quebec,Quebec,Small Business,Furniture,Tables,Balt Split Level Computer Training Table,Jumbo Box,0.74,3/25/2009
8266,59104,2/12/2009,High,13,197.61,0.08,Express Air,3.46,14.27,7.27,Aaron Smayling,Quebec,Quebec,Small Business,Office Supplies,Binders and Binder Accessories,"GBC Laser Imprintable Binding System Covers, Desert Sand",Small Box,0.38,2/15/2009
8267,59104,2/12/2009,High,22,68.92,0.04,Regular Air,2.63,2.98,1.58,Aaron Smayling,Quebec,Quebec,Small Business,Office Supplies,Rubber Bands,Staples Gold Paper Clips,Wrap Bag,0.39,2/15/2009
8268,59104,2/12/2009,High,38,3594.7435,0.05,Regular Air,1016.97,115.99,2.5,Aaron Smayling,Quebec,Quebec,Small Business,Technology,Telephones and Communication,StarTAC 7797,Small Box,0.55,2/14/2009
8389,59937,12/28/2009,High,7,235.98,0.02,Regular Air,-32.28,30.98,17.08,John Stevenson,Quebec,Quebec,Small Business,Office Supplies,Paper,Xerox 197,Small Box,0.4,12/29/2009
150,960,9/20/2009,Medium,46,605.97,0.07,Regular Air,-22.72,13.73,6.85,Jim Kriz,Ontario,Ontario,Consumer,Furniture,Office Furnishings,DAX Wood Document Frame.,Wrap Bag,0.54,9/21/2009
244,1665,5/7/2009,High,26,755.6075,0.05,Regular Air,149.17,35.99,1.1,John Lucas,Ontario,Ontario,Corporate,Technology,Telephones and Communication,Accessory35,Small Box,0.55,5/9/2009
281,1952,3/15/2009,High,24,7287.55,0.04,Delivery Truck,-715.78,296.18,54.12,Alejandro Grove,Ontario,Ontario,Corporate,Furniture,Tables,Hon 94000 Series Round Tables,Jumbo Box,0.76,3/15/2009
400,2754,4/2/2009,High,16,1427.67,0.04,Regular Air,422.80,90.24,0.99,Philip Brown,Ontario,Ontario,Home Office,Office Supplies,Appliances,Kensington 6 Outlet MasterPiece¨ HOMEOFFICE Power Control Center,Small Box,0.56,4/4/2009
401,2754,4/2/2009,High,11,499.26,0.09,Express Air,144.05,47.9,5.86,Philip Brown,Ontario,Ontario,Home Office,Office Supplies,Paper,Xerox 1938,Small Box,0.37,4/4/2009
611,4193,1/8/2009,High,16,64.29,0.07,Regular Air,14.42,4.13,0.99,Sandra Flanagan,Ontario,Ontario,Home Office,Office Supplies,Labels,Avery 491,Small Box,0.39,1/8/2009
612,4193,1/8/2009,High,3,75.77,0.03,Regular Air,64.25,22.72,8.99,Sandra Flanagan,Ontario,Ontario,Home Office,Furniture,Office Furnishings,"Executive Impressions 14"" Two-Color Numerals Wall Clock",Small Pack,0.44,1/8/2009
694,4839,5/9/2009,Critical,24,159.43,0.05,Regular Air,-120.59,6.48,8.73,Sally Hughsby,Ontario,Ontario,Consumer,Office Supplies,Paper,Xerox 227,Small Box,0.37,5/9/2009
1048,7744,11/17/2009,Low,26,4286.55,0.07,Regular Air,1416.70,172.99,19.99,Kean Nguyen,Ontario,Ontario,Corporate,Office Supplies,Binders and Binder Accessories,Ibico EB-19 Dual Function Manual Binding System,Small Box,0.39,11/17/2009
1049,7744,11/17/2009,Low,1,8.34,0.09,Regular Air,-3.44,7.64,1.39,Kean Nguyen,Ontario,Ontario,Corporate,Office Supplies,Envelopes,"#10- 4 1/8"" x 9 1/2"" Security-Tint Envelopes",Small Box,0.36,11/26/2009
1369,9926,10/11/2009,High,25,158.83,0,Regular Air,-56.97,5.77,5.92,Mick Hernandez,Ontario,Ontario,Home Office,Furniture,Office Furnishings,DAX Cubicle Frames - 8x10,Medium Box,0.55,10/13/2009
1739,12480,7/7/2009,Medium,8,1187.01,0,Delivery Truck,-203.27,137.48,32.18,Steve Nguyen,Ontario,Ontario,Small Business,Furniture,Bookcases,O'Sullivan Cherrywood Estates Traditional Barrister Bookcase,Jumbo Box,0.78,7/8/2009
1749,12516,5/24/2009,Low,31,2360.43,0.1,Delivery Truck,66.22,80.97,33.6,Vivek Grady,Ontario,Ontario,Home Office,Technology,Office Machines,Lexmark Z25 Color Inkjet Printer,Jumbo Drum,0.37,5/29/2009
1750,12516,5/24/2009,Low,22,154.6,0.02,Regular Air,-23.53,6.48,5.11,Vivek Grady,Ontario,Ontario,Home Office,Office Supplies,Paper,Xerox 231,Small Box,0.37,5/28/2009
1918,13761,10/17/2009,Low,32,2421.44,0.09,Regular Air,-949.09,78.8,35,Katherine Nockton,Ontario,Ontario,Home Office,Office Supplies,Storage & Organization,Space Solutionsª Industrial Galvanized Steel Shelving.,Large Box,0.83,10/21/2009
2183,15718,1/27/2009,Critical,41,1863.02,0.03,Regular Air,360.63,43.98,8.99,Sean O'Donnell,Ontario,Ontario,Corporate,Office Supplies,Pens & Art Supplies,Boston 1645 Deluxe Heavier-Duty Electric Pencil Sharpener,Small Pack,0.58,1/29/2009
2184,15718,1/27/2009,Critical,50,55.89,0.06,Regular Air,-3.05,1.14,0.7,Sean O'Donnell,Ontario,Ontario,Corporate,Office Supplies,Rubber Bands,OIC Thumb-Tacks,Wrap Bag,0.38,1/30/2009
2314,16676,3/19/2009,High,39,936.802,0.07,Regular Air,-12.08,28.99,8.59,Sally Hughsby,Ontario,Ontario,Consumer,Technology,Telephones and Communication,SouthWestern Bell FA970 Digital Answering Machine with Time/Day Stamp,Medium Box,0.56,3/19/2009
2357,16999,1/19/2009,Critical,18,3568.45,0.09,Regular Air,1081.62,207.48,0.99,Stuart Calhoun,Ontario,Ontario,Consumer,Office Supplies,Appliances,Kensington 7 Outlet MasterPiece Power Center with Fax/Phone Line Protection,Small Box,0.55,1/21/2009
2435,17670,8/25/2009,Medium,14,36.52,0.07,Regular Air,10.05,2.61,0.5,Sean O'Donnell,Ontario,Ontario,Corporate,Office Supplies,Labels,Avery 494,Small Box,0.39,8/27/2009
2693,19493,2/2/2009,Critical,31,4713.25,0.1,Regular Air,-372.49,154.13,69,Bill Overfelt,Ontario,Ontario,Corporate,Furniture,Tables,Laminate Occasional Tables,Large Box,0.68,2/3/2009
2827,20390,8/31/2009,Not Specified,35,1271.12,0.05,Express Air,-62.82,34.98,7.53,Sandra Flanagan,Ontario,Ontario,Home Office,Technology,Computer Peripherals,Fellowes EZ Multi-Media Keyboard,Small Box,0.76,9/3/2009
2828,20390,8/31/2009,Not Specified,17,58.5,0,Regular Air,-25.26,3.14,1.92,Sandra Flanagan,Ontario,Ontario,Home Office,Office Supplies,"Scissors, Rulers and Trimmers",Serrated Blade or Curved Handle Hand Letter Openers,Wrap Bag,0.84,9/2/2009
3065,21958,6/5/2009,High,14,4998.03,0.09,Regular Air,1092.94,363.25,19.99,Sally Hughsby,Ontario,Ontario,Consumer,Office Supplies,Appliances,Hoover WindTunnelª Plus Canister Vacuum,Small Box,0.57,6/6/2009
3235,23205,5/24/2009,High,8,319.62,0.08,Express Air,-16.64,40.98,7.2,Stuart Calhoun,Ontario,Ontario,Consumer,Office Supplies,Appliances,Kensington 6 Outlet SmartSocket Surge Protector,Small Box,0.6,5/25/2009
3236,23205,5/24/2009,High,32,263.39,0.08,Express Air,-59.73,8.12,2.83,Stuart Calhoun,Ontario,Ontario,Consumer,Technology,Computer Peripherals,"Imation Neon Mac Format Diskettes, 10/Pack",Small Pack,0.77,5/25/2009
3237,23205,5/24/2009,High,26,7208.8,0.02,Delivery Truck,-633.44,262.11,62.74,Stuart Calhoun,Ontario,Ontario,Consumer,Furniture,Tables,Bevis Boat-Shaped Conference Table,Jumbo Box,0.75,5/25/2009
3710,26470,3/21/2009,High,41,18081.76,0.03,Regular Air,8822.28,420.98,19.99,Harold Ryan,Ontario,Ontario,Home Office,Office Supplies,Binders and Binder Accessories,GBC DocuBind 200 Manual Binding Machine,Small Box,0.35,3/22/2009
3718,26565,10/21/2009,Medium,49,21337.27,0.02,Regular Air,7606.00,419.19,19.99,Cathy Prescott,Ontario,Ontario,Corporate,Office Supplies,Storage & Organization,Smead Adjustable Mobile File Trolley with Lockable Top,Small Box,0.58,10/22/2009
3955,28225,1/22/2009,Critical,13,1160.59,0.01,Regular Air,-330.14,80.98,35,Guy Phonely,Ontario,Ontario,Corporate,Office Supplies,Storage & Organization,"Carina 42""Hx23 3/4""W Media Storage Unit",Large Box,0.83,1/24/2009
3959,28258,3/13/2009,Critical,2,201.178,0.07,Regular Air,-604.41,125.99,2.5,Denny Blanton,Ontario,Ontario,Home Office,Technology,Telephones and Communication,i2000,Small Box,0.6,3/13/2009
3960,28258,3/13/2009,Critical,25,2493.24,0.03,Regular Air,293.66,99.99,19.99,Denny Blanton,Ontario,Ontario,Home Office,Technology,Computer Peripherals,US Robotics 56K V.92 External Faxmodem,Small Box,0.52,3/14/2009
4204,29889,12/4/2009,Not Specified,44,243.5,0.09,Regular Air,23.87,5.98,1.67,Odella Nelson,Ontario,Ontario,Small Business,Office Supplies,Pens & Art Supplies,"Dixon Ticonderoga¨ Erasable Colored Pencil Set, 12-Color",Wrap Bag,0.51,12/7/2009
4313,30726,11/25/2009,Medium,35,725.15,0.05,Regular Air,140.57,20.27,3.99,Harold Ryan,Ontario,Ontario,Home Office,Office Supplies,Appliances,Fellowes Mighty 8 Compact Surge Protector,Small Box,0.57,11/26/2009
4341,30915,1/16/2009,Low,20,62.78,0.04,Express Air,-17.75,2.98,2.03,Xylona Price,Ontario,Ontario,Corporate,Office Supplies,Pens & Art Supplies,"Premium Writing Pencils, Soft, #2 by Central Association for the Blind",Wrap Bag,0.57,1/16/2009
4342,30915,1/16/2009,Low,25,2836.0505,0.01,Regular Air,561.13,125.99,8.99,Xylona Price,Ontario,Ontario,Corporate,Technology,Telephones and Communication,M70,Small Box,0.59,1/21/2009
4370,31138,1/21/2009,High,37,1251.18,0.05,Delivery Truck,-1756.44,31.76,45.51,Arthur Prichep,Ontario,Ontario,Small Business,Furniture,Tables,Hon iLevelª Computer Training Table,Jumbo Box,0.65,1/23/2009
5109,36416,11/30/2009,Low,44,276,0.08,Regular Air,-98.53,6.48,5.82,Sean O'Donnell,Ontario,Ontario,Corporate,Office Supplies,Paper,Xerox 1998,Small Box,0.37,12/4/2009
5110,36416,11/30/2009,Low,46,132.01,0.04,Regular Air,6.93,2.88,1.01,Sean O'Donnell,Ontario,Ontario,Corporate,Office Supplies,Pens & Art Supplies,"Sanford Colorific Colored Pencils, 12/Box",Wrap Bag,0.55,12/4/2009
5151,36705,6/25/2009,Not Specified,17,1032.072,0.06,Delivery Truck,54.23,70.89,89.3,Sam Zeldin,Ontario,Ontario,Small Business,Furniture,Tables,KI Conference Tables,Jumbo Box,0.72,6/25/2009
5190,36896,11/3/2009,Critical,12,34.01,0,Regular Air,10.58,2.61,0.5,Xylona Price,Ontario,Ontario,Corporate,Office Supplies,Labels,Avery 494,Small Box,0.39,11/5/2009
5191,36896,11/3/2009,Critical,41,1008.95,0.04,Express Air,69.31,25.38,8.99,Xylona Price,Ontario,Ontario,Corporate,Furniture,Office Furnishings,"Executive Impressions 13"" Chairman Wall Clock",Small Pack,0.5,11/6/2009
5192,36896,11/3/2009,Critical,21,3508.33,0.04,Regular Air,-546.98,167.27,35,Xylona Price,Ontario,Ontario,Corporate,Office Supplies,Storage & Organization,Office Impressions Heavy Duty Welded Shelving & Multimedia Storage Drawers,Large Box,0.85,11/3/2009
5415,38501,4/28/2009,Critical,11,78.68,0.05,Regular Air,-29.07,6.48,6.22,Guy Phonely,Ontario,Ontario,Corporate,Office Supplies,Paper,Xerox 1894,Small Box,0.37,4/29/2009
5428,38564,11/2/2009,Critical,31,904.93,0.08,Regular Air,-53.40,30.97,4,Vivek Grady,Ontario,Ontario,Home Office,Technology,Computer Peripherals,Microsoft Multimedia Keyboard,Small Box,0.74,11/3/2009
5429,38564,11/2/2009,Critical,21,98.51,0.1,Express Air,45.93,4.13,0.5,Vivek Grady,Ontario,Ontario,Home Office,Office Supplies,Labels,Avery 506,Small Box,0.39,11/4/2009
5481,38915,9/17/2009,Medium,12,96.73,0.08,Regular Air,-83.65,7.77,9.23,Ben Ferrer,Ontario,Ontario,Corporate,Office Supplies,Appliances,Hoover Commercial Soft Guard Upright Vacuum And Disposable Filtration Bags,Small Box,0.58,9/18/2009
5482,38915,9/17/2009,Medium,34,253.6,0.07,Regular Air,24.39,7.59,4,Ben Ferrer,Ontario,Ontario,Corporate,Furniture,Office Furnishings,"Master Giant Foot¨ Doorstop, Safety Yellow",Wrap Bag,0.42,9/19/2009
5487,38947,11/29/2009,Critical,20,307.46,0.02,Regular Air,4.91,14.58,7.4,Chris Selesnick,Ontario,Ontario,Home Office,Furniture,Office Furnishings,DAX Clear Channel Poster Frame,Small Box,0.48,12/1/2009
5512,39078,6/23/2009,Low,10,36.91,0.07,Regular Air,-27.72,3.28,3.97,Matt Connell,Ontario,Ontario,Corporate,Office Supplies,Pens & Art Supplies,Newell 337,Wrap Bag,0.56,6/23/2009
5513,39078,6/23/2009,Low,8,2155.84,0.02,Regular Air,-267.63,256.99,11.25,Matt Connell,Ontario,Ontario,Corporate,Technology,Computer Peripherals,Hayes Optima 56K V.90 Internal Voice Modem,Small Box,0.51,6/30/2009
5514,39078,6/23/2009,Low,26,175.27,0.01,Regular Air,-33.67,6.48,5.14,Matt Connell,Ontario,Ontario,Corporate,Office Supplies,Paper,Xerox 23,Small Box,0.37,6/25/2009
5524,39141,5/3/2009,Low,49,1400.91,0.09,Regular Air,-163.53,30.98,19.51,Jim Kriz,Ontario,Ontario,Consumer,Office Supplies,Envelopes,Staples Colored Interoffice Envelopes,Small Box,0.36,5/5/2009
5525,39141,5/3/2009,Low,47,2259.66,0.03,Regular Air,554.77,49.34,10.25,Jim Kriz,Ontario,Ontario,Consumer,Furniture,Office Furnishings,Electrix Fluorescent Magnifier Lamps & Weighted Base,Large Box,0.57,5/5/2009
5570,39460,5/2/2009,Not Specified,25,172.42,0.09,Regular Air,-71.60,7.1,6.05,Stephanie Ulpright,Ontario,Ontario,Consumer,Office Supplies,Binders and Binder Accessories,"Wilson Jones Hanging View Binder, White, 1""",Small Box,0.39,5/4/2009
5571,39460,5/2/2009,Not Specified,19,2033.9225,0.02,Regular Air,251.20,125.99,2.5,Stephanie Ulpright,Ontario,Ontario,Consumer,Technology,Telephones and Communication,i2000,Small Box,0.6,5/3/2009
5639,39904,2/2/2009,Not Specified,44,363.92,0,Regular Air,-144.56,8.09,7.96,Alejandro Grove,Ontario,Ontario,Consumer,Furniture,Office Furnishings,"6"" Cubicle Wall Clock, Black",Small Box,0.49,2/3/2009
5689,40224,6/30/2009,Low,14,890.9,0.05,Express Air,404.29,63.94,14.48,Sally Hughsby,Ontario,Ontario,Consumer,Furniture,Office Furnishings,"Howard Miller 16"" Diameter Gallery Wall Clock",Small Box,0.46,7/7/2009
5777,40997,4/21/2009,Low,12,382.29,0.05,Express Air,61.47,30.98,9.18,Odella Nelson,Ontario,Ontario,Small Business,Office Supplies,Paper,Xerox 1951,Small Box,0.4,4/21/2009
5778,40997,4/21/2009,Low,37,881.74,0.05,Regular Air,18.27,22.99,8.99,Odella Nelson,Ontario,Ontario,Small Business,Office Supplies,Pens & Art Supplies,Boston KS Multi-Size Manual Pencil Sharpener,Small Pack,0.57,4/28/2009
5779,40997,4/21/2009,Low,1,22.61,0.03,Regular Air,-8.40,14.97,7.51,Odella Nelson,Ontario,Ontario,Small Business,Office Supplies,Storage & Organization,Pizazz¨ Global Quick Fileª,Small Box,0.57,4/23/2009
5780,40997,4/21/2009,Low,33,7384.18,0.04,Delivery Truck,-513.79,212.6,110.2,Odella Nelson,Ontario,Ontario,Small Business,Furniture,Tables,Bush Advantage Collection¨ Round Conference Table,Jumbo Box,0.73,4/25/2009
5806,41185,12/6/2009,Critical,2,18.81,0.08,Regular Air,-12.83,5.78,7.96,Ben Ferrer,Ontario,Ontario,Corporate,Office Supplies,Paper,Xerox 196,Small Box,0.36,12/7/2009
5816,41253,5/7/2009,Medium,5,1455.49,0.07,Regular Air,-807.59,300.97,7.18,Steve Nguyen,Ontario,Ontario,Small Business,Technology,Computer Peripherals,Gyration Ultra Professional Cordless Optical Suite,Small Box,0.48,5/9/2009
5845,41474,4/20/2009,Not Specified,35,3640.83,0,Delivery Truck,-6.80,100.98,35.84,Matt Connell,Ontario,Ontario,Corporate,Furniture,Bookcases,"Bush Westfield Collection Bookcases, Fully Assembled",Jumbo Box,0.62,4/22/2009
5846,41474,4/20/2009,Not Specified,50,225.94,0.09,Regular Air,-89.13,4.77,2.39,Matt Connell,Ontario,Ontario,Corporate,Technology,Computer Peripherals,"Imation Primaris 3.5"" 2HD Unformatted Diskettes, 10/Pack",Small Pack,0.72,4/22/2009
5880,41728,9/30/2009,High,28,23106.46,0.08,Regular Air,9527.47,896.99,19.99,Alejandro Grove,Ontario,Ontario,Corporate,Office Supplies,Binders and Binder Accessories,GBC DocuBind TL300 Electric Binding System,Small Box,0.38,10/2/2009
5881,41728,9/30/2009,High,10,2549.58,0.02,Delivery Truck,41.53,243.98,62.94,Alejandro Grove,Ontario,Ontario,Corporate,Furniture,Chairs & Chairmats,Hon Deluxe Fabric Upholstered Stacking Chairs,Jumbo Drum,0.57,10/1/2009
5886,41764,10/5/2009,Not Specified,16,5105.06,0.03,Delivery Truck,467.12,320.64,29.2,Katherine Nockton,Ontario,Ontario,Home Office,Furniture,Tables,"Chromcraft 48"" x 96"" Racetrack Double Pedestal Table",Jumbo Box,0.66,10/7/2009
5958,42279,6/30/2009,Not Specified,44,1431,0.02,Express Air,-55.78,30.98,6.5,Harold Ryan,Ontario,Ontario,Home Office,Technology,Computer Peripherals,Logitech Internet Navigator Keyboard,Small Box,0.79,7/1/2009
5962,42308,6/12/2009,Medium,16,79.98,0.09,Regular Air,-56.56,4.86,7.1,Sam Zeldin,Ontario,Ontario,Small Business,Furniture,Office Furnishings,"Eldon Imge¨ Series Desk Accessories, Clear",Small Box,0.42,6/15/2009
6044,42851,6/1/2009,High,4,24.32,0.05,Express Air,-2.97,4.71,0.7,Robert Marley,Ontario,Ontario,Corporate,Office Supplies,Rubber Bands,Plymouth Boxed Rubber Bands by Plymouth,Wrap Bag,0.8,6/2/2009
6045,42851,6/1/2009,High,7,344.301,0.04,Express Air,-22.90,55.99,1.25,Robert Marley,Ontario,Ontario,Corporate,Technology,Telephones and Communication,Accessory32,Small Pack,0.35,6/2/2009
6157,43590,9/10/2009,Critical,24,3118.6,0.06,Express Air,804.20,128.24,12.65,Harold Ryan,Ontario,Ontario,Home Office,Furniture,Chairs & Chairmats,SAFCO Folding Chair Trolley,Medium Box,,9/12/2009
6458,45987,3/12/2009,Not Specified,31,131.43,0.01,Regular Air,37.25,4,1.3,Laura Armstrong,Ontario,Ontario,Small Business,Office Supplies,Paper,EcoTones¨ Memo Sheets,Wrap Bag,0.37,3/14/2009
6471,46052,11/23/2009,Medium,37,2374.35,0.05,Regular Air,878.21,63.94,14.48,Bill Overfelt,Ontario,Ontario,Corporate,Furniture,Office Furnishings,"Howard Miller 16"" Diameter Gallery Wall Clock",Small Box,0.46,11/25/2009
6472,46052,11/23/2009,Medium,39,729.21,0,Express Air,194.15,17.78,5.03,Bill Overfelt,Ontario,Ontario,Corporate,Furniture,Office Furnishings,"Seth Thomas 13 1/2"" Wall Clock",Small Box,0.54,11/25/2009
6807,48483,12/10/2009,Critical,18,47.55,0,Express Air,10.01,2.21,1,Steve Nguyen,Ontario,Ontario,Small Business,Office Supplies,Pens & Art Supplies,"Quartet Alpha¨ White Chalk, 12/Pack",Wrap Bag,0.38,12/11/2009
6871,48961,7/21/2009,Not Specified,24,520.68,0.09,Regular Air,-143.66,22.84,16.87,John Lucas,Ontario,Ontario,Small Business,Office Supplies,Paper,Xerox 1982,Small Box,0.39,7/23/2009
6872,48961,7/21/2009,Not Specified,25,358.78,0.1,Express Air,-76.90,14.98,7.69,John Lucas,Ontario,Ontario,Small Business,Office Supplies,Storage & Organization,Super Decoflex Portable Personal File,Small Box,0.57,7/23/2009
6936,49505,1/21/2009,Critical,12,97.74,0.04,Regular Air,-8.50,7.84,4.71,Harold Ryan,Ontario,Ontario,Home Office,Office Supplies,Binders and Binder Accessories,XtraLife¨ ClearVueª Slant-D¨ Ring Binders by Cardinal,Small Box,0.35,1/23/2009
6937,49505,1/21/2009,Critical,34,335.59,0.04,Express Air,85.83,9.78,1.99,Harold Ryan,Ontario,Ontario,Home Office,Technology,Computer Peripherals,"Memorex Slim 80 Minute CD-R, 10/Pack",Small Pack,0.43,1/22/2009
7013,50051,10/4/2009,Medium,15,308.64,0.03,Express Air,91.08,19.04,6.38,Jas O'Carroll,Ontario,Ontario,Corporate,Furniture,Office Furnishings,"Eldon Expressionsª Desk Accessory, Wood Photo Frame, Mahogany",Small Box,0.56,10/4/2009
7137,50917,7/21/2009,Low,33,1422.31,0.02,Regular Air,498.15,43.98,1.99,Sally Hughsby,Ontario,Ontario,Consumer,Technology,Computer Peripherals,"Memorex 80 Minute CD-R Spindle, 100/Pack",Small Pack,0.44,7/25/2009
7145,50981,8/4/2009,Critical,42,5678.5525,0.01,Regular Air,1550.88,155.99,8.99,Sean O'Donnell,Ontario,Ontario,Corporate,Technology,Telephones and Communication,CF 688,Small Box,0.58,8/4/2009
7236,51619,9/2/2009,Not Specified,46,100.6,0.03,Regular Air,11.55,2.21,1,Stephanie Ulpright,Ontario,Ontario,Consumer,Office Supplies,Pens & Art Supplies,"Quartet Alpha¨ White Chalk, 12/Pack",Wrap Bag,0.38,9/3/2009
7237,51619,9/2/2009,Not Specified,6,958.06,0.09,Regular Air,-77.09,165.2,19.99,Stephanie Ulpright,Ontario,Ontario,Consumer,Office Supplies,Storage & Organization,Economy Rollaway Files,Small Box,0.59,9/3/2009
7238,51619,9/2/2009,Not Specified,2,14.75,0.07,Regular Air,-11.42,3.89,7.01,Stephanie Ulpright,Ontario,Ontario,Consumer,Office Supplies,Binders and Binder Accessories,Avery Binder Labels,Small Box,0.37,9/4/2009
7239,51619,9/2/2009,Not Specified,31,11262.04,0.06,Delivery Truck,1660.92,355.98,58.92,Stephanie Ulpright,Ontario,Ontario,Consumer,Furniture,Chairs & Chairmats,Hon 4700 Series Mobuisª Mid-Back Task Chairs with Adjustable Arms,Jumbo Drum,0.64,9/3/2009
7489,53476,6/11/2009,Not Specified,14,481.4,0.04,Regular Air,150.72,35.44,5.09,Steve Nguyen,Ontario,Ontario,Small Business,Office Supplies,Paper,Xerox 1932,Small Box,0.38,6/11/2009
7490,53476,6/11/2009,Not Specified,24,93.85,0.08,Regular Air,19.42,3.98,0.7,Steve Nguyen,Ontario,Ontario,Small Business,Office Supplies,Pens & Art Supplies,4009¨ Highlighters by Sanford,Wrap Bag,0.52,6/14/2009
7491,53476,6/11/2009,Not Specified,47,85.87,0.01,Regular Air,3.13,1.76,0.7,Steve Nguyen,Ontario,Ontario,Small Business,Office Supplies,Pens & Art Supplies,Newell 310,Wrap Bag,0.56,6/12/2009
7492,53476,6/11/2009,Not Specified,42,8127.32,0.01,Express Air,1141.07,193.17,19.99,Steve Nguyen,Ontario,Ontario,Small Business,Office Supplies,Storage & Organization,Fellowes Staxonsteel¨ Drawer Files,Small Box,0.71,6/11/2009
7526,53766,10/13/2009,Not Specified,22,3122.55,0.07,Delivery Truck,-574.56,145.98,46.2,Laura Armstrong,Ontario,Ontario,Corporate,Furniture,Tables,Bevis Rectangular Conference Tables,Jumbo Box,0.69,10/14/2009
7599,54369,3/2/2009,Not Specified,47,421.08,0,Express Air,82.31,8.33,1.99,Ryan Akin,Ontario,Ontario,Consumer,Technology,Computer Peripherals,"80 Minute Slim Jewel Case CD-R , 10/Pack - Staples",Small Pack,0.52,3/4/2009
7718,55300,2/20/2009,High,37,159.89,0.03,Regular Air,-185.17,4.06,6.89,Sally Hughsby,Ontario,Ontario,Consumer,Office Supplies,Appliances,Eureka Disposable Bags for Sanitaire¨ Vibra Groomer I¨ Upright Vac,Small Box,0.6,2/22/2009
7719,55300,2/20/2009,High,48,180.48,0.01,Regular Air,82.38,3.75,0.5,Sally Hughsby,Ontario,Ontario,Consumer,Office Supplies,Labels,Avery 510,Small Box,0.37,2/21/2009
7720,55300,2/20/2009,High,31,350.48,0.02,Regular Air,-231.05,10.68,13.04,Sally Hughsby,Ontario,Ontario,Consumer,Furniture,Office Furnishings,Dana Swing-Arm Lamps,Large Box,0.6,2/22/2009
7761,55553,7/17/2009,Medium,32,177.52,0.05,Regular Air,52.61,5.68,1.39,John Castell,Ontario,Ontario,Small Business,Office Supplies,Envelopes,Staples Standard Envelopes,Small Box,0.38,7/18/2009
7953,56807,4/21/2009,High,1,47.04,0.06,Regular Air,-24.63,42.98,4.62,Scott Cohen,Ontario,Ontario,Consumer,Office Supplies,Appliances,Belkin F9M820V08 8 Outlet Surge,Small Box,0.56,4/23/2009
7970,56995,10/15/2009,Medium,27,157.57,0.08,Express Air,-57.06,5.74,5.01,Sarah Foster,Ontario,Ontario,Corporate,Office Supplies,Binders and Binder Accessories,Binder Posts,Small Box,0.39,10/17/2009
7998,57155,6/17/2009,Critical,23,155.52,0.05,Regular Air,-133.73,6.48,9.68,Stuart Calhoun,Ontario,Ontario,Consumer,Office Supplies,Paper,Xerox 1993,Small Box,0.36,6/18/2009
7999,57155,6/17/2009,Critical,16,535.54,0.04,Express Air,60.82,33.89,5.1,Stuart Calhoun,Ontario,Ontario,Consumer,Office Supplies,Storage & Organization,"File Shuttle II and Handi-File, Black",Small Box,0.6,6/18/2009
8036,57409,11/20/2009,Not Specified,1,90.88,0.1,Regular Air,-259.63,100.98,7.18,John Castell,Ontario,Ontario,Small Business,Technology,Computer Peripherals,Logitech Cordless Elite Duo,Small Box,0.4,11/21/2009
8037,57409,11/20/2009,Not Specified,34,6236.4755,0.03,Regular Air,1928.66,205.99,3,John Castell,Ontario,Ontario,Small Business,Technology,Telephones and Communication,6185,Small Box,0.58,11/21/2009
8066,57542,8/22/2009,High,23,1256.29,0.04,Regular Air,517.03,55.48,6.79,John Lucas,Ontario,Ontario,Corporate,Office Supplies,Paper,"Eaton Premium Continuous-Feed Paper, 25% Cotton, Letter Size, White, 1000 Shts/Box",Small Box,0.37,8/24/2009
8104,57856,2/12/2009,Medium,17,127.45,0.06,Regular Air,-42.17,7.1,6.05,Vivek Grady,Ontario,Ontario,Home Office,Office Supplies,Binders and Binder Accessories,"Wilson Jones Hanging View Binder, White, 1""",Small Box,0.39,2/13/2009
8105,57856,2/12/2009,Medium,31,92.18,0.02,Regular Air,5.70,2.78,0.97,Vivek Grady,Ontario,Ontario,Home Office,Office Supplies,Pens & Art Supplies,Newell 339,Wrap Bag,0.59,2/13/2009
8359,59745,4/19/2009,Not Specified,36,18092.66,0.09,Regular Air,7917.76,525.98,19.99,Alejandro Grove,Ontario,Ontario,Consumer,Office Supplies,Binders and Binder Accessories,GBC DocuBind 300 Electric Binding Machine,Small Box,0.37,4/21/2009
275,1892,3/25/2009,Low,47,193.63,0.05,Regular Air,-152.52,3.98,5.26,Joe Kamberova,Ontario,Ontario,Small Business,Office Supplies,Binders and Binder Accessories,Ibico Presentation Index for Binding Systems,Small Box,0.38,3/29/2009
276,1892,3/25/2009,Low,9,64.29,0.01,Regular Air,-18.85,6.48,5.4,Joe Kamberova,Ontario,Ontario,Small Business,Office Supplies,Paper,Xerox 207,Small Box,0.37,3/25/2009
921,6656,5/15/2009,Critical,45,1802,0.02,Regular Air,508.96,39.06,10.55,Dennis Bolton,Ontario,Ontario,Small Business,Office Supplies,Binders and Binder Accessories,Ibico Recycled Linen-Style Covers,Small Box,0.37,5/15/2009
922,6656,5/15/2009,Critical,50,1832.22,0.1,Regular Air,805.43,37.7,2.99,Dennis Bolton,Ontario,Ontario,Small Business,Office Supplies,Binders and Binder Accessories,Vinyl Sectional Post Binders,Small Box,0.35,5/16/2009
1311,9606,7/27/2009,Not Specified,39,493.26,0.02,Regular Air,263.40,12.53,0.49,Darrin Martin,Ontario,Ontario,Small Business,Office Supplies,Labels,Round Specialty Laser Printer Labels,Small Box,0.38,7/27/2009
1312,9606,7/27/2009,Not Specified,37,192.15,0.07,Express Air,37.31,5.18,2.04,Darrin Martin,Ontario,Ontario,Small Business,Office Supplies,Paper,Array¨ Memo Cubes,Wrap Bag,0.36,7/29/2009
1502,10851,4/6/2009,High,14,570.5285,0.02,Express Air,3.96,45.99,4.99,Jenna Caffey,Ontario,Ontario,Consumer,Technology,Telephones and Communication,600 Series Non-Flip,Small Box,0.57,4/7/2009
2371,17186,1/26/2009,Medium,49,4321.63,0.08,Regular Air,-1549.14,90.98,56.2,Ken Brennan,Ontario,Ontario,Consumer,Furniture,Office Furnishings,Eldon ClusterMat Chair Mat with Cordless Antistatic Protection,Medium Box,0.74,1/28/2009
2372,17186,1/26/2009,Medium,11,67.14,0.07,Regular Air,-29.98,5.98,5.35,Ken Brennan,Ontario,Ontario,Consumer,Office Supplies,Paper,Xerox 1947,Small Box,0.4,1/28/2009
2576,18595,1/31/2009,Critical,6,451.44,0.1,Regular Air,-35.19,78.65,13.99,Art Foster,Ontario,Ontario,Home Office,Office Supplies,Appliances,Honeywell Quietcare HEPA Air Cleaner,Medium Box,0.52,2/2/2009
2577,18595,1/31/2009,Critical,16,138.55,0.03,Regular Air,0.90,8.34,2.64,Art Foster,Ontario,Ontario,Home Office,Office Supplies,"Scissors, Rulers and Trimmers",Acme¨ Elite Stainless Steel Scissors,Small Pack,0.59,2/2/2009
2967,21445,11/17/2009,Low,14,75.15,0.02,Express Air,-63.53,4.06,6.89,Clytie Kelty,Ontario,Ontario,Small Business,Office Supplies,Appliances,Eureka Disposable Bags for Sanitaire¨ Vibra Groomer I¨ Upright Vac,Small Box,0.6,11/21/2009
2968,21445,11/17/2009,Low,43,400.45,0.07,Regular Air,-38.58,9.49,5.76,Clytie Kelty,Ontario,Ontario,Small Business,Technology,Office Machines,"Sharp EL501VB Scientific Calculator, Battery Operated, 10-Digit Display, Hard Case",Medium Box,0.39,11/21/2009
3004,21636,8/10/2009,Low,16,376.65,0,Express Air,-52.65,22.38,15.1,Fred Wasserman,Ontario,Ontario,Home Office,Office Supplies,Binders and Binder Accessories,"Avery Flip-Chart Easel Binder, Black",Small Box,0.38,8/17/2009
3005,21636,8/10/2009,Low,6,40.06,0.07,Regular Air,-24.44,5.98,4.69,Fred Wasserman,Ontario,Ontario,Home Office,Office Supplies,Storage & Organization,"Perma STOR-ALLª Hanging File Box, 13 1/8""W x 12 1/4""D x 10 1/2""H",Small Box,0.68,8/15/2009
3281,23429,3/19/2009,Critical,28,154.61,0.06,Regular Air,-82.82,5.34,5.63,Beth Thompson,Ontario,Ontario,Corporate,Office Supplies,Binders and Binder Accessories,"Pressboard Data Binder, Crimson, 12"" X 8 1/2""",Small Box,0.39,3/19/2009
3282,23429,3/19/2009,Critical,19,1063.35,0.07,Express Air,107.08,65.99,5.26,Beth Thompson,Ontario,Ontario,Corporate,Technology,Telephones and Communication,8860,Small Box,0.56,3/21/2009
3430,24455,12/6/2009,Not Specified,8,169.11,0,Regular Air,-10.59,20.89,1.99,Fred Wasserman,Ontario,Ontario,Home Office,Technology,Computer Peripherals,"IBM 80 Minute CD-R Spindle, 50/Pack",Small Pack,0.48,12/8/2009
3431,24455,12/6/2009,Not Specified,41,152.59,0.07,Regular Air,27.38,3.98,0.83,Fred Wasserman,Ontario,Ontario,Home Office,Office Supplies,Pens & Art Supplies,Fluorescent Highlighters by Dixon,Wrap Bag,0.51,12/9/2009
4031,28774,1/1/2009,High,32,180.36,0.1,Regular Air,-111.80,5.98,4.69,Jessica Myrick,Ontario,Ontario,Small Business,Office Supplies,Storage & Organization,"Perma STOR-ALLª Hanging File Box, 13 1/8""W x 12 1/4""D x 10 1/2""H",Small Box,0.68,1/2/2009
4685,33319,3/27/2009,Not Specified,11,1736.26,0.01,Delivery Truck,-505.76,150.89,60.2,Don Weiss,Ontario,Ontario,Corporate,Furniture,Chairs & Chairmats,"Global Leather & Oak Executive Chair, Burgundy",Jumbo Drum,0.77,3/30/2009
4724,33635,7/12/2009,High,5,477.76,0.04,Delivery Truck,-173.10,90.97,28,Darrin Martin,Ontario,Ontario,Small Business,Technology,Office Machines,Lexmark Z55se Color Inkjet Printer,Jumbo Drum,0.38,7/13/2009
4725,33635,7/12/2009,High,4,112.18,0.07,Regular Air,-96.16,20.34,35,Darrin Martin,Ontario,Ontario,Small Business,Office Supplies,Storage & Organization,Tennsco Commercial Shelving,Large Box,0.84,7/13/2009
4787,33988,1/10/2009,Medium,30,164.78,0,Regular Air,-128.47,5.02,5.14,Rob Haberlin,Ontario,Ontario,Consumer,Technology,Computer Peripherals,"Imation 3.5, DISKETTE 44766 HGHLD3.52HD/FM, 10/Pack",Small Pack,0.79,1/11/2009
4798,34087,7/24/2009,Low,31,3077.731,0.05,Regular Air,745.48,115.99,5.26,Jim Sink,Ontario,Ontario,Corporate,Technology,Telephones and Communication,636,Small Box,0.57,7/28/2009
4875,34691,1/14/2009,Critical,27,217.68,0.08,Regular Air,-168.75,7.77,9.23,Clytie Kelty,Ontario,Ontario,Small Business,Office Supplies,Appliances,Hoover Commercial Soft Guard Upright Vacuum And Disposable Filtration Bags,Small Box,0.58,1/16/2009
4876,34691,1/14/2009,Critical,23,7202.94,0.02,Delivery Truck,1425.11,306.14,26.53,Clytie Kelty,Ontario,Ontario,Small Business,Technology,Office Machines,Okidata ML184 Turbo Dot Matrix Printers,Jumbo Drum,0.56,1/14/2009
4877,34691,1/14/2009,Critical,13,245.82,0.1,Express Air,-7.39,18.97,9.54,Clytie Kelty,Ontario,Ontario,Small Business,Office Supplies,Paper,Xerox 1939,Small Box,0.37,1/16/2009
4904,34883,11/4/2009,Critical,31,906.015,0.05,Regular Air,248.67,35.99,5.99,Pete Takahito,Ontario,Ontario,Corporate,Technology,Telephones and Communication,Accessory41,Wrap Bag,0.38,11/5/2009
5349,38021,1/21/2009,Medium,16,4407.03,0.04,Delivery Truck,834.96,279.81,23.19,Rob Haberlin,Ontario,Ontario,Corporate,Office Supplies,Appliances,Sanyo 2.5 Cubic Foot Mid-Size Office Refrigerators,Jumbo Drum,0.59,1/22/2009
5350,38021,1/21/2009,Medium,36,173.22,0.02,Regular Air,81.77,4.91,0.5,Rob Haberlin,Ontario,Ontario,Corporate,Office Supplies,Labels,Avery 508,Small Box,0.36,1/22/2009
5456,38756,5/7/2009,Critical,43,2251.497,0.09,Express Air,308.93,65.99,8.99,Benjamin Patterson,Ontario,Ontario,Corporate,Technology,Telephones and Communication,Talkabout T8367,Small Box,0.56,5/9/2009
5572,39488,6/22/2009,Low,18,92.4,0.04,Express Air,8.60,4.48,2.5,Michael Dominguez,Ontario,Ontario,Home Office,Office Supplies,Envelopes,Ampad #10 Peel & Seel¨ Holiday Envelopes,Small Box,0.37,6/26/2009
5626,39844,12/1/2009,Not Specified,47,4387.24,0.09,Regular Air,-286.47,95.43,19.99,Jim Sink,Ontario,Ontario,Corporate,Office Supplies,Storage & Organization,Fellowes Stor/Drawer¨ Steel Plusª Storage Drawers,Small Box,0.79,12/2/2009
5773,40965,11/20/2009,Medium,48,7227.42,0.09,Delivery Truck,-385.00,159.31,60,Mark Cousins,Ontario,Ontario,Corporate,Furniture,Tables,Hon Non-Folding Utility Tables,Jumbo Drum,0.55,11/22/2009
5774,40965,11/20/2009,Medium,39,1836.187,0.06,Regular Air,-139.84,55.99,5,Mark Cousins,Ontario,Ontario,Corporate,Technology,Telephones and Communication,Accessory36,Small Pack,0.83,11/22/2009
5822,41316,7/21/2009,Not Specified,8,121.74,0.01,Regular Air,21.00,14.28,2.99,John Castell,Ontario,Ontario,Consumer,Office Supplies,Binders and Binder Accessories,Avery Premier Heavy-Duty Binder with Round Locking Rings,Small Box,0.39,7/22/2009
5823,41316,7/21/2009,Not Specified,4,700.366,0,Regular Air,-787.70,205.99,5.99,John Castell,Ontario,Ontario,Consumer,Technology,Telephones and Communication,3285,Small Box,0.59,7/24/2009
6121,43360,10/13/2009,Low,48,112.16,0,Regular Air,-178.29,2.08,5.33,Max Jones,Ontario,Ontario,Home Office,Furniture,Office Furnishings,Eldon¨ Wave Desk Accessories,Small Box,0.43,10/20/2009
6332,44867,7/26/2009,High,40,21425.91,0.01,Delivery Truck,7360.43,500.98,26,Max Jones,Ontario,Ontario,Home Office,Furniture,Chairs & Chairmats,Global Troyª Executive Leather Low-Back Tilter,Jumbo Drum,0.6,7/28/2009
6525,46436,4/4/2009,Low,46,1477.572,0,Regular Air,840.05,35.99,0.99,Odella Nelson,Ontario,Ontario,Small Business,Technology,Telephones and Communication,Accessory31,Small Pack,0.35,4/11/2009
6577,46848,11/10/2009,Medium,39,3842.99,0.04,Regular Air,-67.68,95.43,19.99,John Castell,Ontario,Ontario,Small Business,Office Supplies,Storage & Organization,Fellowes Stor/Drawer¨ Steel Plusª Storage Drawers,Small Box,0.79,11/12/2009
6605,47009,6/4/2009,Critical,32,1587.16,0.09,Express Air,-22.33,49.99,19.99,Clytie Kelty,Ontario,Ontario,Small Business,Technology,Computer Peripherals,US Robotics 56K V.92 Internal PCI Faxmodem,Small Box,0.45,6/6/2009
6627,47138,1/9/2009,Low,1,107.95,0.04,Regular Air,-506.31,125.99,8.99,Benjamin Patterson,Ontario,Ontario,Corporate,Technology,Telephones and Communication,M70,Small Box,0.59,1/16/2009
6849,48773,1/15/2009,Medium,7,51.27,0.06,Regular Air,3.27,7.04,2.17,Amy Cox,Ontario,Ontario,Small Business,Office Supplies,Paper,"Wirebound Message Books, 2 7/8"" x 5"", 3 Forms per Page",Wrap Bag,0.38,1/17/2009
7483,53441,8/24/2009,Medium,7,345.37,0.01,Regular Air,84.34,48.04,5.79,Clytie Kelty,Ontario,Ontario,Small Business,Office Supplies,Paper,Xerox 1937,Small Box,0.37,8/25/2009
7557,54055,2/13/2009,Critical,44,5483.96,0.02,Delivery Truck,-1330.50,120.98,58.64,Lena Creighton,Ontario,Ontario,Home Office,Furniture,Bookcases,O'Sullivan Living Dimensions 2-Shelf Bookcases,Jumbo Box,0.75,2/15/2009
7570,54151,9/2/2009,Critical,35,205.87,0.03,Regular Air,65.88,5.68,1.46,Amy Cox,Ontario,Ontario,Small Business,Office Supplies,Paper,"Adams Write n' Stick Phone Message Book, 11"" X 5 1/4"", 200 Messages",Wrap Bag,0.39,9/3/2009
7571,54151,9/2/2009,Critical,38,65.12,0.07,Regular Air,1.42,1.68,1,Amy Cox,Ontario,Ontario,Small Business,Office Supplies,Pens & Art Supplies,Prang Dustless Chalk Sticks,Wrap Bag,0.35,9/3/2009
7582,54243,9/16/2009,Low,6,907.24,0.07,Express Air,-634.73,154.13,69,Amy Cox,Ontario,Ontario,Home Office,Furniture,Tables,Laminate Occasional Tables,Large Box,0.68,9/16/2009
8223,58784,1/18/2009,Medium,25,8875.17,0.05,Delivery Truck,2372.08,350.99,39,Kristen Hastings,Ontario,Ontario,Corporate,Furniture,Chairs & Chairmats,Global Leather Executive Chair,Jumbo Drum,0.55,1/20/2009
8224,58784,1/18/2009,Medium,20,331.21,0.04,Express Air,-67.38,15.99,9.4,Kristen Hastings,Ontario,Ontario,Corporate,Technology,Office Machines,"AT&T Black Trimline Phone, Model 210",Small Box,0.49,1/20/2009
221,1444,12/5/2009,Medium,25,772.24,0.07,Regular Air,181.98,30.98,8.74,Noel Staavos,Ontario,Ontario,Home Office,Office Supplies,Paper,Xerox 1979,Small Box,0.4,12/6/2009
278,1921,1/17/2009,Medium,24,7871.91,0.05,Delivery Truck,541.47,328.14,91.05,Benjamin Venier,Ontario,Ontario,Small Business,Office Supplies,Appliances,"Sanyo Counter Height Refrigerator with Crisper, 3.6 Cubic Foot, Stainless Steel/Black",Jumbo Drum,0.57,1/19/2009
283,1985,9/1/2009,Not Specified,33,15464.01,0.05,Delivery Truck,4407.44,535.64,14.7,Katherine Murray,Ontario,Ontario,Home Office,Technology,Office Machines,Epson LQ-870 Dot Matrix Printer,Jumbo Drum,0.59,9/3/2009
1552,11206,12/28/2009,Low,26,1285.55,0.09,Regular Air,-17.03,49.99,19.99,Eric Barreto,Ontario,Ontario,Small Business,Technology,Computer Peripherals,Zoom V.92 USB External Faxmodem,Small Box,0.41,12/30/2009
7631,54595,4/28/2009,Medium,30,250.29,0.02,Regular Air,6.79,8.34,2.64,Erica Hernandez,Ontario,Ontario,Small Business,Office Supplies,"Scissors, Rulers and Trimmers",Acme¨ Elite Stainless Steel Scissors,Small Pack,0.59,4/30/2009
7733,55392,6/6/2009,Critical,20,129.3,0.02,Regular Air,40.20,6.47,1.22,Christy Brittain,Ontario,Ontario,Consumer,Office Supplies,Pens & Art Supplies,"Staples Pen Style Liquid Stix; Assorted (yellow, pink, green, blue, orange), 5/Pack",Wrap Bag,0.4,6/7/2009
218,1444,12/5/2009,Medium,13,15823.27,0.04,Delivery Truck,1759.34,1360.14,14.7,Noel Staavos,Ontario,Ontario,Home Office,Technology,Office Machines,Okidata ML395C Color Dot Matrix Printer,Jumbo Drum,0.59,12/8/2009
790,5639,6/1/2009,Medium,31,501.38,0.03,Regular Air,-71.95,15.31,8.78,Raymond Fair,Ontario,Ontario,Small Business,Office Supplies,Storage & Organization,Eldon Jumbo ProFileª Portable File Boxes Graphite/Black,Small Box,0.57,6/2/2009
1002,7297,9/14/2009,High,26,936.95,0.03,Regular Air,-0.74,33.98,19.99,Debra Catini,Ontario,Ontario,Small Business,Furniture,Office Furnishings,"Linden¨ 12"" Wall Clock With Oak Frame",Small Box,0.55,9/15/2009
1819,13056,4/22/2009,Not Specified,33,3387.32,0.05,Regular Air,1413.52,100.98,7.18,Raymond Fair,Ontario,Ontario,Small Business,Technology,Computer Peripherals,Logitech Cordless Elite Duo,Small Box,0.4,4/24/2009
2875,20711,1/19/2009,Critical,18,2215.96,0,Delivery Truck,-101.66,119.99,56.14,Chris Cortes,Ontario,Ontario,Consumer,Technology,Office Machines,Hewlett-Packard 2600DN Business Color Inkjet Printer,Jumbo Box,0.39,1/20/2009
3926,28001,6/14/2009,Critical,41,8958.46,0.02,Regular Air,2593.14,209.84,21.21,Dianna Arnett,Ontario,Ontario,Home Office,Furniture,Office Furnishings,Luxo Professional Fluorescent Magnifier Lamp with Clamp-Mount Base,Large Box,0.59,6/14/2009
4073,28999,1/10/2009,High,34,1177.5,0.02,Regular Air,420.05,33.98,1.99,Giulietta Dortch,Ontario,Ontario,Corporate,Technology,Computer Peripherals,"Imation Neon 80 Minute CD-R Spindle, 50/Pack",Small Pack,0.45,1/11/2009
4646,33090,8/5/2009,Medium,26,1033.93,0,Regular Air,63.41,37.76,12.9,Deanra Eno,Ontario,Ontario,Corporate,Office Supplies,Storage & Organization,"Companion Letter/Legal File, Black",Small Box,0.57,8/6/2009
5298,37731,11/4/2009,Critical,24,752.63,0.01,Regular Air,172.94,30.98,9.18,Pierre Wener,Ontario,Ontario,Home Office,Office Supplies,Paper,Xerox 1951,Small Box,0.4,11/4/2009
6278,44448,4/13/2009,Critical,28,951.06,0.02,Regular Air,331.27,33.98,1.99,Raymond Fair,Ontario,Ontario,Small Business,Technology,Computer Peripherals,"Imation Neon 80 Minute CD-R Spindle, 50/Pack",Small Pack,0.45,4/15/2009
6804,48455,6/2/2009,Critical,2,25.96,0.06,Regular Air,-29.29,9.99,6.24,Amy Cox,Ontario,Ontario,Small Business,Technology,Office Machines,Canon F603 Scientific Calculator,Medium Box,0.36,6/3/2009
6881,49056,10/1/2009,High,5,248.3955,0.05,Regular Air,-260.35,55.99,5,Cathy Hwang,Ontario,Ontario,Home Office,Technology,Telephones and Communication,Accessory6,Small Pack,0.8,10/1/2009
7294,52006,6/24/2009,Medium,39,392.81,0.1,Regular Air,13.91,10.48,2.89,Carlos Meador,Ontario,Ontario,Corporate,Office Supplies,Pens & Art Supplies,Staples Battery-Operated Desktop Pencil Sharpener,Small Pack,0.6,6/25/2009
7632,54595,4/28/2009,Medium,41,5258.94,0.09,Delivery Truck,-421.76,130.98,30,Erica Hernandez,Ontario,Ontario,Small Business,Furniture,Chairs & Chairmats,"Office Star - Contemporary Task Swivel chair with 2-way adjustable arms, Plum",Jumbo Drum,0.78,5/1/2009
7786,55713,2/2/2009,High,49,5718.85,0.09,Delivery Truck,-2426.55,122.99,70.2,Alan Schoenberger,Ontario,Ontario,Corporate,Furniture,Chairs & Chairmats,"Global High-Back Leather Tilter, Burgundy",Jumbo Drum,0.74,2/4/2009
901,6498,3/17/2009,Medium,38,336.85,0.01,Express Air,-40.76,8.12,2.83,Julie Prescott,Ontario,Ontario,Home Office,Technology,Computer Peripherals,"Imation Neon Mac Format Diskettes, 10/Pack",Small Pack,0.77,3/18/2009
3059,21922,11/11/2009,High,17,8937.38,0.01,Delivery Truck,2383.42,500.98,26,Jason Fortune,Ontario,Ontario,Corporate,Furniture,Chairs & Chairmats,Global Troyª Executive Leather Low-Back Tilter,Jumbo Drum,0.6,11/12/2009
3060,21922,11/11/2009,High,11,108.85,0.08,Regular Air,10.58,9.77,6.02,Jason Fortune,Ontario,Ontario,Corporate,Furniture,Office Furnishings,DAX Solid Wood Frames,Medium Box,0.48,11/12/2009
3061,21922,11/11/2009,High,49,157.47,0.09,Regular Air,8.07,3.28,0.98,Jason Fortune,Ontario,Ontario,Corporate,Office Supplies,Pens & Art Supplies,Newell 329,Wrap Bag,0.59,11/13/2009
5339,37924,11/29/2009,High,21,352.44,0.09,Regular Air,-80.53,17.99,8.65,Philip Fox,Ontario,Ontario,Home Office,Office Supplies,Pens & Art Supplies,Model L Table or Wall-Mount Pencil Sharpener,Small Box,0.57,11/29/2009
5401,38400,12/14/2009,Not Specified,8,114.73,0.03,Express Air,28.08,13.73,6.85,Candace McMahon,Ontario,Ontario,Corporate,Furniture,Office Furnishings,DAX Wood Document Frame.,Wrap Bag,0.54,12/15/2009
6028,42693,4/4/2009,High,33,2118.26,0.01,Regular Air,554.22,59.76,9.71,Dave Brooks,Ontario,Ontario,Corporate,Office Supplies,Storage & Organization,"Advantus 10-Drawer Portable Organizer, Chrome Metal Frame, Smoke Drawers",Small Box,0.57,4/6/2009
6911,49313,10/4/2009,Medium,34,307.76,0.1,Express Air,-22.88,9.38,4.93,Grant Carroll,Ontario,Ontario,Small Business,Furniture,Office Furnishings,"Eldon Expressions Punched Metal & Wood Desk Accessories, Black & Cherry",Small Box,0.57,10/4/2009
6912,49313,10/4/2009,Medium,36,1129.9305,0.05,Regular Air,574.16,35.99,1.25,Grant Carroll,Ontario,Ontario,Small Business,Technology,Telephones and Communication,Accessory23,Small Pack,0.36,10/5/2009
7356,52416,1/31/2009,Not Specified,6,49.81,0.05,Regular Air,-16.95,7.64,5.83,Dave Brooks,Ontario,Ontario,Corporate,Office Supplies,Paper,"Rediform Wirebound ""Phone Memo"" Message Book, 11 x 5-3/4",Wrap Bag,0.36,2/2/2009
7357,52416,1/31/2009,Not Specified,40,9141.64,0.04,Delivery Truck,-528.65,218.75,69.64,Dave Brooks,Ontario,Ontario,Corporate,Furniture,Tables,BoxOffice By Design Rectangular and Half-Moon Meeting Room Tables,Jumbo Box,0.72,2/1/2009
354,2466,3/5/2009,Critical,25,2553.84,0.05,Regular Air,553.70,107.53,5.81,Quincy Jones,New Brunswick,Atlantic,Home Office,Furniture,Office Furnishings,"Tenex Contemporary Contur Chairmats for Low and Medium Pile Carpet, Computer, 39"" x 49""",Medium Box,0.65,3/6/2009
1139,8295,4/1/2009,High,30,835.1505,0.09,Regular Air,158.18,35.99,1.1,Karen Seio,New Brunswick,Atlantic,Consumer,Technology,Telephones and Communication,Accessory35,Small Box,0.55,4/3/2009
1140,8295,4/1/2009,High,7,771.834,0.01,Regular Air,-295.43,125.99,2.5,Karen Seio,New Brunswick,Atlantic,Consumer,Technology,Telephones and Communication,i2000,Small Box,0.6,4/2/2009
1269,9222,2/10/2009,High,41,473.67,0.04,Regular Air,78.20,11.34,5.01,Ionia McGrath,New Brunswick,Atlantic,Home Office,Office Supplies,Paper,Xerox 188,Small Box,0.36,2/11/2009
1506,10886,8/23/2009,Critical,36,65.42,0.04,Regular Air,-112.92,1.74,4.08,Quincy Jones,New Brunswick,Atlantic,Corporate,Furniture,Office Furnishings,"Eldon Regeneration Recycled Desk Accessories, Smoke",Small Pack,0.53,8/25/2009
1507,10886,8/23/2009,Critical,47,5750.94,0.01,Delivery Truck,432.98,119.99,56.14,Quincy Jones,New Brunswick,Atlantic,Corporate,Technology,Office Machines,Hewlett-Packard 2600DN Business Color Inkjet Printer,Jumbo Box,0.39,8/24/2009
2233,16133,9/25/2009,Critical,16,3083.04,0.06,Delivery Truck,872.13,200.97,15.59,Erin Mull,New Brunswick,Atlantic,Small Business,Technology,Office Machines,Hewlett-Packard Deskjet 6122 Color Inkjet Printer,Jumbo Drum,0.36,9/25/2009
2619,18945,1/17/2009,Medium,33,528.54,0.06,Regular Air,168.54,16.48,1.99,John Lee,New Brunswick,Atlantic,Corporate,Technology,Computer Peripherals,Maxell DVD-RAM Discs,Small Pack,0.42,1/19/2009
2764,19975,4/10/2009,Not Specified,33,362.17,0.08,Regular Air,-83.96,11.7,6.96,Emily Phan,New Brunswick,Atlantic,Consumer,Office Supplies,Appliances,Harmony HEPA Quiet Air Purifiers,Medium Box,0.5,4/13/2009
2920,21121,9/16/2009,Not Specified,50,20175.48,0,Regular Air,9373.96,387.99,19.99,Erin Mull,New Brunswick,Atlantic,Corporate,Office Supplies,Binders and Binder Accessories,Fellowes PB300 Plastic Comb Binding Machine,Small Box,0.38,9/17/2009
2938,21314,11/2/2009,Low,6,56.22,0.04,Regular Air,-20.39,8.6,6.19,Patrick Jones,New Brunswick,Atlantic,Home Office,Office Supplies,Binders and Binder Accessories,Avery Printable Repositionable Plastic Tabs,Small Box,0.38,11/4/2009
2939,21314,11/2/2009,Low,30,107.96,0.01,Regular Air,13.24,3.58,1.63,Patrick Jones,New Brunswick,Atlantic,Home Office,Office Supplies,Rubber Bands,"OIC Colored Binder Clips, Assorted Sizes",Wrap Bag,0.36,11/6/2009
2940,21314,11/2/2009,Low,40,3169.992,0.08,Delivery Truck,-973.30,105.49,41.64,Patrick Jones,New Brunswick,Atlantic,Home Office,Furniture,Tables,Balt Solid Wood Rectangular Table,Jumbo Box,0.75,11/9/2009
3198,22917,3/1/2009,Medium,1,3550.28,0.06,Express Air,-11769.17,3499.99,24.49,Nathan Mautz,New Brunswick,Atlantic,Corporate,Technology,Copiers and Fax,Canon imageCLASS 2200 Advanced Copier,Large Box,0.37,3/4/2009
3455,24614,11/21/2009,Low,33,1644.59,0.09,Regular Air,-52.92,50.98,6.5,Ionia McGrath,New Brunswick,Atlantic,Home Office,Technology,Computer Peripherals,Microsoft Natural Multimedia Keyboard,Small Box,0.73,11/28/2009
4190,29766,3/21/2009,Medium,13,89061.05,0,Regular Air,27220.69,6783.02,24.49,Emily Phan,New Brunswick,Atlantic,Consumer,Technology,Office Machines,Polycom ViewStationª ISDN Videoconferencing Unit,Large Box,0.39,3/22/2009
4191,29766,3/21/2009,Medium,40,6636.664,0.08,Regular Air,1623.70,205.99,8.99,Emily Phan,New Brunswick,Atlantic,Consumer,Technology,Telephones and Communication,TimeportP7382,Small Box,0.56,3/21/2009
4253,30278,9/30/2009,Low,50,2860.93,0.03,Regular Air,832.62,65.99,5.26,Ionia McGrath,New Brunswick,Atlantic,Home Office,Technology,Telephones and Communication,8860,Small Box,0.56,10/9/2009
4508,32070,7/17/2009,Medium,50,86.7,0.07,Regular Air,-185.34,1.76,4.86,Patrick Jones,New Brunswick,Atlantic,Home Office,Furniture,Office Furnishings,Regeneration Desk Collection,Small Box,0.41,7/17/2009
5704,40354,1/3/2009,High,29,172.51,0.03,Regular Air,12.55,5.58,2.99,Patrick Jones,New Brunswick,Atlantic,Home Office,Office Supplies,Binders and Binder Accessories,Avery Heavy-Duty EZD ª Binder With Locking Rings,Small Box,0.37,1/4/2009
5705,40354,1/3/2009,High,4,698,0.09,Delivery Truck,-93.16,212.6,52.2,Patrick Jones,New Brunswick,Atlantic,Home Office,Furniture,Tables,Bush Advantage Collection¨ Round Conference Table,Jumbo Box,0.64,1/4/2009
5897,41825,8/22/2009,Critical,43,3277.39,0.02,Regular Air,286.01,73.98,4,Patrick Gardner,New Brunswick,Atlantic,Consumer,Technology,Computer Peripherals,Keytronic 105-Key Spanish Keyboard,Small Box,0.77,8/23/2009
6861,48896,10/28/2009,Critical,43,856.9,0.02,Regular Air,106.93,18.97,9.54,Patrick Jones,New Brunswick,Atlantic,Home Office,Office Supplies,Paper,Xerox 1939,Small Box,0.37,10/30/2009
6974,49830,7/9/2009,Critical,16,519.65,0.03,Express Air,26.36,30.98,8.99,Ionia McGrath,New Brunswick,Atlantic,Small Business,Office Supplies,Pens & Art Supplies,"Boston School Pro Electric Pencil Sharpener, 1670",Small Pack,0.58,7/11/2009
7373,52576,3/28/2009,Low,10,958.18,0.03,Delivery Truck,126.81,90.97,14,Tony Sayre,New Brunswick,Atlantic,Home Office,Technology,Office Machines,Lexmark Z54se Color Inkjet Printer,Jumbo Drum,0.36,3/28/2009
7536,53891,1/22/2009,High,27,4584.73,0.07,Regular Air,812.38,179.99,19.99,Nathan Mautz,New Brunswick,Atlantic,Home Office,Technology,Computer Peripherals,Motorola SB4200 Cable Modem,Small Box,0.48,1/23/2009
7537,53891,1/22/2009,High,44,4039.72,0.02,Express Air,-237.60,92.23,39.61,Nathan Mautz,New Brunswick,Atlantic,Home Office,Furniture,Office Furnishings,"Deflect-o RollaMat Studded, Beveled Mat for Medium Pile Carpeting",Medium Box,0.67,1/23/2009
7538,53891,1/22/2009,High,25,2570.944,0.03,Express Air,553.36,115.99,5.92,Nathan Mautz,New Brunswick,Atlantic,Home Office,Technology,Telephones and Communication,8890,Small Box,0.58,1/23/2009
16,96,4/16/2009,High,37,4158.1235,0.01,Regular Air,1228.89,125.99,8.99,Keith Dawkins,Manitoba,Prarie,Home Office,Technology,Telephones and Communication,SC7868i,Small Box,0.55,4/18/2009
962,6979,2/27/2009,Critical,28,334.89,0.03,Regular Air,-1.44,11.99,5.99,Keith Dawkins,Manitoba,Prarie,Home Office,Technology,Office Machines,TI 30X Scientific Calculator,Medium Box,0.36,2/28/2009
1480,10659,5/14/2009,Critical,40,227.37,0,Regular Air,-92.07,5.28,5.61,Dave Brooks,Manitoba,Prarie,Corporate,Office Supplies,Paper,Xerox 1954,Small Box,0.4,5/14/2009
1923,13765,4/5/2009,Not Specified,45,1553.38,0.1,Regular Air,180.88,36.55,13.89,Scot Wooten,Manitoba,Prarie,Corporate,Office Supplies,Pens & Art Supplies,"Dixon Ticonderoga Core-Lock Colored Pencils, 48-Color Set",Wrap Bag,0.41,4/7/2009
1967,14055,9/1/2009,High,21,441.7,0.08,Regular Air,167.18,22.23,3.63,Keith Dawkins,Manitoba,Prarie,Home Office,Furniture,Office Furnishings,"Executive Impressions 14"" Contract Wall Clock",Small Pack,0.52,9/3/2009
2010,14342,4/27/2009,Low,38,10823.84,0.09,Regular Air,3857.43,300.97,7.18,Deborah Brumfield,Manitoba,Prarie,Corporate,Technology,Computer Peripherals,Gyration Ultra Professional Cordless Optical Suite,Small Box,0.48,4/27/2009
2063,14756,8/31/2009,Low,2,42.3,0.06,Regular Air,-25.38,19.23,6.15,Steve Chapman,Manitoba,Prarie,Corporate,Furniture,Office Furnishings,"Executive Impressions 13"" Clairmont Wall Clock",Small Pack,0.44,8/31/2009
2065,14785,10/9/2009,High,20,94.86,0.08,Regular Air,39.69,4.91,0.5,Nicole Brennan,Manitoba,Prarie,Consumer,Office Supplies,Labels,Avery 493,Small Box,0.36,10/9/2009
2066,14785,10/9/2009,High,25,744.12,0.02,Regular Air,146.51,28.15,6.17,Nicole Brennan,Manitoba,Prarie,Consumer,Office Supplies,Pens & Art Supplies,"Boston Model 1800 Electric Pencil Sharpener, Gray",Small Pack,0.55,10/10/2009
2880,20773,3/5/2009,Not Specified,44,479.96,0.08,Regular Air,122.54,10.91,2.99,Denise Monton,Manitoba,Prarie,Home Office,Office Supplies,Binders and Binder Accessories,Heavy-Duty E-Z-D¨ Binders,Small Box,0.38,3/6/2009
3000,21633,3/27/2009,Medium,29,547.82,0.08,Regular Air,69.63,18.7,8.99,Keith Dawkins,Manitoba,Prarie,Home Office,Furniture,Office Furnishings,"Executive Impressions 13-1/2"" Indoor/Outdoor Wall Clock",Small Pack,0.47,3/28/2009
3184,22851,3/1/2009,Critical,25,667.36,0.09,Regular Air,218.89,28.48,1.99,Denise Monton,Manitoba,Prarie,Home Office,Technology,Computer Peripherals,"Memorex 4.7GB DVD+RW, 3/Pack",Small Pack,0.4,3/2/2009
3185,22851,3/1/2009,Critical,13,32.37,0,Regular Air,-48.55,2.08,5.33,Denise Monton,Manitoba,Prarie,Home Office,Furniture,Office Furnishings,Eldon¨ Wave Desk Accessories,Small Box,0.43,3/3/2009
3186,22851,3/1/2009,Critical,38,1409.0875,0.06,Express Air,233.56,45.99,4.99,Denise Monton,Manitoba,Prarie,Home Office,Technology,Telephones and Communication,KF 788,Small Box,0.56,3/2/2009
4231,30053,2/1/2009,Critical,41,3279.01,0.06,Delivery Truck,349.22,80.97,33.6,Marc Crier,Manitoba,Prarie,Consumer,Technology,Office Machines,Lexmark Z25 Color Inkjet Printer,Jumbo Drum,0.37,2/3/2009
4246,30214,10/4/2009,Low,38,375.61,0.1,Express Air,-21.26,10.44,5.75,Keith Dawkins,Manitoba,Prarie,Home Office,Office Supplies,Binders and Binder Accessories,"Avery¨ 3 1/2"" Diskette Storage Pages, 10/Pack",Small Box,0.39,10/11/2009
4596,32710,11/16/2009,High,43,540.33,0.04,Regular Air,-59.06,12.44,6.27,John Lee,Manitoba,Prarie,Corporate,Office Supplies,Storage & Organization,Eldon Simplefile¨ Box Office¨,Medium Box,0.57,11/17/2009
5185,36838,4/8/2009,Low,3,32.76,0.06,Express Air,11.29,6.3,0.5,Marc Crier,Manitoba,Prarie,Corporate,Office Supplies,Labels,Avery 51,Small Box,0.39,4/17/2009
5670,40101,1/31/2009,Low,46,2188.06,0.1,Express Air,33.77,49.99,19.99,John Lee,Manitoba,Prarie,Corporate,Technology,Computer Peripherals,US Robotics 56K V.92 Internal PCI Faxmodem,Small Box,0.45,2/5/2009
5852,41542,9/26/2009,High,47,6181.48,0.03,Delivery Truck,-194.83,124.49,51.94,Marc Crier,Manitoba,Prarie,Corporate,Furniture,Tables,Bevis 36 x 72 Conference Tables,Jumbo Box,0.63,9/27/2009
6212,44002,2/7/2009,Medium,46,320.93,0.05,Regular Air,-66.48,6.68,5.66,John Lee,Manitoba,Prarie,Corporate,Office Supplies,Paper,Xerox 1923,Small Box,0.37,2/9/2009
6213,44002,2/7/2009,Medium,14,261.85,0.03,Regular Air,-52.33,17.7,9.47,John Lee,Manitoba,Prarie,Corporate,Office Supplies,Storage & Organization,Portfile¨ Personal File Boxes,Small Box,0.59,2/7/2009
6236,44196,8/22/2009,Not Specified,10,56.91,0.01,Regular Air,7.50,5.18,2.04,Cynthia Delaney,Manitoba,Prarie,Corporate,Office Supplies,Paper,Array¨ Memo Cubes,Wrap Bag,0.36,8/24/2009
6674,47494,7/1/2009,High,42,1967.83,0.04,Regular Air,659.60,45.19,1.99,Marc Crier,Manitoba,Prarie,Consumer,Technology,Computer Peripherals,"Verbatim DVD-RAM, 9.4GB, Rewritable, Type 1, DS, DataLife Plus",Small Pack,0.55,7/2/2009
6675,47494,7/1/2009,High,9,52.59,0.03,Regular Air,-28.14,4.98,6.07,Marc Crier,Manitoba,Prarie,Consumer,Office Supplies,Paper,Xerox 1897,Small Box,0.36,7/1/2009
6731,47938,6/24/2009,Low,17,283.6535,0.09,Regular Air,-113.05,20.99,2.5,Lindsay Williams,Manitoba,Prarie,Corporate,Technology,Telephones and Communication,Accessory37,Wrap Bag,0.81,7/1/2009
6941,49541,1/16/2009,Medium,35,503.75,0,Regular Air,16.46,13.43,5.5,Joe Elijah,Manitoba,Prarie,Home Office,Office Supplies,Storage & Organization,"Fellowes Personal Hanging Folder Files, Navy",Small Box,0.57,1/17/2009
6970,49799,8/24/2009,High,4,1614.97,0.05,Delivery Truck,-593.15,376.13,85.63,Keith Dawkins,Manitoba,Prarie,Home Office,Furniture,Tables,Bretford Rectangular Conference Table Tops,Jumbo Box,0.74,8/26/2009
6971,49799,8/24/2009,High,12,2119.0415,0,Regular Air,-6.57,195.99,8.99,Keith Dawkins,Manitoba,Prarie,Home Office,Technology,Telephones and Communication,T28 WORLD,Small Box,0.6,8/25/2009
7823,55937,1/26/2009,Medium,10,392.77,0.09,Regular Air,-146.20,39.98,7.12,Stefanie Holloman,Manitoba,Prarie,Small Business,Technology,Computer Peripherals,"IBM Active Response Keyboard, Black",Small Box,0.67,1/28/2009
7824,55937,1/26/2009,Medium,24,7332.088,0.06,Delivery Truck,53.79,376.13,85.63,Stefanie Holloman,Manitoba,Prarie,Small Business,Furniture,Tables,Bretford Rectangular Conference Table Tops,Jumbo Box,0.74,1/28/2009
41,231,9/28/2009,High,2,689.74,0.06,Regular Air,-490.84,363.25,19.99,Sean Braxton,Manitoba,Prarie,Small Business,Office Supplies,Appliances,Hoover WindTunnelª Plus Canister Vacuum,Small Box,0.57,9/30/2009
416,2816,9/19/2009,High,35,787.56,0,Regular Air,220.04,21.98,2.87,Ross Baird,Manitoba,Prarie,Corporate,Office Supplies,Pens & Art Supplies,Panasonic KP-310 Heavy-Duty Electric Pencil Sharpener,Small Pack,0.55,9/20/2009
419,2818,12/11/2009,Medium,37,565.91,0.05,Regular Air,192.39,15.68,3.73,Ross Baird,Manitoba,Prarie,Corporate,Furniture,Office Furnishings,Artistic Insta-Plaque,Small Pack,0.46,12/13/2009
420,2818,12/11/2009,Medium,39,593.21,0,Regular Air,44.71,14.98,8.99,Ross Baird,Manitoba,Prarie,Corporate,Furniture,Office Furnishings,"GE 4 Foot Flourescent Tube, 40 Watt",Small Pack,0.39,12/12/2009
421,2818,12/11/2009,Medium,2,89.23,0.02,Regular Air,-42.72,38.76,13.26,Ross Baird,Manitoba,Prarie,Corporate,Office Supplies,Paper,Xerox 1892,Small Box,0.36,12/12/2009
499,3459,7/27/2009,Not Specified,24,2152.404,0.1,Express Air,218.87,110.99,8.99,Gary McGarr,Manitoba,Prarie,Home Office,Technology,Telephones and Communication,LX 677,Small Box,0.57,7/29/2009
506,3492,11/23/2009,Low,35,2393.63,0.04,Regular Air,524.88,67.28,19.99,Roy Skaria,Manitoba,Prarie,Corporate,Office Supplies,Binders and Binder Accessories,Catalog Binders with Expanding Posts,Small Box,0.4,11/28/2009
507,3492,11/23/2009,Low,49,6177.53,0.1,Delivery Truck,-1195.12,130.98,54.74,Roy Skaria,Manitoba,Prarie,Corporate,Furniture,Bookcases,"O'Sullivan Elevations Bookcase, Cherry Finish",Jumbo Box,0.69,11/23/2009
508,3492,11/23/2009,Low,33,94.6,0.04,Regular Air,-6.34,2.78,1.25,Roy Skaria,Manitoba,Prarie,Corporate,Office Supplies,Pens & Art Supplies,Newell 318,Wrap Bag,0.59,11/23/2009
516,3553,5/17/2009,Medium,7,20.5,0.06,Regular Air,-4.04,2.94,0.96,Roy Skaria,Manitoba,Prarie,Corporate,Office Supplies,Pens & Art Supplies,Newell 343,Wrap Bag,0.58,5/18/2009
635,4451,9/30/2009,Critical,47,992.95,0.04,Regular Air,-65.21,21.38,8.99,Tanja Norvell,Manitoba,Prarie,Corporate,Office Supplies,Pens & Art Supplies,Boston 1730 StandUp Electric Pencil Sharpener,Small Pack,0.59,9/30/2009
642,4516,3/28/2009,Medium,42,294.78,0.05,Regular Air,-113.45,6.68,6.93,Ryan Crowe,Manitoba,Prarie,Small Business,Office Supplies,Paper,HP Office Paper (20Lb. and 87 Bright),Small Box,0.37,3/29/2009
820,5921,4/6/2009,Low,27,384.74,0.01,Express Air,2.69,13.43,5.5,Maurice Satty,Manitoba,Prarie,Corporate,Office Supplies,Storage & Organization,"Fellowes Personal Hanging Folder Files, Navy",Small Box,0.57,4/13/2009
868,6241,12/29/2009,Low,24,133.94,0.08,Express Air,45.00,5.84,1,Henry Goldwyn,Manitoba,Prarie,Small Business,Office Supplies,Pens & Art Supplies,"Quartet Omega¨ Colored Chalk, 12/Pack",Wrap Bag,0.38,1/3/2010
869,6241,12/29/2009,Low,29,5433.0895,0,Regular Air,1365.28,205.99,8.99,Henry Goldwyn,Manitoba,Prarie,Small Business,Technology,Telephones and Communication,StarTAC 8000,Small Box,0.6,1/2/2010
892,6406,8/14/2009,Critical,43,92.63,0.05,Regular Air,-70.80,2.08,2.56,Mick Crebagga,Manitoba,Prarie,Home Office,Office Supplies,"Scissors, Rulers and Trimmers",Kleencut¨ Forged Office Shears by Acme United Corporation,Small Pack,0.55,8/16/2009
947,6854,1/6/2009,Medium,1,22.13,0.07,Express Air,-2.39,7.68,6.16,Victor Price,Manitoba,Prarie,Consumer,Office Supplies,Binders and Binder Accessories,GBC VeloBinder Strips,Small Box,0.35,1/8/2009
948,6854,1/6/2009,Medium,19,129.84,0.05,Express Air,2.39,6.64,4.95,Victor Price,Manitoba,Prarie,Consumer,Furniture,Office Furnishings,G.E. Longer-Life Indoor Recessed Floodlight Bulbs,Small Pack,0.37,1/8/2009
1072,7905,6/3/2009,Low,46,11057.6,0.08,Delivery Truck,183.90,259.71,66.67,Meg Tillman,Manitoba,Prarie,Small Business,Furniture,Tables,"Bevis Round Bullnose 29"" High Table Top",Jumbo Box,0.61,6/7/2009
1182,8646,4/9/2009,High,8,85.85,0.03,Regular Air,-327.65,4.48,49,Emily Ducich,Manitoba,Prarie,Consumer,Office Supplies,Appliances,Hoover Portapowerª Portable Vacuum,Large Box,0.6,4/11/2009
1183,8646,4/9/2009,High,41,14377.78,0.06,Delivery Truck,4161.98,350.99,39,Emily Ducich,Manitoba,Prarie,Consumer,Furniture,Chairs & Chairmats,Global Leather Executive Chair,Jumbo Drum,0.55,4/11/2009
1184,8646,4/9/2009,High,26,994.27,0.09,Express Air,-127.11,40.98,6.5,Emily Ducich,Manitoba,Prarie,Consumer,Technology,Computer Peripherals,Targus USB Numeric Keypad,Small Box,0.74,4/11/2009
1185,8646,4/9/2009,High,29,9558.65,0.09,Delivery Truck,2154.07,349.45,60,Emily Ducich,Manitoba,Prarie,Consumer,Furniture,Tables,"SAFCO PlanMaster Heigh-Adjustable Drafting Table Base, 43w x 30d x 30-37h, Black",Jumbo Drum,,4/10/2009
1374,9954,6/19/2009,Not Specified,36,10122.72,0.07,Delivery Truck,-381.16,280.98,57,Thais Sissman,Manitoba,Prarie,Corporate,Furniture,Chairs & Chairmats,Hon 2090 ÒPillow SoftÓ Series Mid Back Swivel/Tilt Chairs,Jumbo Drum,0.78,6/20/2009
1375,9954,6/19/2009,Not Specified,39,203.6,0,Regular Air,-166.44,4.98,7.44,Thais Sissman,Manitoba,Prarie,Corporate,Office Supplies,Paper,Xerox 1922,Small Box,0.36,6/21/2009
1376,9954,6/19/2009,Not Specified,30,115.81,0.1,Regular Air,22.06,3.98,0.83,Thais Sissman,Manitoba,Prarie,Corporate,Office Supplies,Pens & Art Supplies,Fluorescent Highlighters by Dixon,Wrap Bag,0.51,6/21/2009
1415,10272,1/17/2009,Medium,3,299.08,0.03,Regular Air,-50.43,90.48,19.99,Katherine Ducich,Manitoba,Prarie,Corporate,Office Supplies,Envelopes,Tyvek¨ Side-Opening Peel & Seel¨ Expanding Envelopes,Small Box,0.4,1/19/2009
1416,10272,1/17/2009,Medium,26,566.39,0.06,Regular Air,76.43,22.84,8.18,Katherine Ducich,Manitoba,Prarie,Corporate,Office Supplies,Paper,Xerox 1991,Small Box,0.39,1/17/2009
1461,10530,1/27/2009,Medium,4,377.213,0.02,Regular Air,-411.65,110.99,2.5,Victor Price,Manitoba,Prarie,Consumer,Technology,Telephones and Communication,T18,Small Box,0.57,1/29/2009
1805,12903,9/25/2009,Critical,2,63.427,0.07,Regular Air,-191.79,35.99,5,Sue Ann Reed,Manitoba,Prarie,Consumer,Technology,Telephones and Communication,Accessory17,Wrap Bag,0.82,9/27/2009
2008,14336,11/18/2009,High,4,174.55,0.05,Express Air,-114.39,39.99,10.25,Steven Ward,Manitoba,Prarie,Consumer,Technology,Computer Peripherals,Zoom V.92 V.44 PCI Internal Controllerless FaxModem,Small Box,0.55,11/19/2009
2016,14400,2/4/2009,Medium,32,74.34,0.05,Regular Air,-166.55,2.16,6.05,Henia Zydlo,Manitoba,Prarie,Home Office,Office Supplies,Binders and Binder Accessories,Peel & Stick Add-On Corner Pockets,Small Box,0.37,2/5/2009
2017,14400,2/4/2009,Medium,35,228.8,0.03,Regular Air,-99.08,6.48,6.6,Henia Zydlo,Manitoba,Prarie,Home Office,Office Supplies,Paper,Xerox 21,Small Box,0.37,2/5/2009
2018,14400,2/4/2009,Medium,43,6089.05,0.08,Delivery Truck,-2110.56,146.05,80.2,Henia Zydlo,Manitoba,Prarie,Home Office,Furniture,Tables,BPI Conference Tables,Jumbo Box,0.71,2/5/2009
2107,15075,10/4/2009,Medium,24,1548.43,0.02,Regular Air,622.89,63.94,14.48,Natalie Webber,Manitoba,Prarie,Consumer,Furniture,Office Furnishings,"Howard Miller 16"" Diameter Gallery Wall Clock",Small Box,0.46,10/4/2009
2108,15075,10/4/2009,Medium,10,54.84,0.01,Regular Air,-56.30,5.02,5.14,Natalie Webber,Manitoba,Prarie,Consumer,Technology,Computer Peripherals,"Imation 3.5, DISKETTE 44766 HGHLD3.52HD/FM, 10/Pack",Small Pack,0.79,10/6/2009
2138,15270,1/31/2009,Not Specified,36,257.91,0,Regular Air,90.86,6.98,1.6,Maria Zettner,Manitoba,Prarie,Corporate,Office Supplies,Paper,"Adams Phone Message Book, Professional, 400 Message Capacity, 5 3/6Ó x 11Ó",Wrap Bag,0.38,2/2/2009
2253,16225,5/28/2009,Critical,30,550.29,0.03,Regular Air,-82.50,17.7,9.47,Tanja Norvell,Manitoba,Prarie,Consumer,Office Supplies,Storage & Organization,Portfile¨ Personal File Boxes,Small Box,0.59,5/30/2009
2270,16321,10/1/2009,Not Specified,50,7156.56,0.03,Regular Air,1871.26,142.86,19.99,Roy Skaria,Manitoba,Prarie,Corporate,Office Supplies,Storage & Organization,Letter Size Cart,Small Box,0.56,10/3/2009
2315,16679,11/8/2009,Low,29,6481.95,0.09,Delivery Truck,846.23,243.98,43.32,Ryan Crowe,Manitoba,Prarie,Small Business,Furniture,Chairs & Chairmats,"Hon Deluxe Fabric Upholstered Stacking Chairs, Rounded Back",Jumbo Drum,0.55,11/13/2009
2669,19300,12/16/2009,Critical,10,78.72,0.1,Regular Air,-22.36,7.64,5.83,Denny Joy,Manitoba,Prarie,Corporate,Office Supplies,Paper,"Rediform Wirebound ""Phone Memo"" Message Book, 11 x 5-3/4",Wrap Bag,0.36,12/17/2009
2781,20069,9/26/2009,Critical,6,247.15,0.07,Regular Air,-88.35,40.89,18.98,Jack Garza,Manitoba,Prarie,Corporate,Furniture,Office Furnishings,Eldon Executive Woodline II Cherry Finish Desk Accessories,Small Box,0.57,9/28/2009
2794,20135,6/30/2009,Critical,44,115.24,0.03,Regular Air,43.23,2.61,0.5,Susan MacKendrick,Manitoba,Prarie,Corporate,Office Supplies,Labels,Avery 494,Small Box,0.39,6/30/2009
2795,20135,6/30/2009,Critical,28,9601.94,0.08,Delivery Truck,2428.59,349.45,60,Susan MacKendrick,Manitoba,Prarie,Corporate,Furniture,Tables,"SAFCO PlanMaster Heigh-Adjustable Drafting Table Base, 43w x 30d x 30-37h, Black",Jumbo Drum,,7/2/2009
2798,20166,3/4/2009,Low,6,973.862,0.1,Regular Air,-693.33,205.99,8.99,Mick Crebagga,Manitoba,Prarie,Corporate,Technology,Telephones and Communication,TimeportP7382,Small Box,0.56,3/8/2009
2804,20229,10/30/2009,Low,47,116.06,0.1,Regular Air,25.20,2.62,0.8,Gary Hwang,Manitoba,Prarie,Home Office,Office Supplies,Rubber Bands,Staples Metal Binder Clips,Wrap Bag,0.39,11/6/2009
2964,21442,12/25/2009,Low,48,2962.96,0.02,Delivery Truck,-612.94,58.14,36.61,Thea Hudgings,Manitoba,Prarie,Consumer,Furniture,Bookcases,O'Sullivan 3-Shelf Heavy-Duty Bookcases,Jumbo Box,0.61,1/1/2010
2965,21442,12/25/2009,Low,48,782.93,0.03,Regular Air,401.07,15.57,1.39,Thea Hudgings,Manitoba,Prarie,Consumer,Office Supplies,Envelopes,Park Ridgeª Embossed Executive Business Envelopes,Small Box,0.38,1/1/2010
3046,21861,8/18/2009,Critical,5,244.9,0.06,Regular Air,-135.40,47.98,3.61,Tom Zandusky,Manitoba,Prarie,Home Office,Technology,Computer Peripherals,"DS/HD IBM Formatted Diskettes, 200/Pack - Staples",Small Pack,0.71,8/20/2009
3084,22118,1/18/2009,High,50,2842.54,0.05,Regular Air,1315.75,58.1,1.49,Natalie Webber,Manitoba,Prarie,Corporate,Office Supplies,Binders and Binder Accessories,Avery Arch Ring Binders,Small Box,0.38,1/18/2009
3199,22919,7/17/2009,Critical,21,98.77,0.07,Regular Air,41.33,4.91,0.5,Irene Maddox,Manitoba,Prarie,Consumer,Office Supplies,Labels,Avery 508,Small Box,0.36,7/18/2009
3390,24162,8/22/2009,Not Specified,1,10.94,0.08,Regular Air,-4.35,9.68,2.03,Sean Braxton,Manitoba,Prarie,Small Business,Office Supplies,Paper,"Wirebound Service Call Books, 5 1/2"" x 4""",Wrap Bag,0.37,8/24/2009
3391,24162,8/22/2009,Not Specified,12,1755.3,0.04,Delivery Truck,-7.01,150.98,16.01,Sean Braxton,Manitoba,Prarie,Small Business,Furniture,Tables,"Iceberg OfficeWorks 42"" Round Tables",Jumbo Box,0.7,8/23/2009
3429,24452,5/7/2009,High,18,115.71,0.08,Regular Air,-91.61,6.48,8.4,Valerie Takahito,Manitoba,Prarie,Consumer,Office Supplies,Paper,Xerox 212,Small Box,0.37,5/7/2009
3436,24544,1/26/2009,High,31,4587.3,0.08,Express Air,1771.15,150.98,13.99,Tanja Norvell,Manitoba,Prarie,Corporate,Technology,Office Machines,Canon MP41DH Printing Calculator,Medium Box,0.38,1/27/2009
3437,24544,1/26/2009,High,15,403.71,0.03,Delivery Truck,-97.47,25.98,14.36,Tanja Norvell,Manitoba,Prarie,Corporate,Furniture,Chairs & Chairmats,"Global Stack Chair without Arms, Black",Jumbo Drum,0.6,1/27/2009
3438,24544,1/26/2009,High,39,1243.45,0.1,Regular Air,-1212.55,32.48,35,Tanja Norvell,Manitoba,Prarie,Corporate,Office Supplies,Storage & Organization,Fellowes Neat Ideas¨ Storage Cubes,Large Box,0.81,1/27/2009
3582,25541,1/13/2009,Low,50,297.76,0.07,Regular Air,-111.34,5.98,5.79,Mike Gockenbach,Manitoba,Prarie,Consumer,Office Supplies,Paper,Xerox 1903,Small Box,0.36,1/15/2009
3588,25601,1/5/2009,Medium,43,257.41,0.09,Regular Air,-131.08,5.98,4.69,Valerie Dominguez,Manitoba,Prarie,Corporate,Office Supplies,Storage & Organization,"Perma STOR-ALLª Hanging File Box, 13 1/8""W x 12 1/4""D x 10 1/2""H",Small Box,0.68,1/6/2009
3682,26337,11/7/2009,Critical,45,153.27,0.08,Regular Air,60.29,3.69,0.5,Henry Goldwyn,Manitoba,Prarie,Small Business,Office Supplies,Labels,Avery 487,Small Box,0.38,11/10/2009
3772,26945,2/5/2009,Critical,29,221.33,0,Regular Air,77.33,7.28,1.77,Mick Crebagga,Manitoba,Prarie,Home Office,Office Supplies,Paper,"Post-it¨ ÒImportant MessageÓ Note Pad, Neon Colors, 50 Sheets/Pad",Wrap Bag,0.37,2/5/2009
3848,27460,5/12/2009,Not Specified,7,855.03,0.08,Regular Air,-1.68,128.24,12.65,Evan Bailliet,Manitoba,Prarie,Corporate,Furniture,Chairs & Chairmats,SAFCO Folding Chair Trolley,Medium Box,,5/13/2009
3849,27460,5/12/2009,Not Specified,31,196.58,0.04,Regular Air,-102.16,5.98,4.38,Evan Bailliet,Manitoba,Prarie,Corporate,Technology,Computer Peripherals,"Imation 3.5"" DS/HD IBM Formatted Diskettes, 10/Pack",Small Pack,0.75,5/14/2009
3961,28259,11/4/2009,High,22,249.24,0.06,Regular Air,-92.10,10.97,6.5,Thea Hudgings,Manitoba,Prarie,Consumer,Technology,Computer Peripherals,Micro Innovations 104 Keyboard,Small Box,0.64,11/6/2009
3979,28419,10/31/2009,Low,9,133.85,0.03,Express Air,-5.28,13.48,4.51,Rachel Payne,Manitoba,Prarie,Consumer,Office Supplies,Storage & Organization,"Tenex Personal Project File with Scoop Front Design, Black",Small Box,0.59,11/4/2009
4010,28614,10/19/2009,Critical,50,7827.51,0.05,Regular Air,2992.80,159.99,5.5,Tanja Norvell,Manitoba,Prarie,Consumer,Technology,Computer Peripherals,Gyration RF Keyboard,Small Box,0.49,10/21/2009
4086,29127,3/31/2009,Critical,18,31.13,0.06,Regular Air,-0.81,1.68,1,Thea Hudgings,Manitoba,Prarie,Consumer,Office Supplies,Pens & Art Supplies,Prang Dustless Chalk Sticks,Wrap Bag,0.35,4/2/2009
4363,31078,2/10/2009,Critical,7,104.46,0.01,Regular Air,-36.77,13.99,7.51,Evan Bailliet,Manitoba,Prarie,Corporate,Technology,Office Machines,Sharp EL500L Fraction Calculator,Medium Box,0.39,2/11/2009
4414,31493,10/17/2009,High,8,112.47,0,Express Air,46.74,12.2,6.02,Gary McGarr,Manitoba,Prarie,Home Office,Furniture,Office Furnishings,Advantus Panel Wall Certificate Holder - 8.5x11,Small Pack,0.43,10/18/2009
4484,31910,10/29/2009,Medium,6,187.6375,0.03,Regular Air,-190.03,35.99,5,Craig Molinari,Manitoba,Prarie,Small Business,Technology,Telephones and Communication,Accessory27,Small Box,0.85,10/30/2009
4712,33569,8/28/2009,Low,9,123.92,0.09,Regular Air,45.83,14.2,5.3,Matthew Clasen,Manitoba,Prarie,Consumer,Furniture,Office Furnishings,Coloredge Poster Frame,Wrap Bag,0.46,9/1/2009
4839,34432,4/7/2009,Not Specified,20,244.39,0.08,Regular Air,114.10,12.53,0.5,Nora Pelletier,Manitoba,Prarie,Home Office,Office Supplies,Labels,Avery 485,Small Box,0.38,4/8/2009
4840,34432,4/7/2009,Not Specified,3,581.42,0.02,Regular Air,-129.97,178.47,19.99,Nora Pelletier,Manitoba,Prarie,Home Office,Office Supplies,Storage & Organization,"Hot File¨ 7-Pocket, Floor Stand",Small Box,0.55,4/8/2009
4846,34497,3/10/2009,Medium,36,175.35,0.1,Regular Air,-174.18,4.98,7.54,Thomas Brumley,Manitoba,Prarie,Consumer,Office Supplies,Paper,Xerox 1961,Small Box,0.38,3/11/2009
4847,34497,3/10/2009,Medium,25,590.6,0,Regular Air,117.73,22.84,8.18,Thomas Brumley,Manitoba,Prarie,Consumer,Office Supplies,Paper,Xerox 1991,Small Box,0.39,3/12/2009
4848,34498,2/15/2009,Low,4,47.12,0.09,Express Air,10.80,8.74,1.39,Phillip Flathmann,Manitoba,Prarie,Small Business,Office Supplies,Envelopes,"#10- 4 1/8"" x 9 1/2"" Recycled Envelopes",Small Box,0.38,2/20/2009
4849,34498,2/15/2009,Low,3,62.89,0.09,Regular Air,-23.20,18.97,9.03,Phillip Flathmann,Manitoba,Prarie,Small Business,Office Supplies,Paper,Computer Printout Paper with Letter-Trim Perforations,Small Box,0.37,2/20/2009
4985,35461,6/1/2009,Critical,11,48.75,0.08,Regular Air,3.50,4.49,1.49,Julie Kriz,Manitoba,Prarie,Corporate,Office Supplies,Binders and Binder Accessories,Avery Non-Stick Binders,Small Box,0.39,6/1/2009
4986,35461,6/1/2009,Critical,30,112.6,0.04,Regular Air,-25.99,3.68,1.32,Julie Kriz,Manitoba,Prarie,Corporate,Office Supplies,"Scissors, Rulers and Trimmers","*Staples* vLetter Openers, 2/Pack",Wrap Bag,0.83,6/2/2009
5011,35776,2/4/2009,Medium,9,118.66,0.05,Regular Air,32.68,12.97,1.49,Gene McClure,Manitoba,Prarie,Consumer,Office Supplies,Binders and Binder Accessories,"Mead 1st Gear 2"" Zipper Binder, Asst. Colors",Small Box,0.35,2/6/2009
5012,35776,2/4/2009,Medium,36,213.74,0.06,Regular Air,-32.15,5.81,3.37,Gene McClure,Manitoba,Prarie,Consumer,Office Supplies,Rubber Bands,"Advantus Push Pins, Aluminum Head",Wrap Bag,0.54,2/6/2009
5022,35813,4/21/2009,Critical,21,7841.57,0.05,Express Air,2347.18,363.25,19.99,Tracy Collins,Manitoba,Prarie,Corporate,Office Supplies,Appliances,Hoover WindTunnelª Plus Canister Vacuum,Small Box,0.57,4/21/2009
5023,35813,4/21/2009,Critical,21,156.31,0.06,Express Air,-9.81,7.59,4,Tracy Collins,Manitoba,Prarie,Corporate,Furniture,Office Furnishings,"Master Giant Foot¨ Doorstop, Safety Yellow",Wrap Bag,0.42,4/21/2009
5198,36932,7/7/2009,Low,20,668.8,0.04,Regular Air,92.34,33.89,5.1,Troy Blackwell,Manitoba,Prarie,Home Office,Office Supplies,Storage & Organization,"File Shuttle II and Handi-File, Black",Small Box,0.6,7/12/2009
5211,37025,11/10/2009,High,37,641.89,0.03,Regular Air,207.30,17.48,1.99,Tracy Collins,Manitoba,Prarie,Corporate,Technology,Computer Peripherals,"Maxell Pro 80 Minute CD-R, 10/Pack",Small Pack,0.45,11/11/2009
5293,37696,7/9/2009,Not Specified,5,24.09,0.04,Regular Air,-20.23,3.81,5.44,Valerie Dominguez,Manitoba,Prarie,Corporate,Office Supplies,Binders and Binder Accessories,"Acco Pressboard Covers with Storage Hooks, 14 7/8"" x 11"", Dark Blue",Small Box,0.36,7/11/2009
5294,37696,7/9/2009,Not Specified,41,173.27,0.02,Regular Air,51.29,4,1.3,Valerie Dominguez,Manitoba,Prarie,Corporate,Office Supplies,Paper,EcoTones¨ Memo Sheets,Wrap Bag,0.37,7/9/2009
5313,37794,3/24/2009,Low,6,60.67,0.08,Regular Air,10.29,9.48,7.29,Michael Oakman,Manitoba,Prarie,Small Business,Furniture,Office Furnishings,"DAX Two-Tone Rosewood/Black Document Frame, Desktop, 5 x 7",Small Pack,0.45,3/26/2009
5314,37794,3/24/2009,Low,32,6195.87,0.03,Regular Air,781.03,193.17,19.99,Michael Oakman,Manitoba,Prarie,Small Business,Office Supplies,Storage & Organization,Fellowes Staxonsteel¨ Drawer Files,Small Box,0.71,3/28/2009
5344,37987,7/3/2009,High,26,299.07,0.1,Regular Air,137.47,12.53,0.49,Michael Moore,Manitoba,Prarie,Corporate,Office Supplies,Labels,Round Specialty Laser Printer Labels,Small Box,0.38,7/4/2009
5345,37987,7/3/2009,High,5,708.87,0.1,Delivery Truck,-270.85,146.34,43.75,Michael Moore,Manitoba,Prarie,Corporate,Furniture,Tables,Bevis Round Conference Table Top & Single Column Base,Jumbo Box,0.64,7/4/2009
5392,38340,1/20/2009,Critical,36,2167.05,0.02,Regular Air,684.90,60.22,3.5,Tanja Norvell,Manitoba,Prarie,Corporate,Office Supplies,Appliances,"Fellowes Smart Surge Ten-Outlet Protector, Platinum",Small Box,0.57,1/21/2009
5468,38852,11/1/2009,Not Specified,25,152.31,0.03,Regular Air,38.08,5.98,1.49,Eric Barreto,Manitoba,Prarie,Small Business,Office Supplies,Binders and Binder Accessories,Avery Hanging File Binders,Small Box,0.39,11/3/2009
5696,40261,11/4/2009,Critical,36,331.37,0.03,Express Air,-172.17,9.06,9.86,Evan Bailliet,Manitoba,Prarie,Corporate,Office Supplies,Paper,Southworth 25% Cotton Linen-Finish Paper & Envelopes,Small Box,0.4,11/6/2009
5697,40261,11/4/2009,Critical,26,78.03,0.05,Regular Air,0.51,2.94,1.05,Evan Bailliet,Manitoba,Prarie,Corporate,Office Supplies,Pens & Art Supplies,Newell 332,Wrap Bag,0.58,11/6/2009
5736,40708,10/12/2009,Not Specified,15,103.55,0.03,Regular Air,19.59,6.68,1.5,Toby Knight,Manitoba,Prarie,Corporate,Office Supplies,Pens & Art Supplies,Sanford Liquid Accent Highlighters,Wrap Bag,0.48,10/13/2009
6151,43554,10/30/2009,Critical,9,34.18,0.06,Regular Air,-5.46,3.6,2.2,Rachel Payne,Manitoba,Prarie,Consumer,Office Supplies,Paper,"Telephone Message Books with Fax/Mobile Section, 4 1/4"" x 6""",Wrap Bag,0.39,11/2/2009
6264,44325,2/10/2009,Medium,44,951.33,0,Regular Air,-60.66,20.28,14.39,Maribeth Schnelling,Manitoba,Prarie,Corporate,Furniture,Office Furnishings,"Career Cubicle Clock, 8 1/4"", Black",Small Box,0.47,2/12/2009
6464,46021,3/2/2009,High,1,199.48,0.08,Delivery Truck,-120.24,170.98,35.89,Theresa Swint,Manitoba,Prarie,Small Business,Furniture,Bookcases,"Rush Hierlooms Collection 1"" Thick Stackable Bookcases",Jumbo Box,0.66,3/4/2009
6493,46241,3/14/2009,Not Specified,34,1932.58,0.1,Regular Air,356.48,62.18,10.84,Thea Hudgings,Manitoba,Prarie,Consumer,Furniture,Office Furnishings,Deflect-o Glass Clear Studded Chair Mats,Medium Box,0.63,3/16/2009
6497,46244,7/2/2009,Medium,10,601.57,0.09,Delivery Truck,-247.25,60.98,30,Arthur Gainer,Manitoba,Prarie,Consumer,Furniture,Chairs & Chairmats,Novimex Fabric Task Chair,Jumbo Drum,0.7,7/3/2009
6498,46244,7/2/2009,Medium,9,157.42,0.05,Regular Air,-18.68,17.48,1.99,Arthur Gainer,Manitoba,Prarie,Consumer,Technology,Computer Peripherals,"Maxell Pro 80 Minute CD-R, 10/Pack",Small Pack,0.45,7/4/2009
6562,46656,7/16/2009,High,27,636.7,0.1,Regular Air,-29.91,24.92,12.98,Nora Pelletier,Manitoba,Prarie,Corporate,Office Supplies,Binders and Binder Accessories,GBC Standard Therm-A-Bind Covers,Small Box,0.39,7/17/2009
6567,46721,9/13/2009,Medium,17,142.94,0.03,Regular Air,-129.56,7.38,11.51,Nick Radford,Manitoba,Prarie,Corporate,Office Supplies,Binders and Binder Accessories,GBC Plastic Binding Combs,Small Box,0.36,9/14/2009
6568,46721,9/13/2009,Medium,35,240.61,0.05,Regular Air,-133.12,6.48,7.91,Nick Radford,Manitoba,Prarie,Corporate,Office Supplies,Paper,Xerox 216,Small Box,0.37,9/14/2009
6569,46721,9/13/2009,Medium,17,1912.76,0.03,Regular Air,71.56,111.03,8.64,Nick Radford,Manitoba,Prarie,Corporate,Office Supplies,Storage & Organization,Fellowes Recycled Storage Drawers,Small Box,0.78,9/14/2009
6673,47493,2/11/2009,Critical,36,9757.48,0.07,Delivery Truck,-96.05,270.98,50,Michael Moore,Manitoba,Prarie,Corporate,Furniture,Chairs & Chairmats,Global Enterprise Series Seating High-Back Swivel/Tilt Chairs,Jumbo Drum,0.77,2/13/2009
6732,47941,8/8/2009,High,15,1187.1525,0.03,Regular Air,33.19,95.99,4.9,Evan Bailliet,Manitoba,Prarie,Corporate,Technology,Telephones and Communication,T60,Small Box,0.56,8/8/2009
6889,49123,2/25/2009,High,31,305.76,0.1,Regular Air,-22.53,10.44,5.75,Mick Crebagga,Manitoba,Prarie,Corporate,Office Supplies,Binders and Binder Accessories,"Avery¨ 3 1/2"" Diskette Storage Pages, 10/Pack",Small Box,0.39,2/26/2009
6890,49123,2/25/2009,High,3,25.48,0.06,Regular Air,-26.80,8.33,1.99,Mick Crebagga,Manitoba,Prarie,Corporate,Technology,Computer Peripherals,"80 Minute Slim Jewel Case CD-R , 10/Pack - Staples",Small Pack,0.52,2/26/2009
7039,50275,12/5/2009,Medium,5,9704.37,0.03,Express Air,-1565.91,1938.02,13.99,Gary Hwang,Manitoba,Prarie,Home Office,Technology,Office Machines,Polycom ViewStationª Adapter H323 Videoconferencing Unit,Medium Box,0.38,12/6/2009
7040,50275,12/5/2009,Medium,31,211.94,0.05,Regular Air,-56.39,6.48,5.84,Gary Hwang,Manitoba,Prarie,Home Office,Office Supplies,Paper,Xerox 226,Small Box,0.37,12/6/2009
7203,51392,11/12/2009,Medium,10,254.89,0.09,Regular Air,-106.58,26.31,5.89,Jamie Frazer,Manitoba,Prarie,Small Business,Technology,Computer Peripherals,"Micro Innovations Micro 3000 Keyboard, Black",Small Box,0.75,11/13/2009
7304,52070,12/1/2009,Not Specified,29,67.97,0.06,Regular Air,-109.94,2.28,5.2,Natalie Webber,Manitoba,Prarie,Corporate,Office Supplies,Pens & Art Supplies,"Binney & Smith inkTankª Erasable Pocket Highlighter, Chisel Tip, Yellow",Wrap Bag,0.41,12/3/2009
7333,52258,2/10/2009,Low,5,63.85,0.04,Regular Air,40.44,12.22,2.85,Thais Sissman,Manitoba,Prarie,Small Business,Furniture,Office Furnishings,Aluminum Document Frame,Small Pack,0.55,2/17/2009
7378,52608,1/21/2009,Low,36,147.71,0.05,Regular Air,40.04,3.98,0.7,Thea Hudgings,Manitoba,Prarie,Consumer,Office Supplies,Pens & Art Supplies,4009¨ Highlighters by Sanford,Wrap Bag,0.52,1/25/2009
7482,53412,9/15/2009,Critical,45,2544.73,0.02,Regular Air,375.87,54.2,11.1,Eric Hoffmann,Manitoba,Prarie,Small Business,Furniture,Office Furnishings,Eldon Advantage¨ Foldable Chair Mats for Low Pile Carpets,Medium Box,0.64,9/16/2009
7605,54436,9/19/2009,High,17,705.85,0.04,Express Air,151.67,39.48,1.99,Toby Knight,Manitoba,Prarie,Corporate,Technology,Computer Peripherals,"80 Minute CD-R Spindle, 100/Pack - Staples",Small Pack,0.54,9/19/2009
7606,54436,9/19/2009,High,37,321.3,0,Regular Air,-47.23,8.12,2.83,Toby Knight,Manitoba,Prarie,Corporate,Technology,Computer Peripherals,"Imation Neon Mac Format Diskettes, 10/Pack",Small Pack,0.77,9/20/2009
7608,54464,9/1/2009,High,11,227.41,0.06,Regular Air,44.29,19.98,10.49,Joseph Airdo,Manitoba,Prarie,Consumer,Furniture,Office Furnishings,12-1/2 Diameter Round Wall Clock,Small Box,0.49,9/3/2009
7609,54464,9/1/2009,High,50,87.44,0.08,Regular Air,-184.60,1.76,4.86,Joseph Airdo,Manitoba,Prarie,Consumer,Furniture,Office Furnishings,Regeneration Desk Collection,Small Box,0.41,9/2/2009
7613,54468,12/14/2009,High,15,40.75,0.03,Regular Air,12.76,2.61,0.5,Valerie Takahito,Manitoba,Prarie,Consumer,Office Supplies,Labels,Avery 494,Small Box,0.39,12/15/2009
7614,54468,12/14/2009,High,35,424.09,0.01,Regular Air,-114.18,11.66,7.95,Valerie Takahito,Manitoba,Prarie,Consumer,Office Supplies,Pens & Art Supplies,"Hunt BOSTON¨ Vista¨ Battery-Operated Pencil Sharpener, Black",Small Pack,0.58,12/15/2009
7649,54819,10/10/2009,Low,10,53.32,0.07,Regular Air,-20.68,4.97,5.71,Phillip Flathmann,Manitoba,Prarie,Small Business,Furniture,Office Furnishings,"DAX Value U-Channel Document Frames, Easel Back",Medium Box,0.54,10/15/2009
7650,54819,10/10/2009,Low,26,64.03,0.09,Regular Air,11.42,2.62,0.8,Phillip Flathmann,Manitoba,Prarie,Small Business,Office Supplies,Rubber Bands,Staples Metal Binder Clips,Wrap Bag,0.39,10/12/2009
7651,54819,10/10/2009,Low,46,2710.5055,0.03,Regular Air,624.12,65.99,8.8,Phillip Flathmann,Manitoba,Prarie,Small Business,Technology,Telephones and Communication,6120,Small Box,0.58,10/10/2009
7683,55046,4/13/2009,Critical,2,29.32,0.08,Express Air,-12.93,7.28,11.15,Thais Sissman,Manitoba,Prarie,Small Business,Office Supplies,Paper,"Array¨ Parchment Paper, Assorted Colors",Small Box,0.37,4/14/2009
7724,55360,1/22/2009,Medium,49,134.83,0.07,Regular Air,50.74,2.89,0.5,Russell Applegate,Manitoba,Prarie,Small Business,Office Supplies,Labels,Avery 498,Small Box,0.38,1/24/2009
7725,55360,1/22/2009,Medium,39,8865.1,0,Delivery Truck,1517.12,217.85,29.1,Russell Applegate,Manitoba,Prarie,Small Business,Furniture,Tables,"Chromcraft Bull-Nose Wood Round Conference Table Top, Wood Base",Jumbo Box,0.68,1/23/2009
7918,56608,11/18/2009,Critical,23,42.23,0.1,Regular Air,-15.11,1.89,0.76,Linda Southworth,Manitoba,Prarie,Consumer,Office Supplies,Rubber Bands,Revere Boxed Rubber Bands by Revere,Wrap Bag,0.83,11/20/2009
7920,56612,7/22/2009,High,38,4008.7275,0,Regular Air,1219.34,115.99,5.92,Joseph Airdo,Manitoba,Prarie,Consumer,Technology,Telephones and Communication,8890,Small Box,0.58,7/22/2009
8055,57506,2/13/2009,Medium,48,332.55,0.1,Regular Air,-66.87,7.28,5.47,Thais Sissman,Manitoba,Prarie,Corporate,Office Supplies,Paper,Southworth Structures Collectionª,Small Box,0.35,2/13/2009
8115,57958,2/28/2009,Critical,46,1419.83,0.07,Express Air,385.80,30.98,8.74,Steven Ward,Manitoba,Prarie,Consumer,Office Supplies,Paper,Xerox 1979,Small Box,0.4,3/1/2009
8141,58182,2/20/2009,High,24,479.13,0.05,Express Air,166.92,19.23,6.15,Tracy Collins,Manitoba,Prarie,Corporate,Furniture,Office Furnishings,"Executive Impressions 13"" Clairmont Wall Clock",Small Pack,0.44,2/22/2009
8310,59365,12/7/2009,Medium,1,534.3,0.05,Delivery Truck,-1220.91,535.64,14.7,Sanjit Engle,Manitoba,Prarie,Home Office,Technology,Office Machines,Epson LQ-870 Dot Matrix Printer,Jumbo Drum,0.59,12/9/2009
197,1287,7/4/2009,High,39,3908.65,0.06,Regular Air,480.57,105.29,10.12,Mitch Willingham,Saskachewan,Prarie,Corporate,Furniture,Office Furnishings,Eldon Antistatic Chair Mats for Low to Medium Pile Carpets,Large Box,0.79,7/6/2009
277,1895,5/29/2009,Medium,5,41.25,0.02,Regular Air,-23.25,6.48,7.91,Mitch Willingham,Saskachewan,Prarie,Corporate,Office Supplies,Paper,Xerox 216,Small Box,0.37,5/31/2009
1131,8259,4/18/2009,Medium,25,2130.22,0.09,Delivery Truck,-584.60,89.99,42,Peter Fuller,Saskachewan,Prarie,Consumer,Furniture,Chairs & Chairmats,"Global Leather Task Chair, Black",Jumbo Drum,0.66,4/18/2009
1287,9383,3/16/2009,Not Specified,11,82.42,0.07,Regular Air,18.53,7.59,4,John Dryer,Saskachewan,Prarie,Corporate,Furniture,Office Furnishings,"Master Giant Foot¨ Doorstop, Safety Yellow",Wrap Bag,0.42,3/18/2009
1515,10949,3/30/2009,Medium,46,3449.26,0.1,Delivery Truck,252.77,80.97,30.06,Ashley Jarboe,Saskachewan,Prarie,Small Business,Technology,Office Machines,Hewlett-Packard Deskjet 940 REFURBISHED Color Inkjet Printer,Jumbo Box,0.4,3/31/2009
1569,11335,10/21/2009,High,3,14.84,0.08,Regular Air,-2.42,4.98,0.49,Maya Herman,Saskachewan,Prarie,Corporate,Office Supplies,Labels,Avery White Multi-Purpose Labels,Small Box,0.39,10/22/2009
1570,11335,10/21/2009,High,8,922.47,0.09,Delivery Truck,-13.10,119.99,14,Maya Herman,Saskachewan,Prarie,Corporate,Technology,Office Machines,Epson C82 Color Inkjet Printer,Jumbo Drum,0.36,10/23/2009
2187,15751,8/15/2009,Critical,37,189.6,0.02,Regular Air,89.65,4.98,0.49,Maya Herman,Saskachewan,Prarie,Corporate,Office Supplies,Labels,Avery White Multi-Purpose Labels,Small Box,0.39,8/16/2009
2188,15751,8/15/2009,Critical,21,397.732,0.01,Regular Air,-26.05,20.99,0.99,Maya Herman,Saskachewan,Prarie,Corporate,Technology,Telephones and Communication,Accessory15,Small Pack,0.83,8/16/2009
2197,15815,5/1/2009,Critical,43,528.6,0.01,Regular Air,52.59,11.7,5.63,Mitch Willingham,Saskachewan,Prarie,Corporate,Office Supplies,Binders and Binder Accessories,Fellowes Binding Cases,Small Box,0.4,5/3/2009
2198,15815,5/1/2009,Critical,24,107.41,0.03,Regular Air,20.68,4.55,1.49,Mitch Willingham,Saskachewan,Prarie,Corporate,Office Supplies,Binders and Binder Accessories,Presstex Flexible Ring Binders,Small Box,0.35,5/1/2009
2366,17124,10/25/2009,Critical,39,128.31,0.05,Express Air,-55.72,3.14,1.92,William Brown,Saskachewan,Prarie,Home Office,Office Supplies,"Scissors, Rulers and Trimmers",Serrated Blade or Curved Handle Hand Letter Openers,Wrap Bag,0.84,10/26/2009
2636,19075,9/26/2009,Critical,36,1841.6,0.01,Regular Air,12.95,50.98,6.5,Joseph Holt,Saskachewan,Prarie,Home Office,Technology,Computer Peripherals,Microsoft Natural Multimedia Keyboard,Small Box,0.73,9/27/2009
3399,24199,6/16/2009,Critical,16,706.53,0,Regular Air,-314.42,40.48,19.99,Randy Bradley,Saskachewan,Prarie,Small Business,Technology,Computer Peripherals,Keytronic Designer 104- Key Black Keyboard,Small Box,0.77,6/17/2009
3654,26146,10/11/2009,Low,13,1351.76,0.03,Regular Air,107.31,104.65,18.93,John Dryer,Saskachewan,Prarie,Corporate,Office Supplies,Appliances,"Eureka The Boss¨ Plus 12-Amp Hard Box Upright Vacuum, Red",Small Box,0.58,10/18/2009
3655,26146,10/11/2009,Low,49,595.4,0.03,Regular Air,-148.85,11.66,7.95,John Dryer,Saskachewan,Prarie,Corporate,Office Supplies,Pens & Art Supplies,"Hunt BOSTON¨ Vista¨ Battery-Operated Pencil Sharpener, Black",Small Pack,0.58,10/20/2009
4028,28772,2/6/2009,High,16,950.464,0.02,Regular Air,-763.80,71.37,69,Nick Zandusky,Saskachewan,Prarie,Small Business,Furniture,Tables,"Lesro Sheffield Collection Coffee Table, End Table, Center Table, Corner Table",Large Box,0.68,2/7/2009
4029,28772,2/6/2009,High,4,705.687,0.03,Express Air,-803.08,205.99,8.99,Nick Zandusky,Saskachewan,Prarie,Small Business,Technology,Telephones and Communication,StarTAC 8000,Small Box,0.6,2/8/2009
4275,30407,4/17/2009,Low,41,17853.64,0.02,Regular Air,6227.33,419.19,19.99,Patrick Ryan,Saskachewan,Prarie,Corporate,Office Supplies,Storage & Organization,Smead Adjustable Mobile File Trolley with Lockable Top,Small Box,0.58,4/17/2009
4378,31175,9/26/2009,Critical,26,539.66,0,Express Air,147.08,19.98,5.97,William Brown,Saskachewan,Prarie,Corporate,Office Supplies,Paper,Xerox 1936,Small Box,0.38,9/29/2009
4938,35136,10/8/2009,Critical,23,68.73,0.07,Regular Air,17.17,2.94,0.81,Peter Fuller,Saskachewan,Prarie,Corporate,Office Supplies,Pens & Art Supplies,Prang Colored Pencils,Wrap Bag,0.4,10/9/2009
5181,36835,10/20/2009,Critical,39,12073.06,0.03,Regular Air,5081.87,315.98,19.99,William Brown,Saskachewan,Prarie,Home Office,Office Supplies,Binders and Binder Accessories,GBC ProClickª 150 Presentation Binding System,Small Box,0.38,10/22/2009
5182,36835,10/20/2009,Critical,25,6685.05,0.09,Regular Air,1653.60,276.2,24.49,William Brown,Saskachewan,Prarie,Home Office,Furniture,Chairs & Chairmats,SAFCO Arco Folding Chair,Large Box,,10/21/2009
5183,36835,10/20/2009,Critical,18,1175.53,0.03,Regular Air,257.59,63.94,14.48,William Brown,Saskachewan,Prarie,Home Office,Furniture,Office Furnishings,"Howard Miller 16"" Diameter Gallery Wall Clock",Small Box,0.46,10/21/2009
5316,37825,7/22/2009,Low,44,505.01,0.06,Regular Air,-43.52,11.97,4.98,Matt Collister,Saskachewan,Prarie,Home Office,Office Supplies,Appliances,Staples 6 Outlet Surge,Small Box,0.58,7/24/2009
5317,37825,7/22/2009,Low,41,286.75,0.06,Regular Air,98.44,6.98,1.6,Matt Collister,Saskachewan,Prarie,Home Office,Office Supplies,Paper,"Adams Phone Message Book, Professional, 400 Message Capacity, 5 3/6Ó x 11Ó",Wrap Bag,0.38,7/29/2009
5342,37926,9/8/2009,Critical,31,353.25,0.02,Regular Air,60.06,11.55,2.36,Rick Hansen,Saskachewan,Prarie,Corporate,Office Supplies,Pens & Art Supplies,Newell 309,Wrap Bag,0.55,9/10/2009
5495,38978,8/3/2009,Low,24,4547.26,0,Delivery Truck,468.27,180.98,30,Nick Zandusky,Saskachewan,Prarie,Small Business,Furniture,Chairs & Chairmats,Office Star - Ergonomic Mid Back Chair with 2-Way Adjustable Arms,Jumbo Drum,0.69,8/5/2009
5765,40928,9/12/2009,Low,4,292.3405,0.01,Regular Air,-420.59,85.99,0.99,Patrick Ryan,Saskachewan,Prarie,Corporate,Technology,Telephones and Communication,Accessory4,Wrap Bag,0.85,9/17/2009
5812,41216,7/1/2009,Not Specified,8,253.26,0.02,Regular Air,49.66,29.17,6.27,Kean Takahito,Saskachewan,Prarie,Home Office,Office Supplies,Binders and Binder Accessories,Binding Machine Supplies,Small Box,0.37,7/2/2009
5813,41216,7/1/2009,Not Specified,45,6865.072,0,Delivery Truck,1117.24,179.29,29.21,Kean Takahito,Saskachewan,Prarie,Home Office,Furniture,Tables,"Bevis Round Conference Table Top, X-Base",Jumbo Box,0.74,7/3/2009
5966,42310,7/21/2009,Critical,20,3361.7585,0.04,Regular Air,394.35,205.99,8.99,Julia Dunbar,Saskachewan,Prarie,Consumer,Technology,Telephones and Communication,TimeportP7382,Small Box,0.56,7/22/2009
5983,42403,6/20/2009,Not Specified,38,117.84,0.04,Regular Air,30.76,3.08,0.99,Nick Zandusky,Saskachewan,Prarie,Small Business,Office Supplies,Labels,Avery 481,Small Box,0.37,6/21/2009
5984,42403,6/20/2009,Not Specified,47,121.2,0.1,Regular Air,-20.20,2.78,1.25,Nick Zandusky,Saskachewan,Prarie,Small Business,Office Supplies,Pens & Art Supplies,Newell 318,Wrap Bag,0.59,6/21/2009
6098,43206,8/23/2009,Medium,16,587.88,0,Express Air,135.37,35.41,1.99,John Dryer,Saskachewan,Prarie,Corporate,Technology,Computer Peripherals,Imation DVD-RAM discs,Small Pack,0.43,8/24/2009
6160,43650,3/23/2009,Not Specified,3,1759.65,0.06,Regular Air,-2213.75,599.99,24.49,William Brown,Saskachewan,Prarie,Corporate,Technology,Copiers and Fax,Canon PC1080F Personal Copier,Large Box,0.5,3/24/2009
6161,43650,3/23/2009,Not Specified,7,88.59,0.05,Regular Air,-26.29,11.97,5.81,William Brown,Saskachewan,Prarie,Corporate,Office Supplies,Pens & Art Supplies,Staples SlimLine Pencil Sharpener,Small Pack,0.6,3/25/2009
6476,46113,12/2/2009,Not Specified,18,2567.13,0.02,Express Air,945.54,136.98,24.49,Nick Zandusky,Saskachewan,Prarie,Small Business,Furniture,Office Furnishings,"3M Polarizing Task Lamp with Clamp Arm, Light Gray",Large Box,0.59,12/3/2009
6757,48135,4/19/2009,High,40,750.14,0.02,Regular Air,93.68,17.67,8.99,Matt Collister,Saskachewan,Prarie,Home Office,Furniture,Office Furnishings,"Executive Impressions 12"" Wall Clock",Small Pack,0.47,4/19/2009
6954,49735,9/23/2009,Not Specified,32,1929.19,0.04,Regular Air,570.67,60.97,4.5,Mitch Willingham,Saskachewan,Prarie,Corporate,Office Supplies,Appliances,Tripp Lite Isotel 6 Outlet Surge Protector with Fax/Modem Protection,Small Box,0.56,9/24/2009
7078,50501,5/29/2009,High,31,801.45,0.01,Regular Air,227.59,23.99,6.3,John Dryer,Saskachewan,Prarie,Corporate,Technology,Office Machines,TI 36X Solar Scientific Calculator,Medium Box,0.38,5/31/2009
7841,56064,10/29/2009,Medium,41,1169.26,0.02,Regular Air,515.62,28.53,1.49,William Brown,Saskachewan,Prarie,Home Office,Office Supplies,Binders and Binder Accessories,Lock-Up Easel 'Spel-Binder',Small Box,0.38,10/29/2009
8131,58116,3/28/2009,Critical,6,171.77,0.01,Delivery Truck,-59.88,25.98,14.36,Nick Zandusky,Saskachewan,Prarie,Small Business,Furniture,Chairs & Chairmats,"Global Stack Chair without Arms, Black",Jumbo Drum,0.6,3/29/2009
8157,58339,6/13/2009,High,9,1608.87,0.07,Regular Air,346.98,177.98,0.99,Rick Hansen,Saskachewan,Prarie,Corporate,Office Supplies,Appliances,Kensington 7 Outlet MasterPiece Power Center,Small Box,0.56,6/13/2009
8158,58339,6/13/2009,High,11,37.64,0.01,Express Air,7.52,2.08,1.49,Rick Hansen,Saskachewan,Prarie,Corporate,Office Supplies,Binders and Binder Accessories,Economy Binders,Small Box,0.36,6/14/2009
87,548,9/20/2009,Critical,41,129.49,0.04,Regular Air,36.02,3.08,0.99,Sung Chung,Saskachewan,Prarie,Home Office,Office Supplies,Labels,Avery 481,Small Box,0.37,9/21/2009
88,548,9/20/2009,Critical,29,202.95,0.02,Regular Air,-50.64,6.48,5.9,Sung Chung,Saskachewan,Prarie,Home Office,Office Supplies,Paper,Xerox 1976,Small Box,0.37,9/21/2009
89,548,9/20/2009,Critical,26,2753.1925,0.04,Regular Air,510.49,125.99,4.2,Sung Chung,Saskachewan,Prarie,Home Office,Technology,Telephones and Communication,V3682,Small Box,0.59,9/22/2009
303,2086,10/18/2009,Critical,24,1411.58,0.01,Express Air,699.31,55.98,4.86,Brian Moss,Saskachewan,Prarie,Corporate,Office Supplies,Paper,Xerox 1908,Small Box,0.36,10/20/2009
304,2086,10/18/2009,Critical,38,2115.242,0.04,Regular Air,371.41,65.99,8.99,Brian Moss,Saskachewan,Prarie,Corporate,Technology,Telephones and Communication,Talkabout T8367,Small Box,0.56,10/19/2009
305,2086,10/18/2009,Critical,9,1246.68,0.01,Regular Air,218.48,128.24,12.65,Brian Moss,Saskachewan,Prarie,Corporate,Furniture,Chairs & Chairmats,SAFCO Folding Chair Trolley,Medium Box,,10/21/2009
1052,7776,3/14/2009,Medium,36,7223.59,0.07,Delivery Truck,1769.81,200.98,23.76,Michelle Moray,Saskachewan,Prarie,Corporate,Furniture,Chairs & Chairmats,"Global Leather Highback Executive Chair with Pneumatic Height Adjustment, Black",Jumbo Drum,0.58,3/15/2009
1053,7776,3/14/2009,Medium,6,934.216,0.02,Delivery Truck,-4.34,179.29,29.21,Michelle Moray,Saskachewan,Prarie,Corporate,Furniture,Tables,"Bevis Round Conference Table Top, X-Base",Jumbo Box,0.76,3/14/2009
2639,19105,10/28/2009,High,31,1370.56,0.1,Regular Air,511.51,48.91,5.97,Max Ludwig,Saskachewan,Prarie,Corporate,Office Supplies,Paper,Xerox 1917,Small Box,0.38,10/30/2009
2640,19105,10/28/2009,High,29,172.98,0.08,Regular Air,-59.75,5.98,5.46,Max Ludwig,Saskachewan,Prarie,Corporate,Office Supplies,Paper,Xerox 1983,Small Box,0.36,10/28/2009
2775,20037,1/10/2009,Low,35,1009.42,0.02,Regular Air,339.58,29.18,8.55,Michelle Moray,Saskachewan,Prarie,Corporate,Furniture,Office Furnishings,"Deflect-o SuperTrayª Unbreakable Stackable Tray, Letter, Black",Small Box,0.42,1/15/2009
2776,20037,1/10/2009,Low,49,15137.11,0.03,Delivery Truck,4913.16,297.64,14.7,Michelle Moray,Saskachewan,Prarie,Corporate,Technology,Office Machines,Panasonic KX-P3200 Dot Matrix Printer,Jumbo Drum,0.57,1/15/2009
2855,20549,1/12/2009,Not Specified,40,1030.09,0.09,Regular Air,-568.71,27.75,19.99,Cindy Schnelling,Saskachewan,Prarie,Corporate,Office Supplies,Storage & Organization,Fellowes Super Stor/Drawer¨,Small Box,0.67,1/13/2009
3345,23936,12/17/2009,Medium,27,71.39,0.09,Regular Air,-39.33,2.6,2.4,Darrin Van Huff,Saskachewan,Prarie,Home Office,Office Supplies,Pens & Art Supplies,12 Colored Short Pencils,Wrap Bag,0.58,12/19/2009
3627,25926,11/20/2009,High,20,3300.216,0.1,Delivery Truck,-855.03,218.75,69.64,Michelle Moray,Saskachewan,Prarie,Corporate,Furniture,Tables,BoxOffice By Design Rectangular and Half-Moon Meeting Room Tables,Jumbo Box,0.77,11/21/2009
3628,25926,11/20/2009,High,23,331.54,0.05,Regular Air,9.41,14.27,7.27,Michelle Moray,Saskachewan,Prarie,Corporate,Office Supplies,Binders and Binder Accessories,"GBC Laser Imprintable Binding System Covers, Desert Sand",Small Box,0.38,11/22/2009
3901,27813,1/12/2009,Medium,10,401.14,0.1,Regular Air,-131.03,40.98,6.5,Liz Price,Saskachewan,Prarie,Consumer,Technology,Computer Peripherals,Targus USB Numeric Keypad,Small Box,0.74,1/14/2009
3958,28256,2/23/2009,High,19,467.4,0.01,Delivery Truck,-851.09,20.98,53.03,Brian Moss,Saskachewan,Prarie,Corporate,Office Supplies,Storage & Organization,"Tennsco Lockers, Gray",Jumbo Drum,0.78,2/23/2009
4288,30564,2/26/2009,Critical,20,606.3985,0.09,Regular Air,126.13,35.99,5.99,Darrin Van Huff,Saskachewan,Prarie,Home Office,Technology,Telephones and Communication,Accessory41,Wrap Bag,0.38,2/27/2009
5629,39846,2/27/2009,Low,10,1372.14,0.06,Delivery Truck,-340.98,130.98,54.74,Cindy Schnelling,Saskachewan,Prarie,Corporate,Furniture,Bookcases,"O'Sullivan Elevations Bookcase, Cherry Finish",Jumbo Box,0.69,3/6/2009
5722,40547,7/9/2009,Critical,45,6944.092,0.06,Express Air,1820.95,179.99,13.99,Craig Rider,Saskachewan,Prarie,Small Business,Technology,Telephones and Communication,VTech VT20-2481 2.4GHz Two-Line Phone System w/Answering Machine,Medium Box,0.57,7/11/2009
6939,49511,4/20/2009,High,35,150.29,0.03,Express Air,5.04,3.69,2.5,Eugene Moren,Saskachewan,Prarie,Home Office,Office Supplies,Envelopes,Colored Envelopes,Small Box,0.39,4/20/2009
7440,53029,7/27/2009,Low,39,223.34,0.1,Regular Air,95.42,6.3,0.5,Max Ludwig,Saskachewan,Prarie,Corporate,Office Supplies,Labels,Avery 48,Small Box,0.39,8/1/2009
7903,56516,8/3/2009,Medium,6,27.89,0.08,Regular Air,-23.81,3.98,5.26,Stefania Perrino,Saskachewan,Prarie,Corporate,Office Supplies,Binders and Binder Accessories,Ibico Presentation Index for Binding Systems,Small Box,0.38,8/4/2009
7904,56516,8/3/2009,Medium,24,2560.9395,0.06,Regular Air,457.79,125.99,2.5,Stefania Perrino,Saskachewan,Prarie,Corporate,Technology,Telephones and Communication,i2000,Small Box,0.6,8/5/2009
8331,59556,12/15/2009,Not Specified,27,43.46,0,Regular Air,6.81,1.48,0.7,Mark Van Huff,Saskachewan,Prarie,Home Office,Office Supplies,Rubber Bands,Binder Clips by OIC,Wrap Bag,0.37,12/17/2009
8332,59556,12/15/2009,Not Specified,5,927.9875,0,Regular Air,-615.91,205.99,8.99,Mark Van Huff,Saskachewan,Prarie,Home Office,Technology,Telephones and Communication,TimeportP7382,Small Box,0.56,12/16/2009
8364,59779,5/17/2009,Low,30,3575.23,0.04,Delivery Truck,87.88,113.98,30,Stefania Perrino,Saskachewan,Prarie,Corporate,Furniture,Chairs & Chairmats,Hon Comfortask¨ Task/Swivel Chairs,Jumbo Drum,0.69,5/24/2009
265,1829,5/7/2009,High,48,133.04,0.07,Regular Air,6.73,2.78,1.49,Tom Stivers,Saskachewan,Prarie,Small Business,Office Supplies,Binders and Binder Accessories,Wilson Jones Suede Grain Vinyl Binders,Small Box,0.36,5/8/2009
866,6211,11/23/2009,Critical,28,67.72,0.01,Regular Air,-142.67,2.16,6.05,Nona Balk,Saskachewan,Prarie,Corporate,Office Supplies,Binders and Binder Accessories,Peel & Stick Add-On Corner Pockets,Small Box,0.37,11/25/2009
867,6211,11/23/2009,Critical,3,68.64,0.07,Regular Air,-38.93,21.38,8.99,Nona Balk,Saskachewan,Prarie,Corporate,Office Supplies,Pens & Art Supplies,Boston 1730 StandUp Electric Pencil Sharpener,Small Pack,0.59,11/25/2009
1315,9637,1/3/2009,Low,12,522.49,0.08,Regular Air,-236.43,43.22,16.71,Andy Reiter,Saskachewan,Prarie,Corporate,Technology,Computer Peripherals,"Fellowes Mobile Numeric Keypad, Graphite",Small Box,0.66,1/5/2009
1316,9637,1/3/2009,Low,49,28359.4,0.05,Regular Air,14440.39,574.74,24.49,Andy Reiter,Saskachewan,Prarie,Corporate,Technology,Office Machines,Polycom ViaVideoª Desktop Video Communications Unit,Large Box,0.37,1/10/2009
1317,9637,1/3/2009,Low,12,123.76,0.04,Regular Air,32.44,10.14,2.27,Andy Reiter,Saskachewan,Prarie,Corporate,Office Supplies,Paper,"Staples Wirebound Steno Books, 6"" x 9"", 12/Pack",Wrap Bag,0.36,1/7/2009
3120,22407,11/17/2009,Not Specified,20,676.44,0.07,Regular Air,48.76,34.54,14.72,Sung Shariari,Saskachewan,Prarie,Corporate,Office Supplies,Binders and Binder Accessories,GBC Recycled Grain Textured Covers,Small Box,0.37,11/18/2009
3121,22407,11/17/2009,Not Specified,10,128.02,0.02,Regular Air,-7.90,12.28,6.47,Sung Shariari,Saskachewan,Prarie,Corporate,Office Supplies,Paper,Xerox 1881,Small Box,0.38,11/17/2009
3122,22407,11/17/2009,Not Specified,15,526.82,0.06,Express Air,32.34,34.58,8.99,Sung Shariari,Saskachewan,Prarie,Corporate,Office Supplies,Pens & Art Supplies,Panasonic KP-350BK Electric Pencil Sharpener with Auto Stop,Small Pack,0.56,11/19/2009
3586,25574,3/12/2009,Not Specified,46,5074.07,0,Delivery Truck,-1390.53,100.98,57.38,Rob Beeghly,Saskachewan,Prarie,Consumer,Furniture,Bookcases,"Bush Westfield Collection Bookcases, Dark Cherry Finish, Fully Assembled",Jumbo Box,0.78,3/12/2009
3587,25574,3/12/2009,Not Specified,31,1526.67,0.01,Express Air,118.82,47.98,3.61,Rob Beeghly,Saskachewan,Prarie,Consumer,Technology,Computer Peripherals,"DS/HD IBM Formatted Diskettes, 200/Pack - Staples",Small Pack,0.71,3/13/2009
5069,36131,5/17/2009,High,43,354.96,0.07,Regular Air,151.27,8.34,1.43,Aleksandra Gannaway,Saskachewan,Prarie,Home Office,Office Supplies,Paper,"REDIFORM Incoming/Outgoing Call Register, 11"" X 8 1/2"", 100 Messages",Wrap Bag,0.35,5/19/2009
5070,36131,5/17/2009,High,26,130.97,0.09,Regular Air,-83.42,4.98,6.07,Aleksandra Gannaway,Saskachewan,Prarie,Home Office,Office Supplies,Paper,Xerox 1897,Small Box,0.36,5/18/2009
5203,36992,12/7/2009,Medium,34,459.08,0.04,Express Air,61.57,12.98,3.14,Aleksandra Gannaway,Saskachewan,Prarie,Corporate,Office Supplies,"Scissors, Rulers and Trimmers","Acme¨ 8"" Straight Scissors",Small Pack,0.6,12/9/2009
6457,45986,12/25/2009,Low,20,71.07,0.08,Regular Air,-15.09,3.69,2.5,Suzanne McNair,Saskachewan,Prarie,Small Business,Office Supplies,Envelopes,Colored Envelopes,Small Box,0.39,12/30/2009
6584,46881,10/6/2009,Critical,31,176.28,0.07,Express Air,-80.30,5.18,5.74,Nick Crebassa,Saskachewan,Prarie,Corporate,Office Supplies,Binders and Binder Accessories,Wilson Jones Impact Binders,Small Box,0.36,10/8/2009
7473,53350,6/14/2009,Not Specified,24,7046.61,0.08,Regular Air,2595.18,315.98,19.99,Susan Pistek,Saskachewan,Prarie,Home Office,Office Supplies,Binders and Binder Accessories,GBC ProClickª 150 Presentation Binding System,Small Box,0.38,6/14/2009
7773,55648,9/9/2009,Critical,5,14.74,0.08,Regular Air,-2.58,2.88,0.7,Sung Shariari,Saskachewan,Prarie,Corporate,Office Supplies,Pens & Art Supplies,Newell 346,Wrap Bag,0.56,9/12/2009
7807,55847,7/20/2009,Not Specified,21,133.15,0.05,Regular Air,-51.43,6.28,5.36,Neil French,Saskachewan,Prarie,Consumer,Office Supplies,Binders and Binder Accessories,GBC Standard Plastic Binding Systems' Combs,Small Box,0.4,7/23/2009
7808,55847,7/20/2009,Not Specified,45,136.71,0.04,Regular Air,34.72,3.08,0.99,Neil French,Saskachewan,Prarie,Consumer,Office Supplies,Labels,Avery 481,Small Box,0.37,7/21/2009
7859,56197,5/11/2009,High,11,28.63,0.09,Express Air,-21.17,1.74,4.08,Neil French,Saskachewan,Prarie,Consumer,Furniture,Office Furnishings,"Eldon Regeneration Recycled Desk Accessories, Smoke",Small Pack,0.53,5/13/2009
7860,56197,5/11/2009,High,45,8014.624,0.08,Delivery Truck,1366.10,227.55,32.48,Neil French,Saskachewan,Prarie,Consumer,Furniture,Tables,Hon Rectangular Conference Tables,Jumbo Box,0.68,5/11/2009
8291,59232,1/5/2009,High,23,725.43,0,Regular Air,245.97,30.98,5.76,Robert Waldorf,Saskachewan,Prarie,Home Office,Office Supplies,Paper,"IBM Multi-Purpose Copy Paper, 8 1/2 x 11"", Case",Small Box,0.4,1/7/2009
1627,11777,12/25/2009,Low,39,651.45,0.07,Regular Air,-160.56,17.7,9.47,Jack O'Briant,Saskachewan,Prarie,Consumer,Office Supplies,Storage & Organization,Portfile¨ Personal File Boxes,Small Box,0.59,1/1/2010
1769,12676,1/15/2009,High,25,201.06,0.08,Express Air,-80.86,8.09,7.96,Jennifer Jackson,Saskachewan,Prarie,Home Office,Furniture,Office Furnishings,"6"" Cubicle Wall Clock, Black",Small Box,0.49,1/16/2009
2103,15040,12/4/2009,Low,48,410.35,0.1,Express Air,114.02,9.11,2.15,Carl Weiss,Saskachewan,Prarie,Consumer,Office Supplies,Paper,"Black Print Carbonless Snap-Off¨ Rapid Letter, 8 1/2"" x 7""",Wrap Bag,0.4,12/8/2009
2359,17028,10/15/2009,High,19,513.5,0.02,Regular Air,82.96,25.99,5.37,Jennifer Jackson,Saskachewan,Prarie,Home Office,Office Supplies,Pens & Art Supplies,"BOSTON¨ Ranger¨ #55 Pencil Sharpener, Black",Small Box,0.56,10/17/2009
2993,21602,7/1/2009,Critical,6,2170.61,0.01,Delivery Truck,-62.29,348.21,40.19,Jack O'Briant,Saskachewan,Prarie,Small Business,Furniture,Tables,Bretford CR4500 Series Slim Rectangular Table,Jumbo Box,0.62,7/4/2009
3746,26758,5/23/2009,Not Specified,46,3519.12,0.09,Express Air,315.33,77.51,4,Justin Ellison,Saskachewan,Prarie,Home Office,Technology,Computer Peripherals,Micro Innovations Media Access Pro Keyboard,Small Box,0.76,5/25/2009
3747,26758,5/23/2009,Not Specified,37,108.33,0,Regular Air,17.00,2.88,0.7,Justin Ellison,Saskachewan,Prarie,Home Office,Office Supplies,Pens & Art Supplies,Newell 340,Wrap Bag,0.56,5/25/2009
3966,28291,3/4/2009,Critical,14,3950.6,0.02,Delivery Truck,-477.66,280.98,57,Carl Weiss,Saskachewan,Prarie,Consumer,Furniture,Chairs & Chairmats,Hon 2090 ÒPillow SoftÓ Series Mid Back Swivel/Tilt Chairs,Jumbo Drum,0.78,3/5/2009
4667,33220,4/15/2009,Not Specified,49,3291.13,0.09,Regular Air,925.95,70.97,3.5,Carl Weiss,Saskachewan,Prarie,Consumer,Office Supplies,Appliances,Tripp Lite Isotel 8 Ultra 8 Outlet Metal Surge,Small Box,0.59,4/15/2009
4668,33220,4/15/2009,Not Specified,40,736.96,0.1,Regular Air,-34.29,19.98,10.49,Carl Weiss,Saskachewan,Prarie,Consumer,Furniture,Office Furnishings,12-1/2 Diameter Round Wall Clock,Small Box,0.49,4/18/2009
4736,33701,10/1/2009,Medium,35,2333.06,0.08,Express Air,473.39,67.28,19.99,Carl Weiss,Saskachewan,Prarie,Consumer,Office Supplies,Binders and Binder Accessories,Catalog Binders with Expanding Posts,Small Box,0.4,10/3/2009
6158,43620,1/17/2009,Medium,13,196.22,0.05,Regular Air,-89.35,14.81,13.32,Joel Eaton,Saskachewan,Prarie,Home Office,Office Supplies,Appliances,"Holmes Replacement Filter for HEPA Air Cleaner, Large Room",Small Box,0.43,1/20/2009
6159,43620,1/17/2009,Medium,11,49.76,0.05,Express Air,-0.13,4.2,2.26,Joel Eaton,Saskachewan,Prarie,Home Office,Office Supplies,Paper,"Important Message Pads, 50 4-1/4 x 5-1/2 Forms per Pad",Wrap Bag,0.36,1/19/2009
6463,46018,8/11/2009,Medium,31,2797.41,0.06,Delivery Truck,984.30,90.97,14,Justin Ellison,Saskachewan,Prarie,Home Office,Technology,Office Machines,Lexmark Z54se Color Inkjet Printer,Jumbo Drum,0.36,8/12/2009
6786,48327,8/10/2009,Not Specified,14,89.93,0.03,Regular Air,-44.82,5.98,3.85,Jennifer Jackson,Saskachewan,Prarie,Home Office,Technology,Computer Peripherals,"Imation 3.5"" IBM-Formatted Diskettes, 10/Pack",Small Pack,0.68,8/12/2009
6862,48900,3/22/2009,Not Specified,27,337.61,0.03,Regular Air,15.61,12.28,6.35,Jack O'Briant,Saskachewan,Prarie,Small Business,Office Supplies,Paper,Staples Premium Bright 1-Part Blank Computer Paper,Small Box,0.38,3/24/2009
6863,48900,3/22/2009,Not Specified,42,636.34,0.08,Regular Air,-99.26,15.14,4.53,Jack O'Briant,Saskachewan,Prarie,Small Business,Office Supplies,Storage & Organization,Eldon¨ Gobal File Keepers,Small Box,0.81,3/23/2009
7409,52867,8/13/2009,High,15,1917.61,0.03,Delivery Truck,-286.90,124.49,51.94,Jack O'Briant,Saskachewan,Prarie,Consumer,Furniture,Tables,Bevis 36 x 72 Conference Tables,Jumbo Box,0.63,8/14/2009
8135,58147,5/18/2009,High,41,470.74,0.04,Regular Air,24.09,10.98,3.99,Jack O'Briant,Saskachewan,Prarie,Small Business,Office Supplies,Appliances,Staples Surge Protector 6 outlet,Small Box,0.58,5/18/2009
8220,58784,1/18/2009,Medium,12,141.9,0.02,Regular Air,1.46,11.58,5.72,Kristen Hastings,Saskachewan,Prarie,Corporate,Office Supplies,Envelopes,"Peel & Seel¨ Recycled Catalog Envelopes, Brown",Small Box,0.35,1/19/2009
8221,58784,1/18/2009,Medium,29,1379.1,0.06,Regular Air,573.80,48.91,5.81,Kristen Hastings,Saskachewan,Prarie,Corporate,Office Supplies,Paper,Xerox 1891,Small Box,0.38,1/18/2009
8222,58784,1/18/2009,Medium,17,278.76,0.02,Regular Air,-210.09,15.51,17.78,Kristen Hastings,Saskachewan,Prarie,Corporate,Office Supplies,Storage & Organization,"Tenex File Box, Personal Filing Tote with Lid, Black",Small Box,0.59,1/19/2009
8340,59591,10/9/2009,Not Specified,34,3361.84,0.08,Delivery Truck,1211.76,100.97,14,Jennifer Jackson,Saskachewan,Prarie,Home Office,Technology,Office Machines,Hewlett-Packard Deskjet 3820 Color Inkjet Printer,Jumbo Drum,0.37,10/10/2009
8341,59591,10/9/2009,Not Specified,29,195.82,0.07,Regular Air,-91.70,6.48,7.07,Jennifer Jackson,Saskachewan,Prarie,Home Office,Office Supplies,Paper,Xerox 223,Small Box,0.37,10/11/2009
8381,59879,3/9/2009,Not Specified,33,987.3175,0.04,Express Air,368.56,35.99,3.3,Karen Bern,Saskachewan,Prarie,Corporate,Technology,Telephones and Communication,Accessory9,Small Pack,0.39,3/11/2009
12,69,6/3/2009,Not Specified,42,1186.06,0.09,Regular Air,511.69,30.93,3.92,Jonathan Doherty,Saskachewan,Prarie,Corporate,Furniture,Office Furnishings,"Advantus Employee of the Month Certificate Frame, 11 x 13-1/2",Small Pack,0.44,6/5/2009
13,69,6/3/2009,Not Specified,28,51.53,0.03,Express Air,0.35,1.68,0.7,Jonathan Doherty,Saskachewan,Prarie,Corporate,Office Supplies,Pens & Art Supplies,Newell 308,Wrap Bag,0.6,6/5/2009
306,2144,3/28/2009,Medium,40,5945.3675,0.08,Regular Air,1585.48,175.99,4.99,Jonathan Doherty,Saskachewan,Prarie,Corporate,Technology,Telephones and Communication,5165,Small Box,0.59,3/28/2009
652,4583,9/24/2009,Medium,44,3021.64,0.07,Delivery Truck,-720.20,70.98,30,Maxwell Schwartz,Saskachewan,Prarie,Corporate,Furniture,Chairs & Chairmats,Novimex Turbo Task Chair,Jumbo Drum,0.73,9/26/2009
684,4772,9/13/2009,Critical,28,1560.617,0.04,Regular Air,214.29,65.99,8.99,Neil Knudson,Saskachewan,Prarie,Corporate,Technology,Telephones and Communication,i270,Small Box,0.55,9/14/2009
804,5765,12/14/2009,Low,23,849.46,0.04,Regular Air,9.06,35.44,19.99,Jonathan Doherty,Saskachewan,Prarie,Corporate,Office Supplies,Paper,Xerox 1880,Small Box,0.38,12/21/2009
1054,7782,7/2/2009,Critical,20,1205.73,0.07,Express Air,310.93,60.97,4.5,Maxwell Schwartz,Saskachewan,Prarie,Corporate,Office Supplies,Appliances,Tripp Lite Isotel 6 Outlet Surge Protector with Fax/Modem Protection,Small Box,0.56,7/4/2009
1766,12642,4/27/2009,Critical,10,564.85,0.09,Express Air,181.02,58.1,1.49,Neil Knudson,Saskachewan,Prarie,Home Office,Office Supplies,Binders and Binder Accessories,Avery Arch Ring Binders,Small Box,0.38,4/29/2009
1767,12642,4/27/2009,Critical,14,572.33,0.01,Regular Air,-62.28,39.98,7.12,Neil Knudson,Saskachewan,Prarie,Home Office,Technology,Computer Peripherals,"IBM Active Response Keyboard, Black",Small Box,0.67,4/29/2009
1884,13542,3/8/2009,Low,11,3571.84,0.01,Delivery Truck,403.81,300.98,64.73,John Huston,Saskachewan,Prarie,Consumer,Furniture,Chairs & Chairmats,"Global Leather and Oak Executive Chair, Black",Jumbo Drum,0.56,3/15/2009
1885,13542,3/8/2009,Low,33,310.44,0.03,Regular Air,-90.21,8.74,8.29,John Huston,Saskachewan,Prarie,Consumer,Office Supplies,Envelopes,"#10- 4 1/8"" x 9 1/2"" Recycled Envelopes",Small Box,0.38,3/8/2009
2085,14913,2/14/2009,High,47,1003.43,0.01,Regular Air,208.06,19.98,8.68,Janet Lee,Saskachewan,Prarie,Consumer,Office Supplies,Paper,Southworth 25% Cotton Premium Laser Paper and Envelopes,Small Box,0.37,2/15/2009
2097,14983,2/11/2009,High,48,8475.962,0.05,Express Air,2497.94,205.99,8.99,Rick Wilson,Saskachewan,Prarie,Consumer,Technology,Telephones and Communication,Talkabout T8097,Small Box,0.58,2/12/2009
2098,14983,2/11/2009,High,18,3015.494,0.08,Regular Air,251.54,205.99,8.99,Rick Wilson,Saskachewan,Prarie,Consumer,Technology,Telephones and Communication,TimeportP7382,Small Box,0.56,2/12/2009
2382,17282,11/18/2009,Low,37,988.42,0.09,Regular Air,253.94,29.17,6.27,Denise Monton,Saskachewan,Prarie,Home Office,Office Supplies,Binders and Binder Accessories,Binding Machine Supplies,Small Box,0.37,11/20/2009
2464,17927,8/9/2009,Medium,42,865.21,0.07,Regular Air,-42.10,20.95,5.99,Janet Lee,Saskachewan,Prarie,Consumer,Technology,Computer Peripherals,"Fellowes Basic 104-Key Keyboard, Platinum",Small Box,0.65,8/10/2009
2481,18049,8/13/2009,Medium,10,65.52,0.07,Regular Air,-22.57,5.98,5.46,Liz Carlisle,Saskachewan,Prarie,Corporate,Office Supplies,Paper,Xerox 1983,Small Box,0.36,8/15/2009
2531,18371,9/18/2009,Medium,30,1394.36,0,Regular Air,271.45,43.98,8.99,Denise Monton,Saskachewan,Prarie,Home Office,Office Supplies,Pens & Art Supplies,Boston 1645 Deluxe Heavier-Duty Electric Pencil Sharpener,Small Pack,0.58,9/18/2009
3203,22978,4/2/2009,Medium,28,1801.95,0.03,Delivery Truck,-182.07,60.89,32.41,Anthony Garverick,Saskachewan,Prarie,Small Business,Furniture,Chairs & Chairmats,"Global Push Button Manager's Chair, Indigo",Jumbo Drum,0.56,4/3/2009
3632,25953,9/27/2009,Critical,27,258.54,0.1,Regular Air,-16.30,9.85,4.82,Liz Carlisle,Saskachewan,Prarie,Corporate,Office Supplies,Pens & Art Supplies,Lumber Crayons,Wrap Bag,0.47,9/28/2009
3633,25953,9/27/2009,Critical,19,1972.884,0.04,Regular Air,140.91,125.99,7.69,Liz Carlisle,Saskachewan,Prarie,Corporate,Technology,Telephones and Communication,Timeport L7089,Small Box,0.58,9/28/2009
3707,26466,6/11/2009,Critical,29,909.721,0.01,Regular Air,287.99,35.99,5.99,Rick Wilson,Saskachewan,Prarie,Corporate,Technology,Telephones and Communication,Accessory41,Wrap Bag,0.38,6/12/2009
3937,28037,12/12/2009,High,31,203.53,0.06,Regular Air,-101.28,6.68,6.93,Maxwell Schwartz,Saskachewan,Prarie,Corporate,Office Supplies,Paper,HP Office Paper (20Lb. and 87 Bright),Small Box,0.37,12/13/2009
4593,32675,11/3/2009,High,20,6865.19,0.09,Delivery Truck,1541.68,349.45,60,Jonathan Doherty,Saskachewan,Prarie,Corporate,Furniture,Tables,"SAFCO PlanMaster Heigh-Adjustable Drafting Table Base, 43w x 30d x 30-37h, Black",Jumbo Drum,,11/4/2009
5499,38982,7/17/2009,Not Specified,43,1114.42,0.09,Regular Air,425.07,28.48,1.99,Liz Carlisle,Saskachewan,Prarie,Corporate,Technology,Computer Peripherals,"Memorex 4.7GB DVD+RW, 3/Pack",Small Pack,0.4,7/18/2009
5642,39908,5/10/2009,Low,23,753.75,0.1,Regular Air,31.17,34.99,7.73,Neil Knudson,Saskachewan,Prarie,Home Office,Office Supplies,Pens & Art Supplies,Hunt Boston¨ Vacuum Mount KS Pencil Sharpener,Small Box,0.59,5/12/2009
5869,41636,8/14/2009,Critical,47,5294.48,0.03,Regular Air,1521.31,107.53,5.81,MaryBeth Skach,Saskachewan,Prarie,Home Office,Furniture,Office Furnishings,"Tenex Contemporary Contur Chairmats for Low and Medium Pile Carpet, Computer, 39"" x 49""",Medium Box,0.65,8/15/2009
5870,41636,8/14/2009,Critical,25,423.15,0.05,Regular Air,-47.28,16.98,7.78,MaryBeth Skach,Saskachewan,Prarie,Home Office,Office Supplies,Pens & Art Supplies,Stanley Bostitch Contemporary Electric Pencil Sharpeners,Small Pack,0.57,8/16/2009
5871,41636,8/14/2009,Critical,27,2762.857,0.03,Regular Air,722.24,115.99,4.23,MaryBeth Skach,Saskachewan,Prarie,Home Office,Technology,Telephones and Communication,282,Small Box,0.56,8/16/2009
5894,41799,6/23/2009,High,21,1130.806,0.04,Regular Air,95.15,65.99,4.99,Jonathan Doherty,Saskachewan,Prarie,Corporate,Technology,Telephones and Communication,T193,Small Box,0.57,6/24/2009
5970,42342,9/4/2009,Not Specified,43,9501.624,0.07,Delivery Truck,-686.45,286.85,61.76,Bill Eplett,Saskachewan,Prarie,Corporate,Furniture,Tables,Riverside Furniture Stanwyck Manor Table Series,Jumbo Box,0.78,9/6/2009
6016,42631,5/9/2009,High,41,257.66,0.05,Regular Air,-69.23,6.48,2.74,Jeremy Lonsdale,Saskachewan,Prarie,Corporate,Technology,Computer Peripherals,"Sony MFD2HD Formatted Diskettes, 10/Pack",Small Pack,0.71,5/9/2009
6017,42631,5/9/2009,High,18,211.4,0.09,Regular Air,91.63,12.53,0.5,Jeremy Lonsdale,Saskachewan,Prarie,Corporate,Office Supplies,Labels,Avery 485,Small Box,0.38,5/10/2009
6018,42631,5/9/2009,High,44,287.22,0.06,Regular Air,-72.93,6.68,5.41,Jeremy Lonsdale,Saskachewan,Prarie,Corporate,Office Supplies,Paper,Xerox 195,Small Box,0.37,5/10/2009
6019,42631,5/9/2009,High,22,1148.0355,0.08,Express Air,21.98,65.99,8.99,Jeremy Lonsdale,Saskachewan,Prarie,Corporate,Technology,Telephones and Communication,i270,Small Box,0.55,5/11/2009
6638,47203,12/18/2009,Critical,8,129.18,0.04,Regular Air,-30.02,15.98,4,Bill Eplett,Saskachewan,Prarie,Corporate,Technology,Computer Peripherals,Logitech Access Keyboard,Small Box,0.37,12/19/2009
6639,47203,12/18/2009,Critical,44,1016.26,0.06,Regular Air,337.97,22.84,5.47,Bill Eplett,Saskachewan,Prarie,Corporate,Office Supplies,Paper,Xerox 1929,Small Box,0.39,12/20/2009
6748,48035,3/31/2009,Critical,8,155.924,0.09,Express Air,-63.12,20.99,4.81,Liz Pelletier,Saskachewan,Prarie,Home Office,Technology,Telephones and Communication,1726 Digital Answering Machine,Medium Box,0.58,4/1/2009
6752,48096,6/12/2009,High,3,34.23,0.02,Express Air,-9.50,6.48,7.86,Denise Monton,Saskachewan,Prarie,Home Office,Office Supplies,Paper,Xerox 213,Small Box,0.37,6/13/2009
6753,48096,6/12/2009,High,22,383.33,0.03,Regular Air,27.62,17.07,8.13,Denise Monton,Saskachewan,Prarie,Home Office,Office Supplies,Envelopes,"Recycled Interoffice Envelopes with Re-Use-A-Seal¨ Closure, 10 x 13",Small Box,0.38,6/14/2009
6975,49830,7/9/2009,Critical,31,16949.44,0.01,Regular Air,7858.08,525.98,19.99,Ionia McGrath,Saskachewan,Prarie,Small Business,Office Supplies,Binders and Binder Accessories,GBC DocuBind 300 Electric Binding Machine,Small Box,0.37,7/11/2009
7027,50147,10/8/2009,Medium,42,1504.01,0.05,Regular Air,211.04,35.89,14.72,Denise Monton,Saskachewan,Prarie,Home Office,Office Supplies,Envelopes,Jet-Pak Recycled Peel 'N' Seal Padded Mailers,Small Box,0.4,10/9/2009
7028,50147,10/8/2009,Medium,13,163.62,0,Regular Air,16.34,11.48,5.43,Denise Monton,Saskachewan,Prarie,Home Office,Office Supplies,Paper,Personal Creationsª Ink Jet Cards and Labels,Small Box,0.36,10/8/2009
7227,51554,3/26/2009,Medium,7,545.04,0.05,Delivery Truck,-210.06,68.81,60,Liz Pelletier,Saskachewan,Prarie,Home Office,Office Supplies,Appliances,"Holmes Replacement Filter for HEPA Air Cleaner, Very Large Room, HEPA Filter",Jumbo Drum,0.41,3/28/2009
7228,51554,3/26/2009,Medium,29,606.91,0.09,Regular Air,-271.77,20.89,11.52,Liz Pelletier,Saskachewan,Prarie,Home Office,Office Supplies,Storage & Organization,"Iris¨ 3-Drawer Stacking Bin, Black",Small Box,0.83,3/27/2009
7380,52615,10/19/2009,Low,4,67.22,0.05,Regular Air,-139.53,4.48,49,Liz Pelletier,Saskachewan,Prarie,Corporate,Office Supplies,Appliances,Hoover Portapowerª Portable Vacuum,Large Box,0.6,10/23/2009
7381,52615,10/19/2009,Low,18,76.85,0.1,Regular Air,-64.08,4.24,5.41,Liz Pelletier,Saskachewan,Prarie,Corporate,Office Supplies,Binders and Binder Accessories,Storex DuraTech Recycled Plastic Frosted Binders,Small Box,0.35,10/23/2009
8361,59776,3/9/2009,Low,35,285.01,0.01,Express Air,124.82,7.64,1.39,Maxwell Schwartz,Saskachewan,Prarie,Corporate,Office Supplies,Envelopes,"#10- 4 1/8"" x 9 1/2"" Security-Tint Envelopes",Small Box,0.36,3/13/2009
8362,59776,3/9/2009,Low,33,12215.43,0.07,Delivery Truck,5255.45,400.97,48.26,Maxwell Schwartz,Saskachewan,Prarie,Corporate,Technology,Office Machines,Hewlett-Packard Deskjet 1220Cse Color Inkjet Printer,Jumbo Box,0.36,3/13/2009
417,2817,4/18/2009,Medium,14,3830.14,0.1,Regular Air,202.25,300.97,7.18,Luke Schmidt,Saskachewan,Prarie,Home Office,Technology,Computer Peripherals,Gyration Ultra Professional Cordless Optical Suite,Small Box,0.48,4/19/2009
418,2817,4/18/2009,Medium,40,1559.86,0.06,Regular Air,672.37,39.89,3.04,Luke Schmidt,Saskachewan,Prarie,Home Office,Furniture,Office Furnishings,Ultra Commercial Grade Dual Valve Door Closer,Wrap Bag,0.53,4/20/2009
1460,10528,9/13/2009,Medium,47,838.4,0.02,Express Air,-132.91,17.7,9.47,Michael Grace,Saskachewan,Prarie,Corporate,Office Supplies,Storage & Organization,Portfile¨ Personal File Boxes,Small Box,0.59,9/15/2009
1581,11426,5/7/2009,Medium,19,333.68,0.01,Regular Air,81.96,16.48,1.99,Laurel Beltran,Saskachewan,Prarie,Consumer,Technology,Computer Peripherals,Maxell DVD-RAM Discs,Small Pack,0.42,5/8/2009
1797,12869,1/25/2009,Not Specified,15,1532.482,0.1,Regular Air,-43.00,125.99,8.99,Laurel Beltran,Saskachewan,Prarie,Consumer,Technology,Telephones and Communication,5170i,Small Box,0.57,1/28/2009
2001,14274,1/6/2009,Not Specified,23,3674.08,0.01,Delivery Truck,112.44,150.98,30,Craig Leslie,Saskachewan,Prarie,Consumer,Furniture,Chairs & Chairmats,Novimex Swivel Fabric Task Chair,Jumbo Drum,0.74,1/8/2009
2002,14274,1/6/2009,Not Specified,46,1413.89,0.01,Express Air,-40.72,28.28,13.99,Craig Leslie,Saskachewan,Prarie,Consumer,Office Supplies,Storage & Organization,Eldon Portable Mobile Manager,Medium Box,0.58,1/8/2009
2003,14274,1/6/2009,Not Specified,2,61.7185,0.03,Regular Air,-164.04,35.99,1.1,Craig Leslie,Saskachewan,Prarie,Consumer,Technology,Telephones and Communication,Accessory35,Small Box,0.55,1/7/2009
2039,14530,4/6/2009,High,17,1556.61,0.06,Regular Air,-485.55,89.83,35,Tracy Blumstein,Saskachewan,Prarie,Home Office,Office Supplies,Storage & Organization,Fellowes Officewareª Wire Shelving,Large Box,0.83,4/8/2009
2040,14530,4/6/2009,High,49,645.14,0.1,Regular Air,-26.32,13.43,5.5,Tracy Blumstein,Saskachewan,Prarie,Home Office,Office Supplies,Storage & Organization,"Fellowes Personal Hanging Folder Files, Navy",Small Box,0.57,4/8/2009
2041,14530,4/6/2009,High,44,4851.5025,0.01,Regular Air,1371.67,125.99,7.69,Tracy Blumstein,Saskachewan,Prarie,Home Office,Technology,Telephones and Communication,Timeport L7089,Small Box,0.58,4/6/2009
3003,21635,12/2/2009,Low,2,65.31,0,Regular Air,-34.42,24.92,12.98,Laurel Beltran,Saskachewan,Prarie,Consumer,Office Supplies,Binders and Binder Accessories,GBC Standard Therm-A-Bind Covers,Small Box,0.39,12/2/2009
3529,25120,2/4/2009,Medium,46,237.15,0,Regular Air,123.02,4.91,0.5,Michael Grace,Saskachewan,Prarie,Corporate,Office Supplies,Labels,Avery 493,Small Box,0.36,2/6/2009
3530,25120,2/4/2009,Medium,22,179.22,0.01,Regular Air,-139.90,7.28,11.15,Michael Grace,Saskachewan,Prarie,Corporate,Office Supplies,Paper,"Array¨ Parchment Paper, Assorted Colors",Small Box,0.37,2/5/2009
3531,25120,2/4/2009,Medium,10,71.86,0.1,Regular Air,-35.52,6.68,6.93,Michael Grace,Saskachewan,Prarie,Corporate,Office Supplies,Paper,HP Office Paper (20Lb. and 87 Bright),Small Box,0.37,2/7/2009
3563,25440,2/6/2009,High,30,6589.304,0.02,Delivery Truck,912.48,259.71,66.67,Kelly Andreada,Saskachewan,Prarie,Home Office,Furniture,Tables,"Bevis Round Bullnose 29"" High Table Top",Jumbo Box,0.65,2/6/2009
3620,25831,9/14/2009,Medium,6,250.376,0.01,Regular Air,-131.85,45.99,4.99,Tracy Blumstein,Saskachewan,Prarie,Home Office,Technology,Telephones and Communication,KF 788,Small Box,0.56,9/16/2009
4234,30083,1/8/2009,Not Specified,23,324.28,0.07,Regular Air,20.43,14.56,3.5,Luke Schmidt,Saskachewan,Prarie,Home Office,Office Supplies,Appliances,Acco 6 Outlet Guardian Premium Surge Suppressor,Small Box,0.58,1/9/2009
4686,33350,7/21/2009,Not Specified,1,1786.04,0.1,Regular Air,-924.99,1889.99,19.99,Kelly Andreada,Saskachewan,Prarie,Home Office,Office Supplies,Binders and Binder Accessories,Ibico EPK-21 Electric Binding System,Small Box,0.36,7/21/2009
5963,42309,8/6/2009,Low,41,854.23,0.01,Regular Air,67.14,20.48,6.32,Meg Tillman,Saskachewan,Prarie,Small Business,Office Supplies,Appliances,Kensington 6 Outlet Guardian Standard Surge Protector,Small Box,0.58,8/8/2009
5964,42309,8/6/2009,Low,26,47.91,0.09,Regular Air,-58.83,1.86,2.58,Meg Tillman,Saskachewan,Prarie,Small Business,Office Supplies,Rubber Bands,"Super Bands, 12/Pack",Wrap Bag,0.82,8/11/2009
5965,42309,8/6/2009,Low,38,6427.258,0.08,Regular Air,1636.41,205.99,2.5,Meg Tillman,Saskachewan,Prarie,Small Business,Technology,Telephones and Communication,V70,Small Box,0.59,8/11/2009
6396,45410,8/19/2009,Low,19,991.36,0.1,Regular Air,-103.11,54.1,19.99,Michael Grace,Saskachewan,Prarie,Corporate,Office Supplies,Storage & Organization,Desktop 3-Pocket Hot File¨,Small Box,0.59,8/24/2009
6935,49504,11/16/2009,Not Specified,45,318.94,0.1,Regular Air,-195.60,7.37,5.53,Larry Blacks,Saskachewan,Prarie,Consumer,Technology,Computer Peripherals,"Imation 3.5"" Unformatted DS/HD Diskettes, 10/Box",Small Pack,0.69,11/16/2009
7006,50016,4/5/2009,High,15,1093.6355,0.05,Regular Air,119.17,85.99,0.99,Harold Dahlen,Saskachewan,Prarie,Consumer,Technology,Telephones and Communication,Accessory34,Wrap Bag,0.55,4/7/2009
7182,51266,3/25/2009,Not Specified,11,1610.29,0.04,Regular Air,221.38,150.98,13.99,Michael Grace,Saskachewan,Prarie,Corporate,Technology,Office Machines,Canon MP41DH Printing Calculator,Medium Box,0.38,3/27/2009
7183,51266,3/25/2009,Not Specified,30,617.51,0.01,Regular Air,98.10,18.97,9.03,Michael Grace,Saskachewan,Prarie,Corporate,Office Supplies,Paper,Computer Printout Paper with Letter-Trim Perforations,Small Box,0.37,3/25/2009
7184,51266,3/25/2009,Not Specified,23,278.83,0.03,Regular Air,35.16,12.28,4.86,Michael Grace,Saskachewan,Prarie,Corporate,Office Supplies,Paper,Xerox 1933,Small Box,0.38,3/26/2009
7185,51266,3/25/2009,Not Specified,46,1605.22,0.05,Express Air,230.03,34.99,7.73,Michael Grace,Saskachewan,Prarie,Corporate,Office Supplies,Pens & Art Supplies,Hunt Boston¨ Vacuum Mount KS Pencil Sharpener,Small Box,0.59,3/27/2009
7682,55045,11/22/2009,High,20,632.05,0.09,Regular Air,-626.61,32.48,35,Luke Schmidt,Saskachewan,Prarie,Home Office,Office Supplies,Storage & Organization,Fellowes Neat Ideas¨ Storage Cubes,Large Box,0.81,11/22/2009
7817,55906,11/26/2009,Critical,49,276.3,0.02,Regular Air,14.84,5.58,2.99,Saphhira Shifley,Saskachewan,Prarie,Consumer,Office Supplies,Binders and Binder Accessories,Avery Heavy-Duty EZD ª Binder With Locking Rings,Small Box,0.37,11/28/2009
7818,55906,11/26/2009,Critical,15,120.52,0.06,Regular Air,43.92,7.98,1.25,Saphhira Shifley,Saskachewan,Prarie,Consumer,Office Supplies,Paper,"Adams Telephone Message Book w/Frequently-Called Numbers Space, 400 Messages per Book",Wrap Bag,0.35,11/27/2009
7819,55906,11/26/2009,Critical,42,2269.01,0.02,Regular Air,-19.37,54.1,19.99,Saphhira Shifley,Saskachewan,Prarie,Consumer,Office Supplies,Storage & Organization,Desktop 3-Pocket Hot File¨,Small Box,0.59,11/27/2009
667,4674,4/18/2009,Critical,23,3041.33,0.02,Delivery Truck,-260.41,130.98,30,Christina Anderson,Saskachewan,Prarie,Corporate,Furniture,Chairs & Chairmats,"Office Star - Contemporary Task Swivel chair with 2-way adjustable arms, Plum",Jumbo Drum,0.78,4/19/2009
842,6020,9/21/2009,Medium,23,66.09,0.09,Regular Air,13.71,2.88,0.99,Arianne Irving,Saskachewan,Prarie,Corporate,Office Supplies,Labels,Avery 514,Small Box,0.36,9/23/2009
849,6112,8/23/2009,Medium,10,1597.37,0.02,Delivery Truck,-533.69,146.05,80.2,Arianne Irving,Saskachewan,Prarie,Corporate,Furniture,Tables,BPI Conference Tables,Jumbo Box,0.71,8/23/2009
850,6112,8/23/2009,Medium,31,1753.958,0.06,Regular Air,382.39,65.99,5.92,Arianne Irving,Saskachewan,Prarie,Corporate,Technology,Telephones and Communication,252,Small Box,0.55,8/24/2009
1058,7815,1/22/2009,Critical,6,187.37,0.09,Regular Air,-125.96,32.98,5.5,Amy Hunt,Saskachewan,Prarie,Home Office,Technology,Computer Peripherals,PC Concepts 116 Key Quantum 3000 Keyboard,Small Box,0.75,1/23/2009
1422,10309,11/21/2009,Low,23,496.15,0.03,Regular Air,213.38,20.98,1.49,Trudy Brown,Saskachewan,Prarie,Small Business,Office Supplies,Binders and Binder Accessories,Avery Legal 4-Ring Binder,Small Box,0.35,11/21/2009
1517,10978,4/1/2009,Critical,9,566.53,0.06,Delivery Truck,-209.60,60.98,30,Toby Swindell,Saskachewan,Prarie,Small Business,Furniture,Chairs & Chairmats,Novimex Fabric Task Chair,Jumbo Drum,0.7,4/2/2009
1907,13635,5/1/2009,Critical,28,149,0.06,Regular Air,-119.48,4.98,7.44,Randy Ferguson,Saskachewan,Prarie,Home Office,Office Supplies,Paper,Xerox 1922,Small Box,0.36,5/2/2009
1908,13635,5/1/2009,Critical,49,334.29,0.01,Regular Air,-157.28,6.48,7.37,Randy Ferguson,Saskachewan,Prarie,Home Office,Office Supplies,Paper,Xerox 210,Small Box,0.37,5/3/2009
2203,15904,10/27/2009,Not Specified,39,124.01,0.08,Regular Air,-109.02,3.28,3.97,Trudy Brown,Saskachewan,Prarie,Small Business,Office Supplies,Pens & Art Supplies,Newell 342,Wrap Bag,0.56,10/28/2009
2204,15904,10/27/2009,Not Specified,49,1836.84,0.09,Express Air,129.95,40.97,8.99,Trudy Brown,Saskachewan,Prarie,Small Business,Office Supplies,Pens & Art Supplies,Sanford 52201 APSCO Electric Pencil Sharpener,Small Pack,0.59,10/29/2009
2661,19232,7/12/2009,Low,43,265.38,0.04,Regular Air,-107.59,6.24,5.22,Cynthia Arntzen,Saskachewan,Prarie,Small Business,Furniture,Office Furnishings,Eldon Expressions Mahogany Wood Desk Collection,Small Box,0.6,7/17/2009
2662,19232,7/12/2009,Low,5,33.41,0.09,Regular Air,-3.48,6.68,1.5,Cynthia Arntzen,Saskachewan,Prarie,Small Business,Office Supplies,Pens & Art Supplies,Sanford Liquid Accent Highlighters,Wrap Bag,0.48,7/14/2009
2663,19232,7/12/2009,Low,28,7157.16,0.09,Delivery Truck,1150.33,260.98,41.91,Cynthia Arntzen,Saskachewan,Prarie,Small Business,Furniture,Bookcases,"Atlantic Metals Mobile 3-Shelf Bookcases, Custom Colors",Jumbo Box,0.59,7/19/2009
2679,19367,4/20/2009,High,20,112.42,0.09,Regular Air,7.40,5.98,2.5,Amy Hunt,Saskachewan,Prarie,Home Office,Office Supplies,Envelopes,Wausau Papers Astrobrights¨ Colored Envelopes,Small Box,0.36,4/22/2009
3040,21830,1/11/2009,Low,19,6991.65,0.08,Delivery Truck,906.80,399.98,12.06,Andy Gerbode,Saskachewan,Prarie,Consumer,Technology,Office Machines,Okidata ML320 Series Turbo Dot Matrix Printers,Jumbo Box,0.56,1/18/2009
3086,22147,1/16/2009,Low,37,832.14,0.04,Regular Air,175.07,22.72,8.99,Christina Anderson,Saskachewan,Prarie,Corporate,Furniture,Office Furnishings,"Executive Impressions 14"" Two-Color Numerals Wall Clock",Small Pack,0.44,1/20/2009
3103,22243,1/15/2009,Critical,9,24.76,0.09,Regular Air,-1.82,2.88,0.7,Amy Hunt,Saskachewan,Prarie,Consumer,Office Supplies,Pens & Art Supplies,Newell 335,Wrap Bag,0.56,1/16/2009
3392,24193,3/14/2009,Not Specified,45,9539.6,0.02,Delivery Truck,-163.63,200.98,55.96,Beth Fritzler,Saskachewan,Prarie,Small Business,Furniture,Bookcases,O'Sullivan Living Dimensions 3-Shelf Bookcases,Jumbo Box,0.75,3/16/2009
3393,24193,3/14/2009,Not Specified,24,109.86,0.02,Regular Air,-63.87,4.28,5.17,Beth Fritzler,Saskachewan,Prarie,Small Business,Office Supplies,Paper,Xerox 1971,Small Box,0.4,3/15/2009
3394,24193,3/14/2009,Not Specified,19,1426.5125,0.04,Regular Air,-175.18,85.99,0.99,Beth Fritzler,Saskachewan,Prarie,Small Business,Technology,Telephones and Communication,Accessory4,Wrap Bag,0.85,3/16/2009
3517,25060,7/20/2009,Not Specified,6,7767.02,0.03,Regular Air,2070.62,1270.99,19.99,Brosina Hoffman,Saskachewan,Prarie,Consumer,Office Supplies,Binders and Binder Accessories,Fellowes PB500 Electric Punch Plastic Comb Binding Machine with Manual Bind,Small Box,0.35,7/22/2009
3518,25060,7/20/2009,Not Specified,1,1893.93,0.07,Delivery Truck,-4654.73,2036.48,14.7,Brosina Hoffman,Saskachewan,Prarie,Consumer,Technology,Office Machines,Lexmark 4227 Plus Dot Matrix Printer,Jumbo Drum,0.55,7/22/2009
3767,26913,9/29/2009,High,11,642.9145,0.01,Regular Air,-118.80,65.99,8.99,Amy Hunt,Saskachewan,Prarie,Consumer,Technology,Telephones and Communication,StarTAC Analog,Small Box,0.6,10/1/2009
3855,27491,4/9/2009,Not Specified,11,985.01,0.04,Regular Air,186.05,90.48,19.99,Roy Collins,Saskachewan,Prarie,Corporate,Office Supplies,Envelopes,Tyvek¨ Side-Opening Peel & Seel¨ Expanding Envelopes,Small Box,0.4,4/11/2009
3856,27491,4/9/2009,Not Specified,36,350.71,0.02,Regular Air,-15.30,9.77,6.02,Roy Collins,Saskachewan,Prarie,Corporate,Furniture,Office Furnishings,DAX Solid Wood Frames,Medium Box,0.48,4/10/2009
3857,27491,4/9/2009,Not Specified,2,75.23,0.09,Regular Air,-51.50,34.99,7.73,Roy Collins,Saskachewan,Prarie,Corporate,Office Supplies,Pens & Art Supplies,Hunt Boston¨ Vacuum Mount KS Pencil Sharpener,Small Box,0.59,4/11/2009
4243,30176,4/19/2009,Low,30,2504.41,0.01,Regular Air,-547.89,79.52,48.2,Amy Hunt,Saskachewan,Prarie,Home Office,Furniture,Office Furnishings,Eldon Cleatmat Plusª Chair Mats for High Pile Carpets,Medium Box,0.74,4/26/2009
4291,30567,1/14/2009,Not Specified,14,2690.84,0.1,Delivery Truck,-368.02,208.16,68.02,Toby Swindell,Saskachewan,Prarie,Small Business,Office Supplies,Appliances,"1.7 Cubic Foot Compact ""Cube"" Office Refrigerators",Jumbo Drum,0.58,1/14/2009
4292,30567,1/14/2009,Not Specified,8,733.55,0.07,Regular Air,103.13,90.48,19.99,Toby Swindell,Saskachewan,Prarie,Small Business,Office Supplies,Envelopes,Tyvek¨ Side-Opening Peel & Seel¨ Expanding Envelopes,Small Box,0.4,1/15/2009
4293,30567,1/14/2009,Not Specified,3,38.71,0.01,Express Air,23.00,9.48,7.29,Toby Swindell,Saskachewan,Prarie,Small Business,Furniture,Office Furnishings,"DAX Two-Tone Rosewood/Black Document Frame, Desktop, 5 x 7",Small Pack,0.45,1/16/2009
4294,30567,1/14/2009,Not Specified,14,62.6,0.02,Regular Air,7.32,4.28,0.94,Toby Swindell,Saskachewan,Prarie,Small Business,Office Supplies,Pens & Art Supplies,Newell 336,Wrap Bag,0.56,1/15/2009
4470,31847,12/18/2009,Low,46,1692.28,0.1,Regular Air,61.00,39.98,4,Amy Hunt,Saskachewan,Prarie,Small Business,Technology,Computer Peripherals,Microsoft Natural Keyboard Elite,Small Box,0.7,12/22/2009
4612,32868,1/17/2009,Not Specified,39,1101.28,0.05,Regular Air,200.53,28.15,6.17,Randy Ferguson,Saskachewan,Prarie,Home Office,Office Supplies,Pens & Art Supplies,"Boston Model 1800 Electric Pencil Sharpener, Gray",Small Pack,0.55,1/18/2009
5081,36224,5/3/2009,Medium,15,1765.45,0.09,Express Air,374.82,120.98,3.99,Robert Dilbeck,Saskachewan,Prarie,Corporate,Office Supplies,Appliances,"Belkin 325VA UPS Surge Protector, 6'",Small Box,0.6,5/5/2009
5338,37924,11/29/2009,High,49,8094.55,0.05,Regular Air,2008.71,165.2,19.99,Philip Fox,Saskachewan,Prarie,Home Office,Office Supplies,Storage & Organization,Economy Rollaway Files,Small Box,0.59,11/29/2009
5604,39717,11/28/2009,High,20,835.48,0.06,Regular Air,-58.13,43.57,16.36,Jennifer Ferguson,Saskachewan,Prarie,Corporate,Office Supplies,Storage & Organization,"Trav-L-File Heavy-Duty Shuttle II, Black",Small Box,0.55,11/30/2009
6343,44962,12/28/2009,Medium,27,575.74,0.06,Regular Air,152.60,22.24,1.99,Toby Swindell,Saskachewan,Prarie,Small Business,Technology,Computer Peripherals,"Verbatim DVD-R, 3.95GB, SR, Mitsubishi Branded, Jewel",Small Pack,0.43,12/30/2009
6454,45959,12/6/2009,Medium,15,201.74,0.08,Express Air,-2.63,12.53,7.17,Roy Collins,Saskachewan,Prarie,Corporate,Office Supplies,Binders and Binder Accessories,GBC ProClick Spines for 32-Hole Punch,Small Box,0.38,12/8/2009
6455,45959,12/6/2009,Medium,35,1822.13,0,Regular Air,155.17,49.99,19.99,Roy Collins,Saskachewan,Prarie,Corporate,Technology,Computer Peripherals,Zoom V.92 USB External Faxmodem,Small Box,0.41,12/8/2009
6585,46884,1/17/2009,Medium,18,130.11,0.1,Regular Air,40.30,7.64,1.39,Paul Prost,Saskachewan,Prarie,Corporate,Office Supplies,Envelopes,Security-Tint Envelopes,Small Box,0.36,1/19/2009
6586,46884,1/17/2009,Medium,3,337.3395,0,Regular Air,-509.94,125.99,2.5,Paul Prost,Saskachewan,Prarie,Corporate,Technology,Telephones and Communication,6162,Small Box,0.59,1/19/2009
6604,46981,2/7/2009,Medium,46,1398.87,0.07,Regular Air,601.96,30.56,2.99,Robert Dilbeck,Saskachewan,Prarie,Corporate,Office Supplies,Binders and Binder Accessories,Surelockª Post Binders,Small Box,0.35,2/7/2009
6776,48257,4/22/2009,Low,45,221.06,0.02,Regular Air,-124.28,4.57,5.42,Christina Anderson,Saskachewan,Prarie,Corporate,Office Supplies,Binders and Binder Accessories,Newell¨ 3-Hole Punched Plastic Slotted Magazine Holders for Binders,Small Box,0.37,4/26/2009
7452,53153,9/23/2009,Critical,29,575.36,0.1,Regular Air,84.05,20.27,3.99,Paul Prost,Saskachewan,Prarie,Corporate,Office Supplies,Appliances,Fellowes Mighty 8 Compact Surge Protector,Small Box,0.57,9/24/2009
8289,59207,5/18/2009,Critical,3,10.12,0.09,Regular Air,-4.07,2.98,1.58,Roy Collins,Saskachewan,Prarie,Corporate,Office Supplies,Rubber Bands,Staples Gold Paper Clips,Wrap Bag,0.39,5/19/2009
8296,59238,9/19/2009,High,11,455.88,0.03,Express Air,9.15,40.97,8.99,Paul Prost,Saskachewan,Prarie,Corporate,Office Supplies,Pens & Art Supplies,Sanford 52201 APSCO Electric Pencil Sharpener,Small Pack,0.59,9/20/2009
8315,59396,11/14/2009,Critical,41,5930.34,0.07,Regular Air,427.68,152.48,6.5,Brian Dahlen,Saskachewan,Prarie,Small Business,Technology,Computer Peripherals,Adesso Programmable 142-Key Keyboard,Small Box,0.74,11/16/2009
147,930,12/16/2009,Critical,22,922.39,0.03,Express Air,-41.64,41.32,58.66,Phillina Ober,New Brunswick,Atlantic,Small Business,Furniture,Office Furnishings,"Deflect-o EconoMat Studded, No Bevel Mat for Low Pile Carpeting",Medium Box,0.76,12/17/2009
148,930,12/16/2009,Critical,11,79.19,0,Regular Air,13.91,6.88,2,Phillina Ober,New Brunswick,Atlantic,Small Business,Office Supplies,Paper,"Adams Phone Message Book, 200 Message Capacity, 8 1/16Ó x 11Ó",Wrap Bag,0.39,12/16/2009
294,2050,6/1/2009,Not Specified,16,44.46,0.06,Regular Air,5.27,2.89,0.99,James Galang,New Brunswick,Atlantic,Consumer,Office Supplies,Labels,Avery 482,Small Box,0.38,6/3/2009
295,2050,6/1/2009,Not Specified,25,542.11,0.08,Regular Air,-14.76,22.84,11.54,James Galang,New Brunswick,Atlantic,Consumer,Office Supplies,Paper,Xerox 1964,Small Box,0.39,6/3/2009
497,3458,12/21/2009,High,41,627.91,0.03,Regular Air,222.08,15.28,1.99,Lisa DeCherney,New Brunswick,Atlantic,Corporate,Technology,Computer Peripherals,"Memorex 4.7GB DVD+R, 3/Pack",Small Pack,0.42,12/23/2009
498,3458,12/21/2009,High,28,46.89,0.09,Regular Air,-3.83,1.76,0.7,Lisa DeCherney,New Brunswick,Atlantic,Corporate,Office Supplies,Pens & Art Supplies,Newell 326,Wrap Bag,0.56,12/24/2009
511,3522,9/25/2009,Low,33,1935.17,0.09,Regular Air,-991.07,60.98,49,James Galang,New Brunswick,Atlantic,Consumer,Office Supplies,Appliances,Euro Pro Shark Stick Mini Vacuum,Large Box,0.59,10/2/2009
512,3522,9/25/2009,Low,27,812.68,0.05,Regular Air,235.88,29.89,1.99,James Galang,New Brunswick,Atlantic,Consumer,Technology,Computer Peripherals,"Verbatim DVD-RAM, 5.2GB, Rewritable, Type 1, DS",Small Pack,0.5,9/27/2009
540,3653,3/26/2009,Critical,41,271.11,0.08,Regular Air,64.79,6.68,1.5,Lynn Smith,New Brunswick,Atlantic,Corporate,Office Supplies,Pens & Art Supplies,Sanford Liquid Accent Highlighters,Wrap Bag,0.48,3/28/2009
562,3808,4/23/2009,Critical,2,6.13,0.08,Regular Air,-2.83,2.89,0.49,Lynn Smith,New Brunswick,Atlantic,Corporate,Office Supplies,Labels,*Staples* Packaging Labels,Small Box,0.38,4/23/2009
808,5828,3/5/2009,Low,21,6005.21,0.08,Delivery Truck,-450.70,296.18,54.12,Christina DeMoss,New Brunswick,Atlantic,Home Office,Furniture,Tables,Hon 94000 Series Round Tables,Jumbo Box,0.76,3/12/2009
1001,7269,9/14/2009,Medium,29,1707.99,0,Regular Air,391.19,65.99,3.99,Muhammed Yedwab,New Brunswick,Atlantic,Consumer,Technology,Telephones and Communication,StarTAC 7760,Small Box,0.59,9/15/2009
1031,7527,12/11/2009,Medium,37,560.39,0.05,Regular Air,186.87,15.68,3.73,Nora Price,New Brunswick,Atlantic,Small Business,Furniture,Office Furnishings,Artistic Insta-Plaque,Small Pack,0.46,12/12/2009
1032,7527,12/11/2009,Medium,42,7062.616,0.02,Regular Air,2288.64,195.99,4.2,Nora Price,New Brunswick,Atlantic,Small Business,Technology,Telephones and Communication,T65,Small Box,0.56,12/12/2009
1326,9669,4/22/2009,Medium,18,292.11,0.04,Express Air,-91.95,15.42,10.68,Christine Abelman,New Brunswick,Atlantic,Corporate,Office Supplies,Storage & Organization,"Decoflex Hanging Personal Folder File, Blue",Small Box,0.58,4/23/2009
1482,10661,1/23/2009,Not Specified,42,1312.65,0.07,Regular Air,488.31,30.98,5.76,Jocasta Rupert,New Brunswick,Atlantic,Consumer,Office Supplies,Paper,"IBM Multi-Purpose Copy Paper, 8 1/2 x 11"", Case",Small Box,0.4,1/25/2009
1902,13632,3/10/2009,Medium,6,608.93,0.01,Express Air,-193.96,99.99,19.99,Nora Price,New Brunswick,Atlantic,Home Office,Technology,Office Machines,AT&T 2230 Dual Handset Phone With Caller ID/Call Waiting,Small Box,0.52,3/12/2009
1941,13920,10/9/2009,Critical,25,901.32,0.1,Express Air,338.01,37.94,5.08,Allen Armold,New Brunswick,Atlantic,Home Office,Office Supplies,Paper,"Snap-A-Way¨ Black Print Carbonless Ruled Speed Letter, Triplicate",Wrap Bag,0.38,10/11/2009
1942,13920,10/9/2009,Critical,24,207.21,0.06,Regular Air,-78.64,8.57,6.14,Allen Armold,New Brunswick,Atlantic,Home Office,Office Supplies,"Scissors, Rulers and Trimmers",Acme¨ Office Executive Series Stainless Steel Trimmers,Small Pack,0.59,10/10/2009
2325,16770,1/6/2009,Critical,17,37.06,0.03,Regular Air,0.61,2.1,0.7,Muhammed Yedwab,New Brunswick,Atlantic,Consumer,Office Supplies,Pens & Art Supplies,"Sanford EarthWrite¨ Recycled Pencils, Medium Soft, #2",Wrap Bag,0.57,1/7/2009
2350,16961,1/6/2009,Not Specified,27,46.86,0.06,Regular Air,-37.08,1.7,1.99,Tracy Collins,New Brunswick,Atlantic,Consumer,Technology,Computer Peripherals,BASF Silver 74 Minute CD-R,Small Pack,0.51,1/7/2009
2351,16961,1/6/2009,Not Specified,34,1089.59,0.01,Regular Air,433.24,30.98,5.09,Tracy Collins,New Brunswick,Atlantic,Consumer,Office Supplies,Paper,Xerox 19,Small Box,0.4,1/8/2009
2840,20480,1/29/2009,Medium,38,16147.61,0.02,Regular Air,7604.95,420.98,19.99,Liz MacKendrick,New Brunswick,Atlantic,Corporate,Office Supplies,Binders and Binder Accessories,GBC DocuBind 200 Manual Binding Machine,Small Box,0.35,2/1/2009
2844,20484,1/29/2009,Critical,14,1122.6375,0.09,Regular Air,17.68,95.99,4.9,Katherine Hughes,New Brunswick,Atlantic,Consumer,Technology,Telephones and Communication,T60,Small Box,0.56,1/31/2009
3017,21703,3/2/2009,Not Specified,3,12.01,0,Regular Air,-1.08,3.69,0.5,Alan Hwang,New Brunswick,Atlantic,Small Business,Office Supplies,Labels,Avery 501,Small Box,0.38,3/4/2009
3018,21703,3/2/2009,Not Specified,20,1846.76,0.03,Regular Air,3.14,92.23,39.61,Alan Hwang,New Brunswick,Atlantic,Small Business,Furniture,Office Furnishings,"Deflect-o RollaMat Studded, Beveled Mat for Medium Pile Carpeting",Medium Box,0.67,3/4/2009
3019,21703,3/2/2009,Not Specified,15,2211.734,0.02,Express Air,80.76,175.99,4.99,Alan Hwang,New Brunswick,Atlantic,Small Business,Technology,Telephones and Communication,5165,Small Box,0.59,3/2/2009
3066,21985,8/26/2009,Critical,1,255.83,0.07,Delivery Truck,-132.74,226.67,28.16,Lynn Smith,New Brunswick,Atlantic,Corporate,Furniture,Chairs & Chairmats,Hon GuestStacker Chair,Jumbo Drum,0.59,8/27/2009
3067,21985,8/26/2009,Critical,45,947.66,0.08,Delivery Truck,-2175.09,20.98,53.03,Lynn Smith,New Brunswick,Atlantic,Corporate,Office Supplies,Storage & Organization,"Tennsco Lockers, Gray",Jumbo Drum,0.78,8/28/2009
3153,22628,10/29/2009,Medium,30,2951.7,0.02,Delivery Truck,-1111.45,95.95,74.35,Lynn Smith,New Brunswick,Atlantic,Corporate,Furniture,Chairs & Chairmats,Bevis Steel Folding Chairs,Jumbo Drum,0.57,11/1/2009
3262,23360,5/11/2009,Low,30,512.97,0.01,Express Air,261.29,15.67,1.39,Jocasta Rupert,New Brunswick,Atlantic,Consumer,Office Supplies,Envelopes,"#10 White Business Envelopes,4 1/8 x 9 1/2",Small Box,0.38,5/11/2009
3491,24870,4/24/2009,Low,38,1396.58,0.03,Regular Air,600.72,35.41,1.99,Jim Epp,New Brunswick,Atlantic,Small Business,Technology,Computer Peripherals,Imation DVD-RAM discs,Small Pack,0.43,4/26/2009
3492,24870,4/24/2009,Low,45,6448.69,0,Regular Air,1663.35,142.86,19.99,Jim Epp,New Brunswick,Atlantic,Small Business,Office Supplies,Storage & Organization,Letter Size Cart,Small Box,0.56,5/3/2009
3724,26629,7/10/2009,High,38,21956.03,0.1,Regular Air,5903.09,599.99,24.49,Muhammed Yedwab,New Brunswick,Atlantic,Consumer,Technology,Copiers and Fax,Canon PC1080F Personal Copier,Large Box,0.5,7/11/2009
3725,26629,7/10/2009,High,32,89.89,0.06,Regular Air,-8.16,2.78,1.25,Muhammed Yedwab,New Brunswick,Atlantic,Consumer,Office Supplies,Pens & Art Supplies,Newell 318,Wrap Bag,0.59,7/12/2009
4007,28583,11/12/2009,Critical,25,5811.72,0.03,Regular Air,2431.60,223.98,15.01,Jim Epp,New Brunswick,Atlantic,Small Business,Office Supplies,Binders and Binder Accessories,GBC DocuBind TL200 Manual Binding Machine,Small Box,0.38,11/13/2009
4376,31174,3/26/2009,Not Specified,20,4520.6,0.07,Regular Air,1944.38,225.04,11.79,Muhammed Yedwab,New Brunswick,Atlantic,Consumer,Office Supplies,Appliances,Holmes Harmony HEPA Air Purifier for 17 x 20 Room,Medium Box,0.42,3/26/2009
4377,31174,3/26/2009,Not Specified,29,225.25,0.03,Regular Air,-7.59,7.84,4.71,Muhammed Yedwab,New Brunswick,Atlantic,Consumer,Office Supplies,Binders and Binder Accessories,XtraLife¨ ClearVueª Slant-D¨ Ring Binders by Cardinal,Small Box,0.35,3/29/2009
4511,32101,12/26/2009,Low,48,14567.15,0.04,Delivery Truck,3799.59,291.73,48.8,Liz MacKendrick,New Brunswick,Atlantic,Corporate,Furniture,Chairs & Chairmats,Hon 4070 Series Pagodaª Armless Upholstered Stacking Chairs,Jumbo Drum,0.56,12/30/2009
4984,35457,12/7/2009,Low,45,3286.27,0.02,Regular Air,1102.58,70.97,3.5,Georgia Rosenberg,New Brunswick,Atlantic,Consumer,Office Supplies,Appliances,Tripp Lite Isotel 8 Ultra 8 Outlet Metal Surge,Small Box,0.59,12/14/2009
5249,37348,6/13/2009,High,33,551.67,0.08,Regular Air,25.44,17.15,4.96,Maribeth Dona,New Brunswick,Atlantic,Home Office,Office Supplies,Storage & Organization,Advantus Rolling Storage Box,Small Box,0.58,6/16/2009
5271,37510,3/8/2009,Critical,15,2466.02,0.02,Regular Air,243.73,161.55,19.99,Richard Bierner,New Brunswick,Atlantic,Small Business,Office Supplies,Storage & Organization,Fellowes Super Stor/Drawer¨ Files,Small Box,0.66,3/8/2009
5578,39521,8/9/2009,Low,28,112.35,0.1,Regular Air,31.27,4.13,0.99,Jim Epp,New Brunswick,Atlantic,Small Business,Office Supplies,Labels,Avery 491,Small Box,0.39,8/13/2009
5794,41094,1/6/2009,Low,46,298.97,0.09,Regular Air,-225.86,6.48,8.73,Maribeth Schnelling,New Brunswick,Atlantic,Corporate,Office Supplies,Paper,Xerox 227,Small Box,0.37,1/8/2009
5795,41094,1/6/2009,Low,6,159.05,0.05,Regular Air,-153.46,20.34,35,Maribeth Schnelling,New Brunswick,Atlantic,Corporate,Office Supplies,Storage & Organization,Tennsco Commercial Shelving,Large Box,0.84,1/10/2009
6634,47173,9/1/2009,Not Specified,41,277.0745,0.03,Regular Air,-128.44,7.99,5.03,Aleksandra Gannaway,New Brunswick,Atlantic,Corporate,Technology,Telephones and Communication,Bell Sonecor JB700 Caller ID,Medium Box,0.6,9/3/2009
6946,49607,5/4/2009,Medium,6,1056.6435,0.06,Regular Air,-586.20,205.99,8.99,Georgia Rosenberg,New Brunswick,Atlantic,Consumer,Technology,Telephones and Communication,TimeportP7382,Small Box,0.56,5/5/2009
7066,50432,6/7/2009,Low,7,2161.36,0.02,Delivery Truck,-92.37,284.98,69.55,Jim Epp,New Brunswick,Atlantic,Small Business,Furniture,Chairs & Chairmats,Global Commerceª Series High-Back Swivel/Tilt Chairs,Jumbo Drum,0.6,6/12/2009
7067,50432,6/7/2009,Low,45,2494.92,0.08,Regular Air,816.72,55.48,14.3,Jim Epp,New Brunswick,Atlantic,Small Business,Office Supplies,Paper,Xerox 194,Small Box,0.37,6/9/2009
7093,50626,10/20/2009,Medium,18,3267.41,0,Delivery Truck,248.19,170.98,35.89,Dean Percer,New Brunswick,Atlantic,Consumer,Furniture,Bookcases,"Rush Hierlooms Collection 1"" Thick Stackable Bookcases",Jumbo Box,0.66,10/21/2009
7094,50626,10/20/2009,Medium,42,26126.92,0.04,Regular Air,9498.60,599.99,24.49,Dean Percer,New Brunswick,Atlantic,Consumer,Technology,Copiers and Fax,Canon PC1080F Personal Copier,Large Box,0.5,10/22/2009
7271,51873,5/6/2009,High,29,265.92,0.04,Regular Air,79.67,9.11,2.15,Muhammed Yedwab,New Brunswick,Atlantic,Consumer,Office Supplies,Paper,"Black Print Carbonless Snap-Off¨ Rapid Letter, 8 1/2"" x 7""",Wrap Bag,0.4,5/6/2009
7460,53222,10/19/2009,Low,2,21.71,0.07,Regular Air,-15.13,6.48,9.54,Nora Price,New Brunswick,Atlantic,Small Business,Office Supplies,Paper,Xerox 1905,Small Box,0.37,10/19/2009
7759,55525,5/8/2009,Low,1,291.4,0.06,Regular Air,-763.16,300.97,7.18,Liz MacKendrick,New Brunswick,Atlantic,Corporate,Technology,Computer Peripherals,Gyration Ultra Professional Cordless Optical Suite,Small Box,0.48,5/8/2009
7790,55746,6/30/2009,Not Specified,29,324.75,0.07,Regular Air,-36.87,11.29,5.03,Georgia Rosenberg,New Brunswick,Atlantic,Consumer,Office Supplies,Storage & Organization,X-Rackª File for Hanging Folders,Small Box,0.59,7/2/2009
7967,56960,8/6/2009,High,48,2784.8295,0.01,Express Air,788.29,65.99,4.2,Jim Epp,New Brunswick,Atlantic,Small Business,Technology,Telephones and Communication,5170,Small Box,0.59,8/8/2009
8210,58693,10/21/2009,Low,50,876.64,0,Regular Air,-126.68,15.99,13.18,Bruce Stewart,New Brunswick,Atlantic,Corporate,Office Supplies,Binders and Binder Accessories,"GBC Pre-Punched Binding Paper, Plastic, White, 8-1/2"" x 11""",Small Box,0.37,10/25/2009
8228,58818,4/15/2009,Critical,41,998.05,0.01,Regular Air,391.14,22.98,1.99,James Galang,New Brunswick,Atlantic,Consumer,Technology,Computer Peripherals,"Memorex 80 Minute CD-R, 30/Pack",Small Pack,0.46,4/16/2009
8229,58818,4/15/2009,Critical,20,4353.02,0.1,Delivery Truck,661.77,226.67,28.16,James Galang,New Brunswick,Atlantic,Consumer,Furniture,Chairs & Chairmats,Hon GuestStacker Chair,Jumbo Drum,0.59,4/17/2009
54,323,3/25/2009,Critical,20,108.09,0.07,Regular Air,25.76,5.68,1.39,Dario Medina,Yukon,Yukon,Small Business,Office Supplies,Envelopes,Staples Standard Envelopes,Small Box,0.38,3/27/2009
55,323,3/25/2009,Critical,2,55.34,0.06,Regular Air,-31.24,22.84,11.54,Dario Medina,Yukon,Yukon,Small Business,Office Supplies,Paper,Xerox 1964,Small Box,0.39,3/27/2009
770,5509,4/7/2009,Low,11,68.46,0.02,Regular Air,-22.48,5.58,5.3,Ashley Jarboe,Yukon,Yukon,Home Office,Office Supplies,Envelopes,Staples Brown Kraft Recycled Clasp Envelopes,Small Box,0.35,4/12/2009
771,5509,4/7/2009,Low,21,885.23,0.03,Regular Air,78.98,40.89,18.98,Ashley Jarboe,Yukon,Yukon,Home Office,Furniture,Office Furnishings,Eldon Executive Woodline II Cherry Finish Desk Accessories,Small Box,0.57,4/14/2009
1107,8132,5/14/2009,Low,46,229.35,0.08,Express Air,-165.45,4.89,4.93,Benjamin Farhat,Yukon,Yukon,Home Office,Technology,Computer Peripherals,"Maxell 3.5"" DS/HD IBM-Formatted Diskettes, 10/Pack",Small Pack,0.66,5/14/2009
1108,8132,5/14/2009,Low,45,294.86,0.07,Regular Air,-141.12,6.68,6.92,Benjamin Farhat,Yukon,Yukon,Home Office,Office Supplies,Paper,Xerox 1898,Small Box,0.37,5/21/2009
1209,8868,1/28/2009,Low,3,190.45,0.02,Regular Air,-44.05,59.98,3.99,Cindy Chapman,Yukon,Yukon,Corporate,Office Supplies,Appliances,Belkin 8 Outlet SurgeMaster II Gold Surge Protector,Small Box,0.57,2/6/2009
1210,8868,1/28/2009,Low,34,179.99,0.03,Regular Air,-102.27,5.18,5.74,Cindy Chapman,Yukon,Yukon,Corporate,Office Supplies,Binders and Binder Accessories,Wilson Jones Impact Binders,Small Box,0.36,2/1/2009
1505,10884,11/25/2009,Low,24,2525.9875,0.09,Regular Air,416.67,125.99,8.99,Cindy Chapman,Yukon,Yukon,Consumer,Technology,Telephones and Communication,SC7868i,Small Box,0.55,12/2/2009
1638,11843,7/17/2009,Medium,42,4993.42,0.03,Delivery Truck,190.14,119.99,56.14,Cindy Chapman,Yukon,Yukon,Consumer,Technology,Office Machines,Hewlett-Packard 2600DN Business Color Inkjet Printer,Jumbo Box,0.39,7/19/2009
1639,11843,7/17/2009,Medium,9,1059.3,0.05,Regular Air,67.60,115.79,1.99,Cindy Chapman,Yukon,Yukon,Consumer,Technology,Computer Peripherals,"Verbatim DVD-R, 4.7GB, Spindle, WE, Blank, Ink Jet/Thermal, 20/Spindle",Small Pack,0.49,7/19/2009
1679,12099,9/11/2009,Critical,1,17.59,0.06,Express Air,10.85,2.61,0.5,Cindy Stewart,Yukon,Yukon,Corporate,Office Supplies,Labels,Avery 479,Small Box,0.39,9/11/2009
1680,12099,9/11/2009,Critical,48,308.81,0.01,Regular Air,128.28,6.35,1.02,Cindy Stewart,Yukon,Yukon,Corporate,Office Supplies,Paper,"Telephone Message Books with Fax/Mobile Section, 5 1/2"" x 3 3/16""",Wrap Bag,0.39,9/13/2009
2494,18147,7/17/2009,Not Specified,42,82.03,0,Regular Air,-15.56,1.88,1.49,Bruce Degenhardt,Yukon,Yukon,Home Office,Office Supplies,Binders and Binder Accessories,Staples¨ General Use 3-Ring Binders,Small Box,0.37,7/18/2009
2495,18147,7/17/2009,Not Specified,50,290.91,0.06,Regular Air,-108.19,5.78,5.67,Bruce Degenhardt,Yukon,Yukon,Home Office,Office Supplies,Paper,Xerox 1978,Small Box,0.36,7/18/2009
2618,18919,6/28/2009,Low,39,739.28,0,Regular Air,43.97,17.52,8.17,Rob Williams,Yukon,Yukon,Home Office,Office Supplies,Appliances,Bionaire 99.97% HEPA Air Cleaner,Medium Box,0.5,7/3/2009
2760,19943,11/24/2009,Critical,16,1959.92,0.07,Delivery Truck,-374.96,124.49,51.94,Benjamin Patterson,Yukon,Yukon,Corporate,Furniture,Tables,Bevis 36 x 72 Conference Tables,Jumbo Box,0.63,11/25/2009
2983,21541,10/8/2009,Not Specified,43,3044.7,0.04,Delivery Truck,-78.36,70.98,26.74,Quincy Jones,Yukon,Yukon,Corporate,Furniture,Bookcases,"Hon Metal Bookcases, Black",Jumbo Box,0.6,10/10/2009
3323,23751,3/18/2009,Medium,44,10364.36,0.01,Delivery Truck,1049.03,220.98,64.66,Ricardo Block,Yukon,Yukon,Corporate,Furniture,Bookcases,"Bush Cubix Collection Bookcases, Fully Assembled",Jumbo Box,0.62,3/19/2009
3579,25507,8/5/2009,Not Specified,8,555.2,0.06,Regular Air,-267.86,64.65,35,Ed Braxton,Yukon,Yukon,Home Office,Office Supplies,Storage & Organization,Space Solutions Commercial Steel Shelving,Large Box,0.8,8/6/2009
3580,25509,5/22/2009,Critical,43,212.28,0.06,Regular Air,-103.22,4.98,4.95,Quincy Jones,Yukon,Yukon,Corporate,Office Supplies,Binders and Binder Accessories,Cardinal Holdit Business Card Pockets,Small Box,0.37,5/24/2009
4176,29637,5/25/2009,High,34,598.19,0.09,Regular Air,-6.61,17.98,8.51,Bruce Degenhardt,Yukon,Yukon,Home Office,Technology,Office Machines,Canon P1-DHIII Palm Printing Calculator,Medium Box,0.4,5/27/2009
4949,35200,2/5/2009,Medium,15,150.24,0.08,Regular Air,-102.93,9.98,12.52,Ricardo Block,Yukon,Yukon,Corporate,Furniture,Office Furnishings,"Eldon¨ Expressionsª Wood and Plastic Desk Accessories, Oak",Small Box,0.57,2/7/2009
5059,36069,12/5/2009,Low,13,453.09,0.09,Regular Air,107.74,35.94,6.66,Ashley Jarboe,Yukon,Yukon,Home Office,Office Supplies,Envelopes,"Tyvek ¨ Top-Opening Peel & Seel ¨ Envelopes, Gray",Small Box,0.4,12/10/2009
5060,36069,12/5/2009,Low,15,2758.22,0,Regular Air,966.81,170.98,13.99,Ashley Jarboe,Yukon,Yukon,Home Office,Furniture,Office Furnishings,Tenex Antistatic Computer Chair Mats,Medium Box,0.75,12/12/2009
5061,36069,12/5/2009,Low,20,102.61,0.09,Regular Air,-92.01,4.98,7.44,Ashley Jarboe,Yukon,Yukon,Home Office,Office Supplies,Paper,Xerox 1922,Small Box,0.36,12/7/2009
7117,50786,10/12/2009,Low,4,487.72,0.06,Delivery Truck,-192.30,119.99,14,Cindy Stewart,Yukon,Yukon,Consumer,Technology,Office Machines,Epson C82 Color Inkjet Printer,Jumbo Drum,0.36,10/19/2009
7291,52002,6/4/2009,High,11,2489.85,0.06,Delivery Truck,-566.50,218.75,69.64,Cindy Stewart,Yukon,Yukon,Corporate,Furniture,Tables,BoxOffice By Design Rectangular and Half-Moon Meeting Room Tables,Jumbo Box,0.77,6/5/2009
7330,52227,2/12/2009,Medium,37,240.52,0.05,Regular Air,-164.18,6.48,8.19,Trudy Bell,Yukon,Yukon,Consumer,Office Supplies,Paper,Xerox 217,Small Box,0.37,2/15/2009
7543,53920,3/18/2009,Critical,18,433.31,0.05,Delivery Truck,-815.79,20.98,53.03,Anna Chung,Yukon,Yukon,Home Office,Office Supplies,Storage & Organization,"Tennsco Lockers, Gray",Jumbo Drum,0.78,3/20/2009
8259,59072,5/25/2009,Not Specified,12,78.94,0.03,Express Air,-51.70,5.44,7.46,Dianna Vittorini,Yukon,Yukon,Corporate,Office Supplies,Binders and Binder Accessories,Wilson Jones Custom Binder Spines & Labels,Small Box,0.36,5/27/2009
8260,59072,5/25/2009,Not Specified,22,576.89,0.08,Regular Air,175.03,26.38,5.58,Dianna Vittorini,Yukon,Yukon,Corporate,Office Supplies,Paper,Xerox 1883,Small Box,0.39,5/26/2009
8261,59072,5/25/2009,Not Specified,2,35.666,0.06,Regular Air,-112.19,20.99,2.5,Dianna Vittorini,Yukon,Yukon,Corporate,Technology,Telephones and Communication,Accessory37,Wrap Bag,0.81,5/27/2009
8262,59072,5/25/2009,Not Specified,38,4191.5625,0,Regular Air,1286.53,125.99,2.5,Dianna Vittorini,Yukon,Yukon,Corporate,Technology,Telephones and Communication,V2397,Small Box,0.58,5/27/2009
32,224,6/17/2009,Not Specified,25,184.86,0.09,Regular Air,-33.95,7.38,5.21,Bart Folk,Yukon,Yukon,Corporate,Furniture,Office Furnishings,"Eldon¨ Expressionsª Wood Desk Accessories, Oak",Small Box,0.56,6/18/2009
33,224,6/17/2009,Not Specified,44,267.85,0.04,Regular Air,-65.43,5.98,5.15,Bart Folk,Yukon,Yukon,Corporate,Office Supplies,Paper,Xerox 193,Small Box,0.36,6/18/2009
34,224,6/17/2009,Not Specified,33,528.5,0.04,Regular Air,-149.92,15.42,10.68,Bart Folk,Yukon,Yukon,Corporate,Office Supplies,Storage & Organization,"Decoflex Hanging Personal Folder File, Blue",Small Box,0.58,6/18/2009
46,263,5/16/2009,High,25,136.77,0.09,Regular Air,-136.25,5.4,7.78,Paul Lucas,Yukon,Yukon,Corporate,Office Supplies,Binders and Binder Accessories,3M Organizer Strips,Small Box,0.37,5/17/2009
70,417,2/5/2009,Medium,39,15260.78,0.07,Delivery Truck,8734.88,500.98,28.14,Robert Barroso,Yukon,Yukon,Small Business,Technology,Office Machines,"Hewlett-Packard cp1700 [D, PS] Series Color Inkjet Printers",Jumbo Drum,0.38,2/6/2009
71,417,2/5/2009,Medium,3,540.41,0.1,Regular Air,-170.98,178.47,19.99,Robert Barroso,Yukon,Yukon,Small Business,Office Supplies,Storage & Organization,"Hot File¨ 7-Pocket, Floor Stand",Small Box,0.55,2/7/2009
212,1411,12/20/2009,High,47,6717.9325,0.09,Regular Air,1717.89,175.99,4.99,Ed Jacobs,Yukon,Yukon,Small Business,Technology,Telephones and Communication,5165,Small Box,0.59,12/22/2009
395,2725,5/20/2009,Not Specified,39,2178.431,0.01,Express Air,396.97,65.99,8.99,Dave Poirier,Yukon,Yukon,Small Business,Technology,Telephones and Communication,5180,Small Box,0.56,5/21/2009
404,2756,4/17/2009,Critical,25,1344.88,0.06,Regular Air,-13.77,55.94,4,Denny Ordway,Yukon,Yukon,Small Business,Technology,Computer Peripherals,"Fellowes Smart Design 104-Key Enhanced Keyboard, PS/2 Adapter, Platinum",Small Box,0.74,4/18/2009
405,2756,4/17/2009,Critical,42,248.54,0.07,Regular Air,111.75,6.3,0.5,Denny Ordway,Yukon,Yukon,Small Business,Office Supplies,Labels,Avery 48,Small Box,0.39,4/17/2009
428,2853,5/4/2009,High,25,4253.65,0.05,Express Air,943.00,178.47,19.99,Bill Tyler,Yukon,Yukon,Consumer,Office Supplies,Storage & Organization,"Hot File¨ 7-Pocket, Floor Stand",Small Box,0.55,5/7/2009
448,3042,11/20/2009,Medium,26,103.87,0.1,Regular Air,15.42,4.26,1.2,Christy Brittain,Yukon,Yukon,Consumer,Office Supplies,Pens & Art Supplies,"Dixon Prang¨ Watercolor Pencils, 10-Color Set with Brush",Wrap Bag,0.44,11/21/2009
467,3175,7/14/2009,Low,23,3553.62,0.07,Regular Air,521.69,165.2,19.99,Bradley Drucker,Yukon,Yukon,Small Business,Office Supplies,Storage & Organization,Economy Rollaway Files,Small Box,0.59,7/16/2009
536,3649,7/5/2009,Low,8,79.42,0.01,Regular Air,-15.46,8.88,6.28,Brad Thomas,Yukon,Yukon,Home Office,Office Supplies,Binders and Binder Accessories,GBC Instant Indexª System for Binding Systems,Small Box,0.35,7/10/2009
537,3649,7/5/2009,Low,26,75.6,0.06,Regular Air,17.14,2.88,0.99,Brad Thomas,Yukon,Yukon,Home Office,Office Supplies,Labels,Avery 514,Small Box,0.36,7/14/2009
696,4870,8/5/2009,Medium,44,17248.09,0.08,Delivery Truck,2048.63,400.98,42.52,Luke Foster,Yukon,Yukon,Corporate,Furniture,Tables,Bretford CR8500 Series Meeting Room Furniture,Jumbo Box,0.71,8/6/2009
702,4931,11/16/2009,Critical,22,168.31,0.1,Regular Air,46.49,8.17,1.69,Giulietta Dortch,Yukon,Yukon,Corporate,Office Supplies,Paper,"Wirebound Message Forms, Four 2 3/4 x 5 Forms per Page, Pink Paper",Wrap Bag,0.38,11/16/2009
703,4931,11/16/2009,Critical,45,4282.725,0.03,Regular Air,1371.74,110.99,2.5,Giulietta Dortch,Yukon,Yukon,Corporate,Technology,Telephones and Communication,T18,Small Box,0.57,11/18/2009
829,5984,6/17/2009,Low,37,394.62,0.06,Regular Air,-31.39,10.89,4.5,Eric Barreto,Yukon,Yukon,Consumer,Office Supplies,Appliances,Belkin 6 Outlet Metallic Surge Strip,Small Box,0.59,6/22/2009
830,5984,6/17/2009,Low,42,464.64,0.03,Regular Air,14.48,10.64,5.16,Eric Barreto,Yukon,Yukon,Consumer,Furniture,Office Furnishings,"Eldon Expressions Punched Metal & Wood Desk Accessories, Pewter & Cherry",Small Box,0.57,6/22/2009
831,5984,6/17/2009,Low,11,96.68,0.03,Regular Air,22.25,7.96,4.95,Eric Barreto,Yukon,Yukon,Consumer,Furniture,Office Furnishings,Staples Plastic Wall Frames,Small Box,0.41,6/19/2009
949,6880,5/25/2009,Medium,5,235.49,0.06,Regular Air,21.78,47.9,5.86,Peter Buhler,Yukon,Yukon,Consumer,Office Supplies,Paper,Xerox 1938,Small Box,0.37,5/27/2009
970,7043,1/25/2009,Critical,4,11.08,0.06,Regular Air,-8.93,1.74,4.08,Giulietta Dortch,Yukon,Yukon,Corporate,Furniture,Office Furnishings,"Eldon Regeneration Recycled Desk Accessories, Smoke",Small Pack,0.53,1/26/2009
1111,8161,6/3/2009,High,45,112.72,0.09,Regular Air,39.19,2.61,0.5,Giulietta Dortch,Yukon,Yukon,Consumer,Office Supplies,Labels,Avery 494,Small Box,0.39,6/5/2009
1141,8320,9/19/2009,Not Specified,22,150.34,0.06,Express Air,-28.45,6.48,5.14,Karl Brown,Yukon,Yukon,Home Office,Office Supplies,Paper,Xerox 23,Small Box,0.37,9/21/2009
1144,8325,1/14/2009,Critical,21,2364.29,0.08,Delivery Truck,-220.05,115.99,56.14,Jennifer Patt,Yukon,Yukon,Home Office,Technology,Office Machines,Hewlett-Packard Deskjet 5550 Color Inkjet Printer,Jumbo Drum,0.4,1/16/2009
1145,8325,1/14/2009,Critical,27,112.57,0.08,Regular Air,13.92,4.28,0.94,Jennifer Patt,Yukon,Yukon,Home Office,Office Supplies,Pens & Art Supplies,Newell 336,Wrap Bag,0.56,1/17/2009
1173,8576,1/9/2009,High,43,541.45,0,Express Air,-164.25,11.66,8.99,Cynthia Voltz,Yukon,Yukon,Corporate,Office Supplies,Pens & Art Supplies,Boston 16765 Mini Stand Up Battery Pencil Sharpener,Small Pack,0.59,1/11/2009
1214,8930,5/19/2009,Medium,14,145.86,0.04,Regular Air,-92.32,9.99,11.59,Tony Molinari,Yukon,Yukon,Corporate,Office Supplies,Paper,Hammermill Color Copier Paper (28Lb. and 96 Bright),Small Box,0.4,5/21/2009
1237,8999,6/12/2009,High,28,1676.48,0,Regular Air,590.35,55.48,14.3,Julia Barnett,Yukon,Yukon,Corporate,Office Supplies,Paper,Xerox 194,Small Box,0.37,6/14/2009
1251,9092,7/24/2009,Not Specified,33,3644.24,0,Express Air,-457.73,101.41,35,Jeremy Pistek,Yukon,Yukon,Corporate,Office Supplies,Storage & Organization,Tennsco Regal Shelving Units,Large Box,0.82,7/25/2009
1252,9092,7/24/2009,Not Specified,8,599.2075,0.1,Regular Air,-268.66,95.99,4.9,Jeremy Pistek,Yukon,Yukon,Corporate,Technology,Telephones and Communication,T60,Small Box,0.56,7/25/2009
1383,10052,9/7/2009,Not Specified,16,95.9,0.07,Regular Air,19.57,6.08,0.91,Dan Campbell,Yukon,Yukon,Corporate,Office Supplies,Pens & Art Supplies,Zebra Zazzle Fluorescent Highlighters,Wrap Bag,0.51,9/8/2009
1384,10052,9/7/2009,Not Specified,28,517.91,0.08,Regular Air,107.11,19.9,5.29,Dan Campbell,Yukon,Yukon,Corporate,Office Supplies,Appliances,"Holmes Cool Mist Humidifier for the Whole House with 8-Gallon Output per Day, Extended Life Filter",Medium Box,0.4,9/9/2009
1385,10052,9/7/2009,Not Specified,46,162.28,0.02,Regular Air,-216.15,3.36,6.27,Dan Campbell,Yukon,Yukon,Corporate,Office Supplies,Binders and Binder Accessories,Cardinal Poly Pocket Divider Pockets for Ring Binders,Small Box,0.4,9/9/2009
1398,10146,5/1/2009,Low,19,596.21,0.1,Regular Air,211.59,34.23,5.02,Evan Henry,Yukon,Yukon,Corporate,Furniture,Office Furnishings,Hand-Finished Solid Wood Document Frame,Small Box,0.55,5/6/2009
1417,10277,4/7/2009,Medium,36,2144.924,0,Regular Air,542.25,65.99,5.26,Grant Thornton,Yukon,Yukon,Corporate,Technology,Telephones and Communication,g520,Small Box,0.59,4/8/2009
1419,10305,7/7/2009,Low,12,65.89,0.03,Regular Air,20.60,5.08,2.03,Julia Barnett,Yukon,Yukon,Home Office,Furniture,Office Furnishings,"Master Caster Door Stop, Brown",Wrap Bag,0.51,7/12/2009
1464,10562,11/11/2009,Not Specified,10,994.04,0.03,Regular Air,-335.06,95.99,35,Yana Sorensen,Yukon,Yukon,Corporate,Office Supplies,Storage & Organization,Safco Industrial Wire Shelving,Large Box,,11/12/2009
1477,10658,8/27/2009,Low,31,262.54,0.04,Regular Air,29.24,8.5,1.99,Joni Wasserman,Yukon,Yukon,Consumer,Technology,Computer Peripherals,Hewlett-Packard 4.7GB DVD+R Discs,Small Pack,0.49,8/31/2009
1478,10658,8/27/2009,Low,12,190.73,0.1,Regular Air,-69.64,15.99,9.4,Joni Wasserman,Yukon,Yukon,Consumer,Technology,Office Machines,"AT&T Black Trimline Phone, Model 210",Small Box,0.49,8/27/2009
1479,10658,8/27/2009,Low,17,1332.97,0.09,Regular Air,4.75,95.99,8.99,Joni Wasserman,Yukon,Yukon,Consumer,Technology,Telephones and Communication,600 Series Flip,Small Box,0.57,9/3/2009
1539,11077,3/20/2009,Low,30,4620.05,0.06,Delivery Truck,-229.68,160.98,35.02,Charles Crestani,Yukon,Yukon,Consumer,Furniture,Bookcases,Rush Hierlooms Collection Rich Wood Bookcases,Jumbo Box,0.72,3/24/2009
1550,11174,4/9/2009,Medium,30,3197.003,0.07,Regular Air,603.46,125.99,7.69,Evan Henry,Yukon,Yukon,Corporate,Technology,Telephones and Communication,StarTAC 3000,Small Box,0.59,4/10/2009
1611,11680,9/4/2009,Medium,50,7312.0315,0.06,Regular Air,2031.51,175.99,8.99,Aleksandra Gannaway,Yukon,Yukon,Corporate,Technology,Telephones and Communication,2180,Small Box,0.57,9/6/2009
1618,11714,8/4/2009,Critical,1,3501.79,0.01,Delivery Truck,-7838.33,3502.14,8.73,Tamara Willingham,Yukon,Yukon,Corporate,Technology,Office Machines,Okidata Pacemark 4410N Wide Format Dot Matrix Printer,Jumbo Box,0.57,8/5/2009
1619,11714,8/4/2009,Critical,9,141.83,0.06,Regular Air,-35.69,15.73,7.42,Tamara Willingham,Yukon,Yukon,Corporate,Office Supplies,"Scissors, Rulers and Trimmers",Acme Galleria¨ Hot Forged Steel Scissors with Colored Handles,Small Pack,0.56,8/5/2009
1625,11748,6/3/2009,Not Specified,23,3503.12,0.01,Delivery Truck,-168.14,145.98,46.2,Tamara Willingham,Yukon,Yukon,Corporate,Furniture,Tables,Bevis Rectangular Conference Tables,Jumbo Box,0.69,6/3/2009
1666,12007,9/27/2009,Not Specified,42,152.26,0.04,Regular Air,64.99,3.69,0.5,Victoria Pisteka,Yukon,Yukon,Corporate,Office Supplies,Labels,Avery 487,Small Box,0.38,9/29/2009
1772,12706,11/20/2009,Critical,46,2494.69,0.09,Delivery Truck,-937.06,58.14,36.61,Dave Kipp,Yukon,Yukon,Corporate,Furniture,Bookcases,O'Sullivan 3-Shelf Heavy-Duty Bookcases,Jumbo Box,0.61,11/21/2009
1838,13218,5/16/2009,High,18,513.08,0.03,Regular Air,198.94,28.53,1.49,Victoria Pisteka,Yukon,Yukon,Corporate,Office Supplies,Binders and Binder Accessories,Lock-Up Easel 'Spel-Binder',Small Box,0.38,5/17/2009
1839,13218,5/16/2009,High,16,98.8,0.07,Regular Air,-62.00,5.98,7.15,Victoria Pisteka,Yukon,Yukon,Corporate,Office Supplies,Paper,Universal Premium White Copier/Laser Paper (20Lb. and 87 Bright),Small Box,0.36,5/18/2009
1852,13314,5/13/2009,High,34,89.4,0.08,Express Air,22.22,2.62,0.8,Giulietta Dortch,Yukon,Yukon,Small Business,Office Supplies,Rubber Bands,Staples Metal Binder Clips,Wrap Bag,0.39,5/15/2009
1877,13536,8/18/2009,Medium,23,123.15,0.05,Regular Air,22.98,5.18,2.04,Aleksandra Gannaway,Yukon,Yukon,Home Office,Office Supplies,Paper,Array¨ Memo Cubes,Wrap Bag,0.36,8/20/2009
1894,13602,1/13/2009,Low,3,445.34,0.03,Delivery Truck,-377.90,145.45,17.85,Brian Stugart,Yukon,Yukon,Corporate,Technology,Office Machines,Panasonic KX-P1150 Dot Matrix Printer,Jumbo Drum,0.56,1/18/2009
1895,13602,1/13/2009,Low,13,660.99,0.02,Regular Air,267.67,48.04,5.09,Brian Stugart,Yukon,Yukon,Corporate,Office Supplies,Paper,Xerox 1910,Small Box,0.37,1/13/2009
2007,14311,8/1/2009,Critical,30,192.41,0.03,Regular Air,-55.95,6.37,5.19,Brian Stugart,Yukon,Yukon,Corporate,Office Supplies,Binders and Binder Accessories,"C-Line Peel & Stick Add-On Filing Pockets, 8-3/4 x 5-1/8, 10/Pack",Small Box,0.38,8/2/2009
2113,15105,11/3/2009,Low,39,460.43,0.07,Regular Air,-76.18,12.28,6.13,Giulietta Dortch,Yukon,Yukon,Small Business,Office Supplies,Storage & Organization,Recycled Eldon Regeneration Jumbo File,Small Box,0.57,11/10/2009
2123,15111,12/17/2009,Not Specified,13,970.47,0.1,Regular Air,192.38,81.32,0.99,Juliana Krohn,Yukon,Yukon,Corporate,Office Supplies,Appliances,Kensington 4 Outlet MasterPiece¨ Compact Power Control Center,Small Box,0.57,12/19/2009
2176,15654,10/2/2009,Not Specified,27,7937.59,0.03,Delivery Truck,1383.24,300.98,54.92,Duane Noonan,Yukon,Yukon,Corporate,Furniture,Bookcases,"Atlantic Metals Mobile 5-Shelf Bookcases, Custom Colors",Jumbo Box,0.55,10/4/2009
2177,15654,10/2/2009,Not Specified,4,9396.41,0.02,Delivery Truck,-4991.42,2550.14,29.7,Duane Noonan,Yukon,Yukon,Corporate,Technology,Office Machines,Epson DFX-8500 Dot Matrix Printer,Jumbo Drum,0.57,10/4/2009
2228,16102,12/13/2009,Not Specified,25,13255.93,0.02,Delivery Truck,4089.27,500.98,26,Aaron Hawkins,Yukon,Yukon,Home Office,Furniture,Chairs & Chairmats,Global Troyª Executive Leather Low-Back Tilter,Jumbo Drum,0.6,12/15/2009
2254,16229,3/29/2009,High,27,1068.7,0.04,Regular Air,-89.50,40.98,6.5,Nora Paige,Yukon,Yukon,Small Business,Technology,Computer Peripherals,Targus USB Numeric Keypad,Small Box,0.74,3/30/2009
2428,17636,2/4/2009,Low,2,7.01,0.03,Regular Air,-4.20,2.94,0.96,Dean Katz,Yukon,Yukon,Home Office,Office Supplies,Pens & Art Supplies,Newell 343,Wrap Bag,0.58,2/8/2009
2434,17669,4/29/2009,High,32,1116.03,0.04,Regular Air,203.44,34.76,5.49,Corey Roper,Yukon,Yukon,Small Business,Office Supplies,Storage & Organization,Home/Office Personal File Carts,Small Box,0.6,4/30/2009
2523,18336,4/24/2009,Not Specified,1,7.96,0,Express Air,-0.11,2.88,0.7,Giulietta Dortch,Yukon,Yukon,Consumer,Office Supplies,Pens & Art Supplies,Newell 340,Wrap Bag,0.56,4/24/2009
2536,18402,8/29/2009,Low,5,1548.45,0.03,Delivery Truck,-224.20,284.98,69.55,Deanra Eno,Yukon,Yukon,Corporate,Furniture,Chairs & Chairmats,Global Commerceª Series High-Back Swivel/Tilt Chairs,Jumbo Drum,0.6,9/5/2009
2537,18402,8/29/2009,Low,3,56.07,0,Regular Air,10.49,12.99,14.37,Deanra Eno,Yukon,Yukon,Corporate,Furniture,Office Furnishings,"Tensor ""Hersey Kiss"" Styled Floor Lamp",Large Box,0.73,8/29/2009
2602,18790,2/11/2009,High,7,13253.93,0.01,Delivery Truck,-1596.75,2036.48,14.7,Nicole Brennan,Yukon,Yukon,Consumer,Technology,Office Machines,Lexmark 4227 Plus Dot Matrix Printer,Jumbo Drum,0.55,2/13/2009
2604,18819,2/25/2009,Low,22,1102.3,0.1,Regular Air,98.12,50.98,22.24,Dan Campbell,Yukon,Yukon,Corporate,Furniture,Office Furnishings,"Dana Fluorescent Magnifying Lamp, White, 36""",Large Box,0.55,2/27/2009
2612,18855,9/15/2009,High,31,229.43,0.03,Regular Air,-127.05,7.3,7.72,Ed Jacobs,Yukon,Yukon,Small Business,Office Supplies,Binders and Binder Accessories,"Angle-D Binders with Locking Rings, Label Holders",Small Box,0.38,9/18/2009
2631,19047,1/28/2009,High,1,67.49,0.06,Regular Air,-22.82,55.48,14.3,Adam Hart,Yukon,Yukon,Corporate,Office Supplies,Paper,Xerox 194,Small Box,0.37,1/29/2009
2632,19047,1/28/2009,High,3,6.76,0.02,Regular Air,-4.28,1.68,1.57,Adam Hart,Yukon,Yukon,Corporate,Office Supplies,Pens & Art Supplies,Newell 323,Wrap Bag,0.59,1/30/2009
2668,19299,3/18/2009,Not Specified,10,29.23,0.05,Regular Air,8.10,2.88,0.5,Brendan Murry,Yukon,Yukon,Corporate,Office Supplies,Labels,Avery 49,Small Box,0.36,3/20/2009
2685,19429,8/24/2009,Not Specified,2,240.24,0.05,Delivery Truck,-84.93,124.49,51.94,Dean Katz,Yukon,Yukon,Home Office,Furniture,Tables,Bevis 36 x 72 Conference Tables,Jumbo Box,0.63,8/24/2009
2851,20519,4/10/2009,High,7,124.19,0.03,Regular Air,-53.30,15.99,11.28,Brad Thomas,Yukon,Yukon,Home Office,Technology,Office Machines,"210 Trimline Phone, White",Medium Box,0.38,4/11/2009
2869,20706,7/12/2009,High,41,5583.27,0.04,Express Air,1539.59,136.98,24.49,Jennifer Patt,Yukon,Yukon,Home Office,Furniture,Office Furnishings,"3M Polarizing Task Lamp with Clamp Arm, Light Gray",Large Box,0.59,7/14/2009
2937,21286,5/16/2009,Critical,17,280.39,0,Express Air,9.33,14.42,6.75,Denny Ordway,Yukon,Yukon,Small Business,Office Supplies,Appliances,Holmes Odor Grabber,Medium Box,0.52,5/17/2009
3077,22083,2/17/2009,Critical,2,16.81,0.05,Express Air,-4.14,6.04,2.14,David Bremer,Yukon,Yukon,Corporate,Office Supplies,Paper,"Adams Telephone Message Books, 5 1/4Ó x 11Ó",Wrap Bag,0.38,2/19/2009
3117,22402,5/27/2009,Critical,33,1194.34,0.04,Regular Air,497.11,37.7,2.99,Brad Thomas,Yukon,Yukon,Home Office,Office Supplies,Binders and Binder Accessories,Vinyl Sectional Post Binders,Small Box,0.35,5/28/2009
3118,22402,5/27/2009,Critical,1,51.833,0.01,Regular Air,-235.90,55.99,5,Brad Thomas,Yukon,Yukon,Home Office,Technology,Telephones and Communication,Accessory36,Small Pack,0.83,5/28/2009
3212,23042,4/26/2009,Medium,20,8048.45,0.04,Regular Air,1947.67,419.19,19.99,Nicole Brennan,Yukon,Yukon,Home Office,Office Supplies,Storage & Organization,Smead Adjustable Mobile File Trolley with Lockable Top,Small Box,0.58,4/27/2009
3283,23488,1/6/2009,High,29,101.77,0.03,Regular Air,-73.19,3.28,3.97,Julia Barnett,Yukon,Yukon,Home Office,Office Supplies,Pens & Art Supplies,Newell 342,Wrap Bag,0.56,1/8/2009
3313,23652,8/30/2009,Not Specified,27,305.48,0.1,Regular Air,47.14,11.55,2.36,Sara Luxemburg,Yukon,Yukon,Small Business,Office Supplies,Pens & Art Supplies,Newell 309,Wrap Bag,0.55,8/30/2009
3325,23778,7/13/2009,Low,13,105.94,0.06,Regular Air,-566.00,4.48,49,Carlos Meador,Yukon,Yukon,Corporate,Office Supplies,Appliances,Hoover Portapowerª Portable Vacuum,Large Box,0.6,7/17/2009
3329,23808,2/7/2009,Low,30,630.14,0.04,Regular Air,108.00,19.98,8.68,Ed Braxton,Yukon,Yukon,Consumer,Office Supplies,Paper,Southworth 25% Cotton Premium Laser Paper and Envelopes,Small Box,0.37,2/14/2009
3330,23808,2/7/2009,Low,28,2813.8485,0.08,Regular Air,377.15,125.99,7.69,Ed Braxton,Yukon,Yukon,Consumer,Technology,Telephones and Communication,Timeport L7089,Small Box,0.58,2/9/2009
3338,23877,7/12/2009,Not Specified,31,1624.5965,0.07,Regular Air,109.84,65.99,8.8,Nicole Brennan,Yukon,Yukon,Home Office,Technology,Telephones and Communication,6120,Small Box,0.58,7/12/2009
3339,23877,7/12/2009,Not Specified,35,381.36,0,Express Air,128.03,10.01,1.99,Nicole Brennan,Yukon,Yukon,Home Office,Technology,Computer Peripherals,TDK 4.7GB DVD-R,Small Pack,0.41,7/14/2009
3353,24003,10/31/2009,Critical,9,11.89,0.06,Regular Air,-6.12,1.26,0.7,Dan Campbell,Yukon,Yukon,Corporate,Office Supplies,Rubber Bands,Bagged Rubber Bands,Wrap Bag,0.81,10/31/2009
3511,25027,12/16/2009,Medium,25,3585.91,0.06,Delivery Truck,-178.54,146.34,43.75,Mick Brown,Yukon,Yukon,Consumer,Furniture,Tables,Bevis Round Conference Table Top & Single Column Base,Jumbo Box,0.65,12/18/2009
3567,25445,5/25/2009,Low,48,1444,0.08,Regular Air,617.06,30.56,2.99,Tracy Hopkins,Yukon,Yukon,Small Business,Office Supplies,Binders and Binder Accessories,Surelockª Post Binders,Small Box,0.35,5/27/2009
3734,26689,9/29/2009,High,2,198.44,0.01,Regular Air,-87.46,99.23,8.99,Tamara Willingham,Yukon,Yukon,Corporate,Furniture,Office Furnishings,"GE 48"" Fluorescent Tube, Cool White Energy Saver, 34 Watts, 30/Box",Small Pack,0.35,10/2/2009
3970,28354,3/27/2009,Low,34,507.66,0.1,Regular Air,106.71,15.98,4,Dave Kipp,Yukon,Yukon,Corporate,Technology,Computer Peripherals,Logitech Access Keyboard,Small Box,0.37,4/1/2009
4064,28933,7/9/2009,Critical,1,11.16,0.01,Regular Air,-7.25,5.58,5.3,Shirley Jackson,Yukon,Yukon,Corporate,Office Supplies,Envelopes,Staples Brown Kraft Recycled Clasp Envelopes,Small Box,0.35,7/10/2009
4065,28933,7/9/2009,Critical,38,156.2,0.03,Regular Air,43.00,3.98,0.7,Shirley Jackson,Yukon,Yukon,Corporate,Office Supplies,Pens & Art Supplies,4009¨ Highlighters by Sanford,Wrap Bag,0.52,7/10/2009
4116,29284,4/10/2009,Medium,20,6449.056,0.01,Delivery Truck,1116.02,400.98,42.52,David Kendrick,Yukon,Yukon,Home Office,Furniture,Tables,Bretford CR8500 Series Meeting Room Furniture,Jumbo Box,0.71,4/12/2009
4318,30759,5/8/2009,Not Specified,2,64.79,0.03,Regular Air,-41.32,29.34,7.87,Brad Thomas,Yukon,Yukon,Corporate,Furniture,Office Furnishings,"Seth Thomas 14"" Putty-Colored Wall Clock",Small Box,0.54,5/10/2009
4438,31619,9/17/2009,Low,11,114.87,0.1,Regular Air,-21.03,10.98,3.99,Pete Kriz,Yukon,Yukon,Corporate,Office Supplies,Appliances,Staples Surge Protector 6 outlet,Small Box,0.58,9/24/2009
4439,31619,9/17/2009,Low,9,383.23,0.01,Regular Air,146.51,39.98,9.2,Pete Kriz,British Columbia,West,Corporate,Furniture,Office Furnishings,Eldon Radial Chair Mat for Low to Medium Pile Carpets,Wrap Bag,0.65,9/19/2009
4450,31715,1/9/2009,Not Specified,11,68.5,0.01,Regular Air,-53.85,5.38,7.57,Mark Haberlin,British Columbia,West,Small Business,Office Supplies,Binders and Binder Accessories,"Acco PRESSTEX¨ Data Binder with Storage Hooks, Dark Blue, 9 1/2"" X 11""",Small Box,0.36,1/10/2009
4451,31715,1/9/2009,Not Specified,44,145.19,0.05,Regular Air,-116.87,3.28,3.97,Mark Haberlin,British Columbia,West,Small Business,Office Supplies,Pens & Art Supplies,Newell 337,Wrap Bag,0.56,1/9/2009
4536,32291,11/5/2009,Medium,13,183.22,0.01,Regular Air,-100.89,12.99,14.37,Doug O'Connell,British Columbia,West,Small Business,Furniture,Office Furnishings,"Tensor ""Hersey Kiss"" Styled Floor Lamp",Large Box,0.73,11/5/2009
4537,32291,11/5/2009,Medium,4,68.03,0.02,Regular Air,-29.42,15.14,4.53,Doug O'Connell,British Columbia,West,Small Business,Office Supplies,Storage & Organization,Eldon¨ Gobal File Keepers,Small Box,0.81,11/6/2009
4648,33095,2/15/2009,Not Specified,30,4846.74,0.01,Regular Air,1689.93,159.99,5.5,Mick Brown,British Columbia,West,Consumer,Technology,Computer Peripherals,Gyration RF Keyboard,Small Box,0.49,2/17/2009
4649,33095,2/15/2009,Not Specified,34,2548.3,0.1,Regular Air,875.57,78.69,19.99,Mick Brown,British Columbia,West,Consumer,Furniture,Office Furnishings,Howard Miller 12-3/4 Diameter Accuwave DS ª Wall Clock,Small Box,0.43,2/16/2009
4681,33317,5/11/2009,High,35,203.35,0.08,Regular Air,-1605.73,4.48,49,Jay Fine,British Columbia,West,Consumer,Office Supplies,Appliances,Hoover Portapowerª Portable Vacuum,Large Box,0.6,5/13/2009
4682,33317,5/11/2009,High,18,44.52,0.03,Regular Air,-90.59,2.16,6.05,Jay Fine,British Columbia,West,Consumer,Office Supplies,Binders and Binder Accessories,Peel & Stick Add-On Corner Pockets,Small Box,0.37,5/12/2009
4683,33317,5/11/2009,High,5,58.9,0.03,Regular Air,-36.90,9.71,9.45,Jay Fine,British Columbia,West,Consumer,Office Supplies,Storage & Organization,Filing/Storage Totes and Swivel Casters,Small Box,0.6,5/11/2009
4684,33317,5/11/2009,High,13,602.4205,0.09,Regular Air,10.98,55.99,1.25,Jay Fine,British Columbia,West,Consumer,Technology,Telephones and Communication,Accessory2,Small Pack,0.55,5/13/2009
4731,33696,5/7/2009,High,2,57.73,0.06,Regular Air,-101.41,27.48,4,Bradley Drucker,British Columbia,West,Small Business,Technology,Computer Peripherals,Belkin MediaBoard 104- Keyboard,Small Box,0.75,5/9/2009
4778,33923,1/7/2009,Low,34,1961.7915,0.05,Regular Air,425.75,65.99,5.99,Benjamin Venier,British Columbia,West,Small Business,Technology,Telephones and Communication,i1000,Small Box,0.58,1/11/2009
4968,35361,4/6/2009,Medium,40,746.93,0.09,Express Air,67.03,18.97,9.03,Corey Lock,British Columbia,West,Home Office,Office Supplies,Paper,Computer Printout Paper with Letter-Trim Perforations,Small Box,0.37,4/7/2009
4969,35361,4/6/2009,Medium,37,313.4,0,Regular Air,-5.05,8.34,4.82,Corey Lock,British Columbia,West,Home Office,Office Supplies,Paper,Southworth 25% Cotton Antique Laid Paper & Envelopes,Small Box,0.4,4/7/2009
5053,36033,12/19/2009,Not Specified,15,83.02,0.06,Express Air,-54.01,4.98,4.62,Michael Stewart,British Columbia,West,Small Business,Technology,Computer Peripherals,"Imation 3.5"", DISKETTE 44766 HGHLD3.52HD/FM, 10/Pack",Small Pack,0.64,12/19/2009
5057,36067,7/4/2009,High,37,6176.29,0.04,Express Air,1499.94,165.2,19.99,Dave Poirier,British Columbia,West,Small Business,Office Supplies,Storage & Organization,Economy Rollaway Files,Small Box,0.59,7/6/2009
5071,36131,5/17/2009,High,26,493.43,0.07,Regular Air,120.18,19.84,4.1,Aleksandra Gannaway,British Columbia,West,Home Office,Office Supplies,Pens & Art Supplies,Prismacolor Color Pencil Set,Wrap Bag,0.44,5/18/2009
5140,36647,6/30/2009,High,21,179.98,0.01,Regular Air,38.70,7.89,2.82,Christy Brittain,British Columbia,West,Consumer,Office Supplies,Rubber Bands,"Staples Vinyl Coated Paper Clips, 800/Box",Wrap Bag,0.4,7/1/2009
5141,36647,6/30/2009,High,16,55.44,0.09,Regular Air,-21.91,3.68,1.32,Christy Brittain,British Columbia,West,Consumer,Office Supplies,"Scissors, Rulers and Trimmers","*Staples* vLetter Openers, 2/Pack",Wrap Bag,0.83,7/1/2009
5142,36647,6/30/2009,High,18,174.62,0.1,Regular Air,-119.77,9.71,9.45,Christy Brittain,British Columbia,West,Consumer,Office Supplies,Storage & Organization,Filing/Storage Totes and Swivel Casters,Small Box,0.6,7/3/2009
5188,36867,9/5/2009,High,21,5482.18,0.06,Express Air,1167.38,276.2,24.49,Speros Goranitis,British Columbia,West,Corporate,Furniture,Chairs & Chairmats,SAFCO Arco Folding Chair,Large Box,,9/7/2009
5189,36867,9/5/2009,High,16,45.57,0.09,Regular Air,2.81,2.88,0.7,Speros Goranitis,British Columbia,West,Corporate,Office Supplies,Pens & Art Supplies,Newell 346,Wrap Bag,0.56,9/7/2009
5266,37473,10/1/2009,Low,42,88.23,0.1,Regular Air,-195.93,2.18,5,Tom Prescott,British Columbia,West,Small Business,Office Supplies,"Scissors, Rulers and Trimmers",*Staples* Letter Opener,Wrap Bag,0.81,10/5/2009
5272,37537,1/2/2009,Low,4,1239.06,0,Delivery Truck,-193.08,291.73,48.8,Alan Schoenberger,British Columbia,West,Corporate,Furniture,Chairs & Chairmats,Hon 4070 Series Pagodaª Armless Upholstered Stacking Chairs,Jumbo Drum,0.56,1/2/2009
5273,37537,1/2/2009,Low,43,4083.19,0.07,Delivery Truck,-1049.85,100.98,45,Alan Schoenberger,British Columbia,West,Corporate,Furniture,Chairs & Chairmats,Hon Valutaskª Swivel Chairs,Jumbo Drum,0.69,1/4/2009
5274,37537,1/2/2009,Low,32,4902.38,0.05,Regular Air,1438.49,155.06,7.07,Alan Schoenberger,British Columbia,West,Corporate,Office Supplies,Storage & Organization,"Dual Level, Single-Width Filing Carts",Small Box,0.59,1/9/2009
5322,37830,8/16/2009,Not Specified,39,977.92,0.05,Express Air,148.89,25.99,5.37,Tamara Willingham,British Columbia,West,Corporate,Office Supplies,Pens & Art Supplies,"BOSTON¨ Ranger¨ #55 Pencil Sharpener, Black",Small Box,0.56,8/18/2009
5431,38594,12/1/2009,Medium,26,1011.9,0.07,Regular Air,247.94,39.48,1.99,Roland Fjeld,British Columbia,West,Corporate,Technology,Computer Peripherals,"80 Minute CD-R Spindle, 100/Pack - Staples",Small Pack,0.54,12/2/2009
5479,38913,9/6/2009,Not Specified,7,230.29,0.03,Regular Air,-4.30,31.74,12.62,David Kendrick,British Columbia,West,Home Office,Office Supplies,Binders and Binder Accessories,GBC Wire Binding Strips,Small Box,0.37,9/6/2009
5519,39136,6/24/2009,High,49,2693.514,0.02,Regular Air,662.05,65.99,3.99,Shirley Jackson,British Columbia,West,Corporate,Technology,Telephones and Communication,StarTAC 7760,Small Box,0.59,6/26/2009
5589,39649,10/19/2009,High,10,1351.653,0.01,Express Air,-202.85,155.99,8.99,Karen Carlisle,British Columbia,West,Corporate,Technology,Telephones and Communication,CF 688,Small Box,0.58,10/20/2009
5590,39649,10/19/2009,High,9,63,0.01,Regular Air,-17.48,5.98,5.46,Karen Carlisle,British Columbia,West,Corporate,Office Supplies,Paper,Xerox 1983,Small Box,0.36,10/21/2009
5716,40485,12/27/2009,Not Specified,36,222.25,0.05,Regular Air,-63.77,5.98,5.46,David Bremer,British Columbia,West,Corporate,Office Supplies,Paper,Xerox 1983,Small Box,0.36,12/27/2009
5717,40485,12/27/2009,Not Specified,7,388.7135,0.01,Regular Air,-190.42,65.99,3.99,David Bremer,British Columbia,West,Corporate,Technology,Telephones and Communication,StarTAC 7760,Small Box,0.59,12/28/2009
5781,40998,5/2/2009,Medium,43,1233.22,0.05,Regular Air,385.46,29.89,1.99,Nora Paige,British Columbia,West,Small Business,Technology,Computer Peripherals,"Verbatim DVD-RAM, 5.2GB, Rewritable, Type 1, DS",Small Pack,0.5,5/3/2009
5782,40998,5/2/2009,Medium,39,144.82,0.08,Regular Air,28.40,4,1.3,Nora Paige,British Columbia,West,Small Business,Office Supplies,Paper,EcoTones¨ Memo Sheets,Wrap Bag,0.37,5/4/2009
5793,41091,5/24/2009,Medium,32,6310.69,0.1,Express Air,1318.83,218.08,18.06,Harold Dahlen,British Columbia,West,Consumer,Furniture,Chairs & Chairmats,"Lifetime Advantageª Folding Chairs, 4/Carton",Large Box,0.57,5/25/2009
5841,41440,9/22/2009,High,20,92.94,0.09,Regular Air,37.77,4.91,0.5,Alejandro Savely,British Columbia,West,Corporate,Office Supplies,Labels,Avery 493,Small Box,0.36,9/23/2009
5842,41440,9/22/2009,High,19,6070.96,0.01,Delivery Truck,173.48,296.18,54.12,Alejandro Savely,British Columbia,West,Corporate,Furniture,Tables,Hon 94000 Series Round Tables,Jumbo Box,0.76,9/25/2009
5906,41888,2/28/2009,Low,18,1979.47,0.1,Regular Air,690.27,120.98,9.07,Victoria Pisteka,British Columbia,West,Corporate,Office Supplies,Binders and Binder Accessories,GBC VeloBinder Electric Binding Machine,Small Box,0.35,3/9/2009
5907,41888,2/28/2009,Low,23,187.8,0.08,Express Air,-41.83,8.32,2.38,Victoria Pisteka,British Columbia,West,Corporate,Technology,Computer Peripherals,"Imation 3.5 IBM Formatted Diskettes, 10/Box",Small Pack,0.74,3/4/2009
5908,41888,2/28/2009,Low,29,2823.037,0.1,Regular Air,372.40,125.99,4.2,Victoria Pisteka,British Columbia,West,Corporate,Technology,Telephones and Communication,V3682,Small Box,0.59,2/28/2009
5967,42338,11/2/2009,Not Specified,14,63.91,0.04,Regular Air,-44.47,4.14,6.6,Adam Hart,British Columbia,West,Corporate,Furniture,Office Furnishings,Eldon Image Series Black Desk Accessories,Small Box,0.49,11/4/2009
5968,42338,11/2/2009,Not Specified,32,1909.0065,0.01,Regular Air,344.13,65.99,8.99,Adam Hart,British Columbia,West,Corporate,Technology,Telephones and Communication,SC-3160,Small Box,0.59,11/4/2009
5972,42343,8/14/2009,Critical,46,3412.08,0.04,Delivery Truck,239.23,70.98,26.85,Berenike Kampe,British Columbia,West,Corporate,Furniture,Bookcases,"Safco Value Mate Steel Bookcase, Baked Enamel Finish on Steel, Black",Jumbo Box,,8/16/2009
5973,42343,8/14/2009,Critical,31,1311.68,0.03,Regular Air,230.37,40.99,17.48,Berenike Kampe,British Columbia,West,Corporate,Office Supplies,Paper,Xerox 1893,Small Box,0.36,8/15/2009
6187,43846,2/26/2009,High,9,31.36,0.1,Regular Air,-8.28,3.6,2.2,Jill Matthias,British Columbia,West,Consumer,Office Supplies,Paper,"Telephone Message Books with Fax/Mobile Section, 4 1/4"" x 6""",Wrap Bag,0.39,2/27/2009
6207,43974,9/16/2009,Not Specified,8,64.23,0.03,Regular Air,15.83,7.64,1.39,Harold Dahlen,British Columbia,West,Corporate,Office Supplies,Envelopes,"#10- 4 1/8"" x 9 1/2"" Security-Tint Envelopes",Small Box,0.36,9/17/2009
6224,44069,1/2/2009,Critical,16,137.63,0.09,Express Air,26.71,9.11,2.15,Elizabeth Moffitt,British Columbia,West,Consumer,Office Supplies,Paper,"Black Print Carbonless Snap-Off¨ Rapid Letter, 8 1/2"" x 7""",Wrap Bag,0.4,1/4/2009
6225,44069,1/2/2009,Critical,43,614.8,0.08,Regular Air,247.79,15.04,1.97,Elizabeth Moffitt,British Columbia,West,Consumer,Office Supplies,Paper,White GlueTop Scratch Pads,Wrap Bag,0.39,1/2/2009
6289,44517,4/23/2009,Medium,5,32.5,0.03,Regular Air,-16.67,5.28,5.61,Christy Brittain,British Columbia,West,Consumer,Office Supplies,Paper,Xerox 1954,Small Box,0.4,4/24/2009
6329,44836,9/11/2009,Medium,21,125.79,0.02,Regular Air,28.53,5.98,1.49,Tamara Willingham,British Columbia,West,Corporate,Office Supplies,Binders and Binder Accessories,Avery Hanging File Binders,Small Box,0.39,9/12/2009
6358,45120,4/9/2009,Critical,39,14591.44,0.07,Delivery Truck,5475.80,400.97,48.26,Emily Phan,British Columbia,West,Consumer,Technology,Office Machines,Hewlett-Packard Deskjet 1220Cse Color Inkjet Printer,Jumbo Box,0.36,4/10/2009
6387,45380,4/30/2009,Critical,34,1912.9845,0.06,Express Air,288.09,65.99,8.8,Charles Crestani,British Columbia,West,Consumer,Technology,Telephones and Communication,6120,Small Box,0.58,5/1/2009
6388,45380,4/30/2009,Critical,24,4170.865,0,Express Air,1030.51,195.99,4.2,Charles Crestani,British Columbia,West,Consumer,Technology,Telephones and Communication,KH 688,Small Box,0.57,5/2/2009
6406,45539,8/2/2009,Not Specified,15,269.2,0.02,Express Air,69.61,16.48,1.99,Grant Thornton,British Columbia,West,Corporate,Technology,Computer Peripherals,Maxell DVD-RAM Discs,Small Pack,0.42,8/4/2009
6407,45539,8/2/2009,Not Specified,27,87.33,0.08,Regular Air,13.82,3.38,0.85,Grant Thornton,British Columbia,West,Corporate,Office Supplies,Pens & Art Supplies,Avery Hi-Liter¨ Fluorescent Desk Style Markers,Wrap Bag,0.48,8/4/2009
6486,46151,11/8/2009,Critical,23,203.91,0.02,Regular Air,-35.44,8.6,6.19,Tony Molinari,British Columbia,West,Corporate,Office Supplies,Binders and Binder Accessories,Avery Printable Repositionable Plastic Tabs,Small Box,0.38,11/10/2009
6523,46407,3/26/2009,Not Specified,7,38.37,0.1,Regular Air,-29.00,5.18,5.74,Rick Huthwaite,British Columbia,West,Corporate,Office Supplies,Binders and Binder Accessories,Wilson Jones Impact Binders,Small Box,0.36,3/28/2009
6534,46499,6/7/2009,Critical,1,46.94,0.06,Regular Air,-26.54,44.01,3.5,George Zrebassa,British Columbia,West,Home Office,Office Supplies,Appliances,Acco Smartsocket¨ Color-Coded Six-Outlet AC Adapter Model Surge Protectors,Small Box,0.59,6/8/2009
6535,46499,6/7/2009,Critical,22,89.96,0.07,Regular Air,-115.21,4.06,6.89,George Zrebassa,British Columbia,West,Home Office,Office Supplies,Appliances,Eureka Disposable Bags for Sanitaire¨ Vibra Groomer I¨ Upright Vac,Small Box,0.6,6/9/2009
6536,46499,6/7/2009,Critical,10,12.95,0.1,Regular Air,-6.78,1.26,0.7,George Zrebassa,British Columbia,West,Home Office,Office Supplies,Rubber Bands,Bagged Rubber Bands,Wrap Bag,0.81,6/8/2009
6607,47011,2/19/2009,High,33,373.13,0.05,Regular Air,-35.26,11.29,5.03,Roland Fjeld,British Columbia,West,Corporate,Office Supplies,Storage & Organization,X-Rackª File for Hanging Folders,Small Box,0.59,2/21/2009
6637,47201,12/28/2009,Critical,18,99.55,0.03,Express Air,-60.90,4.98,4.62,Tim Taslimi,British Columbia,West,Corporate,Technology,Computer Peripherals,"Imation 3.5"", DISKETTE 44766 HGHLD3.52HD/FM, 10/Pack",Small Pack,0.64,12/29/2009
6663,47457,6/3/2009,Low,50,8230.77,0.05,Regular Air,1577.02,161.55,19.99,Alejandro Savely,British Columbia,West,Corporate,Office Supplies,Storage & Organization,Fellowes Super Stor/Drawer¨ Files,Small Box,0.66,6/8/2009
6719,47872,6/12/2009,Critical,38,1756.27,0.09,Regular Air,649.05,46.89,5.1,Brad Thomas,British Columbia,West,Home Office,Office Supplies,Appliances,Bionaire Personal Warm Mist Humidifier/Vaporizer,Medium Box,0.46,6/14/2009
6720,47872,6/12/2009,Critical,50,345.58,0.05,Regular Air,-38.04,6.64,4.95,Brad Thomas,British Columbia,West,Home Office,Furniture,Office Furnishings,G.E. Longer-Life Indoor Recessed Floodlight Bulbs,Small Pack,0.37,6/13/2009
6723,47877,8/28/2009,Medium,16,273.36,0.04,Regular Air,32.25,17.24,3.26,Tamara Willingham,British Columbia,West,Home Office,Office Supplies,"Scissors, Rulers and Trimmers","Fiskars 8"" Scissors, 2/Pack",Small Pack,0.56,8/31/2009
6724,47877,8/28/2009,Medium,19,3240.728,0.07,Delivery Truck,-691.31,218.75,69.64,Tamara Willingham,British Columbia,West,Home Office,Furniture,Tables,BoxOffice By Design Rectangular and Half-Moon Meeting Room Tables,Jumbo Box,0.77,8/30/2009
6725,47877,8/28/2009,Medium,49,8058.96,0.08,Regular Air,-1621.38,209.37,69,Tamara Willingham,British Columbia,West,Home Office,Furniture,Tables,Hon 2111 Invitationª Series Corner Table,Large Box,0.79,8/30/2009
6730,47910,8/15/2009,High,30,5290.57,0.08,Regular Air,1389.18,178.47,19.99,Brad Thomas,British Columbia,West,Home Office,Office Supplies,Storage & Organization,"Hot File¨ 7-Pocket, Floor Stand",Small Box,0.55,8/16/2009
6765,48192,12/16/2009,Critical,15,2277.67,0,Delivery Truck,-173.96,140.98,36.09,Jill Matthias,British Columbia,West,Consumer,Furniture,Bookcases,"Sauder Forest Hills Library, Woodland Oak Finish",Jumbo Box,0.77,12/17/2009
6794,48420,10/11/2009,Low,46,863.26,0.09,Express Air,229.60,19.23,6.15,Berenike Kampe,British Columbia,West,Corporate,Furniture,Office Furnishings,"Executive Impressions 13"" Clairmont Wall Clock",Small Pack,0.44,10/13/2009
6856,48836,2/14/2009,Critical,8,2651.21,0.09,Delivery Truck,-93.85,348.21,40.19,Nicole Brennan,British Columbia,West,Home Office,Furniture,Tables,Bretford CR4500 Series Slim Rectangular Table,Jumbo Box,0.62,2/16/2009
7055,50337,4/16/2009,Not Specified,37,122.99,0,Express Air,21.48,2.78,1.49,Chris Cortes,British Columbia,West,Consumer,Office Supplies,Binders and Binder Accessories,Wilson Jones Suede Grain Vinyl Binders,Small Box,0.36,4/17/2009
7056,50337,4/16/2009,Not Specified,6,14734.71,0.1,Delivery Truck,-3798.01,2550.14,29.7,Chris Cortes,British Columbia,West,Consumer,Technology,Office Machines,Epson DFX-8500 Dot Matrix Printer,Jumbo Drum,0.57,4/18/2009
7095,50656,10/25/2009,Critical,42,194.2,0,Regular Air,-139.13,4.37,5.15,Patrick Bzostek,British Columbia,West,Consumer,Office Supplies,Appliances,"Eureka Sanitaire ¨ Multi-Pro Heavy-Duty Upright, Disposable Bags",Small Box,0.59,10/27/2009
7096,50656,10/25/2009,Critical,31,16451.33,0.01,Delivery Truck,5325.14,500.98,56,Patrick Bzostek,British Columbia,West,Consumer,Furniture,Chairs & Chairmats,Global Troyª Executive Leather Low-Back Tilter,Jumbo Drum,0.6,10/26/2009
7097,50656,10/25/2009,Critical,39,485.97,0.02,Regular Air,48.60,12.58,5.16,Patrick Bzostek,British Columbia,West,Consumer,Furniture,Office Furnishings,"DAX Copper Panel Document Frame, 5 x 7 Size",Small Box,0.43,10/25/2009
7098,50656,10/25/2009,Critical,15,109.71,0.1,Regular Air,-20.95,7.7,3.68,Patrick Bzostek,British Columbia,West,Consumer,Furniture,Office Furnishings,Deflect-O¨ Glasstiqueª Clear Desk Accessories,Wrap Bag,0.52,10/26/2009
7676,55040,4/12/2009,High,8,292.38,0.05,Regular Air,6.11,35.51,6.31,Dave Kipp,British Columbia,West,Consumer,Office Supplies,Storage & Organization,Steel Personal Filing/Posting Tote,Small Box,0.58,4/14/2009
7677,55040,4/12/2009,High,24,191.79,0.1,Regular Air,-6.34,8.34,2.64,Dave Kipp,British Columbia,West,Consumer,Office Supplies,"Scissors, Rulers and Trimmers",Acme¨ Elite Stainless Steel Scissors,Small Pack,0.59,4/12/2009
7678,55040,4/12/2009,High,34,290.01,0.03,Regular Air,-160.28,8.04,8.94,Dave Kipp,British Columbia,West,Consumer,Office Supplies,Binders and Binder Accessories,"Fellowes Twister Kit, Gray/Clear, 3/pkg",Small Box,0.4,4/14/2009
7679,55040,4/12/2009,High,2,4692.26,0.08,Delivery Truck,-7373.13,2550.14,29.7,Dave Kipp,British Columbia,West,Consumer,Technology,Office Machines,Epson DFX-8500 Dot Matrix Printer,Jumbo Drum,0.57,4/14/2009
7721,55330,8/12/2009,Medium,49,633.91,0,Regular Air,141.17,12.58,5.16,Brad Thomas,British Columbia,West,Corporate,Furniture,Office Furnishings,"DAX Copper Panel Document Frame, 5 x 7 Size",Small Box,0.43,8/12/2009
7762,55554,11/16/2009,Critical,6,122.09,0.04,Regular Air,-15.20,18.97,9.54,Alyssa Tate,British Columbia,West,Small Business,Office Supplies,Paper,Xerox 1939,Small Box,0.37,11/17/2009
7763,55554,11/16/2009,Critical,49,150.06,0.02,Regular Air,30.97,2.88,0.7,Alyssa Tate,British Columbia,West,Small Business,Office Supplies,Pens & Art Supplies,Newell 340,Wrap Bag,0.56,11/19/2009
7764,55554,11/16/2009,Critical,9,95.09,0.09,Regular Air,-13.53,10.98,3.37,Alyssa Tate,British Columbia,West,Small Business,Office Supplies,"Scissors, Rulers and Trimmers",Fiskars¨ Softgrip Scissors,Small Pack,0.57,11/17/2009
7893,56452,2/14/2009,Not Specified,34,6686.344,0,Delivery Truck,1192.04,236.97,59.24,Charles Crestani,British Columbia,West,Consumer,Furniture,Tables,Chromcraft Rectangular Conference Tables,Jumbo Box,0.61,2/15/2009
7895,56483,2/19/2009,High,37,158.62,0.05,Regular Air,-104.57,4.28,5.17,Debra Catini,British Columbia,West,Small Business,Office Supplies,Paper,Xerox 1971,Small Box,0.4,2/19/2009
8009,57248,10/15/2009,Critical,34,167.5,0.04,Regular Air,-84.42,4.98,4.95,Damala Kotsonis,British Columbia,West,Corporate,Office Supplies,Binders and Binder Accessories,Cardinal Holdit Business Card Pockets,Small Box,0.37,10/17/2009
8032,57381,8/7/2009,High,13,515.23,0.1,Regular Air,171.40,41.94,2.99,Paul Van Hugh,British Columbia,West,Consumer,Office Supplies,Binders and Binder Accessories,"Avery Trapezoid Extra Heavy Duty 4"" Binders",Small Box,0.35,8/8/2009
8033,57381,8/7/2009,High,22,41.65,0.06,Regular Air,-13.86,1.98,0.7,Paul Van Hugh,British Columbia,West,Consumer,Office Supplies,Rubber Bands,"Brites Rubber Bands, 1 1/2 oz. Box",Wrap Bag,0.83,8/7/2009
8048,57476,3/16/2009,High,20,1351.43,0.08,Delivery Truck,-550.43,68.81,60,Michael Stewart,British Columbia,West,Small Business,Office Supplies,Appliances,"Holmes Replacement Filter for HEPA Air Cleaner, Very Large Room, HEPA Filter",Jumbo Drum,0.41,3/17/2009
8049,57476,3/16/2009,High,17,357.91,0.04,Regular Air,-52.12,21.38,8.99,Michael Stewart,British Columbia,West,Small Business,Office Supplies,Pens & Art Supplies,Boston 1730 StandUp Electric Pencil Sharpener,Small Pack,0.59,3/18/2009
8093,57734,9/16/2009,High,26,110.14,0.05,Regular Air,-89.22,4.24,5.41,Dan Campbell,British Columbia,West,Small Business,Office Supplies,Binders and Binder Accessories,Storex DuraTech Recycled Plastic Frosted Binders,Small Box,0.35,9/18/2009
8094,57734,9/16/2009,High,27,453.89,0.1,Regular Air,-75.06,16.98,12.39,Dan Campbell,British Columbia,West,Small Business,Office Supplies,Envelopes,Brown Kraft Recycled Envelopes,Small Box,0.35,9/18/2009
8151,58279,4/11/2009,Medium,44,1317.34,0.03,Regular Air,555.93,30.56,2.99,Emily Phan,British Columbia,West,Consumer,Office Supplies,Binders and Binder Accessories,Surelockª Post Binders,Small Box,0.35,4/11/2009
8309,59363,5/2/2009,High,24,158.91,0.06,Regular Air,-38.57,6.68,5.2,Alyssa Tate,British Columbia,West,Small Business,Office Supplies,Paper,Xerox 1977,Small Box,0.37,5/2/2009
8348,59681,6/11/2009,Critical,23,224.34,0.02,Express Air,-11.95,8.6,6.19,Giulietta Dortch,British Columbia,West,Small Business,Office Supplies,Binders and Binder Accessories,Avery Printable Repositionable Plastic Tabs,Small Box,0.38,6/13/2009
131,834,5/22/2009,Medium,15,1813.04,0.01,Delivery Truck,-164.40,115.99,56.14,Eugene Moren,British Columbia,West,Home Office,Technology,Office Machines,Hewlett-Packard Deskjet 5550 Color Inkjet Printer,Jumbo Drum,0.4,5/23/2009
409,2790,8/18/2009,High,7,45.91,0.01,Regular Air,-35.54,5.44,7.46,Maribeth Dona,British Columbia,West,Home Office,Office Supplies,Binders and Binder Accessories,Wilson Jones Custom Binder Spines & Labels,Small Box,0.36,8/19/2009
410,2790,8/18/2009,High,41,22319.58,0.02,Delivery Truck,-734.31,549.99,49,Maribeth Dona,British Columbia,West,Home Office,Technology,Copiers and Fax,Sharp 1540cs Digital Laser Copier,Jumbo Drum,0.35,8/20/2009
411,2790,8/18/2009,High,15,330.24,0.03,Express Air,8.48,22.01,5.53,Maribeth Dona,British Columbia,West,Home Office,Office Supplies,Pens & Art Supplies,Boston 16801 Nautilusª Battery Pencil Sharpener,Small Pack,0.59,8/19/2009
412,2790,8/18/2009,High,15,520.65,0.09,Regular Air,30.63,34.76,8.22,Maribeth Dona,British Columbia,West,Home Office,Office Supplies,Storage & Organization,"Multi-Use Personal File Cart and Caster Set, Three Stacking Bins",Small Box,0.57,8/20/2009
490,3395,10/29/2009,Not Specified,31,181.17,0.06,Express Air,-59.88,5.38,5.24,Cathy Armstrong,British Columbia,West,Consumer,Office Supplies,Binders and Binder Accessories,"Acco PRESSTEX¨ Data Binder with Storage Hooks, Dark Blue, 14 7/8"" X 11""",Small Box,0.36,10/31/2009
491,3395,10/29/2009,Not Specified,1,13.16,0.03,Regular Air,-10.29,7.35,5.96,Cathy Armstrong,British Columbia,West,Consumer,Office Supplies,Paper,"1/4 Fold Party Design Invitations & White Envelopes, 24 8-1/2"" X 11"" Cards, 25 Env./Pack",Small Box,0.38,10/31/2009
492,3395,10/29/2009,Not Specified,7,107.88,0.02,Regular Air,25.59,15.57,1.39,Cathy Armstrong,British Columbia,West,Consumer,Office Supplies,Envelopes,Park Ridgeª Embossed Executive Business Envelopes,Small Box,0.38,10/30/2009
493,3395,10/29/2009,Not Specified,29,623.02,0.02,Regular Air,-255.66,20.89,11.52,Cathy Armstrong,British Columbia,West,Consumer,Office Supplies,Storage & Organization,"Iris¨ 3-Drawer Stacking Bin, Black",Small Box,0.83,10/30/2009
693,4835,10/24/2009,Critical,3,9.4,0.04,Regular Air,-7.60,2.52,1.92,Eugene Moren,British Columbia,West,Home Office,Office Supplies,"Scissors, Rulers and Trimmers",Letter Slitter,Wrap Bag,0.82,10/24/2009
736,5317,9/8/2009,Low,38,212.57,0.09,Express Air,9.49,5.34,2.99,Christopher Martinez,British Columbia,West,Small Business,Office Supplies,Binders and Binder Accessories,Wilson Jones 14 Line Acrylic Coated Pressboard Data Binders,Small Box,0.38,9/15/2009
737,5317,9/8/2009,Low,10,1469.48,0.07,Delivery Truck,-263.65,140.98,53.48,Christopher Martinez,British Columbia,West,Small Business,Furniture,Bookcases,"Bush Heritage Pine Collection 5-Shelf Bookcase, Albany Pine Finish, *Special Order",Jumbo Box,0.65,9/15/2009
738,5317,9/8/2009,Low,25,4279.24,0.06,Regular Air,890.18,205.99,5.26,Christopher Martinez,British Columbia,West,Small Business,Technology,Telephones and Communication,i470,Small Box,0.56,9/15/2009
801,5735,12/10/2009,Medium,10,2665.64,0.1,Delivery Truck,-107.49,280.98,35.67,Art Foster,British Columbia,West,Home Office,Furniture,Tables,Global Adaptabilitiesª Conference Tables,Jumbo Box,0.66,12/11/2009
810,5856,11/5/2009,High,42,10307.01,0,Delivery Truck,3025.59,230.98,23.78,Christopher Martinez,British Columbia,West,Small Business,Furniture,Tables,"Bush¨ Cubix Conference Tables, Fully Assembled",Jumbo Box,0.6,11/7/2009
885,6368,2/22/2009,Not Specified,40,19100.45,0,Delivery Truck,6839.95,442.14,14.7,Anthony O'Donnell,British Columbia,West,Corporate,Technology,Office Machines,Okidata ML390 Turbo Dot Matrix Printers,Jumbo Drum,0.56,2/22/2009
1024,7461,1/12/2009,Low,12,4080.3,0.05,Delivery Truck,593.79,350.99,39,Greg Matthias,British Columbia,West,Home Office,Furniture,Chairs & Chairmats,Global Leather Executive Chair,Jumbo Drum,0.55,1/14/2009
1025,7461,1/12/2009,Low,28,260.79,0,Regular Air,111.40,8.74,1.39,Greg Matthias,British Columbia,West,Home Office,Office Supplies,Envelopes,"#10- 4 1/8"" x 9 1/2"" Recycled Envelopes",Small Box,0.38,1/16/2009
1026,7461,1/12/2009,Low,44,90.35,0.02,Regular Air,-16.72,1.98,0.7,Greg Matthias,British Columbia,West,Home Office,Office Supplies,Rubber Bands,"Brites Rubber Bands, 1 1/2 oz. Box",Wrap Bag,0.83,1/16/2009
1400,10148,3/25/2009,Low,27,14357.85,0.02,Delivery Truck,3309.55,500.98,41.44,Christopher Martinez,British Columbia,West,Small Business,Furniture,Bookcases,DMI Eclipse Executive Suite Bookcases,Jumbo Box,0.66,3/25/2009
2324,16768,7/25/2009,High,9,101.47,0.03,Regular Air,-18.64,10.89,4.5,Andrew Allen,British Columbia,West,Corporate,Office Supplies,Appliances,Belkin 6 Outlet Metallic Surge Strip,Small Box,0.59,7/26/2009
2390,17313,5/7/2009,High,27,130.49,0.07,Express Air,47.09,4.76,0.88,Scott Cohen,British Columbia,West,Consumer,Office Supplies,Paper,Wirebound Voice Message Log Book,Wrap Bag,0.39,5/9/2009
2664,19234,1/24/2009,High,24,359.65,0.01,Regular Air,-11.15,14.42,6.75,Cynthia Delaney,British Columbia,West,Corporate,Office Supplies,Appliances,Holmes Odor Grabber,Medium Box,0.52,1/24/2009
2928,21222,2/3/2009,Not Specified,36,181.39,0.1,Regular Air,-32.40,5.08,3.63,Carol Darley,British Columbia,West,Home Office,Furniture,Office Furnishings,"Master Caster Door Stop, Gray",Wrap Bag,0.51,2/5/2009
2929,21222,2/3/2009,Not Specified,26,846.0815,0.02,Regular Air,-120.93,35.99,5,Carol Darley,British Columbia,West,Home Office,Technology,Telephones and Communication,Accessory27,Small Box,0.85,2/5/2009
3166,22755,3/30/2009,Medium,35,187.84,0,Regular Air,-95.05,4.91,5.68,Fred Harton,British Columbia,West,Home Office,Office Supplies,Binders and Binder Accessories,"Acco Pressboard Covers with Storage Hooks, 14 7/8"" x 11"", Light Blue",Small Box,0.36,3/31/2009
3167,22755,3/30/2009,Medium,45,240.6,0.04,Regular Air,3.45,5.34,2.99,Fred Harton,British Columbia,West,Home Office,Office Supplies,Binders and Binder Accessories,Wilson Jones 14 Line Acrylic Coated Pressboard Data Binders,Small Box,0.38,4/1/2009
3168,22755,3/30/2009,Medium,5,236.878,0.06,Regular Air,-275.25,55.99,5,Fred Harton,British Columbia,West,Home Office,Technology,Telephones and Communication,Accessory6,Small Pack,0.8,4/1/2009
3222,23136,9/25/2009,Not Specified,41,9312.52,0.01,Regular Air,3039.37,218.08,18.06,Barry Blumstein,British Columbia,West,Small Business,Furniture,Chairs & Chairmats,"Lifetime Advantageª Folding Chairs, 4/Carton",Large Box,0.57,9/26/2009
3223,23136,9/25/2009,Not Specified,43,220.47,0.04,Regular Air,-135.16,4.98,4.62,Barry Blumstein,British Columbia,West,Small Business,Technology,Computer Peripherals,"Imation 3.5"", DISKETTE 44766 HGHLD3.52HD/FM, 10/Pack",Small Pack,0.64,9/26/2009
3692,26374,11/5/2009,Not Specified,5,90.9415,0.05,Regular Air,-109.42,20.99,3.3,Art Miller,British Columbia,West,Corporate,Technology,Telephones and Communication,Accessory39,Small Pack,0.81,11/6/2009
3771,26944,11/7/2009,Critical,6,453.87,0.02,Regular Air,-217.69,73.98,14.52,Eva Jacobs,British Columbia,West,Home Office,Technology,Computer Peripherals,Keytronic French Keyboard,Small Box,0.65,11/10/2009
3791,27013,7/5/2009,Low,28,2232.15,0.05,Regular Air,-746.44,80.98,35,Fred Harton,British Columbia,West,Home Office,Office Supplies,Storage & Organization,Carina Double Wide Media Storage Towers in Natural & Black,Large Box,0.81,7/9/2009
3792,27013,7/5/2009,Low,26,7007.19,0.05,Regular Air,-274.95,279.48,35,Fred Harton,British Columbia,West,Home Office,Office Supplies,Storage & Organization,"Tennsco Snap-Together Open Shelving Units, Starter Sets and Add-On Units",Large Box,0.8,7/5/2009
4196,29826,9/24/2009,Critical,9,157.63,0.06,Regular Air,-78.13,17.98,4,Cathy Armstrong,British Columbia,West,Consumer,Technology,Computer Peripherals,"Belkin 107-key enhanced keyboard, USB/PS/2 interface",Small Box,0.79,9/25/2009
4329,30852,5/14/2009,Critical,35,2827.1425,0.01,Regular Air,713.88,95.99,4.9,Andrew Allen,British Columbia,West,Corporate,Technology,Telephones and Communication,T60,Small Box,0.56,5/15/2009
4824,34275,7/1/2009,Low,3,6041.01,0.04,Delivery Truck,-4793.00,2036.48,14.7,Greg Matthias,British Columbia,West,Small Business,Technology,Office Machines,Lexmark 4227 Plus Dot Matrix Printer,Jumbo Drum,0.55,7/6/2009
5378,38240,12/19/2009,High,42,1651.07,0.09,Regular Air,-100.49,40.98,6.5,Ken Lonsdale,British Columbia,West,Consumer,Technology,Computer Peripherals,Targus USB Numeric Keypad,Small Box,0.74,12/21/2009
5620,39812,6/20/2009,Not Specified,40,323.63,0.05,Regular Air,-205.49,8.04,8.94,Greg Matthias,British Columbia,West,Home Office,Office Supplies,Binders and Binder Accessories,"Fellowes Twister Kit, Gray/Clear, 3/pkg",Small Box,0.4,6/22/2009
6296,44576,12/25/2009,Not Specified,30,1653.607,0.02,Regular Air,294.97,65.99,5.31,Greg Matthias,British Columbia,West,Small Business,Technology,Telephones and Communication,3390,Small Box,0.57,12/26/2009
6327,44834,4/20/2009,Medium,13,248.76,0.1,Express Air,35.09,19.98,5.77,Anthony Rawles,British Columbia,West,Small Business,Office Supplies,Paper,Xerox Blank Computer Paper,Small Box,0.38,4/20/2009
6328,44834,4/20/2009,Medium,43,10984.05,0.06,Delivery Truck,785.63,259.71,66.67,Anthony Rawles,British Columbia,West,Small Business,Furniture,Tables,"Bevis Round Bullnose 29"" High Table Top",Jumbo Box,0.61,4/21/2009
7251,51714,9/5/2009,Not Specified,33,194.09,0.03,Regular Air,-63.35,5.78,5.37,Lauren Leatherbury,British Columbia,West,Home Office,Office Supplies,Paper,Xerox 1950,Small Box,0.36,9/6/2009
7264,51815,5/26/2009,Low,37,227.5,0.01,Regular Air,-256.52,5.94,9.92,Anthony Rawles,British Columbia,West,Small Business,Office Supplies,Binders and Binder Accessories,Storex Dura Proª Binders,Small Box,0.38,6/2/2009
7265,51815,5/26/2009,Low,21,2292.1015,0.02,Regular Air,398.36,125.99,3,Anthony Rawles,British Columbia,West,Small Business,Technology,Telephones and Communication,270c,Small Box,0.59,5/26/2009
8060,57511,10/6/2009,Critical,32,98.46,0.01,Regular Air,41.54,2.89,0.5,Duane Noonan,British Columbia,West,Corporate,Office Supplies,Labels,Avery 498,Small Box,0.38,10/7/2009
8061,57511,10/6/2009,Critical,11,569.636,0,Regular Air,-173.25,55.99,5,Duane Noonan,British Columbia,West,Corporate,Technology,Telephones and Communication,Accessory6,Small Pack,0.8,10/8/2009
8219,58759,1/21/2009,Low,4,33.44,0.1,Regular Air,-6.88,8.01,2.87,Andrew Allen,British Columbia,West,Corporate,Office Supplies,Paper,"TOPS Money Receipt Book, Consecutively Numbered in Red,",Wrap Bag,0.4,1/28/2009
437,2915,3/30/2009,Low,41,231.26,0.07,Regular Air,32.83,5.98,0.96,Tim Brockman,Alberta,West,Consumer,Office Supplies,Pens & Art Supplies,Newell 315,Wrap Bag,0.6,4/3/2009
438,2915,3/30/2009,Low,23,987.17,0.01,Regular Air,51.59,39.98,4,Tim Brockman,Alberta,West,Consumer,Technology,Computer Peripherals,Microsoft Natural Keyboard Elite,Small Box,0.7,4/4/2009
628,4389,5/4/2009,Medium,35,179.45,0.07,Regular Air,-116.35,5.34,5.63,Victoria Pisteka,Alberta,West,Corporate,Office Supplies,Binders and Binder Accessories,"Pressboard Data Binder, Crimson, 12"" X 8 1/2""",Small Box,0.39,5/6/2009
629,4389,5/4/2009,Medium,49,7987.43,0.03,Delivery Truck,1304.90,160.98,30,Victoria Pisteka,Alberta,West,Corporate,Furniture,Chairs & Chairmats,Office Star - Mid Back Dual function Ergonomic High Back Chair with 2-Way Adjustable Arms,Jumbo Drum,0.62,5/5/2009
630,4389,5/4/2009,Medium,42,2455.276,0.04,Express Air,693.06,65.99,5.63,Victoria Pisteka,Alberta,West,Corporate,Technology,Telephones and Communication,2190,Small Box,0.56,5/4/2009
1987,14176,3/12/2009,Low,39,1233.4775,0.01,Regular Air,453.80,35.99,5.99,Resi Polking,Alberta,West,Small Business,Technology,Telephones and Communication,Accessory41,Wrap Bag,0.38,3/19/2009
2106,15074,11/28/2009,Not Specified,27,941.4,0.05,Regular Air,369.48,35.44,5.09,Tim Brockman,Alberta,West,Consumer,Office Supplies,Paper,Xerox 1932,Small Box,0.38,11/29/2009
3229,23170,5/21/2009,Not Specified,20,4252.89,0.06,Express Air,969.42,218.08,18.06,Tim Brockman,Alberta,West,Consumer,Furniture,Chairs & Chairmats,"Lifetime Advantageª Folding Chairs, 4/Carton",Large Box,0.57,5/23/2009
4660,33189,11/20/2009,Low,3,87.21,0.02,Regular Air,-96.54,27.48,4,Roger Demir,Alberta,West,Consumer,Technology,Computer Peripherals,Belkin MediaBoard 104- Keyboard,Small Box,0.75,11/27/2009
4661,33189,11/20/2009,Low,5,50.19,0.08,Regular Air,0.15,10.06,2.06,Roger Demir,Alberta,West,Consumer,Office Supplies,Paper,Riverleaf Stik-Withit¨ Designer Note Cubes¨,Wrap Bag,0.39,11/24/2009
4827,34311,9/5/2009,High,39,132.79,0.05,Regular Air,-100.24,3.28,3.97,Mike Pelletier,Alberta,West,Corporate,Office Supplies,Pens & Art Supplies,Newell 342,Wrap Bag,0.56,9/6/2009
4828,34311,9/5/2009,High,32,232.85,0.03,Regular Air,-262.62,6.98,9.69,Mike Pelletier,Alberta,West,Corporate,Office Supplies,Storage & Organization,Eldon Shelf Saversª Cubes and Bins,Small Box,0.83,9/7/2009
5295,37700,12/8/2009,Critical,27,3390.51,0.05,Express Air,1169.71,122.99,19.99,Shaun Chance,Alberta,West,Corporate,Office Supplies,Binders and Binder Accessories,GBC Therma-A-Bind 250T Electric Binding System,Small Box,0.37,12/11/2009
5421,38529,2/2/2009,Low,38,44.85,0.02,Regular Air,-0.49,1.14,0.7,Darren Powers,Alberta,West,Corporate,Office Supplies,Rubber Bands,OIC Thumb-Tacks,Wrap Bag,0.38,2/2/2009
6200,43911,1/14/2009,Medium,29,577.89,0.06,Regular Air,-53.89,19.99,11.17,Tamara Manning,Alberta,West,Corporate,Furniture,Office Furnishings,Telescoping Adjustable Floor Lamp,Large Box,0.6,1/14/2009
6201,43911,1/14/2009,Medium,36,9920.85,0,Delivery Truck,2685.19,264.98,17.86,Tamara Manning,Alberta,West,Corporate,Technology,Office Machines,Panasonic KX-P1131 Dot Matrix Printer,Jumbo Drum,0.58,1/15/2009
6202,43911,1/14/2009,Medium,23,7484.31,0.06,Delivery Truck,1278.45,320.98,58.95,Tamara Manning,Alberta,West,Corporate,Furniture,Chairs & Chairmats,Hon 4070 Series Pagodaª Round Back Stacking Chairs,Jumbo Drum,0.57,1/16/2009
6544,46533,10/7/2009,High,3,215.24,0.04,Regular Air,49.76,55.5,52.2,John Murray,Alberta,West,Small Business,Furniture,Office Furnishings,Eldon Cleatmat¨ Chair Mats for Medium Pile Carpets,Medium Box,0.72,10/8/2009
6545,46533,10/7/2009,High,12,654.874,0.1,Express Air,-82.06,65.99,3.99,John Murray,Alberta,West,Small Business,Technology,Telephones and Communication,StarTAC 7760,Small Box,0.59,10/9/2009
6876,48998,2/16/2009,Low,15,180.39,0.04,Regular Air,-8.11,11.58,6.97,Sharelle Roach,Alberta,West,Home Office,Office Supplies,Envelopes,"Peel & Seel¨ Recycled Catalog Envelopes, Brown",Small Box,0.35,2/18/2009
7282,51968,9/5/2009,Medium,43,3231.564,0.03,Regular Air,1166.09,85.99,0.99,Sharelle Roach,Alberta,West,Home Office,Technology,Telephones and Communication,Accessory34,Wrap Bag,0.55,9/6/2009
7594,54342,6/8/2009,Low,35,3439.39,0.05,Express Air,1057.62,100.97,7.18,Pauline Webber,Alberta,West,Consumer,Technology,Computer Peripherals,Gyration Ultra Cordless Optical Suite,Small Box,0.46,6/8/2009
7595,54342,6/8/2009,Low,2,10.48,0.02,Regular Air,-5.65,4.84,0.71,Pauline Webber,Alberta,West,Consumer,Office Supplies,Pens & Art Supplies,*Staples* Highlighting Markers,Wrap Bag,0.52,6/8/2009
7664,54949,8/10/2009,Low,32,210.94,0.08,Regular Air,-94.59,6.48,6.81,Shaun Chance,Alberta,West,Corporate,Office Supplies,Paper,Xerox 1930,Small Box,0.36,8/15/2009
7665,54949,8/10/2009,Low,7,192.02,0.09,Delivery Truck,-293.74,20.98,53.03,Shaun Chance,Alberta,West,Corporate,Office Supplies,Storage & Organization,"Tennsco Lockers, Gray",Jumbo Drum,0.78,8/17/2009
1733,12450,3/12/2009,Not Specified,15,1146.41,0,Regular Air,-88.61,73.98,14.52,Lindsay Castell,Alberta,West,Small Business,Technology,Computer Peripherals,Keytronic French Keyboard,Small Box,0.65,3/14/2009
3762,26881,8/1/2009,Low,26,10692.97,0.05,Delivery Truck,-410.39,424.21,110.2,Ken Dana,Alberta,West,Small Business,Furniture,Tables,Bush Advantage Collection¨ Racetrack Conference Table,Jumbo Box,0.67,8/5/2009
4462,31810,5/21/2009,Critical,46,355.55,0.03,Regular Air,-166.74,7.28,7.98,Lisa Ryan,Alberta,West,Home Office,Furniture,Office Furnishings,"Master Caster Door Stop, Large Neon Orange",Wrap Bag,0.42,5/21/2009
5890,41793,5/15/2009,High,48,1286.87,0.05,Regular Air,384.38,26.48,6.93,Adam Bellavance,Alberta,West,Small Business,Furniture,Office Furnishings,DAX Natural Wood-Tone Poster Frame,Small Box,0.49,5/16/2009
6062,42949,5/21/2009,Not Specified,40,202.11,0.08,Regular Air,-17.49,5,3.39,Adam Bellavance,Alberta,West,Small Business,Office Supplies,Rubber Bands,Advantus Plastic Paper Clips,Wrap Bag,0.37,5/22/2009
6063,42949,5/21/2009,Not Specified,49,630.99,0.07,Regular Air,-114.64,12.99,9.44,Adam Bellavance,Alberta,West,Small Business,Technology,Office Machines,Hewlett Packard 6S Scientific Calculator,Medium Box,0.39,5/23/2009
6075,43044,10/17/2009,Medium,23,103.5,0.06,Regular Air,-73.07,4.24,5.41,Laurel Workman,Alberta,West,Home Office,Office Supplies,Binders and Binder Accessories,Storex DuraTech Recycled Plastic Frosted Binders,Small Box,0.35,10/19/2009
6076,43044,10/17/2009,Medium,3,19707.2,0.04,Regular Air,-12558.00,6783.02,24.49,Laurel Workman,Alberta,West,Home Office,Technology,Office Machines,Polycom ViewStationª ISDN Videoconferencing Unit,Large Box,0.39,10/19/2009
6793,48416,7/6/2009,Not Specified,23,167.66,0.01,Regular Air,-15.48,6.68,4.91,Ken Dana,Alberta,West,Small Business,Office Supplies,Paper,Xerox 1986,Small Box,0.37,7/8/2009
8391,59942,2/8/2009,Medium,47,714.46,0.07,Regular Air,-268.65,15.98,8.99,Max Engle,Alberta,West,Corporate,Technology,Computer Peripherals,"Imation 3.5"" DS/HD IBM Formatted Diskettes, 50/Pack",Small Pack,0.64,2/10/2009
2789,20128,8/31/2009,Not Specified,32,279.43,0,Regular Air,48.47,8.5,1.99,Chuck Clark,Alberta,West,Corporate,Technology,Computer Peripherals,Hewlett-Packard 4.7GB DVD+R Discs,Small Pack,0.49,9/2/2009
2790,20128,8/31/2009,Not Specified,5,515.22,0.03,Regular Air,-152.54,95.43,19.99,Chuck Clark,Alberta,West,Corporate,Office Supplies,Storage & Organization,Fellowes Stor/Drawer¨ Steel Plusª Storage Drawers,Small Box,0.79,9/2/2009
4355,31043,7/15/2009,High,49,772.42,0.02,Regular Air,299.33,15.28,1.99,Bobby Odegard,Alberta,West,Corporate,Technology,Computer Peripherals,"Memorex 4.7GB DVD+R, 3/Pack",Small Pack,0.42,7/16/2009
4356,31043,7/15/2009,High,3,221.4675,0,Regular Air,-302.23,85.99,3.3,Bobby Odegard,Alberta,West,Corporate,Technology,Telephones and Communication,Accessory20,Small Pack,0.37,7/16/2009
4547,32355,5/20/2009,Not Specified,34,211.86,0.01,Regular Air,-239.32,5.94,9.92,Daniel Byrd,Alberta,West,Home Office,Office Supplies,Binders and Binder Accessories,Storex Dura Proª Binders,Small Box,0.38,5/23/2009
4548,32355,5/20/2009,Not Specified,50,355.03,0,Regular Air,-33.31,6.48,5.11,Daniel Byrd,Alberta,West,Home Office,Office Supplies,Paper,Xerox 231,Small Box,0.37,5/22/2009
5433,38598,8/15/2009,Low,17,14665.15,0.04,Delivery Truck,2860.31,880.98,44.55,Chloris Kastensmidt,Alberta,West,Consumer,Furniture,Bookcases,"Riverside Palais Royal Lawyers Bookcase, Royale Cherry Finish",Jumbo Box,0.62,8/19/2009
5434,38598,8/15/2009,Low,24,324.97,0.07,Regular Air,113.98,13.4,4.95,Chloris Kastensmidt,Alberta,West,Consumer,Furniture,Office Furnishings,Electrix 20W Halogen Replacement Bulb for Zoom-In Desk Lamp,Small Pack,0.37,8/20/2009
5435,38598,8/15/2009,Low,27,451.52,0.01,Regular Air,-70.52,15.99,11.28,Chloris Kastensmidt,Alberta,West,Consumer,Technology,Office Machines,"210 Trimline Phone, White",Medium Box,0.38,8/22/2009
5803,41154,4/30/2009,Low,43,938.37,0.02,Regular Air,251.17,21.98,2.87,Roger Barcio,Alberta,West,Corporate,Office Supplies,Pens & Art Supplies,Panasonic KP-310 Heavy-Duty Electric Pencil Sharpener,Small Pack,0.55,5/2/2009
6199,43909,1/7/2009,High,46,737.25,0.08,Regular Air,-199.13,15.99,13.18,Chloris Kastensmidt,Alberta,West,Consumer,Office Supplies,Binders and Binder Accessories,"GBC Pre-Punched Binding Paper, Plastic, White, 8-1/2"" x 11""",Small Box,0.37,1/8/2009
7351,52357,9/3/2009,Not Specified,49,541.47,0.05,Regular Air,90.62,10.98,4.8,Bobby Odegard,Alberta,West,Corporate,Office Supplies,Envelopes,"Manila Recycled Extra-Heavyweight Clasp Envelopes, 6"" x 9""",Small Box,0.36,9/5/2009
7507,53573,3/15/2009,Not Specified,6,93.73,0.03,Regular Air,51.14,14.2,5.3,Daniel Byrd,Alberta,West,Home Office,Furniture,Office Furnishings,Coloredge Poster Frame,Wrap Bag,0.46,3/17/2009
8038,57412,7/13/2009,Low,34,223.499,0.06,Regular Air,-122.13,7.99,5.03,Carl Weiss,Alberta,West,Consumer,Technology,Telephones and Communication,Bell Sonecor JB700 Caller ID,Medium Box,0.6,7/13/2009
11,66,1/19/2009,Low,41,108.15,0.09,Regular Air,7.57,2.88,0.7,Arthur Gainer,Alberta,West,Consumer,Office Supplies,Pens & Art Supplies,Newell 340,Wrap Bag,0.56,1/19/2009
251,1762,8/19/2009,Not Specified,29,857.11,0.07,Regular Air,285.20,31.78,1.99,Lisa Hazard,Alberta,West,Home Office,Technology,Computer Peripherals,"Memorex 4.7GB DVD-RAM, 3/Pack",Small Pack,0.42,8/21/2009
252,1762,8/19/2009,Not Specified,11,69.6,0,Regular Air,6.46,5.98,2.5,Lisa Hazard,Alberta,West,Home Office,Office Supplies,Envelopes,Wausau Papers Astrobrights¨ Colored Envelopes,Small Box,0.36,8/20/2009
253,1762,8/19/2009,Not Specified,43,1279.505,0.1,Express Air,384.20,35.99,1.1,Lisa Hazard,Alberta,West,Home Office,Technology,Telephones and Communication,Accessory35,Small Box,0.55,8/20/2009
879,6310,5/3/2009,Not Specified,27,216.95,0.08,Regular Air,-88.82,8.09,7.96,Katharine Harms,Alberta,West,Consumer,Furniture,Office Furnishings,"6"" Cubicle Wall Clock, Black",Small Box,0.49,5/4/2009
3041,21831,9/19/2009,Not Specified,6,28.39,0.05,Regular Air,3.84,4.98,0.49,Pauline Webber,Alberta,West,Consumer,Office Supplies,Labels,Avery White Multi-Purpose Labels,Small Box,0.39,9/19/2009
3171,22818,5/22/2009,Critical,50,6277.75,0.1,Delivery Truck,-592.43,130.98,30,Mitch Gastineau,Alberta,West,Small Business,Furniture,Chairs & Chairmats,"Office Star - Contemporary Task Swivel chair with 2-way adjustable arms, Plum",Jumbo Drum,0.78,5/24/2009
3172,22818,5/22/2009,Low,19,360.24,0.08,Regular Air,-53.82,19.98,4,Mitch Gastineau,Alberta,West,Small Business,Technology,Computer Peripherals,Belkin 105-Key Black Keyboard,Small Box,0.68,5/26/2009
6113,43301,8/21/2009,Critical,33,3537.84,0,Delivery Truck,-80.86,100.89,42,Matthew Grinstein,Alberta,West,Small Business,Furniture,Chairs & Chairmats,Office Star Flex Back Scooter Chair with Aluminum Finish Frame,Jumbo Drum,0.61,8/22/2009
6114,43301,8/21/2009,Critical,43,2221.2,0.01,Regular Air,-1127.22,48.91,35,Matthew Grinstein,Alberta,West,Small Business,Office Supplies,Storage & Organization,Tennsco Industrial Shelving,Large Box,0.83,8/23/2009
6348,44995,8/6/2009,High,46,1219.2485,0.01,Regular Air,132.79,28.99,8.59,Maria Etezadi,Alberta,West,Home Office,Technology,Telephones and Communication,SouthWestern Bell FA970 Digital Answering Machine with Time/Day Stamp,Medium Box,0.56,8/7/2009
7806,55846,7/20/2009,Not Specified,30,221.05,0.02,Regular Air,-66.38,7.1,6.05,Cari MacIntyre,Alberta,West,Corporate,Office Supplies,Binders and Binder Accessories,"Wilson Jones Hanging View Binder, White, 1""",Small Box,0.39,7/20/2009
261,1824,5/4/2009,Critical,39,10656.26,0.06,Regular Air,3116.54,276.2,24.49,Becky Pak,Alberta,West,Corporate,Furniture,Chairs & Chairmats,SAFCO Arco Folding Chair,Large Box,,5/5/2009
262,1824,5/4/2009,Critical,2,17.06,0.09,Regular Air,-5.20,6.28,5.29,Becky Pak,Alberta,West,Corporate,Furniture,Office Furnishings,"Eldon¨ 200 Classª Desk Accessories, Burgundy",Small Box,0.43,5/4/2009
659,4645,9/19/2009,Critical,30,920,0.08,Regular Air,-45.07,30.73,4,Clytie Kelty,Alberta,West,Small Business,Technology,Computer Peripherals,Fellowes 17-key keypad for PS/2 interface,Small Box,0.75,9/19/2009
660,4645,9/19/2009,Critical,7,104.2,0.05,Regular Air,-8.53,14.56,3.5,Clytie Kelty,Alberta,West,Small Business,Office Supplies,Appliances,Acco 6 Outlet Guardian Premium Surge Suppressor,Small Box,0.58,9/21/2009
661,4645,9/19/2009,Critical,11,3563.88,0,Regular Air,285.95,299.99,11.64,Clytie Kelty,Alberta,West,Small Business,Technology,Copiers and Fax,Brother DCP1000 Digital 3 in 1 Multifunction Machine,Large Box,0.5,9/21/2009
1074,7909,1/3/2009,High,29,122.23,0.03,Regular Air,24.55,4.26,1.2,Alex Russell,Alberta,West,Home Office,Office Supplies,Pens & Art Supplies,"Dixon Prang¨ Watercolor Pencils, 10-Color Set with Brush",Wrap Bag,0.44,1/4/2009
1179,8614,6/4/2009,Low,13,1289.127,0.06,Regular Air,-16.34,115.99,5.92,Tom Boeckenhauer,Alberta,West,Corporate,Technology,Telephones and Communication,8890,Small Box,0.58,6/6/2009
1355,9888,9/12/2009,Low,48,8374.132,0.06,Regular Air,2568.10,205.99,8.99,Adam Shillingsburg,Alberta,West,Corporate,Technology,Telephones and Communication,TimeportP7382,Small Box,0.56,9/19/2009
1950,13959,4/4/2009,Medium,47,228.46,0.01,Regular Air,112.06,4.91,0.5,Alex Russell,Alberta,West,Home Office,Office Supplies,Labels,Avery 493,Small Box,0.36,4/6/2009
1951,13959,4/4/2009,Medium,19,77.61,0.09,Express Air,16.79,4,1.3,Alex Russell,Alberta,West,Home Office,Office Supplies,Paper,EcoTones¨ Memo Sheets,Wrap Bag,0.37,4/6/2009
2488,18119,6/24/2009,Low,37,347.84,0,Regular Air,-99.25,8.74,8.29,Trudy Bell,Alberta,West,Consumer,Office Supplies,Envelopes,"#10- 4 1/8"" x 9 1/2"" Recycled Envelopes",Small Box,0.38,6/26/2009
3943,28097,5/13/2009,Medium,43,2438.7,0,Regular Air,-1413.18,55.5,52.2,Claire Good,Alberta,West,Home Office,Furniture,Office Furnishings,Eldon Cleatmat¨ Chair Mats for Medium Pile Carpets,Medium Box,0.72,5/16/2009
4094,29187,7/31/2009,Low,5,142.3,0.03,Regular Air,-24.18,24.92,12.98,Rick Wilson,Alberta,West,Consumer,Office Supplies,Binders and Binder Accessories,GBC Standard Therm-A-Bind Covers,Small Box,0.39,8/4/2009
4095,29187,7/31/2009,Low,8,21.93,0.09,Regular Air,-37.79,2.16,6.05,Rick Wilson,Alberta,West,Consumer,Office Supplies,Binders and Binder Accessories,Peel & Stick Add-On Corner Pockets,Small Box,0.37,8/4/2009
4096,29187,7/31/2009,Low,35,26095.13,0.03,Delivery Truck,12606.81,808.49,55.3,Rick Wilson,Alberta,West,Consumer,Technology,Office Machines,"Hewlett-Packard Business Color Inkjet 3000 [N, DTN] Series Printers",Jumbo Drum,0.4,8/7/2009
4097,29187,7/31/2009,Low,10,75.58,0,Regular Air,-43.26,6.48,8.19,Rick Wilson,Alberta,West,Consumer,Office Supplies,Paper,Xerox 217,Small Box,0.37,8/7/2009
4098,29187,7/31/2009,Low,42,477.53,0.03,Regular Air,51.17,10.98,3.37,Rick Wilson,Alberta,West,Consumer,Office Supplies,"Scissors, Rulers and Trimmers",Fiskars¨ Softgrip Scissors,Small Pack,0.57,8/4/2009
4221,29988,6/12/2009,High,12,5177.4,0.06,Delivery Truck,287.50,449.99,49,Adam Shillingsburg,Alberta,West,Corporate,Technology,Copiers and Fax,Canon PC940 Copier,Jumbo Drum,0.38,6/14/2009
4832,34374,6/30/2009,Low,42,344.57,0.04,Regular Air,37.41,8.33,1.99,Frank Olsen,Alberta,West,Small Business,Technology,Computer Peripherals,"80 Minute Slim Jewel Case CD-R , 10/Pack - Staples",Small Pack,0.52,7/7/2009
4857,34565,7/13/2009,Medium,47,4815.862,0.08,Regular Air,1316.79,125.99,4.2,Valerie Takahito,Alberta,West,Consumer,Technology,Telephones and Communication,i1000plus,Small Box,0.57,7/14/2009
5200,36934,12/22/2009,Medium,7,1120.86,0.02,Express Air,17.40,150.98,13.99,Brooke Gillingham,Alberta,West,Small Business,Technology,Office Machines,Canon MP41DH Printing Calculator,Medium Box,0.38,12/24/2009
5201,36934,12/22/2009,Medium,2,11.51,0.1,Regular Air,-5.16,5.43,0.95,Brooke Gillingham,Alberta,West,Small Business,Office Supplies,Paper,"Wirebound Message Book, 4 per Page",Wrap Bag,0.36,12/24/2009
5202,36934,12/22/2009,Medium,45,6668.856,0.01,Delivery Truck,871.97,179.29,29.21,Brooke Gillingham,Alberta,West,Small Business,Furniture,Tables,"Bevis Round Conference Table Top, X-Base",Jumbo Box,0.74,12/23/2009
5278,37542,7/20/2009,Medium,26,2546.5235,0.09,Express Air,210.00,125.99,7.69,Adam Shillingsburg,Alberta,West,Corporate,Technology,Telephones and Communication,StarTAC 3000,Small Box,0.59,7/22/2009
5475,38887,10/24/2009,Critical,25,378.9,0.02,Regular Air,28.46,14.45,7.17,Trudy Bell,Alberta,West,Consumer,Office Supplies,Binders and Binder Accessories,"Acco Recycled 2"" Capacity Laser Printer Hanging Data Binders",Small Box,0.38,10/25/2009
5476,38887,10/24/2009,Critical,50,264.05,0.07,Regular Air,25.05,5.58,1.99,Trudy Bell,Alberta,West,Consumer,Office Supplies,Pens & Art Supplies,DIXON Ticonderoga¨ Erasable Checking Pencils,Wrap Bag,0.46,10/26/2009
5509,39072,2/22/2009,High,50,1633.37,0.08,Regular Air,144.69,34.99,7.73,Adam Shillingsburg,Alberta,West,Corporate,Office Supplies,Pens & Art Supplies,Hunt Boston¨ Vacuum Mount KS Pencil Sharpener,Small Box,0.59,2/23/2009
5612,39750,3/27/2009,High,7,140.59,0.01,Regular Air,-35.88,17.98,8.51,Adam Shillingsburg,Alberta,West,Corporate,Technology,Office Machines,Canon P1-DHIII Palm Printing Calculator,Medium Box,0.4,3/28/2009
5654,40006,6/15/2009,Not Specified,35,157.99,0.03,Regular Air,-105.55,4.24,5.41,Adam Shillingsburg,Alberta,West,Corporate,Office Supplies,Binders and Binder Accessories,Storex DuraTech Recycled Plastic Frosted Binders,Small Box,0.35,6/17/2009
5655,40006,6/15/2009,Not Specified,48,141.59,0.04,Regular Air,20.26,2.94,0.7,Adam Shillingsburg,Alberta,West,Corporate,Office Supplies,Pens & Art Supplies,Newell 338,Wrap Bag,0.58,6/16/2009
6531,46469,8/16/2009,Critical,17,1210.72,0.05,Delivery Truck,-382.43,70.98,30,Adam Shillingsburg,Alberta,West,Corporate,Furniture,Chairs & Chairmats,Novimex High-Tech Fabric Mesh Task Chair,Jumbo Drum,0.78,8/18/2009
6532,46469,8/16/2009,Critical,18,93.26,0.05,Regular Air,-35.36,4.98,4.7,Adam Shillingsburg,Alberta,West,Corporate,Office Supplies,Paper,Staples Copy Paper (20Lb. and 84 Bright),Small Box,0.38,8/18/2009
6640,47207,12/18/2009,Low,15,437.87,0.09,Express Air,-111.94,30.98,6.5,Ken Lonsdale,Alberta,West,Consumer,Technology,Computer Peripherals,Belkin ErgoBoardª Keyboard,Small Box,0.64,12/22/2009
7754,55490,11/16/2009,Medium,3,246.2,0.04,Delivery Truck,-184.16,70.89,89.3,Becky Pak,Alberta,West,Corporate,Furniture,Tables,KI Conference Tables,Jumbo Box,0.72,11/17/2009
7856,56163,8/11/2009,Not Specified,3,119.9,0.03,Regular Air,-14.47,37.94,5.08,Claire Good,Alberta,West,Home Office,Office Supplies,Paper,"Snap-A-Way¨ Black Print Carbonless Ruled Speed Letter, Triplicate",Wrap Bag,0.38,8/13/2009
8029,57378,12/28/2009,Not Specified,9,266.27,0.02,Regular Air,-5.70,29.89,1.99,Sibella Parks,Alberta,West,Small Business,Technology,Computer Peripherals,"Verbatim DVD-RAM, 5.2GB, Rewritable, Type 1, DS",Small Pack,0.5,12/29/2009
8030,57378,12/28/2009,Not Specified,10,38.44,0.01,Express Air,-26.19,3.28,3.97,Sibella Parks,Alberta,West,Small Business,Office Supplies,Pens & Art Supplies,Newell 337,Wrap Bag,0.56,12/28/2009
8241,58914,4/9/2009,Low,46,99.94,0.07,Regular Air,-55.84,2.12,1.99,Alex Russell,Alberta,West,Home Office,Technology,Computer Peripherals,Fuji Slim Jewel Case CD-R,Small Pack,0.55,4/11/2009
8242,58914,4/9/2009,Low,11,18.7,0.07,Regular Air,-3.36,1.76,0.7,Alex Russell,Alberta,West,Home Office,Office Supplies,Pens & Art Supplies,Newell 326,Wrap Bag,0.56,4/16/2009
64,359,12/18/2009,Medium,30,3659.66,0.08,Delivery Truck,-500.38,124.49,51.94,Cari Sayre,Alberta,West,Corporate,Furniture,Tables,Bevis 36 x 72 Conference Tables,Jumbo Box,0.63,12/19/2009
349,2433,8/21/2009,Not Specified,14,24105.87,0.07,Delivery Truck,4073.25,2036.48,14.7,Cari Sayre,Alberta,West,Corporate,Technology,Office Machines,Lexmark 4227 Plus Dot Matrix Printer,Jumbo Drum,0.55,8/21/2009
1011,7398,6/1/2009,Not Specified,6,55.77,0.04,Regular Air,-4.37,9.11,2.25,Craig Carroll,Alberta,West,Corporate,Office Supplies,Pens & Art Supplies,Dixon Ticonderoga Core-Lock Colored Pencils,Wrap Bag,0.52,6/4/2009
1012,7398,6/1/2009,Not Specified,34,2181.44,0.07,Regular Air,-896.34,64.65,35,Craig Carroll,Alberta,West,Corporate,Office Supplies,Storage & Organization,Space Solutions Commercial Steel Shelving,Large Box,0.8,6/3/2009
1018,7431,5/1/2009,Medium,33,78.81,0.03,Regular Air,-93.25,2.23,4.57,Georgia Rosenberg,Alberta,West,Consumer,Furniture,Office Furnishings,Eldon Pizzazª Desk Accessories,Small Pack,0.41,5/2/2009
1115,8165,10/15/2009,Low,35,183.45,0.01,Regular Air,-149.66,4.98,7.44,Cari Sayre,Alberta,West,Corporate,Office Supplies,Paper,Xerox 1922,Small Box,0.36,10/24/2009
1262,9187,8/21/2009,High,40,174.64,0.04,Regular Air,-143.23,4.37,5.15,Daniel Lacy,Alberta,West,Small Business,Office Supplies,Appliances,"Eureka Sanitaire ¨ Multi-Pro Heavy-Duty Upright, Disposable Bags",Small Box,0.59,8/22/2009
1263,9187,8/21/2009,High,8,994.228,0.09,Regular Air,-446.58,155.99,8.99,Daniel Lacy,Alberta,West,Small Business,Technology,Telephones and Communication,CF 688,Small Box,0.58,8/23/2009
1265,9219,9/28/2009,Low,24,1239.81,0.04,Regular Air,-13.28,50.98,6.5,Craig Leslie,Alberta,West,Consumer,Technology,Computer Peripherals,Microsoft Natural Multimedia Keyboard,Small Box,0.73,10/3/2009
1266,9219,9/28/2009,Low,41,273.32,0.02,Regular Air,-48.68,6.48,5.14,Craig Leslie,Alberta,West,Consumer,Office Supplies,Paper,Xerox 23,Small Box,0.37,9/30/2009
1336,9762,1/3/2009,High,12,262.76,0.05,Regular Air,-146.05,20.98,21.2,Larry Tron,Alberta,West,Home Office,Furniture,Office Furnishings,36X48 HARDFLOOR CHAIRMAT,Medium Box,0.78,1/4/2009
1484,10663,5/23/2009,High,40,104.39,0.07,Regular Air,38.45,2.61,0.5,Emily Grady,Alberta,West,Home Office,Office Supplies,Labels,Avery 494,Small Box,0.39,5/23/2009
1663,11972,1/3/2009,Not Specified,4,896.49,0,Delivery Truck,-452.27,213.45,14.7,Ann Steele,Alberta,West,Corporate,Technology,Office Machines,Panasonic KX-P2130 Dot Matrix Printer,Jumbo Drum,0.59,1/5/2009
2086,14916,2/27/2009,Low,16,1685.941,0.07,Express Air,21.02,125.99,8.8,Cari Sayre,Alberta,West,Corporate,Technology,Telephones and Communication,StarTAC 6500,Small Box,0.59,3/1/2009
2368,17155,1/28/2009,Medium,36,267.53,0,Express Air,85.17,6.88,2,Cari Sayre,Alberta,West,Home Office,Office Supplies,Paper,"Adams Phone Message Book, 200 Message Capacity, 8 1/16Ó x 11Ó",Wrap Bag,0.39,1/29/2009
2369,17155,1/28/2009,Medium,31,1065.26,0.03,Express Air,-900.27,32.48,35,Cari Sayre,Alberta,West,Home Office,Office Supplies,Storage & Organization,Fellowes Neat Ideas¨ Storage Cubes,Large Box,0.81,1/28/2009
2554,18496,5/15/2009,High,30,991.01,0.01,Regular Air,46.29,30.98,6.5,Larry Tron,Alberta,West,Corporate,Technology,Computer Peripherals,Belkin ErgoBoardª Keyboard,Small Box,0.64,5/16/2009
2555,18496,5/15/2009,High,29,1267.42,0.01,Regular Air,177.79,40.99,19.99,Larry Tron,Alberta,West,Corporate,Office Supplies,Paper,"White Dual Perf Computer Printout Paper, 2700 Sheets, 1 Part, Heavyweight, 20 lbs., 14 7/8 x 11",Small Box,0.36,5/18/2009
2645,19140,9/30/2009,Medium,47,314,0.07,Regular Air,-66.04,6.54,5.27,Ann Steele,Alberta,West,Corporate,Office Supplies,Binders and Binder Accessories,Wilson Jones¨ Four-Pocket Poly Binders,Small Box,0.36,10/1/2009
2646,19140,9/30/2009,Medium,50,155.54,0.09,Regular Air,15.66,3.29,1.35,Ann Steele,Alberta,West,Corporate,Office Supplies,Rubber Bands,Acco¨ Hot Clipsª Clips to Go,Wrap Bag,0.4,10/1/2009
2652,19175,8/19/2009,Low,19,1133.4495,0.01,Regular Air,169.16,65.99,5.31,Frank Merwin,Alberta,West,Consumer,Technology,Telephones and Communication,3390,Small Box,0.57,8/26/2009
2688,19457,7/12/2009,High,34,203.49,0.05,Regular Air,90.35,6.3,0.5,Alice McCarthy,Alberta,West,Corporate,Office Supplies,Labels,Avery 51,Small Box,0.39,7/13/2009
2689,19457,7/12/2009,High,33,5638.798,0.09,Express Air,1406.05,205.99,3,Alice McCarthy,Alberta,West,Corporate,Technology,Telephones and Communication,6185,Small Box,0.58,7/14/2009
3522,25063,6/29/2009,Not Specified,24,711.875,0.04,Regular Air,217.33,35.99,3.3,Emily Grady,Alberta,West,Home Office,Technology,Telephones and Communication,Accessory9,Small Pack,0.39,6/29/2009
3723,26627,10/30/2009,Medium,25,38.37,0.1,Regular Air,-13.88,1.6,1.29,Larry Tron,Alberta,West,Home Office,Office Supplies,Pens & Art Supplies,Sanford Pocket Accent¨ Highlighters,Wrap Bag,0.42,10/30/2009
4600,32800,1/21/2009,Not Specified,33,11336.37,0.04,Delivery Truck,1161.75,355.98,58.92,Larry Tron,Alberta,West,Home Office,Furniture,Chairs & Chairmats,Hon 4700 Series Mobuisª Mid-Back Task Chairs with Adjustable Arms,Jumbo Drum,0.64,1/22/2009
4601,32800,1/21/2009,Not Specified,19,354.13,0.09,Regular Air,8.79,19.98,8.68,Larry Tron,Alberta,West,Home Office,Office Supplies,Paper,Southworth 25% Cotton Premium Laser Paper and Envelopes,Small Box,0.37,1/22/2009
4602,32800,1/21/2009,Not Specified,40,751.94,0.07,Regular Air,69.08,19.98,8.68,Larry Tron,Alberta,West,Home Office,Office Supplies,Paper,Southworth 25% Cotton Premium Laser Paper and Envelopes,Small Box,0.37,1/23/2009
5120,36455,2/19/2009,High,48,1838.19,0.03,Regular Air,561.43,39.48,1.99,Frank Merwin,Alberta,West,Consumer,Technology,Computer Peripherals,"80 Minute CD-R Spindle, 100/Pack - Staples",Small Pack,0.54,2/21/2009
5550,39301,3/22/2009,Medium,4,33.54,0.08,Regular Air,-29.49,6.84,8.37,Kelly Williams,Alberta,West,Corporate,Office Supplies,"Scissors, Rulers and Trimmers","Acme Design Line 8"" Stainless Steel Bent Scissors w/Champagne Handles, 3-1/8"" Cut",Small Pack,0.58,3/24/2009
6257,44294,6/3/2009,Low,15,107.86,0.09,Express Air,-85.29,6.48,9.68,Grace Kelly,Alberta,West,Consumer,Office Supplies,Paper,Xerox 1993,Small Box,0.36,6/10/2009
6258,44294,6/3/2009,Low,13,305.6,0.09,Delivery Truck,-445.77,20.98,45,Grace Kelly,Alberta,West,Consumer,Office Supplies,Storage & Organization,"Tennsco Lockers, Sand",Jumbo Drum,0.61,6/3/2009
6259,44294,6/3/2009,Low,8,447.0405,0.04,Regular Air,-206.15,65.99,8.99,Grace Kelly,Alberta,West,Consumer,Technology,Telephones and Communication,SC-3160,Small Box,0.59,6/5/2009
6273,44391,1/10/2009,Not Specified,16,112.81,0.02,Regular Air,-85.23,6.48,9.17,Ann Steele,Alberta,West,Corporate,Office Supplies,Paper,Xerox 1996,Small Box,0.37,1/11/2009
6740,47974,8/31/2009,Medium,6,18.02,0.01,Regular Air,-3.09,2.78,1.34,Frank Merwin,Alberta,West,Corporate,Office Supplies,Pens & Art Supplies,Prang Drawing Pencil Set,Wrap Bag,0.45,9/2/2009
6851,48775,9/6/2009,Low,17,108.11,0.09,Regular Air,-62.23,6.48,6.86,Craig Carroll,Alberta,West,Corporate,Office Supplies,Paper,Xerox 204,Small Box,0.37,9/8/2009
7092,50625,4/23/2009,Medium,10,29.12,0.08,Regular Air,7.13,2.88,0.5,Frank Merwin,Alberta,West,Consumer,Office Supplies,Labels,Avery 507,Small Box,0.39,4/24/2009
7411,52870,3/9/2009,Not Specified,21,118.51,0.03,Regular Air,-948.71,3.25,49,Ann Steele,Alberta,West,Corporate,Office Supplies,Appliances,"Bravo IIª Megaboss¨ 12-Amp Hard Body Upright, Replacement Belts, 2 Belts per Pack",Large Box,0.56,3/11/2009
7417,52897,8/22/2009,Medium,40,2055.98,0,Regular Air,1016.86,47.9,5.86,Larry Tron,Alberta,West,Home Office,Office Supplies,Paper,Xerox 1938,Small Box,0.37,8/24/2009
7531,53798,4/19/2009,Low,29,2317.65,0,Regular Air,568.60,78.65,13.99,Kelly Williams,Alberta,West,Corporate,Office Supplies,Appliances,Honeywell Quietcare HEPA Air Cleaner,Medium Box,0.52,4/26/2009
7532,53798,4/19/2009,Low,41,4987.73,0.08,Delivery Truck,-1867.97,122.99,70.2,Kelly Williams,Alberta,West,Corporate,Furniture,Chairs & Chairmats,"Global High-Back Leather Tilter, Burgundy",Jumbo Drum,0.74,4/24/2009
7747,55459,4/25/2009,Critical,5,126.95,0,Regular Air,-4.17,22.84,8.18,Larry Tron,Alberta,West,Home Office,Office Supplies,Paper,Xerox 1991,Small Box,0.39,4/27/2009
7915,56582,6/12/2009,Low,25,2612.89,0.04,Regular Air,490.99,105.29,10.12,Harold Pawlan,Alberta,West,Small Business,Furniture,Office Furnishings,Eldon Antistatic Chair Mats for Low to Medium Pile Carpets,Large Box,0.79,6/16/2009
7916,56582,6/12/2009,Low,47,1146.992,0.07,Delivery Truck,-1643.74,31.76,45.51,Harold Pawlan,Alberta,West,Small Business,Furniture,Tables,Hon iLevelª Computer Training Table,Jumbo Box,0.65,6/14/2009
8273,59170,2/17/2009,High,44,242.46,0.02,Regular Air,9.30,5.34,2.99,Frank Merwin,Alberta,West,Consumer,Office Supplies,Binders and Binder Accessories,Wilson Jones 14 Line Acrylic Coated Pressboard Data Binders,Small Box,0.38,2/18/2009
8274,59170,2/17/2009,High,10,607.77,0.04,Regular Air,232.00,62.18,10.84,Frank Merwin,Alberta,West,Consumer,Furniture,Office Furnishings,Deflect-o Glass Clear Studded Chair Mats,Medium Box,0.63,2/19/2009
8275,59170,2/17/2009,High,22,954.57,0.03,Regular Air,-380.90,41.47,34.2,Frank Merwin,Alberta,West,Consumer,Furniture,Office Furnishings,Eldon Econocleat¨ Chair Mats for Low Pile Carpets,Wrap Bag,0.73,2/19/2009
8276,59170,2/17/2009,High,5,8767.62,0.04,Regular Air,-1510.89,1938.02,13.99,Frank Merwin,Alberta,West,Consumer,Technology,Office Machines,Polycom ViewStationª Adapter H323 Videoconferencing Unit,Medium Box,0.38,2/19/2009
8303,59297,12/9/2009,Medium,13,1582.47,0.05,Delivery Truck,-205.02,119.99,56.14,Annie Thurman,Alberta,West,Consumer,Technology,Office Machines,Hewlett-Packard 2600DN Business Color Inkjet Printer,Jumbo Box,0.39,12/11/2009
551,3746,9/10/2009,Not Specified,14,1463.0965,0,Regular Air,162.67,115.99,2.5,Alan Dominguez,Alberta,West,Corporate,Technology,Telephones and Communication,6160,Small Box,0.57,9/10/2009
552,3746,9/10/2009,Not Specified,38,246.3,0.02,Regular Air,-67.49,5.98,5.79,Alan Dominguez,Alberta,West,Corporate,Office Supplies,Paper,Xerox 1903,Small Box,0.36,9/11/2009
640,4514,4/29/2009,Medium,28,2841.4395,0.08,Regular Air,374.63,125.99,7.69,Yoseph Carroll,Alberta,West,Consumer,Technology,Telephones and Communication,StarTAC 3000,Small Box,0.59,4/30/2009
728,5222,5/26/2009,Not Specified,40,14451.75,0.01,Delivery Truck,4503.63,349.45,60,Tonja Turnell,Alberta,West,Consumer,Furniture,Tables,"SAFCO PlanMaster Heigh-Adjustable Drafting Table Base, 43w x 30d x 30-37h, Black",Jumbo Drum,,5/27/2009
757,5441,7/20/2009,Not Specified,34,226.83,0.02,Regular Air,-92.05,6.48,6.6,Brendan Sweed,Alberta,West,Consumer,Office Supplies,Paper,Xerox 21,Small Box,0.37,7/22/2009
758,5441,7/20/2009,Not Specified,16,278.92,0.04,Regular Air,6.11,17.15,4.96,Brendan Sweed,Alberta,West,Consumer,Office Supplies,Storage & Organization,Advantus Rolling Storage Box,Small Box,0.58,7/21/2009
914,6562,12/20/2009,Critical,12,17274.87,0.02,Delivery Truck,2028.12,1360.14,14.7,Brendan Sweed,Alberta,West,Consumer,Technology,Office Machines,Okidata ML395C Color Dot Matrix Printer,Jumbo Drum,0.59,12/22/2009
998,7203,1/8/2009,High,25,21752.01,0.03,Regular Air,9296.35,896.99,19.99,Ruben Dartt,Alberta,West,Corporate,Office Supplies,Binders and Binder Accessories,GBC DocuBind TL300 Electric Binding System,Small Box,0.38,1/10/2009
1047,7719,3/21/2009,Low,37,522.62,0.02,Regular Air,34.52,13.48,4.51,Tony Sayre,Alberta,West,Home Office,Office Supplies,Storage & Organization,"Tenex Personal Project File with Scoop Front Design, Black",Small Box,0.59,3/23/2009
1146,8353,5/15/2009,Medium,34,286.9,0.06,Regular Air,-36.63,8.32,2.38,Brendan Sweed,Alberta,West,Consumer,Technology,Computer Peripherals,"Imation 3.5 IBM Formatted Diskettes, 10/Box",Small Pack,0.74,5/17/2009
1147,8353,5/15/2009,Medium,16,46.4,0.08,Regular Air,-2.12,2.94,0.96,Brendan Sweed,Alberta,West,Consumer,Office Supplies,Pens & Art Supplies,Newell 343,Wrap Bag,0.58,5/17/2009
1232,8997,7/1/2009,Low,40,17279.62,0.04,Regular Air,4176.25,449.99,24.49,Tony Sayre,Alberta,West,Small Business,Technology,Copiers and Fax,Canon PC940 Copier,Large Box,0.52,7/5/2009
1233,8997,7/1/2009,Low,20,120.3,0.01,Regular Air,20.38,5.84,1.2,Tony Sayre,Alberta,West,Small Business,Office Supplies,Pens & Art Supplies,Newell 312,Wrap Bag,0.55,7/10/2009
1293,9476,5/25/2009,Not Specified,10,165.04,0.08,Express Air,-66.59,15.99,13.18,Ruben Dartt,Alberta,West,Corporate,Office Supplies,Binders and Binder Accessories,"GBC Pre-Punched Binding Paper, Plastic, White, 8-1/2"" x 11""",Small Box,0.37,5/27/2009
1450,10464,8/10/2009,Critical,23,121.73,0.01,Regular Air,-69.07,4.98,6.07,Brendan Sweed,Alberta,West,Consumer,Office Supplies,Paper,Xerox 1897,Small Box,0.36,8/11/2009
1529,11013,4/17/2009,High,2,226.882,0.01,Regular Air,-582.65,125.99,8.99,Ruben Dartt,Alberta,West,Corporate,Technology,Telephones and Communication,M70,Small Box,0.59,4/18/2009
1635,11840,8/14/2009,Critical,43,181.5,0.08,Regular Air,-6.24,4.48,2.5,Yoseph Carroll,Alberta,West,Consumer,Office Supplies,Envelopes,Ampad #10 Peel & Seel¨ Holiday Envelopes,Small Box,0.37,8/15/2009
1652,11909,11/24/2009,Not Specified,11,194.174,0.03,Regular Air,-20.91,20.99,0.99,Stephanie Phelps,Alberta,West,Consumer,Technology,Telephones and Communication,Accessory25,Wrap Bag,0.57,11/26/2009
1756,12581,10/20/2009,High,31,1768.969,0,Express Air,341.10,65.99,5.99,Steven Roelle,Alberta,West,Small Business,Technology,Telephones and Communication,i1000,Small Box,0.58,10/22/2009
1933,13825,3/21/2009,High,30,186.79,0.09,Regular Air,-88.60,6.48,6.35,Christopher Conant,Alberta,West,Home Office,Office Supplies,Paper,Xerox 200,Small Box,0.37,3/22/2009
2377,17251,10/27/2009,Not Specified,26,2951.438,0,Regular Air,667.28,125.99,8.99,Clay Cheatham,Alberta,West,Small Business,Technology,Telephones and Communication,5170i,Small Box,0.57,10/29/2009
2516,18279,2/26/2009,Medium,22,184.35,0.07,Regular Air,11.95,8.33,1.99,Stephanie Phelps,Alberta,West,Consumer,Technology,Computer Peripherals,"80 Minute Slim Jewel Case CD-R , 10/Pack - Staples",Small Pack,0.52,2/28/2009
2517,18279,2/26/2009,Medium,20,10281.79,0.03,Regular Air,3272.90,499.99,24.49,Stephanie Phelps,Alberta,West,Consumer,Technology,Copiers and Fax,Sharp AL-1530CS Digital Copier,Large Box,0.36,2/27/2009
2589,18689,12/24/2009,Not Specified,38,281.17,0.01,Regular Air,-78.37,7.1,6.05,Steven Roelle,Alberta,West,Small Business,Office Supplies,Binders and Binder Accessories,"Wilson Jones Hanging View Binder, White, 1""",Small Box,0.39,12/25/2009
2590,18689,12/24/2009,Not Specified,10,194.65,0.05,Regular Air,-3.78,18.97,9.03,Steven Roelle,Alberta,West,Small Business,Office Supplies,Paper,Computer Printout Paper with Letter-Trim Perforations,Small Box,0.37,12/25/2009
2696,19521,11/23/2009,Not Specified,9,351.06,0.02,Regular Air,-306.32,35.48,35,Frank Hawley,Alberta,West,Home Office,Office Supplies,Storage & Organization,Belkin OmniView SE Rackmount Kit,Large Box,0.85,11/24/2009
2847,20513,7/7/2009,High,13,42.27,0.01,Express Air,4.56,2.84,0.93,Aaron Bergman,Alberta,West,Corporate,Office Supplies,Pens & Art Supplies,SANFORD Liquid Accentª Tank-Style Highlighters,Wrap Bag,0.54,7/8/2009
3422,24391,3/6/2009,Low,14,3236.8,0.08,Delivery Truck,501.69,230.98,23.78,Raymond Book,Alberta,West,Consumer,Furniture,Tables,"Bush¨ Cubix Conference Tables, Fully Assembled",Jumbo Box,0.6,3/10/2009
3485,24802,1/23/2009,Medium,18,1383.2,0.01,Regular Air,-23.44,73.98,12.14,Victoria Brennan,Alberta,West,Small Business,Technology,Computer Peripherals,Keytronic 105-Key Spanish Keyboard,Small Box,0.67,1/25/2009
3609,25824,9/4/2009,Medium,5,25.27,0.01,Regular Air,-19.93,3.95,5.13,Christine Abelman,Alberta,West,Corporate,Office Supplies,Appliances,"Hoover Replacement Belts For Soft Guardª & Commercial Ltweight Upright Vacs, 2/Pk",Small Box,0.59,9/5/2009
3610,25824,9/4/2009,Medium,37,14410.78,0.02,Regular Air,6365.58,367.99,19.99,Christine Abelman,Alberta,West,Corporate,Office Supplies,Binders and Binder Accessories,Ibico Ibimaster 300 Manual Binding System,Small Box,0.4,9/5/2009
3611,25824,9/4/2009,Medium,39,15341.46,0,Delivery Truck,394.52,376.13,85.63,Christine Abelman,Alberta,West,Corporate,Furniture,Tables,Bretford Rectangular Conference Table Tops,Jumbo Box,0.74,9/5/2009
3612,25824,9/4/2009,Medium,6,507.5605,0.04,Regular Air,-258.23,95.99,4.9,Christine Abelman,Alberta,West,Corporate,Technology,Telephones and Communication,T60,Small Box,0.56,9/6/2009
3852,27463,11/13/2009,Medium,31,835.11,0,Regular Air,213.79,25.38,8.99,Tonja Turnell,Alberta,West,Consumer,Furniture,Office Furnishings,"Executive Impressions 13"" Chairman Wall Clock",Small Pack,0.5,11/15/2009
3853,27463,11/13/2009,Medium,10,54.52,0.01,Regular Air,-20.57,4.98,4.72,Tonja Turnell,Alberta,West,Consumer,Office Supplies,Paper,Xerox 1949,Small Box,0.36,11/14/2009
3941,28069,5/21/2009,Low,1,10.17,0.02,Express Air,-4.09,5.18,2.04,Cyma Kinney,Alberta,West,Small Business,Office Supplies,Paper,Array¨ Memo Cubes,Wrap Bag,0.36,5/26/2009
3942,28069,5/21/2009,Low,4,23.58,0.09,Regular Air,-2.87,5.84,0.83,Cyma Kinney,Alberta,West,Small Business,Office Supplies,Pens & Art Supplies,Avery Hi-Liter¨ Smear-Safe Highlighters,Wrap Bag,0.49,5/25/2009
4117,29286,7/28/2009,Critical,4,13070.2,0.07,Delivery Truck,-6923.60,3502.14,8.73,Alan Dominguez,Alberta,West,Corporate,Technology,Office Machines,Okidata Pacemark 4410N Wide Format Dot Matrix Printer,Jumbo Box,0.57,7/30/2009
5010,35744,3/21/2009,Not Specified,44,2587.53,0.02,Regular Air,401.85,55.94,6.55,Tonja Turnell,Alberta,West,Consumer,Technology,Computer Peripherals,"Fellowes Smart Design 104-Key Enhanced Keyboard, PS/2 Adapter, Platinum",Small Box,0.68,3/23/2009
5042,35936,1/21/2009,Medium,41,312.26,0.08,Regular Air,-10.38,7.84,4.71,Roy Phan,Alberta,West,Corporate,Office Supplies,Binders and Binder Accessories,XtraLife¨ ClearVueª Slant-D¨ Ring Binders by Cardinal,Small Box,0.35,1/22/2009
5043,35936,1/21/2009,Medium,40,4152.55,0.03,Regular Air,813.33,105.34,24.49,Roy Phan,Alberta,West,Corporate,Furniture,Office Furnishings,Deflect-o DuraMat Antistatic Studded Beveled Mat for Medium Pile Carpeting,Large Box,0.61,1/22/2009
5213,37095,3/10/2009,Low,3,18888,0.09,Regular Air,-14140.70,6783.02,24.49,Roy Phan,Alberta,West,Consumer,Technology,Office Machines,Polycom ViewStationª ISDN Videoconferencing Unit,Large Box,0.39,3/14/2009
5248,37319,8/4/2009,Critical,37,388.9,0.1,Regular Air,-37.11,10.89,4.5,Victoria Brennan,Alberta,West,Small Business,Office Supplies,Appliances,Belkin 6 Outlet Metallic Surge Strip,Small Box,0.59,8/6/2009
5474,38886,8/7/2009,High,26,172.01,0.06,Express Air,27.47,6.7,1.56,Victoria Brennan,Alberta,West,Small Business,Office Supplies,Pens & Art Supplies,Turquoise Lead Holder with Pocket Clip,Wrap Bag,0.52,8/9/2009
5673,40128,2/9/2009,Low,43,10318.72,0.01,Delivery Truck,1445.36,240.98,60.2,Christine Abelman,Alberta,West,Corporate,Furniture,Bookcases,"Atlantic Metals Mobile 2-Shelf Bookcases, Custom Colors",Jumbo Box,0.56,2/16/2009
5811,41189,7/14/2009,Low,30,189.04,0.03,Regular Air,66.28,6.45,1.34,Stephanie Phelps,Alberta,West,Consumer,Office Supplies,Paper,"Wirebound Four 2-3/4 x 5 Forms per Page, 400 Sets per Book",Wrap Bag,0.36,7/19/2009
5818,41255,10/18/2009,Low,22,1333.19,0.01,Regular Air,331.48,60.65,12.23,Christine Abelman,Alberta,West,Corporate,Furniture,Office Furnishings,"Tenex Traditional Chairmats for Medium Pile Carpet, Standard Lip, 36"" x 48""",Medium Box,0.64,10/25/2009
6046,42852,12/20/2009,Not Specified,13,129.9,0.02,Regular Air,-63.51,9.06,9.86,Brendan Sweed,Alberta,West,Consumer,Office Supplies,Paper,Southworth 25% Cotton Linen-Finish Paper & Envelopes,Small Box,0.4,12/22/2009
6790,48385,9/18/2009,Medium,16,88.24,0.01,Regular Air,-56.60,4.98,4.62,Phillina Ober,Alberta,West,Small Business,Technology,Computer Peripherals,"Imation 3.5"", DISKETTE 44766 HGHLD3.52HD/FM, 10/Pack",Small Pack,0.64,9/20/2009
7549,54019,7/1/2009,Low,35,4233.15,0.08,Delivery Truck,1219.87,120.97,26.3,Aaron Bergman,Alberta,West,Corporate,Technology,Office Machines,Canon S750 Color Inkjet Printer,Jumbo Drum,0.38,7/8/2009
7812,55874,2/16/2009,Medium,24,129.53,0.06,Regular Air,33.01,5.68,1.39,Erica Smith,Alberta,West,Small Business,Office Supplies,Envelopes,Staples Standard Envelopes,Small Box,0.38,2/16/2009
7933,56706,11/10/2009,High,7,754.92,0,Regular Air,-129.57,99.99,19.99,Adrian Shami,Alberta,West,Consumer,Technology,Office Machines,AT&T 2230 Dual Handset Phone With Caller ID/Call Waiting,Small Box,0.52,11/11/2009
8102,57827,7/2/2009,Medium,24,2453.3,0.05,Delivery Truck,-111.40,100.98,35.84,Andrew Roberts,Alberta,West,Home Office,Furniture,Bookcases,"Bush Westfield Collection Bookcases, Fully Assembled",Jumbo Box,0.62,7/4/2009
8103,57827,7/2/2009,Medium,29,147.02,0.02,Regular Air,-77.03,4.98,5.49,Andrew Roberts,Alberta,West,Home Office,Office Supplies,Paper,Xerox 1952,Small Box,0.38,7/3/2009
1617,11712,4/26/2009,Low,9,38.96,0.06,Regular Air,0.37,4.28,0.94,Nicole Brennan,Alberta,West,Consumer,Office Supplies,Pens & Art Supplies,Newell 336,Wrap Bag,0.56,4/28/2009
6526,46437,9/15/2009,Medium,49,1488.66,0,Regular Air,385.37,29.34,7.87,Mick Brown,Alberta,West,Consumer,Furniture,Office Furnishings,"Seth Thomas 14"" Putty-Colored Wall Clock",Small Box,0.54,9/17/2009
7914,56581,2/8/2009,High,20,2026.01,0.1,Express Air,580.43,105.98,13.99,Grant Donatelli,Alberta,West,Consumer,Furniture,Office Furnishings,"Tenex 46"" x 60"" Computer Anti-Static Chairmat, Rectangular Shaped",Medium Box,0.65,2/11/2009
