Row ID,Order ID,Order Date,Order Priority,Order Quantity,Sales,Discount,Ship Mode,Profit,Unit Price,Shipping Cost,Customer Name,Province,Region,Customer Segment,Product Category,Product Sub-Category,Product Name,Product Container,Product Base Margin,Ship Date
80,483,7/10/2011,High,30,4965.7595,0.08,Regular Air,1198.97,195.99,3.99,Clay Rozendal,Nunavut,Nunavut,Corporate,Technology,Telephones and Communication,R380,Small Box,0.58,7/12/2011
97,613,6/17/2011,High,12,93.54,0.03,Regular Air,-54.04,7.3,7.72,Carl Jackson,Nunavut,Nunavut,Corporate,Office Supplies,Binders and Binder Accessories,"Angle-D Binders with Locking Rings, Label Holders",Small Box,0.38,6/17/2011
98,613,6/17/2011,High,22,905.08,0.09,Regular Air,127.70,42.76,6.22,Carl Jackson,Nunavut,Nunavut,Corporate,Office Supplies,Storage & Organization,"SAFCO Mobile Desk Side File, Wire Frame",Small Box,,6/18/2011
103,643,3/24/2011,High,21,2781.82,0.07,Express Air,-695.26,138.14,35,Monica Federle,Nunavut,Nunavut,Corporate,Office Supplies,Storage & Organization,"SAFCO Commercial Wire Shelving, Black",Large Box,,3/25/2011
160,995,5/30/2011,Medium,46,1815.49,0.03,Regular Air,782.91,39.89,3.04,Neola Schneider,Nunavut,Nunavut,Home Office,Furniture,Office Furnishings,Ultra Commercial Grade Dual Valve Door Closer,Wrap Bag,0.53,5/31/2011
229,1539,3/9/2011,Low,33,511.83,0.1,Regular Air,-172.88,15.99,13.18,Carl Ludwig,Nunavut,Nunavut,Corporate,Office Supplies,Binders and Binder Accessories,"GBC Pre-Punched Binding Paper, Plastic, White, 8-1/2"" x 11""",Small Box,0.37,3/11/2011
230,1539,3/9/2011,Low,38,184.99,0.05,Regular Air,-144.55,4.89,4.93,Carl Ludwig,Nunavut,Nunavut,Corporate,Technology,Computer Peripherals,"Maxell 3.5"" DS/HD IBM-Formatted Diskettes, 10/Pack",Small Pack,0.66,3/14/2011
249,1702,5/6/2011,High,23,67.24,0.06,Regular Air,4.90,2.84,0.93,Annie Cyprus,Nunavut,Nunavut,Home Office,Office Supplies,Pens & Art Supplies,SANFORD Liquid Accentª Tank-Style Highlighters,Wrap Bag,0.54,5/7/2011
331,2277,1/1/2011,Not Specified,10,66.54,0.01,Regular Air,-46.03,5.98,4.38,Don Miller,Nunavut,Nunavut,Home Office,Technology,Computer Peripherals,"Imation 3.5"" DS/HD IBM Formatted Diskettes, 10/Pack",Small Pack,0.75,1/2/2011
332,2277,1/1/2011,Not Specified,21,845.32,0.06,Regular Air,33.67,40.99,19.99,Don Miller,Nunavut,Nunavut,Home Office,Office Supplies,Paper,"White Dual Perf Computer Printout Paper, 2700 Sheets, 1 Part, Heavyweight, 20 lbs., 14 7/8 x 11",Small Box,0.36,1/3/2011
362,2532,10/10/2011,High,39,282.07,0.03,Regular Air,140.01,7.31,0.49,Alan Barnes,Nunavut,Nunavut,Corporate,Office Supplies,Labels,Self-Adhesive Address Labels for Typewriters by Universal,Small Box,0.38,10/11/2011
363,2532,10/10/2011,High,24,426.037,0.01,Regular Air,-78.96,20.99,2.5,Alan Barnes,Nunavut,Nunavut,Corporate,Technology,Telephones and Communication,Accessory37,Wrap Bag,0.81,10/11/2011
406,2757,7/19/2011,Critical,39,3554.46,0.07,Delivery Truck,-1766.01,95.95,74.35,Julia West,Nunavut,Nunavut,Corporate,Furniture,Chairs & Chairmats,Bevis Steel Folding Chairs,Jumbo Drum,0.57,7/19/2011
606,4132,5/28/2011,Not Specified,5,14.76,0.01,Regular Air,1.32,2.88,0.5,Aaron Bergman,Nunavut,Nunavut,Corporate,Office Supplies,Labels,Avery 49,Small Box,0.36,5/30/2011
669,4676,8/31/2011,High,11,1210.0515,0.04,Regular Air,-104.25,125.99,7.69,Annie Cyprus,Nunavut,Nunavut,Home Office,Technology,Telephones and Communication,Timeport L7089,Small Box,0.58,9/1/2011
670,4676,8/31/2011,High,50,187.83,0.03,Regular Air,85.96,3.75,0.5,Annie Cyprus,Nunavut,Nunavut,Home Office,Office Supplies,Labels,Avery 510,Small Box,0.37,9/2/2011
671,4676,8/31/2011,High,3,49.59,0.07,Express Air,-8.38,12.28,6.47,Annie Cyprus,Nunavut,Nunavut,Home Office,Office Supplies,Paper,Xerox 1881,Small Box,0.38,9/2/2011
672,4676,8/31/2011,High,30,4253.009,0.01,Regular Air,1115.69,155.99,8.99,Annie Cyprus,Nunavut,Nunavut,Home Office,Technology,Telephones and Communication,LX 788,Small Box,0.58,9/1/2011
734,5284,7/8/2011,Not Specified,7,59.38,0.1,Regular Air,-3.05,8.69,2.99,Annie Cyprus,Nunavut,Nunavut,Home Office,Office Supplies,Binders and Binder Accessories,"Cardinal Slant-D¨ Ring Binder, Heavy Gauge Vinyl",Small Box,0.39,7/10/2011
786,5607,12/31/2011,Not Specified,8,61.8715,0,Regular Air,-50.33,7.99,5.03,Michelle Lonsdale,Nunavut,Nunavut,Home Office,Technology,Telephones and Communication,Bell Sonecor JB700 Caller ID,Medium Box,0.6,1/3/2012
821,5925,11/12/2011,Low,44,3922.42,0.08,Regular Air,-354.90,92.23,39.61,Joy Bell,Nunavut,Nunavut,Home Office,Furniture,Office Furnishings,"Deflect-o RollaMat Studded, Beveled Mat for Medium Pile Carpeting",Medium Box,0.67,11/19/2011
822,5925,11/12/2011,Low,25,1733.3625,0.07,Regular Air,-267.01,85.99,0.99,Joy Bell,Nunavut,Nunavut,Home Office,Technology,Telephones and Communication,Accessory4,Wrap Bag,0.85,11/19/2011
964,6982,11/16/2011,Not Specified,32,1311.25,0,Express Air,407.44,39.48,1.99,Dorothy Wardle,Nunavut,Nunavut,Corporate,Technology,Computer Peripherals,"80 Minute CD-R Spindle, 100/Pack - Staples",Small Pack,0.54,11/18/2011
965,6982,11/16/2011,Not Specified,5,544.41,0.09,Delivery Truck,-338.27,100.98,57.38,Dorothy Wardle,Nunavut,Nunavut,Corporate,Furniture,Bookcases,"Bush Westfield Collection Bookcases, Dark Cherry Finish, Fully Assembled",Jumbo Box,0.78,11/18/2011
966,6982,11/16/2011,Not Specified,41,844.09,0.04,Regular Air,52.56,19.98,10.49,Dorothy Wardle,Nunavut,Nunavut,Corporate,Furniture,Office Furnishings,12-1/2 Diameter Round Wall Clock,Small Box,0.49,11/18/2011
988,7110,8/7/2011,Low,22,6396.2,0.02,Regular Air,1902.24,276.2,24.49,Grant Carroll,Nunavut,Nunavut,Corporate,Furniture,Chairs & Chairmats,SAFCO Arco Folding Chair,Large Box,,8/11/2011
1154,8391,8/28/2011,High,4,1266.72,0.04,Delivery Truck,-268.36,300.98,64.73,Sylvia Foulston,Nunavut,Nunavut,Corporate,Furniture,Chairs & Chairmats,"Global Leather and Oak Executive Chair, Black",Jumbo Drum,0.56,8/29/2011
1156,8419,9/29/2011,Critical,19,368.04,0.07,Express Air,70.39,19.98,5.97,Nicole Hansen,Nunavut,Nunavut,Small Business,Office Supplies,Paper,Xerox 1936,Small Box,0.38,10/1/2011
1157,8419,9/29/2011,Critical,24,152.6,0.1,Regular Air,-86.62,6.48,7.03,Nicole Hansen,Nunavut,Nunavut,Small Business,Office Supplies,Paper,Xerox 214,Small Box,0.37,9/30/2011
1226,8995,5/17/2011,High,5,24.16,0.08,Express Air,8.05,1.88,1.49,Beth Paige,Nunavut,Nunavut,Consumer,Office Supplies,Binders and Binder Accessories,Staples¨ General Use 3-Ring Binders,Small Box,0.37,5/18/2011
1227,8995,5/17/2011,High,41,270.84,0.1,Express Air,-78.02,6.48,5.86,Beth Paige,Northwest Territories,Northwest Territories,Consumer,Office Supplies,Paper,Xerox 1904,Small Box,0.36,5/18/2011
1228,8995,5/17/2011,High,35,3389.93,0.08,Express Air,737.94,102.3,21.26,Beth Paige,Northwest Territories,Northwest Territories,Consumer,Furniture,Office Furnishings,Luxo Professional Combination Clamp-On Lamps,Large Box,0.59,5/18/2011
1229,8995,5/17/2011,High,42,266.36,0.07,Regular Air,-191.28,6.48,8.19,Beth Paige,Northwest Territories,Northwest Territories,Consumer,Office Supplies,Paper,Xerox 217,Small Box,0.37,5/18/2011
1230,8995,5/17/2011,High,46,89.41,0.01,Regular Air,-21.49,1.89,0.76,Beth Paige,Northwest Territories,Northwest Territories,Consumer,Office Supplies,Rubber Bands,Revere Boxed Rubber Bands by Revere,Wrap Bag,0.83,5/19/2011
1259,9127,10/10/2011,Not Specified,7,2039.56,0.04,Express Air,-329.49,279.48,35,Bryan Davis,Northwest Territories,Northwest Territories,Corporate,Office Supplies,Storage & Organization,"Tennsco Snap-Together Open Shelving Units, Starter Sets and Add-On Units",Large Box,0.8,10/12/2011
1337,9763,8/13/2011,Medium,44,176.26,0.07,Regular Air,75.13,4.13,0.5,Alan Barnes,Northwest Territories,Northwest Territories,Corporate,Office Supplies,Labels,Avery 506,Small Box,0.39,8/16/2011
1370,9927,8/16/2011,High,32,4655.07,0,Delivery Truck,-270.63,140.98,53.48,Grant Carroll,Northwest Territories,Northwest Territories,Corporate,Furniture,Bookcases,"Bush Heritage Pine Collection 5-Shelf Bookcase, Albany Pine Finish, *Special Order",Jumbo Box,0.65,8/17/2011
1371,9927,8/16/2011,High,44,10087.6,0.01,Regular Air,3387.35,218.08,18.06,Grant Carroll,Northwest Territories,Northwest Territories,Corporate,Furniture,Chairs & Chairmats,"Lifetime Advantageª Folding Chairs, 4/Carton",Large Box,0.57,8/17/2011
1372,9927,8/16/2011,High,34,1608.08,0.09,Express Air,-82.16,50.98,6.5,Grant Carroll,Northwest Territories,Northwest Territories,Corporate,Technology,Computer Peripherals,Microsoft Natural Multimedia Keyboard,Small Box,0.73,8/17/2011
1462,10535,5/27/2011,Low,25,854.88,0.09,Regular Air,-44.14,33.98,19.99,Doug Bickford,Northwest Territories,Northwest Territories,Corporate,Furniture,Office Furnishings,"Linden¨ 12"" Wall Clock With Oak Frame",Small Box,0.55,5/29/2011
1463,10535,5/27/2011,Low,46,80.27,0.09,Regular Air,-0.79,1.76,0.7,Doug Bickford,Northwest Territories,Northwest Territories,Corporate,Office Supplies,Pens & Art Supplies,Newell 326,Wrap Bag,0.56,6/3/2011
1496,10791,8/19/2011,Not Specified,20,400.57,0.05,Regular Air,93.36,19.98,5.77,Anthony Johnson,Northwest Territories,Northwest Territories,Small Business,Office Supplies,Paper,Xerox Blank Computer Paper,Small Box,0.38,8/21/2011
1594,11495,7/4/2011,High,6,965.69,0,Delivery Truck,-144.20,146.34,43.75,Brendan Dodson,Northwest Territories,Northwest Territories,Corporate,Furniture,Tables,Bevis Round Conference Table Top & Single Column Base,Jumbo Box,0.65,7/5/2011
1710,12289,12/24/2011,Low,25,3019.41,0.04,Regular Air,1269.05,120.97,7.11,Brendan Dodson,Northwest Territories,Northwest Territories,Corporate,Technology,Office Machines,Canon BP1200DH 12-Digit Bubble Jet Printing Calculator,Medium Box,0.36,12/28/2011
1727,12419,10/15/2011,Critical,12,22079.47,0.06,Regular Air,5322.14,1938.02,13.99,Sylvia Foulston,Northwest Territories,Northwest Territories,Corporate,Technology,Office Machines,Polycom ViewStationª Adapter H323 Videoconferencing Unit,Medium Box,0.38,10/17/2011
1913,13702,9/10/2011,Low,6,209,0.08,Regular Air,12.32,35.44,7.5,Grant Carroll,Northwest Territories,Northwest Territories,Small Business,Office Supplies,Paper,Xerox 1906,Small Box,0.38,9/14/2011
1928,13795,4/10/2011,Not Specified,30,501.32,0.04,Regular Air,-119.08,15.99,13.18,Muhammed MacIntyre,Northwest Territories,Northwest Territories,Small Business,Office Supplies,Binders and Binder Accessories,"GBC Pre-Punched Binding Paper, Plastic, White, 8-1/2"" x 11""",Small Box,0.37,4/13/2011
1929,13795,4/10/2011,Not Specified,23,275.16,0.05,Express Air,43.35,11.34,5.01,Muhammed MacIntyre,Northwest Territories,Northwest Territories,Small Business,Office Supplies,Paper,Xerox 188,Small Box,0.36,4/13/2011
1930,13795,4/10/2011,Not Specified,37,1302.99,0.02,Regular Air,545.49,35.44,5.09,Muhammed MacIntyre,Northwest Territories,Northwest Territories,Small Business,Office Supplies,Paper,Xerox 1932,Small Box,0.38,4/11/2011
1978,14116,10/9/2011,High,1,40.1,0.09,Regular Air,-16.07,30.98,11.63,Doug Bickford,Northwest Territories,Northwest Territories,Small Business,Office Supplies,Binders and Binder Accessories,GBC Linen Binding Covers,Small Box,0.37,10/11/2011
1979,14116,10/9/2011,High,42,1414.05,0.09,Regular Air,161.48,34.54,14.72,Doug Bickford,Northwest Territories,Northwest Territories,Small Business,Office Supplies,Binders and Binder Accessories,GBC Recycled Grain Textured Covers,Small Box,0.37,10/10/2011
2114,15106,1/27/2011,Not Specified,42,283.58,0.03,Regular Air,-14.23,6.64,4.95,Dorothy Badders,Northwest Territories,Northwest Territories,Home Office,Furniture,Office Furnishings,G.E. Longer-Life Indoor Recessed Floodlight Bulbs,Small Pack,0.37,1/29/2011
2115,15106,1/27/2011,Not Specified,39,5403.37,0.06,Delivery Truck,948.79,145.45,17.85,Dorothy Badders,Northwest Territories,Northwest Territories,Home Office,Technology,Office Machines,Panasonic KX-P1150 Dot Matrix Printer,Jumbo Drum,0.56,1/27/2011
2116,15106,1/27/2011,Not Specified,35,82.15,0.03,Regular Air,-6.33,2.21,1.12,Dorothy Badders,Northwest Territories,Northwest Territories,Home Office,Office Supplies,Pens & Art Supplies,Newell 327,Wrap Bag,0.58,1/29/2011
2129,15205,3/17/2011,Critical,18,4605.36,0.02,Delivery Truck,678.26,243.98,43.32,Julia West,Northwest Territories,Northwest Territories,Corporate,Furniture,Chairs & Chairmats,"Hon Deluxe Fabric Upholstered Stacking Chairs, Rounded Back",Jumbo Drum,0.55,3/19/2011
2130,15205,3/17/2011,Critical,42,1753.51,0.02,Regular Air,155.72,39.98,9.2,Julia West,Northwest Territories,Northwest Territories,Corporate,Furniture,Office Furnishings,Eldon Radial Chair Mat for Low to Medium Pile Carpets,Wrap Bag,0.65,3/18/2011
2206,15907,4/11/2011,High,36,1837.44,0.01,Delivery Truck,-1414.41,48.58,54.11,Thomas Seio,Northwest Territories,Northwest Territories,Home Office,Furniture,Bookcases,O'Sullivan 2-Shelf Heavy-Duty Bookcases,Jumbo Box,0.69,4/13/2011
2207,15907,4/11/2011,High,36,3722.29,0.04,Express Air,950.68,105.98,13.99,Thomas Seio,Northwest Territories,Northwest Territories,Home Office,Furniture,Office Furnishings,"Tenex 46"" x 60"" Computer Anti-Static Chairmat, Rectangular Shaped",Medium Box,0.65,4/14/2011
2208,15907,4/11/2011,High,4,28.05,0.09,Regular Air,-5.41,7.04,2.17,Thomas Seio,Northwest Territories,Northwest Territories,Home Office,Office Supplies,Paper,"Wirebound Message Books, 2 7/8"" x 5"", 3 Forms per Page",Wrap Bag,0.38,4/12/2011
2383,17283,9/14/2011,Not Specified,4,5472.12,0.06,Delivery Truck,-2816.34,1360.14,14.7,Dorothy Badders,Northwest Territories,Northwest Territories,Home Office,Technology,Office Machines,Okidata ML395C Color Dot Matrix Printer,Jumbo Drum,0.59,9/15/2011
2489,18144,6/7/2011,Critical,48,207.08,0.09,Regular Air,-131.82,4.28,5.17,Dorothy Wardle,Northwest Territories,Northwest Territories,Corporate,Office Supplies,Paper,Xerox 1971,Small Box,0.4,6/9/2011
2490,18144,6/7/2011,Critical,8,234.28,0.09,Regular Air,-65.42,28.28,13.99,Dorothy Wardle,Northwest Territories,Northwest Territories,Corporate,Office Supplies,Storage & Organization,Eldon Portable Mobile Manager,Medium Box,0.58,6/9/2011
2491,18144,6/7/2011,Critical,41,1779.8915,0.09,Regular Air,-250.17,55.99,5,Dorothy Wardle,Northwest Territories,Northwest Territories,Corporate,Technology,Telephones and Communication,Accessory6,Small Pack,0.8,6/9/2011
2643,19138,9/5/2011,Low,30,387,0.01,Express Air,-31.45,12.28,6.13,Carlos Daly,Northwest Territories,Northwest Territories,Home Office,Office Supplies,Storage & Organization,Recycled Eldon Regeneration Jumbo File,Small Box,0.57,9/10/2011
2782,20071,9/17/2011,Medium,31,789.94,0.1,Delivery Truck,-190.41,25.98,14.36,Cari Schnelling,Northwest Territories,Northwest Territories,Home Office,Furniture,Chairs & Chairmats,"Global Stack Chair without Arms, Black",Jumbo Drum,0.6,9/19/2011
2796,20160,10/22/2011,Low,42,435.24,0.08,Express Air,174.89,10.31,1.79,Chad Cunningham,Northwest Territories,Northwest Territories,Small Business,Office Supplies,Paper,"Speediset Carbonless Redi-Letter¨ 7"" x 8 1/2""",Wrap Bag,0.38,10/24/2011
3140,22532,2/8/2011,Critical,13,121.66,0.03,Regular Air,-11.80,8.85,5.6,Carlos Soltero,Northwest Territories,Northwest Territories,Consumer,Office Supplies,Binders and Binder Accessories,GBC Standard Plastic Binding Systems Combs,Small Box,0.36,2/8/2011
3359,24038,6/20/2011,High,38,103.07,0.1,Regular Air,-0.95,2.78,1.34,Jack Lebron,Northwest Territories,Northwest Territories,Corporate,Office Supplies,Pens & Art Supplies,Prang Drawing Pencil Set,Wrap Bag,0.45,6/22/2011
3418,24387,8/10/2011,Critical,23,1003.31,0.01,Regular Air,51.90,40.97,14.45,Bryan Mills,Northwest Territories,Northwest Territories,Small Business,Furniture,Office Furnishings,Dana Halogen Swing-Arm Architect Lamp,Large Box,0.57,8/11/2011
3419,24387,8/10/2011,Critical,17,6048.18,0.04,Delivery Truck,1418.36,349.45,60,Bryan Mills,Northwest Territories,Northwest Territories,Small Business,Furniture,Tables,"SAFCO PlanMaster Heigh-Adjustable Drafting Table Base, 43w x 30d x 30-37h, Black",Jumbo Drum,,8/10/2011
3493,24871,3/23/2011,Medium,6,143.78,0.04,Regular Air,75.30,22.72,8.99,Carl Ludwig,Northwest Territories,Northwest Territories,Corporate,Furniture,Office Furnishings,"Executive Impressions 14"" Two-Color Numerals Wall Clock",Small Pack,0.44,3/24/2011
3552,25318,11/19/2011,Critical,22,440.92,0.05,Express Air,-65.18,19.98,10.49,Julia West,Northwest Territories,Northwest Territories,Small Business,Furniture,Office Furnishings,12-1/2 Diameter Round Wall Clock,Small Box,0.49,11/21/2011
3688,26370,8/8/2011,Not Specified,12,270.23,0.08,Regular Air,52.02,22.84,5.47,Fred Wasserman,Northwest Territories,Northwest Territories,Home Office,Office Supplies,Paper,Xerox 1929,Small Box,0.39,8/10/2011
3689,26370,8/8/2011,Not Specified,20,660.27,0.09,Express Air,63.83,34.76,5.49,Fred Wasserman,Northwest Territories,Northwest Territories,Home Office,Office Supplies,Storage & Organization,Home/Office Personal File Carts,Small Box,0.6,8/10/2011
3716,26531,6/20/2011,Medium,26,4688.9485,0,Regular Air,1215.44,205.99,5.26,Michelle Lonsdale,Northwest Territories,Northwest Territories,Corporate,Technology,Telephones and Communication,i470,Small Box,0.56,6/22/2011
3821,27264,6/4/2011,Low,3,74.05,0.02,Regular Air,44.54,19.99,11.17,Henry Goldwyn,Northwest Territories,Northwest Territories,Small Business,Furniture,Office Furnishings,Telescoping Adjustable Floor Lamp,Large Box,0.6,6/6/2011
3860,27553,8/12/2011,Medium,48,18235.47,0.03,Delivery Truck,1166.93,370.98,99,Jim Radford,Northwest Territories,Northwest Territories,Corporate,Office Supplies,Storage & Organization,"Sauder Facets Collection Locker/File Cabinet, Sky Alder Finish",Jumbo Drum,0.65,8/14/2011
3861,27553,8/12/2011,Medium,16,2631.107,0,Regular Air,297.11,179.99,13.99,Jim Radford,Northwest Territories,Northwest Territories,Corporate,Technology,Telephones and Communication,VTech VT20-2481 2.4GHz Two-Line Phone System w/Answering Machine,Medium Box,0.57,8/14/2011
3891,27778,9/2/2011,Critical,1,232.67,0.02,Regular Air,-105.14,223.98,15.01,Roy Skaria,Northwest Territories,Northwest Territories,Corporate,Office Supplies,Binders and Binder Accessories,GBC DocuBind TL200 Manual Binding Machine,Small Box,0.38,9/4/2011
3892,27778,9/2/2011,Critical,34,4805.92,0.07,Delivery Truck,-393.96,140.98,36.09,Roy Skaria,Northwest Territories,Northwest Territories,Corporate,Furniture,Bookcases,"Sauder Forest Hills Library, Woodland Oak Finish",Jumbo Box,0.77,9/4/2011
3929,28003,3/19/2011,Critical,31,157.79,0.09,Regular Air,-95.92,4.98,6.07,Charles McCrossin,Northwest Territories,Northwest Territories,Corporate,Office Supplies,Paper,Xerox 1897,Small Box,0.36,3/21/2011
3936,28035,5/8/2011,Not Specified,19,376.21,0.03,Regular Air,89.56,18.99,5.23,Don Miller,Northwest Territories,Northwest Territories,Home Office,Office Supplies,Binders and Binder Accessories,Poly Designer Cover & Back,Small Box,0.37,5/10/2011
4050,28870,11/10/2011,High,35,3310.9455,0.05,Regular Air,822.40,115.99,2.5,Cindy Schnelling,Northwest Territories,Northwest Territories,Corporate,Technology,Telephones and Communication,6160,Small Box,0.57,11/13/2011
4082,29095,3/8/2011,Not Specified,40,291.67,0.01,Regular Air,54.46,6.75,2.99,Delfina Latchford,Northwest Territories,Northwest Territories,Small Business,Office Supplies,Binders and Binder Accessories,Wilson Jones DublLock¨ D-Ring Binders,Small Box,0.35,3/9/2011
4164,29510,4/15/2011,Critical,22,6123.94,0.01,Delivery Truck,1292.44,260.98,41.91,Don Miller,Northwest Territories,Northwest Territories,Home Office,Furniture,Bookcases,"Atlantic Metals Mobile 3-Shelf Bookcases, Custom Colors",Jumbo Box,0.59,4/17/2011
4193,29795,11/25/2011,High,49,19325.2,0.05,Regular Air,8793.54,387.99,19.99,Grant Carroll,Northwest Territories,Northwest Territories,Small Business,Office Supplies,Binders and Binder Accessories,Fellowes PB300 Plastic Comb Binding Machine,Small Box,0.38,11/26/2011
4194,29795,11/25/2011,High,48,8380.22,0,Delivery Truck,813.83,160.98,35.02,Grant Carroll,Northwest Territories,Northwest Territories,Small Business,Furniture,Bookcases,Rush Hierlooms Collection Rich Wood Bookcases,Jumbo Box,0.72,11/26/2011
4305,30658,3/26/2011,Medium,35,17387.65,0.08,Regular Air,6907.61,499.99,24.49,Charles McCrossin,Northwest Territories,Northwest Territories,Corporate,Technology,Copiers and Fax,Sharp AL-1530CS Digital Copier,Large Box,0.36,3/27/2011
4306,30658,3/26/2011,Medium,44,6040.22,0.05,Regular Air,-942.50,138.14,35,Charles McCrossin,Northwest Territories,Northwest Territories,Corporate,Office Supplies,Storage & Organization,"SAFCO Commercial Wire Shelving, Black",Large Box,,3/28/2011
4372,31169,6/9/2011,Low,6,254.76,0.06,Regular Air,109.88,40.97,14.45,Michelle Lonsdale,Northwest Territories,Northwest Territories,Home Office,Furniture,Office Furnishings,Dana Halogen Swing-Arm Architect Lamp,Large Box,0.57,6/13/2011
4429,31558,7/23/2011,Low,12,3671.3,0.04,Regular Air,900.06,300.65,24.49,Cari Schnelling,Northwest Territories,Northwest Territories,Home Office,Office Supplies,Appliances,Honeywell Enviracaire Portable HEPA Air Cleaner for 17' x 22' Room,Large Box,0.52,7/28/2011
4430,31558,7/23/2011,Low,42,1763.6,0.08,Regular Air,455.37,45.19,1.99,Cari Schnelling,Northwest Territories,Northwest Territories,Home Office,Technology,Computer Peripherals,"Verbatim DVD-RAM, 9.4GB, Rewritable, Type 1, DS, DataLife Plus",Small Pack,0.55,7/23/2011
4437,31618,7/11/2011,Critical,14,403.17,0.02,Regular Air,147.45,28.53,1.49,Roy Skaria,Northwest Territories,Northwest Territories,Corporate,Office Supplies,Binders and Binder Accessories,Lock-Up Easel 'Spel-Binder',Small Box,0.38,7/11/2011
4607,32806,6/21/2011,Critical,8,178.78,0.02,Regular Air,-28.34,20.24,8.99,Julia West,Northwest Territories,Northwest Territories,Home Office,Furniture,Office Furnishings,"DAX Metal Frame, Desktop, Stepped-Edge",Small Pack,0.46,6/22/2011
4687,33377,7/31/2011,High,20,100.4,0.06,Regular Air,11.94,5.18,2.04,Beth Thompson,Northwest Territories,Northwest Territories,Corporate,Office Supplies,Paper,Array¨ Memo Cubes,Wrap Bag,0.36,8/2/2011
4688,33377,7/31/2011,High,19,327.15,0.04,Regular Air,47.30,17.24,3.26,Beth Thompson,Northwest Territories,Northwest Territories,Corporate,Office Supplies,"Scissors, Rulers and Trimmers","Fiskars 8"" Scissors, 2/Pack",Small Pack,0.56,8/1/2011
4746,33734,10/17/2011,Not Specified,13,371.94,0.05,Regular Air,106.53,29.14,4.86,Jamie Kunitz,Northwest Territories,Northwest Territories,Corporate,Office Supplies,Paper,"Snap-A-Way¨ Black Print Carbonless Speed Message, No Reply Area, Duplicate",Wrap Bag,0.38,10/18/2011
4812,34215,5/14/2011,High,6,35.65,0.02,Regular Air,-5.92,5.34,2.99,Cari Schnelling,Northwest Territories,Northwest Territories,Home Office,Office Supplies,Binders and Binder Accessories,Wilson Jones 14 Line Acrylic Coated Pressboard Data Binders,Small Box,0.38,5/15/2011
4957,35266,1/10/2011,Not Specified,39,217.25,0.07,Regular Air,33.50,5.84,1.2,Beth Thompson,Northwest Territories,Northwest Territories,Corporate,Office Supplies,Pens & Art Supplies,Newell 312,Wrap Bag,0.55,1/10/2011
4958,35266,1/10/2011,Not Specified,28,5993.74,0.07,Delivery Truck,-998.94,218.75,69.64,Beth Thompson,Northwest Territories,Northwest Territories,Corporate,Furniture,Tables,BoxOffice By Design Rectangular and Half-Moon Meeting Room Tables,Jumbo Box,0.77,1/12/2011
5048,36001,3/28/2011,Low,45,1038.82,0.05,Regular Air,-78.36,22.38,15.1,Michelle Lonsdale,Northwest Territories,Northwest Territories,Home Office,Office Supplies,Binders and Binder Accessories,"Avery Flip-Chart Easel Binder, Black",Small Box,0.38,3/30/2011
5049,36001,3/28/2011,Low,47,564.39,0.09,Regular Air,51.82,12.95,4.98,Michelle Lonsdale,Northwest Territories,Northwest Territories,Home Office,Office Supplies,Binders and Binder Accessories,GBC Binding covers,Small Box,0.4,4/1/2011
5075,36135,5/30/2011,Not Specified,33,999.226,0.02,Regular Air,381.17,35.99,3.3,Beth Paige,Northwest Territories,Northwest Territories,Consumer,Technology,Telephones and Communication,Accessory9,Small Pack,0.39,5/31/2011
5569,39457,6/2/2011,Critical,40,4842.21,0.03,Delivery Truck,-1975.26,122.99,70.2,Julia West,Northwest Territories,Northwest Territories,Home Office,Furniture,Chairs & Chairmats,"Global High-Back Leather Tilter, Burgundy",Jumbo Drum,0.74,6/2/2011
5598,39683,8/10/2011,High,31,615.58,0.04,Regular Air,168.00,18.99,5.23,Jeremy Lonsdale,Northwest Territories,Northwest Territories,Corporate,Office Supplies,Binders and Binder Accessories,Poly Designer Cover & Back,Small Box,0.37,8/13/2011
5599,39683,8/10/2011,High,41,8387.1,0.1,Regular Air,2113.95,218.08,18.06,Jeremy Lonsdale,Northwest Territories,Northwest Territories,Corporate,Furniture,Chairs & Chairmats,"Lifetime Advantageª Folding Chairs, 4/Carton",Large Box,0.57,8/11/2011
5600,39683,8/10/2011,High,6,126.02,0.09,Regular Air,66.97,20.24,6.67,Jeremy Lonsdale,Northwest Territories,Northwest Territories,Corporate,Furniture,Office Furnishings,"DAX Contemporary Wood Frame with Silver Metal Mat, Desktop, 11 x 14 Size",Small Pack,0.49,8/11/2011
5601,39683,8/10/2011,High,30,68.14,0,Regular Air,6.37,2.18,0.78,Jeremy Lonsdale,Northwest Territories,Northwest Territories,Corporate,Office Supplies,Rubber Bands,Stockwell Push Pins,Wrap Bag,0.52,8/12/2011
5805,41184,9/22/2011,High,7,120.03,0.02,Regular Air,-56.06,15.7,11.25,Charlotte Melton,Northwest Territories,Northwest Territories,Home Office,Office Supplies,Storage & Organization,Hanging Personal Folder File,Small Box,0.6,9/24/2011
5835,41409,7/21/2011,Not Specified,1,18.92,0,Regular Air,-18.25,11.5,7.19,Beth Thompson,Northwest Territories,Northwest Territories,Corporate,Office Supplies,Binders and Binder Accessories,Ibico Covers for Plastic or Wire Binding Elements,Small Box,0.4,7/23/2011
6105,43267,5/16/2011,Critical,17,1368.14,0.05,Express Air,171.26,76.72,19.95,Fred Wasserman,Northwest Territories,Northwest Territories,Home Office,Office Supplies,Appliances,Honeywell Enviracaire¨ Portable Air Cleaner for up to 8 x 10 Room,Large Box,0.54,5/18/2011
6446,45861,8/25/2011,Medium,39,680.8585,0.05,Regular Air,319.10,20.99,0.99,Allen Rosenblatt,Northwest Territories,Northwest Territories,Small Business,Technology,Telephones and Communication,Accessory21,Wrap Bag,0.37,8/25/2011
6603,46980,1/17/2011,Critical,34,216.3,0.01,Regular Air,103.16,6.3,0.5,Monica Federle,Northwest Territories,Northwest Territories,Corporate,Office Supplies,Labels,Avery 51,Small Box,0.39,1/17/2011
6669,47462,6/9/2011,High,43,154.18,0.08,Regular Air,-166.92,3.58,5.47,Susan Vittorini,Northwest Territories,Northwest Territories,Corporate,Office Supplies,Binders and Binder Accessories,Avery Poly Binder Pockets,Small Box,0.37,6/11/2011
6670,47462,6/9/2011,High,18,110.31,0.05,Regular Air,-1.22,5.85,2.27,Susan Vittorini,Northwest Territories,Northwest Territories,Corporate,Office Supplies,Pens & Art Supplies,"Dixon My First Ticonderoga Pencil, #2",Wrap Bag,0.56,6/11/2011
6671,47462,6/9/2011,High,41,137.51,0.02,Regular Air,21.62,3.29,1.35,Susan Vittorini,Northwest Territories,Northwest Territories,Corporate,Office Supplies,Rubber Bands,Acco¨ Hot Clipsª Clips to Go,Wrap Bag,0.4,6/11/2011
6754,48101,9/12/2011,High,4,108.87,0.05,Regular Air,-39.92,22.84,16.87,Fred Wasserman,Northwest Territories,Northwest Territories,Home Office,Office Supplies,Paper,Xerox 1982,Small Box,0.39,9/14/2011
6983,49921,2/17/2011,Low,5,756.15,0.06,Delivery Truck,-280.28,145.45,17.85,Claudia Miner,Northwest Territories,Northwest Territories,Small Business,Technology,Office Machines,Panasonic KX-P1150 Dot Matrix Printer,Jumbo Drum,0.56,2/21/2011
6984,49921,2/17/2011,Low,1,18.15,0.04,Regular Air,-7.26,12.28,6.13,Claudia Miner,Northwest Territories,Northwest Territories,Small Business,Office Supplies,Storage & Organization,Recycled Eldon Regeneration Jumbo File,Small Box,0.57,2/19/2011
6991,49952,11/19/2011,High,12,1323.67,0.04,Express Air,630.28,107.53,5.81,Beth Thompson,Northwest Territories,Northwest Territories,Corporate,Furniture,Office Furnishings,"Tenex Contemporary Contur Chairmats for Low and Medium Pile Carpet, Computer, 39"" x 49""",Medium Box,0.65,11/20/2011
7021,50117,6/3/2011,Critical,17,47.44,0.09,Regular Air,14.49,2.89,0.5,Allen Rosenblatt,Northwest Territories,Northwest Territories,Small Business,Office Supplies,Labels,Avery 498,Small Box,0.38,6/5/2011
7103,50688,12/16/2011,Critical,50,600.22,0.08,Regular Air,27.86,12.98,3.14,Joy Bell,Northwest Territories,Northwest Territories,Home Office,Office Supplies,"Scissors, Rulers and Trimmers","Acme¨ 8"" Straight Scissors",Small Pack,0.6,12/17/2011
7277,51938,5/17/2011,Low,5,503.3275,0.06,Regular Air,-488.31,125.99,5.63,Jim Radford,Northwest Territories,Northwest Territories,Corporate,Technology,Telephones and Communication,8290,Small Box,0.6,5/21/2011
7286,51971,10/3/2011,Not Specified,39,1326.04,0.02,Regular Air,-1129.96,32.48,35,Dorothy Badders,Northwest Territories,Northwest Territories,Home Office,Office Supplies,Storage & Organization,Fellowes Neat Ideas¨ Storage Cubes,Large Box,0.81,10/5/2011
7287,51971,10/3/2011,Not Specified,22,3881.89,0.06,Regular Air,-803.52,182.55,69,Dorothy Badders,Northwest Territories,Northwest Territories,Home Office,Furniture,Tables,"Lesro Round Back Collection Coffee Table, End Table",Large Box,0.72,10/5/2011
7343,52321,11/5/2011,High,48,617.26,0.04,Regular Air,-37.52,12.28,6.13,Doug Bickford,Northwest Territories,Northwest Territories,Small Business,Office Supplies,Storage & Organization,Recycled Eldon Regeneration Jumbo File,Small Box,0.57,11/7/2011
7344,52321,11/5/2011,High,45,13104.992,0.03,Delivery Truck,5626.42,349.45,60,Doug Bickford,Northwest Territories,Northwest Territories,Small Business,Furniture,Tables,"SAFCO PlanMaster Heigh-Adjustable Drafting Table Base, 43w x 30d x 30-37h, Black",Jumbo Drum,,11/5/2011
7419,52929,4/8/2011,High,43,701.46,0.04,Express Air,-90.14,15.99,9.4,Muhammed MacIntyre,Northwest Territories,Northwest Territories,Small Business,Technology,Office Machines,"AT&T Black Trimline Phone, Model 210",Small Box,0.49,4/9/2011
7420,52929,4/8/2011,High,19,53.94,0.05,Regular Air,-6.53,2.78,1.25,Muhammed MacIntyre,Northwest Territories,Northwest Territories,Small Business,Office Supplies,Pens & Art Supplies,Newell 318,Wrap Bag,0.59,4/9/2011
7421,52929,4/8/2011,High,7,46.94,0.02,Regular Air,7.34,6.47,1.22,Muhammed MacIntyre,Northwest Territories,Northwest Territories,Small Business,Office Supplies,Pens & Art Supplies,"Staples Pen Style Liquid Stix; Assorted (yellow, pink, green, blue, orange), 5/Pack",Wrap Bag,0.4,4/9/2011
7422,52929,4/8/2011,High,20,77.99,0.03,Regular Air,19.68,3.93,0.99,Muhammed MacIntyre,Northwest Territories,Northwest Territories,Small Business,Office Supplies,Rubber Bands,Staples Vinyl Coated Paper Clips,Wrap Bag,0.39,4/9/2011
7559,54083,7/21/2011,High,10,2700.41,0.08,Delivery Truck,258.01,279.81,23.19,Don Miller,Northwest Territories,Northwest Territories,Home Office,Office Supplies,Appliances,Sanyo 2.5 Cubic Foot Mid-Size Office Refrigerators,Jumbo Drum,0.59,7/23/2011
7620,54528,1/4/2011,Medium,17,207.19,0.01,Regular Air,-85.91,11.66,8.99,Ralph Arnett,Northwest Territories,Northwest Territories,Consumer,Office Supplies,Pens & Art Supplies,Boston 16765 Mini Stand Up Battery Pencil Sharpener,Small Pack,0.59,1/6/2011
7621,54528,1/4/2011,Medium,8,88,0.06,Regular Air,-6.38,10.48,2.89,Ralph Arnett,Northwest Territories,Northwest Territories,Consumer,Office Supplies,Pens & Art Supplies,Staples Battery-Operated Desktop Pencil Sharpener,Small Pack,0.6,1/6/2011
7787,55715,4/2/2011,Critical,28,168.57,0.02,Express Air,16.65,5.28,2.99,Eugene Barchas,Northwest Territories,Northwest Territories,Corporate,Office Supplies,Binders and Binder Accessories,"Wilson Jones 1"" Hanging DublLock¨ Ring Binders",Small Box,0.37,4/4/2011
8124,58055,10/27/2011,Critical,26,208.6,0,Regular Air,-56.45,7.38,5.21,Julia West,Prince Edward Island,Atlantic,Consumer,Furniture,Office Furnishings,"Eldon¨ Expressionsª Wood Desk Accessories, Oak",Small Box,0.56,10/29/2011
8159,58340,1/8/2011,Medium,36,1936.3,0.03,Regular Air,278.12,50.98,13.66,Sylvia Foulston,Prince Edward Island,Atlantic,Corporate,Office Supplies,Appliances,Eureka The Boss¨ Cordless Rechargeable Stick Vac,Small Box,0.58,1/9/2011
8197,58626,12/30/2011,High,23,6641.14,0.05,Delivery Truck,673.77,300.98,64.73,Henry Goldwyn,Prince Edward Island,Atlantic,Small Business,Furniture,Chairs & Chairmats,"Global Leather and Oak Executive Chair, Black",Jumbo Drum,0.56,1/1/2012
8198,58626,12/30/2011,High,21,10469.03,0.07,Delivery Truck,2608.72,500.98,26,Henry Goldwyn,Prince Edward Island,Atlantic,Small Business,Furniture,Chairs & Chairmats,Global Troyª Executive Leather Low-Back Tilter,Jumbo Drum,0.6,1/2/2012
8199,58626,12/30/2011,High,18,835.55,0.04,Regular Air,171.59,45.19,1.99,Henry Goldwyn,Prince Edward Island,Atlantic,Small Business,Technology,Computer Peripherals,"Verbatim DVD-RAM, 9.4GB, Rewritable, Type 1, DS, DataLife Plus",Small Pack,0.55,12/31/2011
8256,59045,2/13/2011,Critical,30,140.24,0.05,Regular Air,32.87,4.55,1.49,Chad Cunningham,Prince Edward Island,Atlantic,Small Business,Office Supplies,Binders and Binder Accessories,Presstex Flexible Ring Binders,Small Box,0.35,2/15/2011
8257,59047,1/28/2011,Not Specified,10,266.94,0.09,Regular Air,19.20,28.48,1.99,Beth Thompson,Prince Edward Island,Atlantic,Corporate,Technology,Computer Peripherals,"Memorex 4.7GB DVD+RW, 3/Pack",Small Pack,0.4,1/28/2011
8258,59047,1/28/2011,Not Specified,26,113.85,0.06,Regular Air,-93.93,4.14,6.6,Beth Thompson,Prince Edward Island,Atlantic,Corporate,Furniture,Office Furnishings,Eldon Image Series Black Desk Accessories,Small Box,0.49,1/30/2011
719,5153,8/25/2011,Critical,37,4896.93,0.04,Express Air,1467.82,128.24,12.65,Helen Abelman,Prince Edward Island,Atlantic,Home Office,Furniture,Chairs & Chairmats,SAFCO Folding Chair Trolley,Medium Box,,8/27/2011
1241,9027,9/2/2011,Low,30,932.892,0.05,Regular Air,458.98,35.99,0.99,Roy French,Prince Edward Island,Atlantic,Consumer,Technology,Telephones and Communication,Accessory31,Small Pack,0.35,9/11/2011
1264,9216,4/14/2011,Medium,36,5977.63,0.1,Delivery Truck,-86.68,180.98,55.24,Roy French,Prince Edward Island,Atlantic,Consumer,Office Supplies,Appliances,Avanti 4.4 Cu. Ft. Refrigerator,Jumbo Drum,0.57,4/16/2011
1302,9537,2/13/2011,Not Specified,6,906.02,0.1,Delivery Truck,-382.38,150.98,66.27,Jennifer Braxton,Prince Edward Island,Atlantic,Small Business,Furniture,Bookcases,Bush Mission Pointe Library,Jumbo Box,0.65,2/15/2011
1303,9537,2/13/2011,Not Specified,43,170.88,0.01,Regular Air,-149.09,3.81,5.44,Jennifer Braxton,Prince Edward Island,Atlantic,Small Business,Office Supplies,Binders and Binder Accessories,"Acco Pressboard Covers with Storage Hooks, 14 7/8"" x 11"", Dark Blue",Small Box,0.36,2/15/2011
1307,9574,7/30/2011,Medium,40,434.62,0.08,Regular Air,-68.98,11.5,7.19,Joy Smith,Prince Edward Island,Atlantic,Corporate,Office Supplies,Binders and Binder Accessories,Ibico Covers for Plastic or Wire Binding Elements,Small Box,0.4,7/31/2011
1659,11968,3/16/2011,Low,31,109.49,0.04,Regular Air,26.09,3.38,0.85,Christopher Schild,Prince Edward Island,Atlantic,Corporate,Office Supplies,Pens & Art Supplies,Avery Hi-Liter¨ Fluorescent Desk Style Markers,Wrap Bag,0.48,3/16/2011
1712,12293,6/18/2011,High,31,283.17,0,Regular Air,119.64,8.74,1.39,Harold Engle,Prince Edward Island,Atlantic,Home Office,Office Supplies,Envelopes,"#10- 4 1/8"" x 9 1/2"" Recycled Envelopes",Small Box,0.38,6/19/2011
1783,12773,1/11/2011,Low,6,17,0.07,Regular Air,-4.61,2.78,1.49,Greg Guthrie,Prince Edward Island,Atlantic,Corporate,Office Supplies,Binders and Binder Accessories,Acco Suede Grain Vinyl Round Ring Binder,Small Box,0.39,1/13/2011
1784,12773,1/11/2011,Low,15,67.41,0.04,Regular Air,-49.60,4.14,6.6,Greg Guthrie,Prince Edward Island,Atlantic,Corporate,Furniture,Office Furnishings,Eldon Image Series Black Desk Accessories,Small Box,0.49,1/20/2011
1785,12773,1/11/2011,Low,19,130.67,0.05,Regular Air,-77.18,6.48,7.86,Greg Guthrie,Prince Edward Island,Atlantic,Corporate,Office Supplies,Paper,Xerox 213,Small Box,0.37,1/16/2011
1786,12773,1/11/2011,Low,21,77.62,0.01,Regular Air,-50.88,3.28,3.97,Greg Guthrie,Prince Edward Island,Atlantic,Corporate,Office Supplies,Pens & Art Supplies,Newell 342,Wrap Bag,0.56,1/16/2011
2227,16100,3/7/2011,Medium,44,226.18,0.01,Regular Air,-115.54,4.82,5.72,Paul Gonzalez,Prince Edward Island,Atlantic,Corporate,Furniture,Office Furnishings,Magna Visual Magnetic Picture Hangers,Small Pack,0.47,3/8/2011
2269,16320,10/20/2011,Not Specified,17,1856.9695,0,Regular Air,176.87,125.99,8.08,Filia McAdams,Prince Edward Island,Atlantic,Small Business,Technology,Telephones and Communication,M3682,Small Box,0.57,10/22/2011
2395,17376,12/4/2011,High,44,1127.81,0.1,Regular Air,425.08,28.48,1.99,Joy Smith,Prince Edward Island,Atlantic,Corporate,Technology,Computer Peripherals,"Memorex 4.7GB DVD+RW, 3/Pack",Small Pack,0.4,12/6/2011
2514,18273,9/15/2011,Low,18,925.03,0.06,Regular Air,-3.68,49.99,19.99,Jack Lebron,Prince Edward Island,Atlantic,Corporate,Technology,Computer Peripherals,Zoom V.92 USB External Faxmodem,Small Box,0.41,9/17/2011
2678,19365,1/16/2011,Medium,29,181.83,0.03,Regular Air,-43.36,5.98,5.2,Filia McAdams,Prince Edward Island,Atlantic,Small Business,Office Supplies,Paper,Xerox 1992,Small Box,0.36,1/17/2011
2950,21378,8/7/2011,Medium,34,937.04,0.08,Regular Air,391.60,28.53,1.49,Jack Lebron,Prince Edward Island,Atlantic,Corporate,Office Supplies,Binders and Binder Accessories,Lock-Up Easel 'Spel-Binder',Small Box,0.38,8/8/2011
2951,21378,8/7/2011,Medium,17,1616.64,0.07,Regular Air,26.94,99.99,19.99,Jack Lebron,Prince Edward Island,Atlantic,Corporate,Technology,Computer Peripherals,U.S. Robotics 56K Internet Call Modem,Small Box,0.5,8/10/2011
2984,21542,5/21/2011,High,18,404.3,0.04,Regular Air,-27.34,21.38,8.99,Frank Atkinson,Prince Edward Island,Atlantic,Corporate,Office Supplies,Pens & Art Supplies,Boston 1730 StandUp Electric Pencil Sharpener,Small Pack,0.59,5/22/2011
2985,21542,5/21/2011,High,43,11674.968,0.05,Delivery Truck,715.18,348.21,84.84,Frank Atkinson,Prince Edward Island,Atlantic,Corporate,Furniture,Tables,Bretford CR4500 Series Slim Rectangular Table,Jumbo Box,0.66,5/22/2011
3360,24038,6/20/2011,High,15,896.1805,0,Express Air,82.04,65.99,5.26,Jack Lebron,Prince Edward Island,Atlantic,Corporate,Technology,Telephones and Communication,8860,Small Box,0.56,6/22/2011
3420,24388,1/26/2011,Critical,15,8662.34,0,Delivery Truck,-704.66,549.99,49,Erica Bern,Prince Edward Island,Atlantic,Corporate,Technology,Copiers and Fax,Sharp 1540cs Digital Laser Copier,Jumbo Drum,0.35,1/27/2011
3505,24965,3/29/2011,Low,6,2528.49,0.07,Express Air,580.15,420.98,19.99,Jack Lebron,Prince Edward Island,Atlantic,Corporate,Office Supplies,Binders and Binder Accessories,GBC DocuBind 200 Manual Binding Machine,Small Box,0.35,4/3/2011
3506,24965,3/29/2011,Low,42,1146.11,0.09,Regular Air,330.63,29.18,8.55,Jack Lebron,Prince Edward Island,Atlantic,Corporate,Furniture,Office Furnishings,"Deflect-o SuperTrayª Unbreakable Stackable Tray, Letter, Black",Small Box,0.42,3/29/2011
3559,25376,3/26/2011,Critical,12,76.61,0.09,Regular Air,-31.83,6.28,5.29,Greg Guthrie,Prince Edward Island,Atlantic,Corporate,Furniture,Office Furnishings,"Eldon¨ 200 Classª Desk Accessories, Burgundy",Small Box,0.43,3/27/2011
3753,26791,4/29/2011,Low,45,500.48,0.08,Regular Air,-48.20,11.29,5.03,Harold Engle,Prince Edward Island,Atlantic,Home Office,Office Supplies,Storage & Organization,X-Rackª File for Hanging Folders,Small Box,0.59,5/6/2011
4229,30048,6/13/2011,Medium,44,7765.13,0.06,Delivery Truck,433.63,180.98,55.24,Helen Abelman,Prince Edward Island,Atlantic,Home Office,Office Supplies,Appliances,Avanti 4.4 Cu. Ft. Refrigerator,Jumbo Drum,0.57,6/15/2011
4792,34048,3/28/2011,Low,1,26.68,0.04,Regular Air,-10.74,22.23,3.63,Christopher Schild,Prince Edward Island,Atlantic,Corporate,Furniture,Office Furnishings,"Executive Impressions 14"" Contract Wall Clock",Small Pack,0.52,3/30/2011
4912,34978,2/4/2011,High,49,165.51,0.08,Regular Air,-269.91,3.52,6.83,Carlos Soltero,Prince Edward Island,Atlantic,Consumer,Office Supplies,Binders and Binder Accessories,Self-Adhesive Ring Binder Labels,Small Box,0.38,2/6/2011
5128,36516,7/25/2011,Medium,9,883.37,0.1,Regular Air,51.30,100.98,7.18,Giulietta Baptist,Prince Edward Island,Atlantic,Home Office,Technology,Computer Peripherals,Logitech Cordless Elite Duo,Small Box,0.4,7/28/2011
5702,40327,5/13/2011,Medium,42,152.55,0.06,Regular Air,-20.27,3.69,2.5,Erica Bern,Prince Edward Island,Atlantic,Corporate,Office Supplies,Envelopes,Colored Envelopes,Small Box,0.39,5/15/2011
5703,40327,5/13/2011,Medium,36,152.96,0.09,Regular Air,-123.87,4.28,5.74,Erica Bern,Prince Edward Island,Atlantic,Corporate,Office Supplies,Paper,Xerox 1953,Small Box,0.4,5/15/2011
5714,40480,12/7/2011,Critical,19,7608.88,0.06,Express Air,3049.45,420.98,19.99,Harold Engle,Prince Edward Island,Atlantic,Home Office,Office Supplies,Binders and Binder Accessories,GBC DocuBind 200 Manual Binding Machine,Small Box,0.35,12/7/2011
5715,40480,12/7/2011,Critical,50,1270.03,0.1,Regular Air,221.81,26.48,6.93,Harold Engle,Prince Edward Island,Atlantic,Home Office,Furniture,Office Furnishings,DAX Natural Wood-Tone Poster Frame,Small Box,0.49,12/9/2011
5759,40871,9/13/2011,Not Specified,32,294.04,0.03,Regular Air,-5.53,8.85,5.6,Joy Smith,Prince Edward Island,Atlantic,Corporate,Office Supplies,Binders and Binder Accessories,GBC Standard Plastic Binding Systems Combs,Small Box,0.36,9/15/2011
5760,40871,9/13/2011,Not Specified,18,2022.65,0.05,Delivery Truck,-157.63,110.98,30,Joy Smith,Prince Edward Island,Atlantic,Corporate,Furniture,Chairs & Chairmats,Office Star Flex Back Scooter Chair with White Frame,Jumbo Drum,0.71,9/15/2011
5922,41991,12/18/2011,Low,36,1773.86,0.06,Delivery Truck,133.30,50.98,14.19,Philip Brown,Prince Edward Island,Atlantic,Corporate,Furniture,Chairs & Chairmats,"Global Deluxe Stacking Chair, Gray",Jumbo Drum,0.56,12/23/2011
5923,41991,12/18/2011,Low,35,543.22,0,Regular Air,68.44,14.58,7.4,Philip Brown,Prince Edward Island,Atlantic,Corporate,Furniture,Office Furnishings,DAX Clear Channel Poster Frame,Small Box,0.48,12/22/2011
5924,41991,12/18/2011,Low,18,813.9,0.06,Regular Air,256.66,45.98,4.8,Philip Brown,Prince Edward Island,Atlantic,Corporate,Furniture,Office Furnishings,Tenex B1-RE Series Chair Mats for Low Pile Carpets,Wrap Bag,0.68,12/22/2011
6055,42918,5/22/2011,High,46,648.26,0.07,Regular Air,30.48,14.27,7.27,Logan Haushalter,Prince Edward Island,Atlantic,Corporate,Office Supplies,Binders and Binder Accessories,"GBC Laser Imprintable Binding System Covers, Desert Sand",Small Box,0.38,5/24/2011
6056,42918,5/22/2011,High,46,410.43,0.1,Regular Air,-54.58,9.49,5.76,Logan Haushalter,Prince Edward Island,Atlantic,Corporate,Technology,Office Machines,"Sharp EL501VB Scientific Calculator, Battery Operated, 10-Digit Display, Hard Case",Medium Box,0.39,5/24/2011
6417,45601,9/26/2011,High,47,945.03,0,Regular Air,267.64,19.98,5.97,Dan Reichenbach,Prince Edward Island,Atlantic,Corporate,Office Supplies,Paper,Xerox 1936,Small Box,0.38,9/28/2011
6419,45606,9/22/2011,Medium,38,325.75,0.1,Regular Air,-124.25,8.75,8.54,Jim Sink,Prince Edward Island,Atlantic,Corporate,Furniture,Office Furnishings,"Eldon¨ 400 Classª Desk Accessories, Black Carbon",Small Pack,0.43,9/24/2011
6420,45606,9/22/2011,Medium,24,136.42,0.09,Regular Air,-8.38,5.85,2.27,Jim Sink,Prince Edward Island,Atlantic,Corporate,Office Supplies,Pens & Art Supplies,"Dixon My First Ticonderoga Pencil, #2",Wrap Bag,0.56,9/23/2011
6700,47714,3/10/2011,Medium,30,176.15,0.01,Regular Air,-125.36,5.53,6.98,Philip Brown,Prince Edward Island,Atlantic,Corporate,Office Supplies,Binders and Binder Accessories,Avery Durable Poly Binders,Small Box,0.39,3/11/2011
7063,50404,3/26/2011,High,18,3780.43,0.05,Regular Air,905.57,210.55,9.99,Guy Armstrong,Manitoba,Prarie,Corporate,Office Supplies,Storage & Organization,"24 Capacity Maxi Data Binder Racks, Pearl",Small Box,0.6,3/27/2011
7064,50404,3/26/2011,High,10,1961.68,0.04,Regular Air,-367.00,182.55,69,Guy Armstrong,Manitoba,Prarie,Corporate,Furniture,Tables,"Lesro Round Back Collection Coffee Table, End Table",Large Box,0.72,3/28/2011
7209,51461,2/10/2011,Not Specified,43,858.53,0.07,Regular Air,-97.54,19.99,11.17,Greg Guthrie,Manitoba,Prarie,Corporate,Furniture,Office Furnishings,Telescoping Adjustable Floor Lamp,Large Box,0.6,2/12/2011
7363,52482,1/31/2011,Critical,21,848.2,0.06,Express Air,163.78,40.98,5.33,Greg Guthrie,Manitoba,Prarie,Corporate,Office Supplies,Appliances,Belkin 8 Outlet Surge Protector,Small Box,0.57,1/31/2011
7364,52482,1/31/2011,Critical,30,717.21,0,Regular Air,217.06,22.23,3.63,Greg Guthrie,Manitoba,Prarie,Corporate,Furniture,Office Furnishings,"Executive Impressions 14"" Contract Wall Clock",Small Pack,0.52,2/2/2011
7713,55271,3/11/2011,Medium,16,1648.33,0.07,Delivery Truck,-210.14,100.89,42,Carlos Soltero,Manitoba,Prarie,Consumer,Furniture,Chairs & Chairmats,Office Star Flex Back Scooter Chair with Aluminum Finish Frame,Jumbo Drum,0.61,3/13/2011
8114,57922,2/8/2011,Critical,50,343.26,0.04,Regular Air,-287.28,6.84,8.37,Guy Armstrong,Manitoba,Prarie,Corporate,Office Supplies,"Scissors, Rulers and Trimmers","Acme Design Line 8"" Stainless Steel Bent Scissors w/Champagne Handles, 3-1/8"" Cut",Small Pack,0.58,2/8/2011
8132,58117,2/20/2011,Critical,42,134.86,0.04,Regular Air,-62.84,3.14,1.92,Erica Bern,Manitoba,Prarie,Corporate,Office Supplies,"Scissors, Rulers and Trimmers",Serrated Blade or Curved Handle Hand Letter Openers,Wrap Bag,0.84,2/21/2011
8245,58947,9/26/2011,Not Specified,48,410.15,0.01,Regular Air,102.58,8.01,2.87,Helen Abelman,Manitoba,Prarie,Home Office,Office Supplies,Paper,"TOPS Money Receipt Book, Consecutively Numbered in Red,",Wrap Bag,0.4,9/26/2011
8246,58947,9/26/2011,Not Specified,28,135.72,0.09,Regular Air,-67.79,4.98,5.02,Helen Abelman,Manitoba,Prarie,Home Office,Office Supplies,Paper,Xerox 1989,Small Box,0.38,9/27/2011
7,35,10/22/2011,Not Specified,30,288.56,0.03,Regular Air,60.72,9.11,2.25,Julie Creighton,British Columbia,West,Corporate,Office Supplies,Pens & Art Supplies,Dixon Ticonderoga Core-Lock Colored Pencils,Wrap Bag,0.52,10/23/2011
8,35,10/22/2011,Not Specified,14,1892.848,0.01,Regular Air,48.99,155.99,8.99,Julie Creighton,British Columbia,West,Corporate,Technology,Telephones and Communication,CF 688,Small Box,0.58,10/24/2011
76,450,3/4/2011,Not Specified,29,1000.78,0.05,Express Air,109.33,34.58,8.99,Matt Collins,British Columbia,West,Consumer,Office Supplies,Pens & Art Supplies,Panasonic KP-350BK Electric Pencil Sharpener with Auto Stop,Small Pack,0.56,3/5/2011
77,450,3/4/2011,Not Specified,35,543.72,0.05,Regular Air,-211.13,15.7,11.25,Matt Collins,British Columbia,West,Consumer,Office Supplies,Storage & Organization,Hanging Personal Folder File,Small Box,0.6,3/6/2011
353,2465,6/23/2011,Critical,28,1082.45,0.04,Regular Air,271.87,39.48,1.99,Rob Haberlin,British Columbia,West,Consumer,Technology,Computer Peripherals,"80 Minute CD-R Spindle, 100/Pack - Staples",Small Pack,0.54,6/25/2011
431,2883,1/22/2011,Low,34,2154.34,0.1,Regular Air,177.66,64.98,6.88,Rob Haberlin,British Columbia,West,Consumer,Office Supplies,Storage & Organization,Fellowes Bankers Boxª Staxonsteel¨ Drawer File/Stacking System,Small Box,0.73,1/24/2011
485,3362,7/28/2011,Low,40,1699.52,0.04,Regular Air,734.75,40.98,1.99,Christina Vanderzanden,British Columbia,West,Small Business,Technology,Computer Peripherals,"Imation Printable White 80 Minute CD-R Spindle, 50/Pack",Small Pack,0.44,8/1/2011
486,3362,7/28/2011,Low,50,760.85,0.03,Regular Air,-109.10,15.14,4.53,Christina Vanderzanden,British Columbia,West,Small Business,Office Supplies,Storage & Organization,Eldon¨ Gobal File Keepers,Small Box,0.81,8/6/2011
882,6337,8/31/2011,Not Specified,48,3397.72,0.01,Regular Air,-912.08,70.71,37.58,Justin Knight,British Columbia,West,Corporate,Furniture,Office Furnishings,"Tenex Carpeted, Granite-Look or Clear Contemporary Contour Shape Chair Mats",Wrap Bag,0.78,9/2/2011
883,6337,8/31/2011,Not Specified,1,449.42,0.07,Delivery Truck,-261.61,376.13,85.63,Justin Knight,British Columbia,West,Corporate,Furniture,Tables,Bretford Rectangular Conference Table Tops,Jumbo Box,0.74,9/1/2011
1339,9792,7/23/2011,Low,14,84.09,0.02,Regular Air,-73.14,5.4,7.78,Sally Knutson,British Columbia,West,Consumer,Office Supplies,Binders and Binder Accessories,3M Organizer Strips,Small Box,0.37,7/23/2011
1436,10369,11/9/2011,Low,4,27.34,0.06,Regular Air,-12.38,5.78,4.96,Kimberly Carter,British Columbia,West,Home Office,Office Supplies,Paper,Xerox 1899,Small Box,0.36,11/11/2011
1437,10369,11/9/2011,Low,23,683.68,0,Regular Air,-95.54,28.48,8.99,Kimberly Carter,British Columbia,West,Home Office,Technology,Computer Peripherals,"Imation IBM Formatted Diskettes, 100/Pack",Small Pack,0.7,11/14/2011
1690,12199,12/14/2011,Low,2,19,0.01,Regular Air,-10.73,6.54,5.27,Justin Knight,British Columbia,West,Corporate,Office Supplies,Binders and Binder Accessories,Wilson Jones¨ Four-Pocket Poly Binders,Small Box,0.36,12/19/2011
1691,12199,12/14/2011,Low,50,8289.51,0.01,Regular Air,3051.62,155.06,7.07,Justin Knight,British Columbia,West,Corporate,Office Supplies,Storage & Organization,"Dual Level, Single-Width Filing Carts",Small Box,0.59,12/18/2011
2169,15621,9/24/2011,Critical,18,35.51,0.02,Express Air,-13.95,1.68,1.57,Gene Hale,British Columbia,West,Consumer,Office Supplies,Pens & Art Supplies,Newell 323,Wrap Bag,0.59,9/25/2011
2170,15621,9/24/2011,Critical,39,1105.66,0.02,Regular Air,-136.20,28.28,13.99,Gene Hale,British Columbia,West,Consumer,Office Supplies,Storage & Organization,Eldon Portable Mobile Manager,Medium Box,0.58,9/24/2011
2463,17926,11/10/2011,Critical,37,608.33,0.02,Regular Air,-70.04,15.31,8.78,Sally Knutson,British Columbia,West,Consumer,Office Supplies,Storage & Organization,Eldon Jumbo ProFileª Portable File Boxes Graphite/Black,Small Box,0.57,11/12/2011
2831,20448,8/2/2011,Critical,23,104.82,0.02,Express Air,6.84,3.69,2.5,Luke Weiss,British Columbia,West,Corporate,Office Supplies,Envelopes,Colored Envelopes,Small Box,0.39,8/3/2011
3341,23907,7/14/2011,Not Specified,7,384.2,0.05,Regular Air,-164.46,65.99,2.5,Julie Creighton,British Columbia,West,Corporate,Technology,Telephones and Communication,6190,Small Box,0.55,7/14/2011
3541,25248,12/1/2011,Medium,33,271.14,0.05,Express Air,29.21,8.33,1.99,Christina Vanderzanden,British Columbia,West,Small Business,Technology,Computer Peripherals,"80 Minute Slim Jewel Case CD-R , 10/Pack - Staples",Small Pack,0.52,12/3/2011
3542,25248,12/1/2011,Medium,26,1150.3,0.1,Regular Air,418.19,48.91,5.81,Christina Vanderzanden,British Columbia,West,Small Business,Office Supplies,Paper,Xerox 1891,Small Box,0.38,12/2/2011
3798,27105,2/16/2011,Not Specified,37,223.74,0.01,Regular Air,39.63,5.98,2.5,Sanjit Chand,British Columbia,West,Home Office,Office Supplies,Envelopes,Wausau Papers Astrobrights¨ Colored Envelopes,Small Box,0.36,2/17/2011
3799,27105,2/16/2011,Not Specified,2,26.82,0,Regular Air,26.21,10.4,5.4,Sanjit Chand,British Columbia,West,Home Office,Furniture,Office Furnishings,"Executive Impressions 8-1/2"" Career Panel/Partition Cubicle Clock",Small Pack,0.51,2/17/2011
5196,36930,9/28/2011,Medium,34,2632.4755,0.01,Regular Air,1325.82,85.99,3.3,Michelle Arnett,British Columbia,West,Home Office,Technology,Telephones and Communication,Accessory20,Small Pack,0.37,9/30/2011
6246,44256,11/19/2011,Low,39,301.36,0.09,Regular Air,48.45,8.01,2.87,Sally Knutson,British Columbia,West,Corporate,Office Supplies,Paper,"TOPS Money Receipt Book, Consecutively Numbered in Red,",Wrap Bag,0.4,11/28/2011
6247,44256,11/19/2011,Low,17,114.28,0.08,Regular Air,-38.72,6.48,5.84,Sally Knutson,British Columbia,West,Corporate,Office Supplies,Paper,Xerox 226,Small Box,0.37,11/24/2011
6248,44256,11/19/2011,Low,49,1889.04,0.1,Express Air,182.15,40.97,8.99,Sally Knutson,British Columbia,West,Corporate,Office Supplies,Pens & Art Supplies,Sanford 52201 APSCO Electric Pencil Sharpener,Small Pack,0.59,11/26/2011
6386,45377,4/3/2011,Low,47,91.43,0.08,Regular Air,-22.90,2.08,1.49,Kimberly Carter,British Columbia,West,Home Office,Office Supplies,Binders and Binder Accessories,Round Ring Binders,Small Box,0.38,4/5/2011
6658,47367,4/16/2011,Medium,7,27.99,0.06,Regular Air,-0.17,3.8,1.49,Rob Haberlin,British Columbia,West,Corporate,Office Supplies,Binders and Binder Accessories,Durable Pressboard Binders,Small Box,0.38,4/16/2011
6659,47367,4/16/2011,Medium,6,21.07,0.08,Regular Air,2.28,3.69,0.5,Rob Haberlin,British Columbia,West,Corporate,Office Supplies,Labels,Avery 52,Small Box,0.38,4/17/2011
7335,52288,8/10/2011,High,19,1410.44,0.07,Regular Air,545.11,78.69,19.99,Kimberly Carter,British Columbia,West,Home Office,Furniture,Office Furnishings,Howard Miller 12-3/4 Diameter Accuwave DS ª Wall Clock,Small Box,0.43,8/11/2011
7533,53825,4/9/2011,Low,36,1646.05,0.08,Regular Air,649.80,48.04,7.23,Joy Smith,British Columbia,West,Consumer,Office Supplies,Paper,Xerox 1885,Small Box,0.37,4/11/2011
8116,57959,12/30/2011,Medium,40,239.86,0.04,Regular Air,-32.06,5.81,3.37,Sally Knutson,British Columbia,West,Consumer,Office Supplies,Rubber Bands,"Advantus Push Pins, Aluminum Head",Wrap Bag,0.54,12/31/2011
8117,57959,12/30/2011,Medium,48,1269.79,0.08,Express Air,-65.33,26.31,5.89,Sally Knutson,British Columbia,West,Consumer,Technology,Computer Peripherals,"Micro Innovations Micro 3000 Keyboard, Black",Small Box,0.75,12/31/2011
8184,58500,2/14/2011,Low,17,1529.014,0.07,Regular Air,14.01,110.99,8.99,Christina DeMoss,British Columbia,West,Home Office,Technology,Telephones and Communication,LX 677,Small Box,0.57,2/14/2011
143,928,3/1/2011,Low,21,1222.68,0.06,Express Air,300.97,59.98,3.99,Anthony O'Donnell,British Columbia,West,Consumer,Office Supplies,Appliances,Belkin 8 Outlet SurgeMaster II Gold Surge Protector,Small Box,0.57,3/6/2011
144,928,3/1/2011,Low,26,390.2,0.02,Express Air,45.00,14.58,7.4,Anthony O'Donnell,British Columbia,West,Consumer,Furniture,Office Furnishings,DAX Clear Channel Poster Frame,Small Box,0.48,3/3/2011
1395,10144,1/2/2011,Critical,16,5403.75,0.08,Delivery Truck,103.83,355.98,58.92,Sonia Sunley,British Columbia,West,Corporate,Furniture,Chairs & Chairmats,Hon 4700 Series Mobuisª Mid-Back Task Chairs with Adjustable Arms,Jumbo Drum,0.64,1/4/2011
1396,10144,1/2/2011,Critical,1,192.49,0.02,Delivery Truck,-98.30,160.98,30,Sonia Sunley,British Columbia,West,Corporate,Furniture,Chairs & Chairmats,Office Star - Mid Back Dual function Ergonomic High Back Chair with 2-Way Adjustable Arms,Jumbo Drum,0.62,1/4/2011
1397,10144,1/2/2011,Critical,24,6408.3,0.1,Delivery Truck,539.54,280.98,35.67,Sonia Sunley,British Columbia,West,Corporate,Furniture,Tables,Global Adaptabilitiesª Conference Tables,Jumbo Box,0.66,1/2/2011
1791,12806,12/24/2011,Not Specified,20,761.23,0,Regular Air,107.93,35.89,14.72,Sonia Sunley,British Columbia,West,Small Business,Office Supplies,Envelopes,Jet-Pak Recycled Peel 'N' Seal Padded Mailers,Small Box,0.4,12/25/2011
2077,14852,12/24/2011,Medium,9,3800.4,0.03,Express Air,1234.57,420.98,19.99,Angele Hood,British Columbia,West,Consumer,Office Supplies,Binders and Binder Accessories,GBC DocuBind 200 Manual Binding Machine,Small Box,0.35,12/24/2011
3141,22534,7/18/2011,Medium,3,279.33,0,Regular Air,-44.18,83.93,19.99,Kelly Williams,British Columbia,West,Corporate,Office Supplies,Envelopes,Airmail Envelopes,Small Box,0.38,7/20/2011
3368,24070,3/15/2011,High,36,170.42,0.1,Regular Air,-98.31,4.91,4.97,Sonia Sunley,British Columbia,West,Corporate,Office Supplies,Binders and Binder Accessories,"Pressboard Covers with Storage Hooks, 9 1/2"" x 11"", Light Blue",Small Box,0.38,3/16/2011
3369,24070,3/15/2011,High,3,431.29,0.1,Regular Air,-164.59,140.81,24.49,Sonia Sunley,British Columbia,West,Corporate,Furniture,Chairs & Chairmats,Hon Olson Stacker Stools,Large Box,0.57,3/16/2011
3370,24070,3/15/2011,High,48,294.26,0,Express Air,88.80,5.58,0.7,Sonia Sunley,British Columbia,West,Corporate,Office Supplies,Pens & Art Supplies,Newell 314,Wrap Bag,0.6,3/16/2011
3815,27174,10/8/2011,Critical,17,477.5045,0.09,Regular Air,-245.56,35.99,5,Alex Avila,British Columbia,West,Corporate,Technology,Telephones and Communication,Accessory27,Small Box,0.85,10/10/2011
4307,30659,9/13/2011,Critical,45,3116.7715,0.08,Regular Air,-106.51,85.99,0.99,Kelly Williams,British Columbia,West,Corporate,Technology,Telephones and Communication,Accessory4,Wrap Bag,0.85,9/15/2011
4727,33665,5/25/2011,Low,45,12457.63,0.08,Delivery Truck,1063.46,284.98,69.55,Lisa DeCherney,British Columbia,West,Corporate,Furniture,Chairs & Chairmats,Global Commerceª Series High-Back Swivel/Tilt Chairs,Jumbo Drum,0.6,5/30/2011
4841,34434,5/9/2011,Not Specified,16,32.35,0.08,Regular Air,-63.19,1.8,4.79,Barbara Fisher,British Columbia,West,Small Business,Office Supplies,Binders and Binder Accessories,Wilson Jones Easy Flow IIª Sheet Lifters,Small Box,0.37,5/10/2011
4842,34434,5/9/2011,Not Specified,23,116.56,0.04,Regular Air,50.66,4.98,0.49,Barbara Fisher,British Columbia,West,Small Business,Office Supplies,Labels,Avery White Multi-Purpose Labels,Small Box,0.39,5/11/2011
5380,38272,11/15/2011,Critical,39,71.04,0.07,Regular Air,-20.65,1.88,1.49,Sarah Foster,British Columbia,West,Corporate,Office Supplies,Binders and Binder Accessories,Staples¨ General Use 3-Ring Binders,Small Box,0.37,11/17/2011
5744,40803,4/13/2011,Low,22,83.02,0.08,Regular Air,9.24,3.8,1.49,Jim Karlsson,British Columbia,West,Small Business,Office Supplies,Binders and Binder Accessories,Durable Pressboard Binders,Small Box,0.38,4/18/2011
5745,40803,4/13/2011,Low,35,10278.79,0.04,Delivery Truck,1512.07,300.98,64.73,Jim Karlsson,British Columbia,West,Small Business,Furniture,Chairs & Chairmats,"Global Leather and Oak Executive Chair, Black",Jumbo Drum,0.56,4/15/2011
5747,40806,9/6/2011,Critical,8,53.14,0,Regular Air,-41.26,5.4,7.78,Barbara Fisher,British Columbia,West,Small Business,Office Supplies,Binders and Binder Accessories,3M Organizer Strips,Small Box,0.37,9/7/2011
6958,49761,1/24/2011,Not Specified,45,1090.6,0.07,Regular Air,300.91,23.99,6.3,Lisa DeCherney,British Columbia,West,Corporate,Technology,Office Machines,TI 36X Solar Scientific Calculator,Medium Box,0.38,1/25/2011
7558,54081,3/10/2011,Low,2,57.5,0.02,Regular Air,-83.18,28.48,1.99,Seth Vernon,British Columbia,West,Home Office,Technology,Computer Peripherals,"Memorex 4.7GB DVD+RW, 3/Pack",Small Pack,0.4,3/12/2011
7921,56640,8/25/2011,High,2,29.31,0,Regular Air,-12.78,11.48,5.43,Anthony O'Donnell,British Columbia,West,Corporate,Office Supplies,Paper,Personal Creationsª Ink Jet Cards and Labels,Small Box,0.36,8/26/2011
7922,56640,8/25/2011,High,11,80.26,0.06,Regular Air,-22.55,6.68,5.66,Anthony O'Donnell,British Columbia,West,Corporate,Office Supplies,Paper,Xerox 1923,Small Box,0.37,8/26/2011
222,1445,1/9/2011,Medium,3,1326.09,0,Regular Air,-20.55,420.98,19.99,Shahid Shariari,British Columbia,West,Corporate,Office Supplies,Binders and Binder Accessories,GBC DocuBind 200 Manual Binding Machine,Small Box,0.35,1/12/2011
223,1445,1/9/2011,Medium,30,339.49,0.08,Regular Air,-74.21,11.97,5.81,Shahid Shariari,British Columbia,West,Corporate,Office Supplies,Pens & Art Supplies,Staples SlimLine Pencil Sharpener,Small Pack,0.6,1/11/2011
617,4257,3/24/2011,Medium,45,253.89,0.01,Regular Air,-83.66,5.58,5.3,Liz Price,British Columbia,West,Consumer,Office Supplies,Envelopes,Staples Brown Kraft Recycled Clasp Envelopes,Small Box,0.35,3/26/2011
657,4642,2/26/2011,Critical,9,65.61,0.08,Regular Air,-39.74,7.28,3.52,Shahid Shariari,British Columbia,West,Corporate,Technology,Computer Peripherals,"Imation 3.5"" DS-HD Macintosh Formatted Diskettes, 10/Pack",Small Pack,0.68,2/27/2011
658,4642,2/26/2011,Critical,21,309.62,0,Express Air,-80.20,14.03,9.37,Shahid Shariari,British Columbia,West,Corporate,Office Supplies,Storage & Organization,Project Tote Personal File,Small Box,0.56,2/26/2011
888,6374,8/7/2011,Critical,29,857.42,0.07,Express Air,51.18,31.11,3.6,Ricardo Emerson,British Columbia,West,Corporate,Technology,Computer Peripherals,"Imation 3.5"" Diskettes, IBM Format, DS/HD, 10/Box, Neon",Small Pack,0.64,8/8/2011
889,6374,8/7/2011,Critical,1,2.24,0.01,Regular Air,-1.97,1.48,0.7,Ricardo Emerson,British Columbia,West,Corporate,Office Supplies,Rubber Bands,Binder Clips by OIC,Wrap Bag,0.37,8/9/2011
1509,10916,3/10/2011,Medium,23,135.31,0.06,Regular Air,-49.32,5.74,5.01,Trudy Schmidt,British Columbia,West,Small Business,Office Supplies,Binders and Binder Accessories,Binder Posts,Small Box,0.39,3/10/2011
1512,10944,11/12/2011,High,9,181.66,0,Regular Air,-27.47,17.98,8.51,Mike Vittorini,British Columbia,West,Small Business,Technology,Office Machines,Canon P1-DHIII Palm Printing Calculator,Medium Box,0.4,11/14/2011
1753,12579,6/16/2011,Not Specified,5,70.33,0.1,Regular Air,1.07,15.04,1.97,Patrick O'Brill,British Columbia,West,Home Office,Office Supplies,Paper,White GlueTop Scratch Pads,Wrap Bag,0.39,6/16/2011
1936,13889,9/4/2011,Medium,49,12979.1,0.03,Delivery Truck,2820.44,258.98,54.31,John Murray,British Columbia,West,Small Business,Furniture,Chairs & Chairmats,Global Enterpriseª Series Seating Low-Back Swivel/Tilt Chairs,Jumbo Drum,0.55,9/5/2011
1953,13986,10/11/2011,High,46,1905.79,0.01,Regular Air,675.65,39.48,1.99,Kristina Nunn,British Columbia,West,Consumer,Technology,Computer Peripherals,"80 Minute CD-R Spindle, 100/Pack - Staples",Small Pack,0.54,10/14/2011
2029,14471,5/26/2011,Not Specified,44,823.63,0.03,Regular Air,375.02,18.65,3.77,Ralph Kennedy,British Columbia,West,Corporate,Furniture,Office Furnishings,3M Polarizing Light Filter Sleeves,Small Pack,0.39,5/26/2011
2030,14471,5/26/2011,Not Specified,42,286.73,0.05,Regular Air,-141.51,6.48,7.49,Ralph Kennedy,British Columbia,West,Corporate,Office Supplies,Paper,Xerox 220,Small Box,0.37,5/28/2011
2087,14948,5/28/2011,Medium,6,647.78,0,Delivery Truck,-144.87,100.98,35.84,Shahid Hopkins,British Columbia,West,Small Business,Furniture,Bookcases,"Bush Westfield Collection Bookcases, Fully Assembled",Jumbo Box,0.62,5/29/2011
2399,17382,7/4/2011,Not Specified,20,2162.8165,0.01,Regular Air,223.25,125.99,8.99,Lena Hernandez,British Columbia,West,Home Office,Technology,Telephones and Communication,M70,Small Box,0.59,7/5/2011
2690,19462,9/20/2011,Medium,2,206.68,0,Regular Air,-156.47,80.98,35,Mark Cousins,British Columbia,West,Home Office,Office Supplies,Storage & Organization,Carina Double Wide Media Storage Towers in Natural & Black,Large Box,0.81,9/21/2011
2901,20960,11/18/2011,Low,19,195.96,0.1,Regular Air,-104.82,10.97,6.5,Giulietta Weimer,British Columbia,West,Corporate,Technology,Computer Peripherals,Micro Innovations 104 Keyboard,Small Box,0.64,11/23/2011
2949,21350,2/24/2011,Medium,30,278.94,0.01,Regular Air,-143.70,9.06,9.86,Ralph Kennedy,British Columbia,West,Corporate,Office Supplies,Paper,Southworth 25% Cotton Linen-Finish Paper & Envelopes,Small Box,0.4,2/25/2011
3156,22657,10/29/2011,High,36,9544.18,0,Express Air,3392.88,256.99,11.25,Ralph Kennedy,British Columbia,West,Corporate,Technology,Computer Peripherals,Hayes Optima 56K V.90 Internal Voice Modem,Small Box,0.51,10/30/2011
3157,22657,10/29/2011,High,8,32.92,0.05,Regular Air,-7.73,3.95,2,Ralph Kennedy,British Columbia,West,Corporate,Office Supplies,Rubber Bands,Advantus Map Pennant Flags and Round Head Tacks,Wrap Bag,0.53,10/30/2011
3346,23940,4/8/2011,Medium,20,138.52,0.03,Regular Air,-895.24,4.48,49,Khloe Miller,British Columbia,West,Home Office,Office Supplies,Appliances,Hoover Portapowerª Portable Vacuum,Large Box,0.6,4/9/2011
3347,23940,4/8/2011,Medium,11,1735.59,0.02,Delivery Truck,-506.43,150.89,60.2,Khloe Miller,British Columbia,West,Home Office,Furniture,Chairs & Chairmats,"Global Leather & Oak Executive Chair, Burgundy",Jumbo Drum,0.77,4/11/2011
3590,25633,8/1/2011,Low,36,5140.08,0.06,Delivery Truck,-582.43,145.98,51.92,Sally Knutson,British Columbia,West,Home Office,Furniture,Tables,Bevis Rectangular Conference Tables,Jumbo Box,0.69,8/6/2011
3757,26851,7/24/2011,High,44,73.64,0.07,Regular Air,-58.87,1.7,1.99,Heather Jas,British Columbia,West,Corporate,Technology,Computer Peripherals,BASF Silver 74 Minute CD-R,Small Pack,0.51,7/26/2011
3827,27298,11/19/2011,Low,40,7813.7,0.09,Regular Air,2154.33,199.99,24.49,Philisse Overcash,British Columbia,West,Small Business,Technology,Copiers and Fax,Canon PC-428 Personal Copier,Large Box,0.46,11/23/2011
3828,27298,11/19/2011,Low,31,164.92,0.04,Regular Air,-54.36,4.98,4.86,Philisse Overcash,British Columbia,West,Small Business,Office Supplies,Paper,Xerox 190,Small Box,0.38,11/24/2011
3896,27781,9/15/2011,High,47,181.13,0,Regular Air,-11.39,3.69,2.5,Shahid Hopkins,British Columbia,West,Small Business,Office Supplies,Envelopes,Colored Envelopes,Small Box,0.39,9/17/2011
4054,28898,5/28/2011,Low,44,246,0.1,Regular Air,-207.36,5.78,7.96,Mark Cousins,British Columbia,West,Corporate,Office Supplies,Paper,Xerox 196,Small Box,0.36,5/28/2011
4220,29986,7/3/2011,Critical,40,1477.39,0.03,Regular Air,641.40,37.7,2.99,Rob Dowd,British Columbia,West,Corporate,Office Supplies,Binders and Binder Accessories,Vinyl Sectional Post Binders,Small Box,0.35,7/3/2011
4485,31938,7/27/2011,Medium,13,1193.62,0.08,Delivery Truck,-304.47,89.99,42,Shahid Shariari,British Columbia,West,Consumer,Furniture,Chairs & Chairmats,"Global Leather Task Chair, Black",Jumbo Drum,0.66,7/28/2011
4486,31938,7/27/2011,Medium,47,363.23,0.05,Regular Air,40.58,7.59,4,Shahid Shariari,British Columbia,West,Consumer,Furniture,Office Furnishings,"Master Giant Foot¨ Doorstop, Safety Yellow",Wrap Bag,0.42,7/29/2011
4620,32901,1/10/2011,Critical,13,49.74,0,Regular Air,17.70,3.75,0.5,Neil Knudson,British Columbia,West,Corporate,Office Supplies,Labels,Avery 496,Small Box,0.37,1/11/2011
4680,33287,4/22/2011,Critical,44,11904.55,0,Delivery Truck,3909.33,270.97,28.06,Mike Vittorini,British Columbia,West,Small Business,Technology,Office Machines,Epson LQ-570e Dot Matrix Printer,Jumbo Drum,0.56,4/25/2011
5001,35649,10/9/2011,Medium,9,43.26,0.1,Regular Air,3.90,4.82,1.49,Justin Hirsh,British Columbia,West,Consumer,Office Supplies,Binders and Binder Accessories,Tuff Stuffª Recycled Round Ring Binders,Small Box,0.36,10/11/2011
5002,35649,10/9/2011,Medium,25,174.03,0.02,Regular Air,-42.37,6.48,5.74,Justin Hirsh,British Columbia,West,Consumer,Office Supplies,Paper,Xerox 1994,Small Box,0.37,10/11/2011
5346,37988,4/5/2011,Not Specified,12,189.19,0.08,Regular Air,-56.71,16.06,8.34,Khloe Miller,British Columbia,West,Home Office,Office Supplies,Storage & Organization,"Letter/Legal File Tote with Clear Snap-On Lid, Black Granite",Small Box,0.59,4/5/2011
5457,38758,9/24/2011,Not Specified,7,497.2,0,Regular Air,-219.61,60.98,49,Justin Hirsh,British Columbia,West,Consumer,Office Supplies,Appliances,Euro Pro Shark Stick Mini Vacuum,Large Box,0.59,9/26/2011
5554,39332,10/9/2011,Critical,4,198.72,0.01,Express Air,-34.43,40.97,14.45,Khloe Miller,British Columbia,West,Consumer,Furniture,Office Furnishings,Dana Halogen Swing-Arm Architect Lamp,Large Box,0.57,10/10/2011
5608,39745,5/4/2011,Not Specified,8,955.29,0.05,Delivery Truck,-286.20,115.99,56.14,Ralph Kennedy,British Columbia,West,Corporate,Technology,Office Machines,Hewlett-Packard Deskjet 5550 Color Inkjet Printer,Jumbo Drum,0.4,5/5/2011
5678,40134,10/9/2011,Low,10,109.37,0.1,Regular Air,-21.66,10.89,4.5,Shahid Hopkins,British Columbia,West,Small Business,Office Supplies,Appliances,Belkin 6 Outlet Metallic Surge Strip,Small Box,0.59,10/16/2011
5679,40134,10/9/2011,Low,43,1461.1,0.01,Regular Air,674.46,31.78,1.99,Shahid Hopkins,British Columbia,West,Small Business,Technology,Computer Peripherals,"Memorex 4.7GB DVD-RAM, 3/Pack",Small Pack,0.42,10/13/2011
5680,40134,10/9/2011,Low,1,9.75,0,Regular Air,-6.72,4.98,4.72,Shahid Hopkins,British Columbia,West,Small Business,Office Supplies,Paper,Xerox 1949,Small Box,0.36,10/14/2011
5910,41895,1/10/2011,Critical,8,27663.92,0.05,Regular Air,-391.92,3499.99,24.49,Tony Chapman,British Columbia,West,Consumer,Technology,Copiers and Fax,Canon imageCLASS 2200 Advanced Copier,Large Box,0.37,1/12/2011
6087,43111,9/12/2011,High,27,4722.83,0.01,Regular Air,1749.78,165.98,19.99,Sally Knutson,British Columbia,West,Consumer,Office Supplies,Binders and Binder Accessories,GBC DocuBind P100 Manual Binding Machine,Small Box,0.4,9/13/2011
6282,44451,9/11/2011,Critical,4,103.9,0.07,Express Air,-19.26,22.98,7.58,Khloe Miller,Nova Scotia,Atlantic,Home Office,Furniture,Office Furnishings,"Seth Thomas 12"" Clock w/ Goldtone Case",Small Box,0.51,9/13/2011
6354,45059,2/3/2011,Not Specified,35,1327.59,0.05,Express Air,371.28,37.74,2.9,Tony Chapman,Nova Scotia,Atlantic,Consumer,Office Supplies,Pens & Art Supplies,Panasonic KP-150 Electric Pencil Sharpener,Small Pack,0.59,2/4/2011
6355,45059,2/3/2011,Not Specified,39,3401.8,0.09,Express Air,-508.87,95.43,19.99,Tony Chapman,Nova Scotia,Atlantic,Consumer,Office Supplies,Storage & Organization,Fellowes Stor/Drawer¨ Steel Plusª Storage Drawers,Small Box,0.79,2/5/2011
6362,45155,2/15/2011,Low,44,181.61,0.03,Regular Air,-150.26,4.13,5.34,Ralph Kennedy,Nova Scotia,Atlantic,Corporate,Office Supplies,Binders and Binder Accessories,ACCOHIDE¨ Binder by Acco,Small Box,0.38,2/22/2011
6363,45155,2/15/2011,Low,35,111.55,0.05,Regular Air,-54.25,3.14,1.92,Ralph Kennedy,Nova Scotia,Atlantic,Corporate,Office Supplies,"Scissors, Rulers and Trimmers",Serrated Blade or Curved Handle Hand Letter Openers,Wrap Bag,0.84,2/15/2011
6906,49223,10/2/2011,Medium,24,238.25,0.05,Regular Air,-83.55,9.38,7.28,Chuck Clark,Nova Scotia,Atlantic,Corporate,Office Supplies,Storage & Organization,Staples File Caddy,Small Box,0.57,10/2/2011
6999,49987,1/19/2011,High,15,1795.49,0.05,Delivery Truck,-626.04,114.98,58.72,Tanja Norvell,Nova Scotia,Atlantic,Consumer,Furniture,Bookcases,"Sauder Camden County Collection Libraries, Planked Cherry Finish",Jumbo Box,0.76,1/22/2011
7000,49987,1/19/2011,High,4,926.58,0.03,Delivery Truck,-226.51,212.6,52.2,Tanja Norvell,Nova Scotia,Atlantic,Consumer,Furniture,Tables,Bush Advantage Collection¨ Round Conference Table,Jumbo Box,0.64,1/22/2011
7032,50208,1/22/2011,Medium,4,38.76,0.1,Express Air,-12.13,6.23,6.97,Sarah Bern,Nova Scotia,Atlantic,Corporate,Office Supplies,Binders and Binder Accessories,Avery Hole Reinforcements,Small Box,0.36,1/23/2011
7138,50945,1/7/2011,Critical,27,834.0625,0.01,Regular Air,192.29,35.99,1.25,Vicky Freymann,Nova Scotia,Atlantic,Home Office,Technology,Telephones and Communication,Accessory13,Small Pack,0.57,1/9/2011
7210,51462,6/22/2011,Medium,15,417.88,0.08,Express Air,-13.95,28.15,8.99,Philisse Overcash,Nova Scotia,Atlantic,Small Business,Office Supplies,Pens & Art Supplies,"Boston Electric Pencil Sharpener, Model 1818, Charcoal Black",Small Pack,0.57,6/24/2011
7218,51494,8/3/2011,Critical,42,493.56,0.06,Regular Air,12.73,11.99,5.99,Justin Hirsh,Nova Scotia,Atlantic,Consumer,Technology,Office Machines,TI 30X Scientific Calculator,Medium Box,0.36,8/5/2011
7221,51525,11/7/2011,Critical,18,360.24,0.04,Express Air,-36.24,19.98,4,Patrick O'Brill,Nova Scotia,Atlantic,Home Office,Technology,Computer Peripherals,Belkin 105-Key Black Keyboard,Small Box,0.68,11/9/2011
7222,51525,11/7/2011,Critical,46,1463.27,0.09,Regular Air,104.22,34.76,8.22,Patrick O'Brill,Nova Scotia,Atlantic,Home Office,Office Supplies,Storage & Organization,"Multi-Use Personal File Cart and Caster Set, Three Stacking Bins",Small Box,0.57,11/9/2011
7685,55075,2/1/2011,Critical,21,556.45,0.08,Delivery Truck,-124.42,25.98,14.36,Lena Hernandez,Nova Scotia,Atlantic,Home Office,Furniture,Chairs & Chairmats,"Global Stack Chair without Arms, Black",Jumbo Drum,0.6,2/4/2011
8027,57376,6/19/2011,Critical,44,442.72,0.07,Regular Air,-168.38,10.52,7.94,Mike Vittorini,Nova Scotia,Atlantic,Small Business,Furniture,Office Furnishings,Ultra Door Pull Handle,Small Pack,0.52,6/21/2011
8028,57376,6/19/2011,Critical,6,326.893,0.07,Regular Air,-223.21,65.99,5.31,Mike Vittorini,Nova Scotia,Atlantic,Small Business,Technology,Telephones and Communication,3390,Small Box,0.57,6/19/2011
8092,57700,11/12/2011,Medium,38,1806.43,0.04,Regular Air,134.85,47.98,3.61,Paul MacIntyre,Nova Scotia,Atlantic,Corporate,Technology,Computer Peripherals,"DS/HD IBM Formatted Diskettes, 200/Pack - Staples",Small Pack,0.71,11/12/2011
8172,58407,5/6/2011,High,29,1669.88,0.02,Regular Air,548.92,55.48,14.3,John Grady,Nova Scotia,Atlantic,Corporate,Office Supplies,Paper,Xerox 194,Small Box,0.37,5/9/2011
8191,58593,9/8/2011,Critical,29,2018.45,0.08,Regular Air,-812.25,70.71,37.58,Ricardo Emerson,Nova Scotia,Atlantic,Corporate,Furniture,Office Furnishings,"Tenex Carpeted, Granite-Look or Clear Contemporary Contour Shape Chair Mats",Wrap Bag,0.78,9/9/2011
8238,58884,3/21/2011,Low,29,87.68,0.03,Regular Air,23.14,2.88,0.99,Chuck Clark,Nova Scotia,Atlantic,Corporate,Office Supplies,Labels,Avery 474,Small Box,0.36,3/26/2011
8239,58884,3/21/2011,Low,46,3732.25,0.1,Delivery Truck,-1255.86,85.29,60,Chuck Clark,Nova Scotia,Atlantic,Corporate,Furniture,Tables,"Barricks Non-Folding Utility Table with Steel Legs, Laminate Tops",Jumbo Drum,0.56,3/26/2011
108,706,9/8/2011,Critical,42,75.14,0.05,Regular Air,0.82,1.76,0.7,Sarah Jordon,Nova Scotia,Atlantic,Consumer,Office Supplies,Pens & Art Supplies,Newell 326,Wrap Bag,0.56,9/10/2011
314,2208,4/30/2011,Not Specified,7,82.06,0.07,Regular Air,-26.99,11.5,7.19,Jack O'Briant,Nova Scotia,Atlantic,Home Office,Office Supplies,Binders and Binder Accessories,Ibico Covers for Plastic or Wire Binding Elements,Small Box,0.4,5/2/2011
315,2208,4/30/2011,Not Specified,41,23281.05,0.09,Regular Air,9097.65,599.99,24.49,Jack O'Briant,Nova Scotia,Atlantic,Home Office,Technology,Copiers and Fax,Hewlett Packard LaserJet 3310 Copier,Large Box,0.37,5/1/2011
488,3393,7/3/2011,High,7,127.74,0.04,Express Air,-5.57,15.98,4,Steve Carroll,Nova Scotia,Atlantic,Consumer,Technology,Computer Peripherals,Logitech Access Keyboard,Small Box,0.37,7/4/2011
489,3393,7/3/2011,High,33,325.92,0.03,Regular Air,-36.47,9.48,7.29,Steve Carroll,Nova Scotia,Atlantic,Consumer,Furniture,Office Furnishings,"DAX Two-Tone Rosewood/Black Document Frame, Desktop, 5 x 7",Small Pack,0.45,7/3/2011
649,4579,11/30/2011,High,40,1765.05,0.05,Regular Air,749.22,43.41,2.99,Dennis Bolton,Nova Scotia,Atlantic,Small Business,Office Supplies,Binders and Binder Accessories,Satellite Sectional Post Binders,Small Box,0.39,12/1/2011
714,5092,10/29/2011,Low,3,709.04,0.1,Delivery Truck,-337.92,220.98,64.66,John Castell,Nova Scotia,Atlantic,Consumer,Furniture,Bookcases,"Bush Cubix Collection Bookcases, Fully Assembled",Jumbo Box,0.62,10/29/2011
715,5092,10/29/2011,Low,25,978.77,0.06,Regular Air,220.91,38.76,13.26,John Castell,Nova Scotia,Atlantic,Consumer,Office Supplies,Paper,Xerox 1892,Small Box,0.36,11/3/2011
807,5799,8/2/2011,Critical,34,9626.86,0.08,Delivery Truck,1882.20,294.62,42.52,Jack O'Briant,Nova Scotia,Atlantic,Small Business,Office Supplies,Appliances,3.6 Cubic Foot Counter Height Office Refrigerator,Jumbo Drum,0.57,8/4/2011
919,6596,7/21/2011,Low,36,18028.07,0.02,Delivery Truck,8157.70,500.98,28.14,Chad Sievert,Nova Scotia,Atlantic,Corporate,Technology,Office Machines,"Hewlett-Packard cp1700 [D, PS] Series Color Inkjet Printers",Jumbo Drum,0.38,7/26/2011
1196,8773,10/22/2011,Critical,5,220.7875,0.09,Regular Air,-305.32,55.99,5,Sally Matthias,Nova Scotia,Atlantic,Home Office,Technology,Telephones and Communication,Accessory36,Small Pack,0.83,10/22/2011
1363,9922,4/3/2011,Not Specified,24,6408.3,0.1,Delivery Truck,539.54,280.98,35.67,Jack O'Briant,Nova Scotia,Atlantic,Consumer,Furniture,Tables,Global Adaptabilitiesª Conference Tables,Jumbo Box,0.66,4/4/2011
1721,12355,5/28/2011,Not Specified,45,168.66,0.08,Regular Air,-167.06,3.95,5.13,Ken Heidel,Nova Scotia,Atlantic,Corporate,Office Supplies,Appliances,"Hoover Replacement Belts For Soft Guardª & Commercial Ltweight Upright Vacs, 2/Pk",Small Box,0.59,5/30/2011
1961,14021,3/7/2011,High,12,27.05,0,Express Air,1.00,1.82,0.83,Ken Heidel,Nova Scotia,Atlantic,Corporate,Office Supplies,Pens & Art Supplies,Newell 307,Wrap Bag,0.57,3/8/2011
2352,16967,8/19/2011,Low,5,397.55,0.08,Regular Air,-152.47,83.1,6.13,Brad Norvell,Nova Scotia,Atlantic,Corporate,Technology,Computer Peripherals,"Micro Innovations Micro Digital Wireless Keyboard and Mouse, Gray",Small Box,0.45,8/21/2011
2353,16967,8/19/2011,Low,34,676.26,0.06,Regular Air,181.98,19.98,5.77,Brad Norvell,Nova Scotia,Atlantic,Corporate,Office Supplies,Paper,Xerox Blank Computer Paper,Small Box,0.38,8/19/2011
2540,18432,3/12/2011,High,42,451.32,0.04,Regular Air,1.16,10.64,5.16,Art Ferguson,Nova Scotia,Atlantic,Corporate,Furniture,Office Furnishings,"Eldon Expressions Punched Metal & Wood Desk Accessories, Pewter & Cherry",Small Box,0.57,3/12/2011
2541,18432,3/12/2011,High,15,217.66,0.1,Express Air,-24.91,14.42,6.75,Art Ferguson,Nova Scotia,Atlantic,Corporate,Office Supplies,Appliances,Holmes Odor Grabber,Medium Box,0.52,3/12/2011
2542,18432,3/12/2011,High,5,1374.67,0.08,Delivery Truck,-126.34,279.81,23.19,Art Ferguson,Nova Scotia,Atlantic,Corporate,Office Supplies,Appliances,Sanyo 2.5 Cubic Foot Mid-Size Office Refrigerators,Jumbo Drum,0.59,3/14/2011
2543,18432,3/12/2011,High,12,76.42,0.02,Express Air,20.44,5.84,0.83,Art Ferguson,Nova Scotia,Atlantic,Corporate,Office Supplies,Pens & Art Supplies,Avery Hi-Liter¨ Smear-Safe Highlighters,Wrap Bag,0.49,3/14/2011
2952,21379,1/14/2011,High,35,5428.49,0.05,Delivery Truck,-1046.78,150.89,60.2,Charles Sheldon,Nova Scotia,Atlantic,Corporate,Furniture,Chairs & Chairmats,"Global Leather & Oak Executive Chair, Burgundy",Jumbo Drum,0.77,1/16/2011
3672,26304,3/19/2011,Medium,43,7452.137,0.02,Regular Air,2028.36,205.99,5.99,Art Ferguson,Nova Scotia,Atlantic,Corporate,Technology,Telephones and Communication,3285,Small Box,0.59,3/20/2011
3825,27266,9/8/2011,Critical,9,1031.06,0.03,Regular Air,39.36,115.79,1.99,Art Ferguson,Nova Scotia,Atlantic,Corporate,Technology,Computer Peripherals,"Verbatim DVD-R, 4.7GB, Spindle, WE, Blank, Ink Jet/Thermal, 20/Spindle",Small Pack,0.49,9/11/2011
4090,29158,10/20/2011,High,12,2266.7,0.07,Delivery Truck,180.80,200.98,23.76,Matt Abelman,British Columbia,West,Home Office,Furniture,Chairs & Chairmats,"Global Leather Highback Executive Chair with Pneumatic Height Adjustment, Black",Jumbo Drum,0.58,10/21/2011
4144,29409,1/13/2011,High,23,38.99,0.09,Regular Air,-33.52,1.7,1.99,Sally Matthias,British Columbia,West,Home Office,Technology,Computer Peripherals,BASF Silver 74 Minute CD-R,Small Pack,0.51,1/15/2011
4891,34791,5/7/2011,Medium,37,284.58,0.03,Regular Air,33.81,7.59,4,Mary O'Rourke,British Columbia,West,Home Office,Furniture,Office Furnishings,"Master Giant Foot¨ Doorstop, Safety Yellow",Wrap Bag,0.42,5/9/2011
4892,34791,5/7/2011,Medium,9,1010.26,0.01,Regular Air,271.50,104.85,19.99,Mary O'Rourke,British Columbia,West,Home Office,Office Supplies,Paper,Multicolor Computer Printout Paper,Small Box,0.37,5/7/2011
4900,34853,9/29/2011,Critical,49,651.9,0.16,Regular Air,-74.51,13.73,6.85,Matt Abelman,British Columbia,West,Small Business,Furniture,Office Furnishings,DAX Wood Document Frame.,Wrap Bag,0.54,10/2/2011
5106,36359,11/23/2011,High,2,68.66,0.06,Regular Air,-29.60,30.98,5.76,Ken Heidel,British Columbia,West,Corporate,Office Supplies,Paper,"IBM Multi-Purpose Copy Paper, 8 1/2 x 11"", Case",Small Box,0.4,11/24/2011
5458,38784,2/3/2011,Medium,50,298.12,0.09,Regular Air,137.67,6.3,0.5,Mark Cousins,British Columbia,West,Home Office,Office Supplies,Labels,Avery 51,Small Box,0.39,2/5/2011
5579,39527,4/17/2011,Low,29,213.35,0.01,Regular Air,63.78,6.88,2,Nathan Mautz,British Columbia,West,Corporate,Office Supplies,Paper,"Adams Phone Message Book, 200 Message Capacity, 8 1/16Ó x 11Ó",Wrap Bag,0.39,4/26/2011
5814,41217,7/13/2011,High,23,1314.64,0.03,Express Air,575.38,55.48,6.79,Nathan Cano,British Columbia,West,Consumer,Office Supplies,Paper,"Eaton Premium Continuous-Feed Paper, 25% Cotton, Letter Size, White, 1000 Shts/Box",Small Box,0.37,7/15/2011
6026,42692,12/20/2011,Medium,41,248.86,0.08,Regular Air,-168.67,5.98,7.5,Scott Williamson,British Columbia,West,Small Business,Office Supplies,Paper,Xerox 1920,Small Box,0.4,12/22/2011
6027,42692,12/20/2011,Medium,42,278.01,0.03,Regular Air,-202.31,6.48,8.73,Scott Williamson,British Columbia,West,Small Business,Office Supplies,Paper,Xerox 227,Small Box,0.37,12/21/2011
6216,44007,5/30/2011,Medium,50,281.81,0.07,Regular Air,42.45,5.98,0.96,Nathan Cano,British Columbia,West,Consumer,Office Supplies,Pens & Art Supplies,Newell 315,Wrap Bag,0.6,5/30/2011
6302,44610,3/10/2011,High,31,127.9,0.07,Regular Air,54.21,4.13,0.5,Hunter Lopez,British Columbia,West,Consumer,Office Supplies,Labels,Avery 506,Small Box,0.39,3/10/2011
6351,45025,4/11/2011,High,26,73.82,0.08,Regular Air,2.01,2.88,1.49,Mike Kennedy,Manitoba,Prarie,Corporate,Office Supplies,Binders and Binder Accessories,Avery Durable Binders,Small Box,0.36,4/14/2011
6374,45248,4/16/2011,Medium,38,154.85,0.05,Regular Air,-136.55,3.95,5.13,Mark Cousins,Manitoba,Prarie,Corporate,Office Supplies,Appliances,"Hoover Replacement Belts For Soft Guardª & Commercial Ltweight Upright Vacs, 2/Pk",Small Box,0.59,4/18/2011
6375,45248,4/16/2011,Medium,32,4941.7725,0.1,Regular Air,704.89,195.99,8.99,Mark Cousins,Manitoba,Prarie,Corporate,Technology,Telephones and Communication,T28 WORLD,Small Box,0.6,4/18/2011
6588,46885,6/7/2011,Low,27,632.55,0.05,Regular Air,165.35,22.72,8.99,Mike Kennedy,Manitoba,Prarie,Corporate,Furniture,Office Furnishings,"Executive Impressions 14"" Two-Color Numerals Wall Clock",Small Pack,0.44,6/11/2011
6589,46885,6/7/2011,Low,48,90.96,0.02,Regular Air,-30.11,1.81,1.56,Mike Kennedy,Manitoba,Prarie,Corporate,Office Supplies,Rubber Bands,Colored Push Pins,Wrap Bag,0.49,6/11/2011
6590,46885,6/7/2011,Low,32,1997.13,0.05,Regular Air,720.45,63.94,14.48,Mike Kennedy,Manitoba,Prarie,Corporate,Furniture,Office Furnishings,"Howard Miller 16"" Diameter Gallery Wall Clock",Small Box,0.46,6/12/2011
6656,47333,9/7/2011,Critical,16,760.2485,0.04,Regular Air,29.80,55.99,3.3,Sally Matthias,Manitoba,Prarie,Home Office,Technology,Telephones and Communication,Accessory24,Small Pack,0.59,9/7/2011
6892,49126,7/10/2011,Low,33,5661.08,0,Delivery Truck,1055.47,160.98,30,Mark Cousins,Manitoba,Prarie,Corporate,Furniture,Chairs & Chairmats,Office Star - Mid Back Dual function Ergonomic High Back Chair with 2-Way Adjustable Arms,Jumbo Drum,0.62,7/17/2011
6944,49601,1/26/2011,Low,15,1756.46,0.01,Delivery Truck,-101.19,113.98,30,Mark Cousins,Manitoba,Prarie,Home Office,Furniture,Chairs & Chairmats,Hon Comfortask¨ Task/Swivel Chairs,Jumbo Drum,0.69,2/2/2011
6960,49763,2/13/2011,Critical,8,49.04,0.02,Regular Air,9.29,5.68,1.39,Brad Norvell,Manitoba,Prarie,Corporate,Office Supplies,Envelopes,Staples Standard Envelopes,Small Box,0.38,2/14/2011
6961,49763,2/13/2011,Critical,6,2320.35,0,Delivery Truck,-237.62,348.21,84.84,Brad Norvell,Manitoba,Prarie,Corporate,Furniture,Tables,Bretford CR4500 Series Slim Rectangular Table,Jumbo Box,0.66,2/13/2011
7075,50499,10/12/2011,Not Specified,18,1758.41,0.06,Delivery Truck,238.52,100.98,15.66,Brian Derr,Manitoba,Prarie,Small Business,Office Supplies,Appliances,Avanti 1.7 Cu. Ft. Refrigerator,Jumbo Drum,0.57,10/13/2011
7253,51777,2/19/2011,Medium,4,3465.97,0.08,Regular Air,194.32,896.99,19.99,Mike Kennedy,Manitoba,Prarie,Small Business,Office Supplies,Binders and Binder Accessories,GBC DocuBind TL300 Electric Binding System,Small Box,0.38,2/20/2011
7254,51777,2/19/2011,Medium,13,1307.88,0.06,Regular Air,206.86,100.97,7.18,Mike Kennedy,Manitoba,Prarie,Small Business,Technology,Computer Peripherals,Gyration Ultra Cordless Optical Suite,Small Box,0.46,2/21/2011
7410,52868,2/16/2011,Low,19,138.05,0.09,Regular Air,-100.49,7.37,5.53,Ken Heidel,Manitoba,Prarie,Corporate,Technology,Computer Peripherals,"Imation 3.5"" Unformatted DS/HD Diskettes, 10/Box",Small Pack,0.69,2/18/2011
7545,53955,3/4/2011,Critical,43,5544.99,0.04,Delivery Truck,-3404.24,130.98,130,Matt Abelman,Manitoba,Prarie,Home Office,Furniture,Chairs & Chairmats,"Office Star - Contemporary Task Swivel chair with 2-way adjustable arms, Plum",Jumbo Drum,0.78,3/6/2011
7569,54150,6/22/2011,Critical,12,2011.6355,0.01,Express Air,-53.69,195.99,3.99,Bart Watters,Manitoba,Prarie,Corporate,Technology,Telephones and Communication,CF 888,Small Box,0.59,6/22/2011
7809,55873,11/19/2011,Low,48,15602.93,0,Delivery Truck,4875.89,306.14,26.53,Bart Watters,Manitoba,Prarie,Corporate,Technology,Office Machines,Okidata ML184 Turbo Dot Matrix Printers,Jumbo Drum,0.56,11/26/2011
338,2306,7/25/2011,High,15,113.5,0.05,Regular Air,-46.35,7.45,6.28,Liz Thompson,Manitoba,Prarie,Corporate,Office Supplies,Binders and Binder Accessories,"Acco Four Pocket Poly Ring Binder with Label Holder, Smoke, 1""",Small Box,0.4,7/27/2011
422,2823,9/8/2011,High,17,357.43,0.08,Regular Air,-135.98,20.97,6.5,Robert Waldorf,Manitoba,Prarie,Home Office,Technology,Computer Peripherals,Microsoft Internet Keyboard,Small Box,0.78,9/9/2011
423,2823,9/8/2011,High,21,4754.08,0,Delivery Truck,299.88,225.02,28.66,Robert Waldorf,Manitoba,Prarie,Home Office,Office Supplies,Storage & Organization,Tennsco Double-Tier Lockers,Jumbo Drum,0.72,9/9/2011
1068,7878,5/1/2011,Critical,50,3904.12,0.07,Delivery Truck,-1508.46,81.94,55.81,Meg O'Connel,Manitoba,Prarie,Corporate,Furniture,Bookcases,O'Sullivan 5-Shelf Heavy-Duty Bookcases,Jumbo Box,0.6,5/6/2011
1069,7878,5/1/2011,Critical,41,343.64,0.06,Regular Air,13.29,8.57,3.44,Meg O'Connel,Manitoba,Prarie,Corporate,Furniture,Office Furnishings,"DAX Cubicle Frames, 8-1/2 x 11",Small Pack,0.49,5/3/2011
1070,7878,5/1/2011,Low,42,256.64,0.03,Regular Air,-28.29,5.81,3.37,Meg O'Connel,Manitoba,Prarie,Corporate,Office Supplies,Rubber Bands,"Advantus Push Pins, Aluminum Head",Wrap Bag,0.54,5/8/2011
2035,14503,2/5/2011,Not Specified,14,438.47,0.02,Express Air,157.89,30.56,2.99,Bruce Stewart,Manitoba,Prarie,Corporate,Office Supplies,Binders and Binder Accessories,Surelockª Post Binders,Small Box,0.35,2/6/2011
2786,20102,6/5/2011,High,15,333.3,0.03,Regular Air,71.04,22.24,1.99,Christine Sundaresam,Manitoba,Prarie,Small Business,Technology,Computer Peripherals,"Verbatim DVD-R, 3.95GB, SR, Mitsubishi Branded, Jewel",Small Pack,0.43,6/6/2011
3058,21894,12/18/2011,Critical,6,54.3,0.1,Regular Air,1.27,9.68,2.03,Katrina Bavinger,Manitoba,Prarie,Consumer,Office Supplies,Paper,"Wirebound Service Call Books, 5 1/2"" x 4""",Wrap Bag,0.37,12/20/2011
3494,24899,8/20/2011,Not Specified,37,252.99,0.08,Regular Air,28.76,7.08,2.35,Maria Bertelson,Manitoba,Prarie,Home Office,Office Supplies,Pens & Art Supplies,SANFORD Major Accentª Highlighters,Wrap Bag,0.47,8/22/2011
3793,27015,12/31/2011,Low,24,1339.25,0.03,Regular Air,142.51,56.96,13.22,Maria Bertelson,Ontario,Ontario,Home Office,Office Supplies,Appliances,"Conquestª 14 Commercial Heavy-Duty Upright Vacuum, Collection System, Accessory Kit",Small Box,0.56,12/31/2011
4212,29953,2/7/2011,Critical,42,619.77,0.02,Regular Air,50.24,14.45,7.17,Brian Thompson,Ontario,Ontario,Home Office,Office Supplies,Binders and Binder Accessories,"Acco Recycled 2"" Capacity Laser Printer Hanging Data Binders",Small Box,0.38,2/10/2011
4527,32198,11/9/2011,Medium,31,240.63,0.02,Regular Air,-117.92,7.37,5.53,Joseph Airdo,Ontario,Ontario,Consumer,Technology,Computer Peripherals,"Imation 3.5"" Unformatted DS/HD Diskettes, 10/Box",Small Pack,0.69,11/9/2011
4563,32452,7/18/2011,Medium,3,8.6,0.09,Regular Air,-2.03,2.88,0.5,Joseph Airdo,Ontario,Ontario,Consumer,Office Supplies,Labels,Avery 507,Small Box,0.39,7/19/2011
4647,33091,1/25/2011,High,24,265.35,0.02,Regular Air,-128.69,9.99,11.59,Robert Waldorf,Ontario,Ontario,Home Office,Office Supplies,Paper,Hammermill Color Copier Paper (28Lb. and 96 Bright),Small Box,0.4,1/27/2011
5144,36675,7/3/2011,High,39,113.09,0.04,Regular Air,29.76,2.94,0.81,Christine Sundaresam,Ontario,Ontario,Small Business,Office Supplies,Pens & Art Supplies,Prang Colored Pencils,Wrap Bag,0.4,7/6/2011
5450,38693,6/14/2011,Low,3,2222.61,0.02,Regular Air,196.08,699.99,24.49,Lycoris Saunders,Ontario,Ontario,Home Office,Technology,Copiers and Fax,Canon PC1060 Personal Laser Copier,Large Box,0.41,6/21/2011
5770,40962,2/20/2011,Critical,28,1553.66,0.03,Regular Air,547.48,54.48,0.99,Mary Zewe,Ontario,Ontario,Corporate,Office Supplies,Appliances,Belkin 5 Outlet SurgeMasterª Power Centers,Small Box,0.57,2/21/2011
5771,40962,2/20/2011,Critical,30,3276.9965,0,Regular Air,653.06,125.99,8.99,Mary Zewe,Ontario,Ontario,Corporate,Technology,Telephones and Communication,M70,Small Box,0.59,2/21/2011
5872,41664,12/4/2011,Critical,5,54.8,0,Regular Air,-15.30,9.78,1.99,Janet Molinari,Ontario,Ontario,Corporate,Technology,Computer Peripherals,"Memorex Slim 80 Minute CD-R, 10/Pack",Small Pack,0.43,12/4/2011
5873,41664,12/4/2011,Critical,40,1038.19,0.07,Regular Air,230.69,25.98,4.08,Janet Molinari,Ontario,Ontario,Corporate,Office Supplies,Pens & Art Supplies,Boston 1799 Powerhouseª Electric Pencil Sharpener,Small Pack,0.57,12/6/2011
6135,43424,8/18/2011,Not Specified,34,772.56,0.04,Express Air,143.87,22.98,4.5,Maria Bertelson,Ontario,Ontario,Home Office,Office Supplies,Appliances,Belkin F5C206VTEL 6 Outlet Surge,Small Box,0.55,8/20/2011
6179,43808,1/6/2011,Low,16,108.73,0.04,Regular Air,-22.21,6.24,5.22,Christine Sundaresam,Ontario,Ontario,Small Business,Furniture,Office Furnishings,Eldon Expressions Mahogany Wood Desk Collection,Small Box,0.6,1/13/2011
6479,46117,5/22/2011,Low,22,1168.28,0.02,Delivery Truck,126.07,50.98,14.19,Maria Bertelson,Ontario,Ontario,Home Office,Furniture,Chairs & Chairmats,"Global Deluxe Stacking Chair, Gray",Jumbo Drum,0.56,5/26/2011
6537,46503,11/6/2011,Not Specified,26,1196.7915,0.07,Regular Air,265.39,55.99,1.25,Meg O'Connel,Ontario,Ontario,Small Business,Technology,Telephones and Communication,Accessory2,Small Pack,0.55,11/9/2011
6635,47174,9/16/2011,Critical,42,642.1,0,Regular Air,41.56,13.99,7.51,Maria Bertelson,Ontario,Ontario,Corporate,Technology,Office Machines,Sharp EL500L Fraction Calculator,Medium Box,0.39,9/16/2011
6760,48164,10/29/2011,High,33,94.39,0.07,Regular Air,12.31,2.88,0.7,Christine Sundaresam,Ontario,Ontario,Small Business,Office Supplies,Pens & Art Supplies,Newell 340,Wrap Bag,0.56,10/31/2011
6896,49189,1/15/2011,Critical,32,249.59,0.06,Regular Air,101.82,7.64,1.39,Brian Thompson,Ontario,Ontario,Home Office,Office Supplies,Envelopes,Security-Tint Envelopes,Small Box,0.36,1/18/2011
7139,50949,2/4/2011,Medium,32,73.55,0.09,Express Air,7.95,2.18,0.78,Guy Thornton,Ontario,Ontario,Corporate,Office Supplies,Rubber Bands,Stockwell Push Pins,Wrap Bag,0.52,2/5/2011
7140,50949,2/4/2011,Medium,46,4804.0385,0.08,Regular Air,1077.92,125.99,8.8,Guy Thornton,Ontario,Ontario,Corporate,Technology,Telephones and Communication,StarTAC 6500,Small Box,0.59,2/6/2011
7198,51361,3/18/2011,Low,14,76.06,0.02,Express Air,-35.99,4.28,5.68,Meg O'Connel,Ontario,Ontario,Corporate,Office Supplies,Paper,Xerox 199,Small Box,0.4,3/20/2011
7199,51361,3/18/2011,Critical,50,18056.68,0,Delivery Truck,-6474.65,349.45,60,Meg O'Connel,Ontario,Ontario,Corporate,Furniture,Tables,"SAFCO PlanMaster Heigh-Adjustable Drafting Table Base, 43w x 30d x 30-37h, Black",Jumbo Drum,,3/22/2011
7305,52071,11/27/2011,Not Specified,14,136.85,0.01,Regular Air,-4.43,8.85,5.6,Annie Thurman,Ontario,Ontario,Consumer,Office Supplies,Binders and Binder Accessories,GBC Standard Plastic Binding Systems Combs,Small Box,0.36,11/29/2011
7306,52071,11/27/2011,Not Specified,1,12.74,0.05,Regular Air,-11.39,7.96,4.95,Annie Thurman,Ontario,Ontario,Consumer,Furniture,Office Furnishings,Staples Plastic Wall Frames,Small Box,0.41,11/29/2011
8280,59200,12/9/2011,Medium,4,170.45,0.09,Regular Air,-30.27,42.98,4.62,Maria Bertelson,Ontario,Ontario,Home Office,Office Supplies,Appliances,Belkin F9M820V08 8 Outlet Surge,Small Box,0.56,12/9/2011
8281,59200,12/9/2011,Medium,28,350.42,0.03,Regular Air,-37.30,11.97,5.81,Maria Bertelson,Ontario,Ontario,Home Office,Office Supplies,Pens & Art Supplies,Staples SlimLine Pencil Sharpener,Small Pack,0.6,12/11/2011
377,2626,9/7/2011,Not Specified,16,48.37,0.02,Regular Air,18.02,2.88,0.5,Christine Kargatis,Ontario,Ontario,Small Business,Office Supplies,Labels,Avery 504,Small Box,0.36,9/9/2011
999,7239,6/29/2011,Medium,50,6206.16,0.03,Regular Air,1416.27,120.33,19.99,Craig Carroll,Ontario,Ontario,Small Business,Office Supplies,Storage & Organization,Iceberg Mobile Mega Data/Printer Cart ¨,Small Box,0.59,7/1/2011
2474,17985,4/12/2011,Medium,4,473.88,0.01,Delivery Truck,-183.26,110.98,30,Duane Benoit,Ontario,Ontario,Home Office,Furniture,Chairs & Chairmats,Office Star Flex Back Scooter Chair with White Frame,Jumbo Drum,0.71,4/13/2011
2475,17985,4/12/2011,Medium,50,849.031,0.07,Regular Air,-133.31,20.99,3.3,Duane Benoit,Ontario,Ontario,Home Office,Technology,Telephones and Communication,Accessory39,Small Pack,0.81,4/14/2011
4123,29318,6/30/2011,Not Specified,21,2954.14,0.04,Express Air,-522.94,138.14,35,Bobby Odegard,Ontario,Ontario,Corporate,Office Supplies,Storage & Organization,"SAFCO Commercial Wire Shelving, Black",Large Box,,7/1/2011
4124,29318,6/30/2011,Not Specified,34,3375.3075,0.1,Regular Air,562.13,125.99,8.08,Bobby Odegard,Ontario,Ontario,Corporate,Technology,Telephones and Communication,StarTAC ST7762,Small Box,0.57,7/1/2011
4997,35584,5/3/2011,Medium,15,150.33,0.08,Express Air,-98.23,9.71,9.45,Joel Jenkins,Ontario,Ontario,Corporate,Office Supplies,Storage & Organization,Filing/Storage Totes and Swivel Casters,Small Box,0.6,5/3/2011
5214,37121,3/15/2011,Not Specified,44,9499.3,0.01,Delivery Truck,618.36,216.6,64.2,Bill Donatelli,Ontario,Ontario,Corporate,Furniture,Chairs & Chairmats,Hon Multipurpose Stacking Arm Chairs,Jumbo Drum,0.59,3/16/2011
5420,38528,12/20/2011,Critical,36,2544.985,0.07,Regular Air,-113.06,85.99,0.99,Russell Applegate,Ontario,Ontario,Small Business,Technology,Telephones and Communication,Accessory4,Wrap Bag,0.85,12/21/2011
5585,39590,5/14/2011,Low,9,79.25,0,Express Air,-13.25,7.64,5.83,Jason Gross,Ontario,Ontario,Small Business,Office Supplies,Paper,"Rediform Wirebound ""Phone Memo"" Message Book, 11 x 5-3/4",Wrap Bag,0.36,5/21/2011
5769,40961,3/30/2011,Medium,7,23.84,0.02,Regular Air,5.88,3.15,0.5,Bill Donatelli,Ontario,Ontario,Corporate,Office Supplies,Labels,Avery 520,Small Box,0.37,3/31/2011
5783,41026,4/19/2011,Medium,8,709.37,0.1,Delivery Truck,-281.76,89.99,42,Duane Benoit,Ontario,Ontario,Home Office,Furniture,Chairs & Chairmats,"Global Leather Task Chair, Black",Jumbo Drum,0.66,4/20/2011
5784,41026,4/19/2011,Medium,19,59.76,0.1,Express Air,-33.11,3.14,1.92,Duane Benoit,Ontario,Ontario,Home Office,Office Supplies,"Scissors, Rulers and Trimmers",Serrated Blade or Curved Handle Hand Letter Openers,Wrap Bag,0.84,4/19/2011
5913,41926,2/5/2011,High,17,112.57,0.08,Regular Air,-28.53,6.48,5.14,Harold Pawlan,Ontario,Ontario,Small Business,Office Supplies,Paper,Xerox 23,Small Box,0.37,2/6/2011
5914,41926,2/5/2011,High,43,1562.69,0,Regular Air,287.74,34.76,8.22,Harold Pawlan,Ontario,Ontario,Small Business,Office Supplies,Storage & Organization,"Multi-Use Personal File Cart and Caster Set, Three Stacking Bins",Small Box,0.57,2/5/2011
7082,50533,5/31/2011,Not Specified,32,1974.66,0.06,Express Air,-929.68,64.65,35,Adam Bellavance,Ontario,Ontario,Small Business,Office Supplies,Storage & Organization,Space Solutions Commercial Steel Shelving,Large Box,0.8,6/2/2011
7083,50533,5/31/2011,Not Specified,3,73.44,0,Delivery Truck,-53.78,15.23,27.75,Adam Bellavance,Ontario,Ontario,Small Business,Furniture,Tables,Anderson Hickey Conga Table Tops & Accessories,Jumbo Box,0.76,6/1/2011
7657,54912,7/21/2011,Low,17,117.33,0.07,Regular Air,10.31,6.69,3.1,Harold Pawlan,Ontario,Ontario,Small Business,Office Supplies,Paper,"Wirebound Message Books, 5-1/2 x 4 Forms, 2 or 4 Forms per Page",Wrap Bag,0.36,7/28/2011
1428,10340,6/22/2011,High,24,7547.14,0.03,Regular Air,2080.48,320.98,24.49,Sandra Glassco,Ontario,Ontario,Home Office,Furniture,Chairs & Chairmats,Hon Pagodaª Stacking Chairs,Large Box,0.55,6/23/2011
1429,10340,6/22/2011,High,2,224.32,0.08,Regular Air,-178.77,110.98,13.99,Sandra Glassco,Ontario,Ontario,Home Office,Furniture,Office Furnishings,"Rubbermaid ClusterMat Chairmats, Mat Size- 66"" x 60"", Lip 20"" x 11"" -90 Degree Angle",Medium Box,0.69,6/23/2011
1430,10340,6/22/2011,High,15,311.98,0.09,Regular Air,-9.78,22.01,5.53,Sandra Glassco,Ontario,Ontario,Home Office,Office Supplies,Pens & Art Supplies,Boston 16801 Nautilusª Battery Pencil Sharpener,Small Pack,0.59,6/25/2011
2882,20805,1/10/2011,High,12,69.98,0.06,Regular Air,-58.33,5.53,6.98,Sandra Glassco,Ontario,Ontario,Home Office,Office Supplies,Binders and Binder Accessories,Avery Durable Poly Binders,Small Box,0.39,1/13/2011
2883,20805,1/10/2011,High,35,418.34,0.08,Regular Air,73.57,12.58,5.16,Sandra Glassco,Ontario,Ontario,Home Office,Furniture,Office Furnishings,"DAX Copper Panel Document Frame, 5 x 7 Size",Small Box,0.43,1/12/2011
2884,20805,1/10/2011,High,3,17.7,0.06,Regular Air,-10.37,4.28,4.79,Sandra Glassco,Ontario,Ontario,Home Office,Office Supplies,Paper,Xerox 1962,Small Box,0.4,1/11/2011
2885,20805,1/10/2011,High,12,45.61,0.1,Regular Air,9.18,3.85,0.7,Sandra Glassco,Ontario,Ontario,Home Office,Office Supplies,Pens & Art Supplies,Avery Hi-Liter Pen Style Six-Color Fluorescent Set,Wrap Bag,0.44,1/11/2011
4325,30787,9/27/2011,High,43,6477.459,0.05,Regular Air,1836.46,175.99,8.99,Sandra Glassco,Ontario,Ontario,Home Office,Technology,Telephones and Communication,2180,Small Box,0.57,9/28/2011
439,2947,4/25/2011,Critical,8,57.04,0.05,Regular Air,-29.06,6.48,6.81,Pete Armstrong,Ontario,Ontario,Consumer,Office Supplies,Paper,Xerox 1930,Small Box,0.36,4/27/2011
474,3271,12/31/2011,Critical,45,11532.99,0.07,Delivery Truck,2753.39,264.98,17.86,Joni Blumstein,Ontario,Ontario,Home Office,Technology,Office Machines,Panasonic KX-P1131 Dot Matrix Printer,Jumbo Drum,0.58,12/31/2011
475,3271,12/31/2011,Critical,18,146.1,0.06,Express Air,51.14,8.34,1.43,Joni Blumstein,Ontario,Ontario,Home Office,Office Supplies,Paper,"REDIFORM Incoming/Outgoing Call Register, 11"" X 8 1/2"", 100 Messages",Wrap Bag,0.35,1/1/2012
1645,11876,7/3/2011,High,47,5051.89,0.02,Regular Air,1708.84,107.53,5.81,Joni Blumstein,Ontario,Ontario,Home Office,Furniture,Office Furnishings,"Tenex Contemporary Contur Chairmats for Low and Medium Pile Carpet, Computer, 39"" x 49""",Medium Box,0.65,7/6/2011
2992,21601,4/6/2011,Low,20,2227.34,0.09,Regular Air,-609.09,113.64,35,Nat Gilpin,Ontario,Ontario,Consumer,Office Supplies,Storage & Organization,SAFCO Boltless Steel Shelving,Large Box,,4/6/2011
3013,21670,1/11/2011,High,24,1965.21,0,Regular Air,830.75,78.69,19.99,Joni Blumstein,Ontario,Ontario,Home Office,Furniture,Office Furnishings,Howard Miller 12-3/4 Diameter Accuwave DS ª Wall Clock,Small Box,0.43,1/12/2011
3432,24486,4/22/2011,Medium,3,28.11,0.03,Regular Air,-31.62,8.12,2.83,Pete Armstrong,Ontario,Ontario,Consumer,Technology,Computer Peripherals,"Imation Neon Mac Format Diskettes, 10/Pack",Small Pack,0.77,4/23/2011
3433,24486,4/22/2011,Medium,14,27.06,0,Regular Air,-0.06,1.76,0.7,Pete Armstrong,Ontario,Ontario,Consumer,Office Supplies,Pens & Art Supplies,Newell 310,Wrap Bag,0.56,4/23/2011
3601,25697,4/26/2011,Low,46,400.25,0.02,Regular Air,-37.50,8.46,3.62,Joni Blumstein,Ontario,Ontario,Consumer,Technology,Computer Peripherals,"Imation 3.5"", RTS 247544 3M 3.5 DSDD, 10/Pack",Small Pack,0.61,4/26/2011
3906,27844,6/29/2011,Low,27,135.86,0.04,Regular Air,-73.42,4.98,5.49,Rose O'Brian,Ontario,Ontario,Home Office,Office Supplies,Paper,Xerox 1952,Small Box,0.38,7/1/2011
4012,28642,1/18/2011,High,41,230.29,0,Regular Air,14.48,5.28,2.99,Pauline Chand,Ontario,Ontario,Corporate,Office Supplies,Binders and Binder Accessories,"Wilson Jones 1"" Hanging DublLock¨ Ring Binders",Small Box,0.37,1/20/2011
4013,28642,1/18/2011,High,27,1592.0415,0,Regular Air,-52.70,65.99,19.99,Pauline Chand,Ontario,Ontario,Corporate,Technology,Telephones and Communication,iDENi80s,Small Box,0.59,1/20/2011
4499,32036,10/5/2011,Medium,6,338.89,0.07,Regular Air,45.76,54.96,10.75,Pauline Chand,Ontario,Ontario,Corporate,Office Supplies,Paper,Xerox 1940,Small Box,0.36,10/7/2011
4500,32036,10/5/2011,Medium,25,362.52,0.07,Regular Air,-68.49,14.97,7.51,Pauline Chand,Ontario,Ontario,Corporate,Office Supplies,Storage & Organization,Pizazz¨ Global Quick Fileª,Small Box,0.57,10/6/2011
1715,12323,4/2/2011,Not Specified,32,513.74,0.02,Regular Air,-28.68,15.15,10.13,Lisa DeCherney,Ontario,Ontario,Corporate,Office Supplies,Binders and Binder Accessories,Plastic Binding Combs,Small Box,0.38,4/3/2011
1716,12323,4/2/2011,Not Specified,4,36.8,0,Regular Air,14.19,7.38,5.21,Lisa DeCherney,Ontario,Ontario,Corporate,Furniture,Office Furnishings,"Eldon¨ Expressionsª Wood Desk Accessories, Oak",Small Box,0.56,4/4/2011
2484,18085,9/25/2011,High,23,8127.51,0.01,Delivery Truck,1541.25,348.21,40.19,Lisa DeCherney,Ontario,Ontario,Corporate,Furniture,Tables,Bretford CR4500 Series Slim Rectangular Table,Jumbo Box,0.62,9/27/2011
2485,18085,9/25/2011,High,33,5352.9345,0.09,Regular Air,1343.21,195.99,4.2,Lisa DeCherney,Ontario,Ontario,Corporate,Technology,Telephones and Communication,KH 688,Small Box,0.57,9/26/2011
4574,32580,9/15/2011,High,23,166.8,0.03,Regular Air,44.59,7.4,1.71,Paul MacIntyre,Ontario,Ontario,Corporate,Office Supplies,Paper,"It's Hot Message Books with Stickers, 2 3/4"" x 5""",Wrap Bag,0.4,9/15/2011
4575,32580,9/15/2011,High,38,261.38,0.05,Regular Air,-172.35,6.48,8.74,Paul MacIntyre,Ontario,Ontario,Corporate,Office Supplies,Paper,Xerox 1984,Small Box,0.36,9/17/2011
7523,53728,10/22/2011,High,27,1502.66,0.07,Regular Air,637.60,58.1,1.49,Paul MacIntyre,Ontario,Ontario,Corporate,Office Supplies,Binders and Binder Accessories,Avery Arch Ring Binders,Small Box,0.38,10/23/2011
10,65,3/17/2011,Critical,32,3812.73,0.02,Regular Air,1470.30,115.79,1.99,Tamara Dahlen,Ontario,Ontario,Corporate,Technology,Computer Peripherals,"Verbatim DVD-R, 4.7GB, Spindle, WE, Blank, Ink Jet/Thermal, 20/Spindle",Small Pack,0.49,3/18/2011
75,449,7/19/2011,High,45,356.7,0.02,Regular Air,-48.97,7.38,5.21,Candace McMahon,Ontario,Ontario,Corporate,Furniture,Office Furnishings,"Eldon¨ Expressionsª Wood Desk Accessories, Oak",Small Box,0.56,7/21/2011
132,835,10/7/2011,Not Specified,18,125.16,0.02,Regular Air,-23.48,6.48,5.14,Duane Huffman,Ontario,Ontario,Small Business,Office Supplies,Paper,Xerox 23,Small Box,0.37,10/8/2011
228,1538,6/17/2011,Not Specified,15,1297.304,0,Regular Air,149.82,95.99,4.9,Ted Trevino,Ontario,Ontario,Corporate,Technology,Telephones and Communication,T60,Small Box,0.56,6/18/2011
312,2181,9/12/2011,Medium,40,102.56,0.06,Regular Air,36.62,2.61,0.5,Kelly Lampkin,Ontario,Ontario,Home Office,Office Supplies,Labels,Avery 494,Small Box,0.39,9/12/2011
313,2181,9/12/2011,Medium,3,15.87,0.01,Express Air,2.53,3.49,0.76,Kelly Lampkin,Ontario,Ontario,Home Office,Office Supplies,Rubber Bands,OIC Bulk Pack Metal Binder Clips,Wrap Bag,0.39,9/14/2011
472,3235,11/14/2011,Low,31,142.97,0.1,Express Air,-12.26,4.71,0.7,James Lanier,Ontario,Ontario,Corporate,Office Supplies,Rubber Bands,Sterling Rubber Bands by Alliance,Wrap Bag,0.85,11/16/2011
473,3266,3/16/2011,Low,4,17.12,0.03,Regular Air,-2.55,3.8,1.49,Edward Becker,Ontario,Ontario,Corporate,Office Supplies,Binders and Binder Accessories,Durable Pressboard Binders,Small Box,0.38,3/20/2011
487,3363,9/22/2011,High,21,8185.89,0.09,Regular Air,2137.28,415.88,11.37,Gary Zandusky,Ontario,Ontario,Home Office,Office Supplies,Storage & Organization,Deluxe Rollaway Locking File with Drawer,Small Box,0.57,9/22/2011
605,4128,10/6/2011,Not Specified,38,391.42,0.04,Regular Air,25.03,9.99,5.12,Allen Golden,Ontario,Ontario,Consumer,Office Supplies,Paper,Xerox 1948,Small Box,0.4,10/8/2011
729,5251,4/11/2011,Medium,38,3821.039,0.05,Express Air,1057.89,115.99,5.99,Tamara Dahlen,Ontario,Ontario,Corporate,Technology,Telephones and Communication,2160,Small Box,0.57,4/13/2011
759,5444,3/17/2011,Critical,2,885.94,0.08,Regular Air,-2024.08,449.99,24.49,Frank Carlisle,Ontario,Ontario,Small Business,Technology,Copiers and Fax,Canon PC940 Copier,Large Box,0.52,3/19/2011
933,6755,5/1/2011,High,20,156.47,0.01,Regular Air,-39.23,7.1,6.05,Kelly Lampkin,Ontario,Ontario,Home Office,Office Supplies,Binders and Binder Accessories,"Wilson Jones Hanging View Binder, White, 1""",Small Box,0.39,5/3/2011
957,6918,7/1/2011,Critical,38,1559.5,0.01,Regular Air,515.83,39.48,1.99,Erin Ashbrook,Ontario,Ontario,Consumer,Technology,Computer Peripherals,"80 Minute CD-R Spindle, 100/Pack - Staples",Small Pack,0.54,7/3/2011
1579,11425,6/22/2011,Critical,29,482.91,0.1,Regular Air,-16.59,16.91,6.25,Patrick Bzostek,Ontario,Ontario,Consumer,Office Supplies,Storage & Organization,"Tenex Personal Self-Stacking Standard File Box, Black/Gray",Small Box,0.58,6/23/2011
1580,11425,6/22/2011,Critical,23,2969.6365,0.04,Express Air,383.45,155.99,8.99,Patrick Bzostek,Ontario,Ontario,Consumer,Technology,Telephones and Communication,CF 688,Small Box,0.58,6/24/2011
1682,12130,12/9/2011,Not Specified,37,686.2,0.04,Regular Air,290.20,18.84,3.62,Grace Kelly,Ontario,Ontario,Consumer,Furniture,Office Furnishings,Flat Face Poster Frame,Wrap Bag,0.43,12/12/2011
1683,12130,12/9/2011,Not Specified,42,1274.5155,0.05,Regular Air,444.15,35.99,5.99,Grace Kelly,Ontario,Ontario,Consumer,Technology,Telephones and Communication,Accessory41,Wrap Bag,0.38,12/12/2011
1709,12263,7/6/2011,High,12,515.65,0,Regular Air,123.50,39.48,3.99,Dan Lawera,Ontario,Ontario,Corporate,Office Supplies,Appliances,Belkin 7 Outlet SurgeMaster Surge Protector with Phone Protection,Small Box,0.56,7/6/2011
1799,12897,7/18/2011,Not Specified,39,141.49,0.03,Regular Air,59.92,3.69,0.5,Edward Becker,Ontario,Ontario,Corporate,Office Supplies,Labels,Avery 487,Small Box,0.38,7/19/2011
1800,12897,7/18/2011,Not Specified,31,211.55,0.05,Express Air,-120.95,6.48,7.91,Edward Becker,Ontario,Ontario,Corporate,Office Supplies,Paper,Xerox 216,Small Box,0.37,7/19/2011
2011,14368,9/10/2011,High,5,522.06,0.06,Regular Air,319.64,105.98,13.99,Ivan Liston,Ontario,Ontario,Consumer,Furniture,Office Furnishings,"Tenex 46"" x 60"" Computer Anti-Static Chairmat, Rectangular Shaped",Medium Box,0.65,9/11/2011
2012,14368,9/10/2011,High,37,1218.08,0.1,Regular Air,99.79,34.58,8.99,Ivan Liston,Ontario,Ontario,Consumer,Office Supplies,Pens & Art Supplies,Panasonic KP-350BK Electric Pencil Sharpener with Auto Stop,Small Pack,0.56,9/12/2011
2055,14693,1/9/2011,Critical,39,268.94,0.02,Regular Air,-87.52,6.48,6.41,Darren Powers,Ontario,Ontario,Corporate,Office Supplies,Paper,Xerox 221,Small Box,0.37,1/11/2011
2056,14693,1/9/2011,Critical,38,847.82,0.05,Delivery Truck,-1348.50,20.98,45,Darren Powers,Ontario,Ontario,Corporate,Office Supplies,Storage & Organization,"Tennsco Lockers, Sand",Jumbo Drum,0.61,1/11/2011
2213,15972,8/9/2011,Not Specified,3,10.33,0.04,Regular Air,-3.86,2.98,1.58,Naresj Patel,Ontario,Ontario,Small Business,Office Supplies,Rubber Bands,Staples Gold Paper Clips,Wrap Bag,0.39,8/9/2011
2214,15972,8/9/2011,Not Specified,2,14.39,0.07,Regular Air,-10.24,5.81,3.37,Naresj Patel,Ontario,Ontario,Small Business,Office Supplies,Rubber Bands,"Advantus Push Pins, Aluminum Head",Wrap Bag,0.54,8/10/2011
2224,16096,1/19/2011,High,9,42.21,0,Express Air,18.21,2.88,0.99,Roy French,Ontario,Ontario,Consumer,Office Supplies,Labels,Avery 474,Small Box,0.36,1/20/2011
2236,16160,7/23/2011,Critical,50,514.86,0.09,Regular Air,-53.18,10.89,4.5,Larry Hughes,Ontario,Ontario,Home Office,Office Supplies,Appliances,Belkin 6 Outlet Metallic Surge Strip,Small Box,0.59,7/24/2011
2268,16291,4/8/2011,Not Specified,31,894.64,0.01,Regular Air,-27.79,27.42,19.46,Gary Hansen,Ontario,Ontario,Consumer,Furniture,Office Furnishings,Howard Miller Distant Time Traveler Alarm Clock,Small Box,0.44,4/9/2011
2292,16519,6/10/2011,Medium,39,158.97,0.08,Regular Air,-30.27,4.18,2.99,Alan Hwang,Ontario,Ontario,Small Business,Office Supplies,Binders and Binder Accessories,Avery¨ Durable Slant Ring Binders With Label Holder,Small Box,0.37,6/12/2011
2293,16519,6/10/2011,Medium,49,138.96,0.03,Regular Air,19.87,2.88,0.7,Alan Hwang,Ontario,Ontario,Small Business,Office Supplies,Pens & Art Supplies,Newell 340,Wrap Bag,0.56,6/12/2011
2378,17252,4/29/2011,Not Specified,48,2283.22,0.03,Regular Air,1006.72,48.91,5.97,Ivan Liston,Ontario,Ontario,Consumer,Office Supplies,Paper,Xerox 1917,Small Box,0.38,4/30/2011
2379,17252,4/29/2011,Not Specified,49,11365.616,0.08,Delivery Truck,229.22,296.18,54.12,Ivan Liston,Ontario,Ontario,Consumer,Furniture,Tables,Hon 94000 Series Round Tables,Jumbo Box,0.76,5/1/2011
2388,17312,5/20/2011,Not Specified,37,258.54,0.05,Regular Air,-116.37,6.68,7.3,Nancy Lomonaco,Ontario,Ontario,Home Office,Office Supplies,Paper,Xerox 1959,Small Box,0.37,5/21/2011
2389,17312,5/20/2011,Not Specified,41,4610.2895,0,Regular Air,1432.86,125.99,2.5,Nancy Lomonaco,Ontario,Ontario,Home Office,Technology,Telephones and Communication,i2000,Small Box,0.6,5/21/2011
2396,17377,10/28/2011,Low,39,110.38,0.05,Regular Air,-4.86,2.78,1.2,Erin Creighton,Ontario,Ontario,Corporate,Office Supplies,Pens & Art Supplies,Prang Drawing Pencil Set,Wrap Bag,0.58,10/30/2011
2501,18182,4/10/2011,Medium,45,4598.73,0.04,Regular Air,1049.45,99.99,19.99,Anna Haberlin,Ontario,Ontario,Corporate,Technology,Computer Peripherals,U.S. Robotics 56K Internet Call Modem,Small Box,0.5,4/12/2011
2502,18182,4/10/2011,Medium,45,2673.08,0.01,Regular Air,-1363.12,55.5,52.2,Anna Haberlin,Ontario,Ontario,Corporate,Furniture,Office Furnishings,Eldon Cleatmat¨ Chair Mats for Medium Pile Carpets,Medium Box,0.72,4/11/2011
2503,18182,4/10/2011,Medium,12,396.69,0.09,Express Air,-18.45,33.29,8.74,Anna Haberlin,Ontario,Ontario,Corporate,Office Supplies,Storage & Organization,Fellowes Bases and Tops For Staxonsteel¨/High-Stak¨ Systems,Small Box,0.61,4/12/2011
2792,20134,3/12/2011,Low,26,583.56,0.02,Regular Air,-94.59,20.97,6.5,James Lanier,Ontario,Ontario,Corporate,Technology,Computer Peripherals,Microsoft Internet Keyboard,Small Box,0.78,3/16/2011
2793,20134,3/12/2011,Low,47,281.47,0.1,Regular Air,-190.57,6.48,7.37,James Lanier,Ontario,Ontario,Corporate,Office Supplies,Paper,Xerox 210,Small Box,0.37,3/19/2011
2806,20259,5/24/2011,Critical,42,539.06,0.05,Regular Air,-123.07,12.88,4.59,Anna Haberlin,Ontario,Ontario,Corporate,Office Supplies,"Scissors, Rulers and Trimmers",Martin-Yale Premier Letter Opener,Wrap Bag,0.82,5/25/2011
2837,20453,3/10/2011,Medium,23,450.39,0.07,Regular Air,152.79,19.23,6.15,Magdelene Morse,Ontario,Ontario,Home Office,Furniture,Office Furnishings,"Executive Impressions 13"" Clairmont Wall Clock",Small Pack,0.44,3/12/2011
2838,20453,3/10/2011,Medium,17,1193.1195,0.08,Express Air,137.59,85.99,0.99,Magdelene Morse,Ontario,Ontario,Home Office,Technology,Telephones and Communication,Accessory34,Wrap Bag,0.55,3/12/2011
2921,21125,2/26/2011,Not Specified,17,155.17,0.08,Regular Air,2.12,9.27,4.39,Matt Hagelstein,Ontario,Ontario,Home Office,Office Supplies,Paper,"Wirebound Message Books, Four 2 3/4"" x 5"" Forms per Page, 600 Sets per Book",Wrap Bag,0.38,2/27/2011
3037,21824,2/7/2011,Low,37,3351.55,0.04,Express Air,-1036.92,90.98,56.2,Dave Hallsten,Ontario,Ontario,Home Office,Furniture,Office Furnishings,Eldon ClusterMat Chair Mat with Cordless Antistatic Protection,Medium Box,0.74,2/14/2011
3057,21893,10/24/2011,Critical,30,532.11,0.01,Express Air,59.47,17.07,8.13,Gary Zandusky,Ontario,Ontario,Home Office,Office Supplies,Envelopes,"Recycled Interoffice Envelopes with Re-Use-A-Seal¨ Closure, 10 x 13",Small Box,0.38,10/25/2011
3091,22181,10/7/2011,Low,41,258.13,0.03,Regular Air,84.10,6.08,1.82,Alan Hwang,Ontario,Ontario,Corporate,Office Supplies,Rubber Bands,Staples Bulk Pack Metal Binder Clips,Wrap Bag,0.35,10/16/2011
3179,22849,2/14/2011,Not Specified,27,304.98,0.08,Regular Air,2.73,11.7,5.63,Erin Creighton,Ontario,Ontario,Corporate,Office Supplies,Binders and Binder Accessories,Fellowes Binding Cases,Small Box,0.4,2/15/2011
3180,22849,2/14/2011,Not Specified,34,104.24,0,Express Air,10.59,2.78,1.34,Erin Creighton,Ontario,Ontario,Corporate,Office Supplies,Pens & Art Supplies,Prang Drawing Pencil Set,Wrap Bag,0.45,2/16/2011
3181,22849,2/14/2011,Not Specified,27,198.13,0.01,Regular Air,-219.92,6.98,9.69,Erin Creighton,Ontario,Ontario,Corporate,Office Supplies,Storage & Organization,Eldon Shelf Saversª Cubes and Bins,Small Box,0.83,2/16/2011
3182,22849,2/14/2011,Not Specified,25,4366.348,0.05,Regular Air,940.57,205.99,3,Erin Creighton,Ontario,Ontario,Corporate,Technology,Telephones and Communication,6185,Small Box,0.58,2/16/2011
3201,22950,12/21/2011,Low,29,1756.11,0.1,Regular Air,-888.07,64.65,35,Mike Caudle,Ontario,Ontario,Corporate,Office Supplies,Storage & Organization,Space Solutions Commercial Steel Shelving,Large Box,0.8,12/28/2011
3233,23202,7/30/2011,High,39,307.42,0.05,Regular Air,104.09,8.17,1.69,Naresj Patel,Ontario,Ontario,Small Business,Office Supplies,Paper,"Wirebound Message Forms, Four 2 3/4 x 5 Forms per Page, Pink Paper",Wrap Bag,0.38,8/1/2011
3234,23202,7/30/2011,High,48,608.29,0.02,Regular Air,-39.27,11.97,5.81,Naresj Patel,Ontario,Ontario,Small Business,Office Supplies,Pens & Art Supplies,Staples SlimLine Pencil Sharpener,Small Pack,0.6,8/1/2011
3276,23426,2/16/2011,Critical,45,1009.8,0.07,Regular Air,352.64,22.98,1.99,Erin Ashbrook,Ontario,Ontario,Consumer,Technology,Computer Peripherals,"Memorex 80 Minute CD-R, 30/Pack",Small Pack,0.46,2/18/2011
3277,23426,2/16/2011,Critical,12,29.71,0.09,Regular Air,-23.17,2.52,1.92,Erin Ashbrook,Ontario,Ontario,Consumer,Office Supplies,"Scissors, Rulers and Trimmers",Letter Slitter,Wrap Bag,0.82,2/17/2011
3435,24519,6/11/2011,Critical,22,127.56,0.03,Regular Air,-60.72,5.34,5.63,Duane Huffman,Ontario,Ontario,Consumer,Office Supplies,Binders and Binder Accessories,"Pressboard Data Binder, Crimson, 12"" X 8 1/2""",Small Box,0.39,6/12/2011
3500,24960,1/27/2011,High,48,1760.35,0.01,Express Air,-17.08,34.98,7.53,Cynthia Arntzen,Ontario,Ontario,Small Business,Technology,Computer Peripherals,Fellowes EZ Multi-Media Keyboard,Small Box,0.76,1/28/2011
3501,24960,1/27/2011,High,37,1436.94,0,Regular Air,639.66,37.94,5.08,Cynthia Arntzen,Ontario,Ontario,Small Business,Office Supplies,Paper,"Snap-A-Way¨ Black Print Carbonless Ruled Speed Letter, Triplicate",Wrap Bag,0.38,1/28/2011
3502,24960,1/27/2011,High,18,125.8,0.03,Regular Air,-35.98,6.48,5.87,Cynthia Arntzen,Ontario,Ontario,Small Business,Office Supplies,Paper,Xerox 229,Small Box,0.37,1/29/2011
3503,24960,1/27/2011,High,35,5797.68,0.04,Regular Air,1366.57,200.99,4.2,Cynthia Arntzen,Ontario,Ontario,Small Business,Technology,Telephones and Communication,2160i,Small Box,0.59,1/28/2011
3519,25061,12/18/2011,Medium,20,941.13,0.1,Regular Air,344.95,48.04,7.23,Noah Childs,Ontario,Ontario,Home Office,Office Supplies,Paper,Xerox 1885,Small Box,0.37,12/20/2011
3527,25095,1/25/2011,Low,18,693.06,0.06,Regular Air,148.30,39.98,9.83,Brian Stugart,Ontario,Ontario,Consumer,Office Supplies,Envelopes,"Blue String-Tie & Button Interoffice Envelopes, 10 x 13",Small Box,0.4,1/30/2011
3528,25095,1/25/2011,Low,41,4475.03,0.08,Delivery Truck,-167.83,115.99,56.14,Brian Stugart,Ontario,Ontario,Consumer,Technology,Office Machines,Hewlett-Packard Deskjet 5550 Color Inkjet Printer,Jumbo Drum,0.4,1/25/2011
3624,25863,4/22/2011,Not Specified,18,340.6885,0,Express Air,-10.85,20.99,4.81,George Bell,Ontario,Ontario,Corporate,Technology,Telephones and Communication,1726 Digital Answering Machine,Medium Box,0.58,4/24/2011
3642,26050,6/16/2011,High,44,365.24,0.09,Regular Air,-163.13,8.74,8.29,Edward Nazzal,Ontario,Ontario,Home Office,Office Supplies,Envelopes,"#10- 4 1/8"" x 9 1/2"" Recycled Envelopes",Small Box,0.38,6/17/2011
3651,26145,7/4/2011,Low,18,99.36,0,Regular Air,-51.20,4.91,5.68,George Bell,Ontario,Ontario,Corporate,Office Supplies,Binders and Binder Accessories,"Acco Pressboard Covers with Storage Hooks, 14 7/8"" x 11"", Light Blue",Small Box,0.36,7/8/2011
3652,26145,7/4/2011,Low,49,510.15,0.04,Regular Air,-362.11,9.98,12.52,George Bell,Ontario,Ontario,Corporate,Furniture,Office Furnishings,"Eldon¨ Expressionsª Wood and Plastic Desk Accessories, Oak",Small Box,0.57,7/4/2011
3653,26145,7/4/2011,Low,27,735.09,0.1,Regular Air,153.50,29.34,7.87,George Bell,Ontario,Ontario,Corporate,Furniture,Office Furnishings,"Seth Thomas 14"" Putty-Colored Wall Clock",Small Box,0.54,7/6/2011
3694,26406,4/12/2011,Not Specified,40,167.46,0.09,Regular Air,-134.30,4.24,5.41,Edward Becker,Ontario,Ontario,Home Office,Office Supplies,Binders and Binder Accessories,Storex DuraTech Recycled Plastic Frosted Binders,Small Box,0.35,4/15/2011
3867,27589,9/15/2011,Medium,20,845.7,0.02,Express Air,221.60,39.48,1.99,Darren Budd,Ontario,Ontario,Corporate,Technology,Computer Peripherals,"80 Minute CD-R Spindle, 100/Pack - Staples",Small Pack,0.54,9/17/2011
3868,27589,9/15/2011,Medium,25,467,0.04,Regular Air,69.97,17.67,8.99,Darren Budd,Ontario,Ontario,Corporate,Furniture,Office Furnishings,"Executive Impressions 12"" Wall Clock",Small Pack,0.47,9/16/2011
3869,27589,9/15/2011,Medium,36,64.43,0.07,Regular Air,-18.64,1.88,1.49,Darren Budd,Ontario,Ontario,Corporate,Furniture,Tables,Global Adaptabilitiesª Conference Tables,Jumbo Box,0.66,9/16/2011
3969,28324,8/7/2011,High,48,385.99,0.09,Regular Air,-40.72,8.67,3.5,Edward Nazzal,Ontario,Ontario,Small Business,Office Supplies,Appliances,Staples 4 Outlet Surge Protector,Small Box,0.58,8/9/2011
4035,28805,4/2/2011,Medium,14,97.93,0.07,Regular Air,-616.81,3.48,49,Bill Stewart,Ontario,Ontario,Corporate,Office Supplies,Appliances,Hoover¨ Commercial Lightweight Upright Vacuum,Large Box,0.59,4/4/2011
4036,28805,4/2/2011,Medium,4,25.52,0.07,Regular Air,-1.99,5.98,1.49,Bill Stewart,Ontario,Ontario,Corporate,Office Supplies,Binders and Binder Accessories,Avery Hanging File Binders,Small Box,0.39,4/4/2011
4037,28805,4/2/2011,Medium,46,487.5,0.05,Regular Air,-25.88,10.23,4.68,Bill Stewart,Ontario,Ontario,Corporate,Office Supplies,"Scissors, Rulers and Trimmers",Acme¨ Box Cutter Scissors,Small Pack,0.59,4/4/2011
4326,30820,4/9/2011,Critical,21,48.01,0.1,Express Air,-6.85,2.21,1.12,Cynthia Arntzen,Ontario,Ontario,Small Business,Office Supplies,Pens & Art Supplies,Newell 327,Wrap Bag,0.58,4/10/2011
4357,31046,2/7/2011,Critical,42,3900.531,0.08,Regular Air,1144.63,110.99,2.5,Erin Creighton,Ontario,Ontario,Corporate,Technology,Telephones and Communication,T18,Small Box,0.57,2/8/2011
4358,31046,2/7/2011,Critical,35,248.42,0.02,Regular Air,-58.81,6.84,4.42,Erin Creighton,Ontario,Ontario,Corporate,Office Supplies,"Scissors, Rulers and Trimmers",Acme¨ Design Stainless Steel Bent Scissors,Small Pack,0.58,2/10/2011
4603,32803,12/16/2011,Medium,49,371.95,0.08,Express Air,-10.33,7.84,4.71,James Lanier,Ontario,Ontario,Corporate,Office Supplies,Binders and Binder Accessories,XtraLife¨ ClearVueª Slant-D¨ Ring Binders by Cardinal,Small Box,0.35,12/17/2011
4604,32803,12/16/2011,Medium,22,96.07,0.06,Regular Air,-4.36,4.48,2.5,James Lanier,Ontario,Ontario,Corporate,Office Supplies,Envelopes,Ampad #10 Peel & Seel¨ Holiday Envelopes,Small Box,0.37,12/18/2011
4666,33219,12/10/2011,High,32,7341.96,0,Delivery Truck,764.95,216.6,64.2,Duane Huffman,Ontario,Ontario,Consumer,Furniture,Chairs & Chairmats,Hon Multipurpose Stacking Arm Chairs,Jumbo Drum,0.59,12/11/2011
4793,34082,10/28/2011,Not Specified,19,2536.18,0.1,Regular Air,350.62,142.86,19.99,Dan Lawera,Ontario,Ontario,Corporate,Office Supplies,Storage & Organization,Letter Size Cart,Small Box,0.56,10/29/2011
4794,34082,10/28/2011,Not Specified,20,38.56,0.07,Regular Air,-10.25,1.88,1.49,Dan Lawera,Ontario,Ontario,Corporate,Office Supplies,Binders and Binder Accessories,Staples¨ General Use 3-Ring Binders,Small Box,0.37,10/29/2011
4795,34082,10/28/2011,Not Specified,35,764.32,0.02,Regular Air,-34.59,21.38,8.99,Dan Lawera,Ontario,Ontario,Corporate,Office Supplies,Pens & Art Supplies,Boston 1730 StandUp Electric Pencil Sharpener,Small Pack,0.59,10/30/2011
4935,35110,10/18/2011,High,14,12805.25,0.01,Regular Air,5065.51,896.99,19.99,Mike Caudle,Ontario,Ontario,Corporate,Office Supplies,Binders and Binder Accessories,GBC DocuBind TL300 Electric Binding System,Small Box,0.38,10/19/2011
4936,35110,10/18/2011,High,49,1435.32,0.02,Regular Air,485.95,29.89,1.99,Mike Caudle,Ontario,Ontario,Corporate,Technology,Computer Peripherals,"Verbatim DVD-RAM, 5.2GB, Rewritable, Type 1, DS",Small Pack,0.5,10/20/2011
4993,35555,3/4/2011,Medium,50,11266.4,0.08,Delivery Truck,1902.99,243.98,43.32,James Lanier,Ontario,Ontario,Corporate,Furniture,Chairs & Chairmats,"Hon Deluxe Fabric Upholstered Stacking Chairs, Rounded Back",Jumbo Drum,0.55,3/5/2011
4994,35555,3/4/2011,Medium,15,71.61,0.1,Regular Air,-70.31,4.89,4.93,James Lanier,Ontario,Ontario,Corporate,Technology,Computer Peripherals,"Maxell 3.5"" DS/HD IBM-Formatted Diskettes, 10/Pack",Small Pack,0.66,3/6/2011
4995,35555,3/4/2011,Medium,2,10.43,0.07,Regular Air,-4.72,4.98,0.8,James Lanier,Ontario,Ontario,Corporate,Office Supplies,Paper,Rediform S.O.S. Phone Message Books,Wrap Bag,0.36,3/4/2011
5148,36679,8/30/2011,Critical,28,1491.8265,0.1,Regular Air,124.83,65.99,8.99,Anna Haberlin,Ontario,Ontario,Corporate,Technology,Telephones and Communication,Talkabout T8367,Small Box,0.56,9/2/2011
5244,37314,5/4/2011,Medium,21,210.86,0.04,Regular Air,5.50,9.77,6.02,Michelle Huthwaite,Ontario,Ontario,Home Office,Furniture,Office Furnishings,DAX Solid Wood Frames,Medium Box,0.48,5/5/2011
5319,37828,4/20/2011,Low,23,490.17,0.04,Regular Air,-57.09,20.97,4,Mike Caudle,Ontario,Ontario,Corporate,Technology,Computer Peripherals,Microsoft Internet Keyboard,Small Box,0.77,4/25/2011
5320,37828,4/20/2011,Low,42,206.2,0.01,Regular Air,101.14,4.91,0.5,Mike Caudle,Ontario,Ontario,Corporate,Office Supplies,Labels,Avery 508,Small Box,0.36,4/22/2011
5422,38530,4/17/2011,Critical,47,1980.37,0.03,Regular Air,904.83,40.98,2.99,Dave Hallsten,Ontario,Ontario,Home Office,Office Supplies,Binders and Binder Accessories,"Avery Trapezoid Ring Binder, 3"" Capacity, Black, 1040 sheets",Small Box,0.36,4/17/2011
5423,38530,4/17/2011,Critical,13,642.66,0.05,Regular Air,-82.35,49.43,19.99,Dave Hallsten,Ontario,Ontario,Home Office,Office Supplies,Appliances,"Eureka Hand Vacuum, Bagless",Small Box,0.57,4/17/2011
5651,40001,2/24/2011,Medium,46,1736.53,0.1,Regular Air,457.03,39.48,3.99,Aimee Bixby,Ontario,Ontario,Home Office,Office Supplies,Appliances,Belkin 7 Outlet SurgeMaster Surge Protector with Phone Protection,Small Box,0.56,2/26/2011
5708,40386,2/18/2011,High,28,2905.3,0,Express Air,1704.00,98.31,0.49,Jesus Ocampo,Ontario,Ontario,Small Business,Office Supplies,Labels,"Dot Matrix Printer Tape Reel Labels, White, 5000/Box",Small Box,0.36,2/20/2011
5824,41318,10/9/2011,Low,21,1223.11,0,Express Air,161.72,56.96,13.22,Brian Stugart,Ontario,Ontario,Consumer,Office Supplies,Appliances,"Conquestª 14 Commercial Heavy-Duty Upright Vacuum, Collection System, Accessory Kit",Small Box,0.56,10/18/2011
5909,41891,5/22/2011,High,22,846.59,0.08,Regular Air,-1.95,40.89,18.98,Tamara Dahlen,Ontario,Ontario,Corporate,Furniture,Office Furnishings,Eldon Executive Woodline II Cherry Finish Desk Accessories,Small Box,0.57,5/23/2011
5928,42081,1/10/2011,Low,36,188.34,0.04,Regular Air,-110.16,5.18,5.74,Christine Phan,Ontario,Ontario,Small Business,Office Supplies,Binders and Binder Accessories,Wilson Jones Impact Binders,Small Box,0.36,1/15/2011
5929,42081,1/10/2011,Low,3,32.49,0.08,Regular Air,-5.05,10.94,1.39,Christine Phan,Ontario,Ontario,Small Business,Office Supplies,Envelopes,"White Business Envelopes with Contemporary Seam, Recycled White Business Envelopes",Small Box,0.35,1/12/2011
5930,42081,1/10/2011,Low,26,1493.858,0.02,Regular Air,183.24,65.99,8.8,Christine Phan,Ontario,Ontario,Small Business,Technology,Telephones and Communication,6120,Small Box,0.58,1/15/2011
6020,42657,10/3/2011,Low,48,945.54,0.03,Regular Air,254.58,19.98,5.97,Eileen Kiefer,Ontario,Ontario,Consumer,Office Supplies,Paper,Xerox 1936,Small Box,0.38,10/5/2011
6189,43875,12/7/2011,Critical,24,382.19,0.03,Express Air,11.39,14.42,6.75,Melanie Page,Ontario,Ontario,Corporate,Office Supplies,Appliances,Holmes Odor Grabber,Medium Box,0.52,12/10/2011
6190,43875,12/7/2011,Critical,17,2573.92,0.07,Delivery Truck,117.23,150.98,143.71,Melanie Page,Ontario,Ontario,Corporate,Furniture,Chairs & Chairmats,"Global Airflow Leather Mesh Back Chair, Black",Jumbo Drum,0.55,12/9/2011
6191,43875,12/7/2011,Critical,40,727.64,0.01,Regular Air,27.64,17.98,8.51,Melanie Page,Ontario,Ontario,Corporate,Technology,Office Machines,Canon P1-DHIII Palm Printing Calculator,Medium Box,0.4,12/9/2011
6192,43875,12/7/2011,Critical,16,2795.004,0.02,Regular Air,311.09,195.99,8.99,Melanie Page,Ontario,Ontario,Corporate,Technology,Telephones and Communication,A1228,Small Box,0.58,12/8/2011
6193,43875,12/7/2011,Critical,25,2564.5775,0.07,Regular Air,331.29,125.99,7.69,Melanie Page,Ontario,Ontario,Corporate,Technology,Telephones and Communication,Timeport L7089,Small Box,0.58,12/9/2011
6303,44612,3/13/2011,High,6,428.723,0.06,Regular Air,-147.72,85.99,1.25,Dean Braden,Ontario,Ontario,Corporate,Technology,Telephones and Communication,Accessory8,Small Pack,0.39,3/15/2011
6340,44960,5/3/2011,Low,16,112.91,0.04,Regular Air,-72.81,6.48,8.4,Tamara Chand,Ontario,Ontario,Consumer,Office Supplies,Paper,Xerox 212,Small Box,0.37,5/5/2011
6341,44960,5/3/2011,Low,22,180.92,0.1,Regular Air,-82.54,8.57,6.14,Tamara Chand,Ontario,Ontario,Consumer,Office Supplies,"Scissors, Rulers and Trimmers",Acme¨ Office Executive Series Stainless Steel Trimmers,Small Pack,0.59,5/3/2011
6342,44960,5/3/2011,Low,17,31.68,0.04,Regular Air,-23.69,1.7,1.99,Tamara Chand,Ontario,Ontario,Consumer,Technology,Computer Peripherals,BASF Silver 74 Minute CD-R,Small Pack,0.51,5/7/2011
6461,45991,2/14/2011,Low,1,131.27,0.1,Delivery Truck,-68.16,100.98,35.84,George Ashbrook,Ontario,Ontario,Consumer,Furniture,Bookcases,"Bush Westfield Collection Bookcases, Fully Assembled",Jumbo Box,0.62,2/16/2011
6462,45991,2/14/2011,Low,50,196.39,0.07,Regular Air,82.60,4.13,0.5,George Ashbrook,Ontario,Ontario,Consumer,Office Supplies,Labels,Avery 506,Small Box,0.39,2/18/2011
6502,46307,2/6/2011,Medium,32,643.53,0.05,Regular Air,175.97,19.98,5.77,Jonathan Howell,Ontario,Ontario,Consumer,Office Supplies,Paper,Xerox Blank Computer Paper,Small Box,0.38,2/6/2011
6503,46307,2/6/2011,Medium,27,1217.77,0.01,Regular Air,283.14,42.76,6.22,Jonathan Howell,Ontario,Ontario,Consumer,Office Supplies,Storage & Organization,"SAFCO Mobile Desk Side File, Wire Frame",Small Box,,2/9/2011
6650,47301,7/17/2011,Low,6,460.71,0.02,Regular Air,-231.95,70.98,35,Eileen Kiefer,Ontario,Ontario,Consumer,Office Supplies,Storage & Organization,Sensible Storage WireTech Storage Systems,Large Box,0.8,7/22/2011
6701,47714,3/10/2011,Medium,29,2946.05,0.06,Delivery Truck,-690.21,105.49,41.64,Philip Brown,Ontario,Ontario,Corporate,Furniture,Tables,Balt Solid Wood Rectangular Table,Jumbo Box,0.75,3/11/2011
6985,49924,5/25/2011,Critical,48,204.15,0.07,Regular Air,-155.53,4.24,5.41,Edward Nazzal,Ontario,Ontario,Home Office,Office Supplies,Binders and Binder Accessories,Storex DuraTech Recycled Plastic Frosted Binders,Small Box,0.35,5/27/2011
6986,49924,5/25/2011,Critical,13,33.11,0.08,Regular Air,-35.96,2.23,4.57,Edward Nazzal,Ontario,Ontario,Home Office,Furniture,Office Furnishings,Eldon Pizzazª Desk Accessories,Small Pack,0.41,5/27/2011
7046,50306,5/20/2011,Medium,34,2010.89,0.09,Regular Air,564.07,63.98,11.55,Anemone Ratner,Ontario,Ontario,Small Business,Office Supplies,Binders and Binder Accessories,GBC DocuBind P50 Personal Binding Machine,Small Box,0.38,5/22/2011
7088,50566,9/7/2011,Not Specified,48,389.28,0.1,Regular Air,-37.43,8.67,3.5,Dan Lawera,Ontario,Ontario,Corporate,Office Supplies,Appliances,Staples 4 Outlet Surge Protector,Small Box,0.58,9/9/2011
7131,50854,12/17/2011,Critical,27,137.5,0.07,Regular Air,-64.24,4.98,4.95,Dan Lawera,Ontario,Ontario,Corporate,Office Supplies,Binders and Binder Accessories,Cardinal Holdit Business Card Pockets,Small Box,0.37,12/17/2011
7132,50854,12/17/2011,Critical,12,5744.24,0.09,Delivery Truck,1118.17,500.98,28.14,Dan Lawera,Ontario,Ontario,Corporate,Technology,Office Machines,"Hewlett-Packard cp1700 [D, PS] Series Color Inkjet Printers",Jumbo Drum,0.38,12/19/2011
7133,50854,12/17/2011,Critical,42,452.15,0.06,Express Air,25.79,10.98,3.37,Dan Lawera,Ontario,Ontario,Corporate,Office Supplies,"Scissors, Rulers and Trimmers",Fiskars¨ Softgrip Scissors,Small Pack,0.57,12/17/2011
7315,52162,11/1/2011,Not Specified,39,261.16,0.07,Regular Air,-220.30,6.48,9.68,Darren Budd,Ontario,Ontario,Home Office,Furniture,Bookcases,"Hon Metal Bookcases, Putty",Jumbo Box,0.56,11/1/2011
7316,52162,11/1/2011,Not Specified,47,155.22,0.07,Regular Air,23.34,3.29,1.35,Darren Budd,Ontario,Ontario,Home Office,Furniture,Chairs & Chairmats,Global Enterpriseª Series Seating Low-Back Swivel/Tilt Chairs,Jumbo Drum,0.55,11/2/2011
7384,52642,6/14/2011,Low,9,742.84,0.01,Delivery Truck,-320.70,70.98,59.81,Magdelene Morse,Ontario,Ontario,Home Office,Furniture,Chairs & Chairmats,"Situations Contoured Folding Chairs, 4/Set",Jumbo Drum,0.6,6/18/2011
7385,52642,6/14/2011,Low,14,2070.68,0.03,Regular Air,-281.67,152.48,4,Magdelene Morse,Ontario,Ontario,Home Office,Technology,Computer Peripherals,Adesso Programmable 142-Key Keyboard,Small Box,0.79,6/21/2011
7386,52642,6/14/2011,Low,15,764.13,0.09,Regular Air,276.98,55.98,4.86,Magdelene Morse,Ontario,Ontario,Home Office,Office Supplies,Paper,Xerox 1908,Small Box,0.36,6/21/2011
7399,52711,9/23/2011,Not Specified,37,201.14,0.08,Regular Air,-51.25,5.81,3.37,Aimee Bixby,Ontario,Ontario,Home Office,Office Supplies,Rubber Bands,"Advantus Push Pins, Aluminum Head",Wrap Bag,0.54,9/23/2011
7514,53637,3/17/2011,High,12,451.09,0.1,Express Air,61.27,39.98,9.83,Erin Ashbrook,Ontario,Ontario,Consumer,Office Supplies,Envelopes,"Blue String-Tie & Button Interoffice Envelopes, 10 x 13",Small Box,0.4,3/18/2011
7583,54245,3/24/2011,Medium,5,83.3,0.09,Regular Air,-114.91,20.99,2.5,Cari MacIntyre,Ontario,Ontario,Corporate,Technology,Telephones and Communication,Accessory37,Wrap Bag,0.81,3/25/2011
7603,54401,12/4/2011,High,34,670.02,0.07,Regular Air,278.58,20.98,1.49,Dave Hallsten,Ontario,Ontario,Home Office,Office Supplies,Binders and Binder Accessories,Avery Legal 4-Ring Binder,Small Box,0.35,12/6/2011
7659,54914,8/28/2011,Critical,32,197.93,0.06,Regular Air,-57.64,5.98,5.46,Duane Huffman,Ontario,Ontario,Small Business,Office Supplies,Paper,Xerox 1983,Small Box,0.36,8/29/2011
7660,54914,8/28/2011,Critical,7,90.58,0.06,Regular Air,-27.83,12.44,6.27,Duane Huffman,Ontario,Ontario,Small Business,Office Supplies,Storage & Organization,Eldon Simplefile¨ Box Office¨,Medium Box,0.57,8/30/2011
7840,56039,11/25/2011,Low,23,156.66,0.07,Regular Air,-33.15,6.68,5.2,Erica Smith,Ontario,Ontario,Small Business,Office Supplies,Paper,Xerox 1977,Small Box,0.37,11/30/2011
8123,58054,1/4/2011,High,26,61.4,0.04,Regular Air,-92.11,2.08,5.33,David Philippe,Ontario,Ontario,Consumer,Furniture,Office Furnishings,Eldon¨ Wave Desk Accessories,Small Box,0.43,1/4/2011
8193,58598,8/22/2011,Medium,50,13608.83,0.1,Delivery Truck,1342.93,300.98,64.73,Edward Nazzal,Ontario,Ontario,Home Office,Furniture,Chairs & Chairmats,"Global Leather and Oak Executive Chair, Black",Jumbo Drum,0.56,8/23/2011
8194,58598,8/22/2011,Medium,25,89.32,0.01,Regular Air,33.46,3.41,0.7,Edward Nazzal,Ontario,Ontario,Home Office,Office Supplies,Rubber Bands,Advantus SlideClipª Paper Clips,Wrap Bag,0.37,8/23/2011
8269,59108,10/7/2011,Low,21,68.53,0.09,Regular Air,-59.97,3.28,3.97,Edward Becker,Ontario,Ontario,Corporate,Office Supplies,Pens & Art Supplies,Newell 342,Wrap Bag,0.56,10/12/2011
8270,59108,10/7/2011,Low,39,4215.83,0.02,Regular Air,972.19,125.99,8.99,Edward Becker,Ontario,Ontario,Corporate,Technology,Telephones and Communication,M70,Small Box,0.59,10/16/2011
114,740,7/15/2011,Medium,6,28.01,0.09,Regular Air,3.46,4.98,0.49,Thomas Boland,Ontario,Ontario,Corporate,Office Supplies,Labels,Avery White Multi-Purpose Labels,Small Box,0.39,7/15/2011
243,1639,8/19/2011,Not Specified,24,163.14,0.09,Regular Air,-62.20,6.78,6.18,Sean Christensen,Ontario,Ontario,Home Office,Office Supplies,Paper,Strathmore Photo Mount Cards,Small Box,0.39,8/20/2011
297,2053,2/6/2011,Critical,39,19342.84,0.01,Delivery Truck,5603.95,500.98,126,Todd Boyes,Ontario,Ontario,Consumer,Furniture,Chairs & Chairmats,Global Troyª Executive Leather Low-Back Tilter,Jumbo Drum,0.6,2/7/2011
298,2053,2/6/2011,Critical,7,771.783,0.08,Regular Air,-449.53,140.99,4.2,Todd Boyes,Ontario,Ontario,Consumer,Technology,Telephones and Communication,7160,Small Box,0.59,2/8/2011
1027,7462,2/20/2011,High,3,72.63,0.07,Express Air,-26.94,22.01,5.53,Lena Radford,Ontario,Ontario,Small Business,Office Supplies,Pens & Art Supplies,Boston 16801 Nautilusª Battery Pencil Sharpener,Small Pack,0.59,2/21/2011
1354,9863,9/4/2011,Critical,18,33.96,0,Regular Air,0.10,1.76,0.7,Sean Christensen,Ontario,Ontario,Home Office,Office Supplies,Pens & Art Supplies,Newell 310,Wrap Bag,0.56,9/6/2011
1432,10342,11/22/2011,Medium,45,5181.08,0.01,Delivery Truck,-1623.60,114.98,58.72,Michelle Ellison,Ontario,Ontario,Consumer,Furniture,Bookcases,"Sauder Camden County Collection Libraries, Planked Cherry Finish",Jumbo Box,0.76,11/24/2011
1433,10342,11/22/2011,Medium,38,10567.45,0.1,Regular Air,2925.37,299.99,11.64,Michelle Ellison,Ontario,Ontario,Consumer,Technology,Copiers and Fax,Brother DCP1000 Digital 3 in 1 Multifunction Machine,Large Box,0.5,11/23/2011
1434,10342,11/22/2011,Medium,38,1679.04,0.01,Regular Air,324.47,40.97,14.45,Michelle Ellison,Ontario,Ontario,Consumer,Furniture,Office Furnishings,Dana Halogen Swing-Arm Architect Lamp,Large Box,0.57,11/24/2011
1435,10342,11/22/2011,Medium,2,2055.97,0.05,Express Air,-2342.01,999.99,13.99,Michelle Ellison,Ontario,Ontario,Consumer,Technology,Office Machines,"Polycom Soundstation EX Audio-Conferencing Telephone, Black",Medium Box,0.36,11/24/2011
1532,11040,10/23/2011,Not Specified,44,1102.28,0.03,Regular Air,389.61,23.99,6.71,Scot Coram,Ontario,Ontario,Corporate,Office Supplies,Envelopes,"Recycled Interoffice Envelopes with String and Button Closure, 10 x 13",Small Box,0.35,10/23/2011
1607,11652,11/10/2011,Not Specified,35,1154.14,0.07,Regular Air,-36.00,32.98,5.5,Olvera Toch,Ontario,Ontario,Home Office,Technology,Computer Peripherals,PC Concepts 116 Key Quantum 3000 Keyboard,Small Box,0.75,11/11/2011
1608,11652,11/10/2011,Not Specified,37,223.82,0.09,Regular Air,-249.11,5.98,10.39,Olvera Toch,Ontario,Ontario,Home Office,Office Supplies,Paper,Xerox 1895,Small Box,0.4,11/11/2011
1609,11652,11/10/2011,Not Specified,1,61.4635,0.05,Regular Air,-261.35,65.99,8.99,Olvera Toch,Ontario,Ontario,Home Office,Technology,Telephones and Communication,Talkabout T8367,Small Box,0.56,11/12/2011
1610,11652,11/10/2011,Not Specified,25,122.09,0.1,Regular Air,14.11,5.18,2.04,Olvera Toch,Ontario,Ontario,Home Office,Office Supplies,Paper,Array¨ Memo Cubes,Wrap Bag,0.36,11/12/2011
2190,15780,4/13/2011,Critical,19,71.77,0.03,Regular Air,22.71,3.78,0.71,Thomas Boland,Ontario,Ontario,Corporate,Office Supplies,Rubber Bands,Staples Bulldog Clip,Wrap Bag,0.39,4/15/2011
2881,20804,11/26/2011,Low,13,4393.75,0.08,Delivery Truck,215.31,442.14,14.7,Sean Miller,Ontario,Ontario,Small Business,Technology,Office Machines,Okidata ML390 Turbo Dot Matrix Printers,Jumbo Drum,0.56,12/3/2011
2960,21414,5/4/2011,Critical,34,117.91,0.05,Regular Air,29.27,3.38,1.09,Harry Marie,Ontario,Ontario,Consumer,Office Supplies,Paper,Avoid Verbal Orders Carbonless Minifold Book,Wrap Bag,0.39,5/6/2011
2961,21414,5/4/2011,Critical,46,3644.6,0.05,Regular Air,-1144.67,80.98,35,Harry Marie,Ontario,Ontario,Consumer,Office Supplies,Storage & Organization,Carina Double Wide Media Storage Towers in Natural & Black,Large Box,0.81,5/6/2011
2962,21414,5/4/2011,Critical,33,3491.613,0.05,Regular Air,717.70,125.99,5.63,Harry Marie,Ontario,Ontario,Consumer,Technology,Telephones and Communication,8290,Small Box,0.6,5/5/2011
3456,24640,1/29/2011,Medium,12,1379.98,0.06,Delivery Truck,-151.73,113.98,30,Patrick O'Donnell,Ontario,Ontario,Home Office,Furniture,Chairs & Chairmats,Hon Comfortask¨ Task/Swivel Chairs,Jumbo Drum,0.69,1/30/2011
4203,29862,6/19/2011,Medium,34,214.64,0.08,Regular Air,-76.88,6.48,5.86,Maria Zettner,Ontario,Ontario,Corporate,Office Supplies,Paper,Xerox 1904,Small Box,0.36,6/21/2011
4284,30532,11/26/2011,High,28,431.37,0.03,Regular Air,-28.67,15.22,9.73,Victoria Wilson,Ontario,Ontario,Home Office,Office Supplies,Binders and Binder Accessories,"GBC Twin Loopª Wire Binding Elements, 9/16"" Spine, Black",Small Box,0.36,11/27/2011
4285,30532,11/26/2011,High,23,262.31,0.04,Express Air,27.55,11.09,5.25,Victoria Wilson,Ontario,Ontario,Home Office,Office Supplies,Envelopes,#10 Self-Seal White Envelopes,Small Box,0.36,11/27/2011
4286,30532,11/26/2011,High,45,514.03,0.05,Regular Air,82.19,11.34,5.01,Victoria Wilson,Ontario,Ontario,Home Office,Office Supplies,Paper,Xerox 188,Small Box,0.36,11/28/2011
4287,30532,11/26/2011,High,9,1696.7,0.04,Delivery Truck,-82.81,180.98,23.58,Victoria Wilson,Ontario,Ontario,Home Office,Furniture,Bookcases,O'Sullivan Manor Hill 2-Door Library in Brianna Oak,Jumbo Box,0.74,11/28/2011
4349,30981,2/15/2011,Low,29,7837.44,0.1,Delivery Truck,1817.76,279.81,23.19,Nathan Gelder,Ontario,Ontario,Home Office,Office Supplies,Appliances,Sanyo 2.5 Cubic Foot Mid-Size Office Refrigerators,Jumbo Drum,0.59,2/19/2011
4350,30981,2/15/2011,Low,22,3653.22,0.09,Delivery Truck,-116.02,180.98,30,Nathan Gelder,Ontario,Ontario,Home Office,Furniture,Chairs & Chairmats,Office Star - Ergonomic Mid Back Chair with 2-Way Adjustable Arms,Jumbo Drum,0.69,2/17/2011
4455,31751,5/26/2011,High,31,413.12,0.1,Express Air,-10.22,14.27,7.27,Todd Boyes,Ontario,Ontario,Small Business,Office Supplies,Binders and Binder Accessories,"GBC Laser Imprintable Binding System Covers, Desert Sand",Small Box,0.38,5/28/2011
5199,36933,7/12/2011,High,32,115.81,0.07,Regular Air,47.56,3.69,0.5,Todd Boyes,Ontario,Ontario,Small Business,Office Supplies,Labels,Avery 501,Small Box,0.38,7/13/2011
5219,37152,5/22/2011,Medium,39,4647.69,0.02,Delivery Truck,182.53,113.98,30,Thomas Boland,Ontario,Ontario,Corporate,Furniture,Chairs & Chairmats,Hon Comfortask¨ Task/Swivel Chairs,Jumbo Drum,0.69,5/24/2011
5220,37152,5/22/2011,Medium,45,2503.3265,0.04,Regular Air,447.12,65.99,8.8,Thomas Boland,Ontario,Ontario,Corporate,Technology,Telephones and Communication,6120,Small Box,0.58,5/24/2011
5228,37223,11/10/2011,Low,21,2731.73,0.07,Express Air,310.59,155.99,8.99,Victoria Wilson,Ontario,Ontario,Home Office,Technology,Telephones and Communication,LX 788,Small Box,0.58,11/14/2011
5229,37223,11/10/2011,Low,40,679.52,0.09,Regular Air,-152.40,17.7,9.47,Victoria Wilson,Ontario,Ontario,Home Office,Office Supplies,Storage & Organization,Portfile¨ Personal File Boxes,Small Box,0.59,11/17/2011
5230,37223,11/10/2011,Low,38,5176.27,0.01,Regular Air,-743.45,135.31,35,Victoria Wilson,Ontario,Ontario,Home Office,Office Supplies,Storage & Organization,"Tennsco Stur-D-Stor Boltless Shelving, 5 Shelves, 24"" Deep, Sand",Large Box,0.84,11/15/2011
6919,49349,6/1/2011,High,11,123.34,0.07,Regular Air,0.64,11.34,5.01,Olvera Toch,Ontario,Ontario,Home Office,Office Supplies,Paper,Xerox 188,Small Box,0.36,6/1/2011
6920,49349,6/1/2011,High,23,1642.47,0.01,Delivery Truck,-524.03,68.81,60,Olvera Toch,Ontario,Ontario,Home Office,Office Supplies,Appliances,"Holmes Replacement Filter for HEPA Air Cleaner, Very Large Room, HEPA Filter",Jumbo Drum,0.41,6/3/2011
7050,50309,3/15/2011,Low,36,243.18,0.08,Regular Air,-314.22,6.98,9.69,Michael Nguyen,Ontario,Ontario,Small Business,Office Supplies,Storage & Organization,Eldon Shelf Saversª Cubes and Bins,Small Box,0.83,3/22/2011
7349,52327,12/20/2011,Medium,27,3853.47,0.1,Regular Air,21.50,152.48,6.5,Patrick O'Donnell,Ontario,Ontario,Home Office,Technology,Computer Peripherals,Adesso Programmable 142-Key Keyboard,Small Box,0.74,12/21/2011
7350,52327,12/20/2011,Medium,5,28.23,0.1,Regular Air,-14.69,4.98,4.7,Patrick O'Donnell,Ontario,Ontario,Home Office,Office Supplies,Paper,Staples Copy Paper (20Lb. and 84 Bright),Small Box,0.38,12/22/2011
7801,55809,9/10/2011,Critical,2,250.7,0.03,Delivery Truck,-180.61,100.98,45,Michelle Ellison,Ontario,Ontario,Consumer,Furniture,Chairs & Chairmats,Hon Valutaskª Swivel Chairs,Jumbo Drum,0.69,9/12/2011
707,4960,2/25/2011,Low,30,8363.65,0.09,Delivery Truck,763.33,300.98,64.73,Corinna Mitchell,Newfoundland,Atlantic,Corporate,Furniture,Chairs & Chairmats,"Global Leather and Oak Executive Chair, Black",Jumbo Drum,0.56,3/1/2011
1010,7367,6/5/2011,Low,46,303.62,0.02,Regular Air,-59.98,6.48,2.74,Raymond Fair,Newfoundland,Atlantic,Small Business,Technology,Computer Peripherals,"Sony MFD2HD Formatted Diskettes, 10/Pack",Small Pack,0.71,6/12/2011
1245,9062,3/20/2011,High,19,1825.42,0.06,Regular Air,1193.19,99.23,8.99,Eric Barreto,Newfoundland,Atlantic,Consumer,Furniture,Office Furnishings,"GE 48"" Fluorescent Tube, Cool White Energy Saver, 34 Watts, 30/Box",Small Pack,0.35,3/23/2011
1425,10338,7/14/2011,Not Specified,9,799.98,0.04,Delivery Truck,15.36,90.97,14,Barry Franz,Newfoundland,Atlantic,Corporate,Technology,Office Machines,Lexmark Z54se Color Inkjet Printer,Jumbo Drum,0.36,7/16/2011
1796,12868,3/1/2011,Critical,2,9.37,0.09,Regular Air,-5.26,4.48,1.22,Muhammed Lee,Newfoundland,Atlantic,Consumer,Office Supplies,Paper,Spiral Phone Message Books with Labels by Adams,Wrap Bag,0.36,3/3/2011
2053,14662,11/16/2011,High,24,39.69,0.05,Regular Air,-1.78,1.68,1,Karl Brown,Newfoundland,Atlantic,Corporate,Office Supplies,Pens & Art Supplies,Prang Dustless Chalk Sticks,Wrap Bag,0.35,11/17/2011
3054,21890,1/24/2011,Not Specified,27,81.9,0.01,Regular Air,4.06,2.94,0.96,Amy Cox,Newfoundland,Atlantic,Small Business,Office Supplies,Pens & Art Supplies,Newell 343,Wrap Bag,0.58,1/26/2011
3087,22149,9/23/2011,Low,47,191.13,0.07,Regular Air,38.11,4.26,1.2,Bobby Trafton,Newfoundland,Atlantic,Small Business,Office Supplies,Pens & Art Supplies,"Dixon Prang¨ Watercolor Pencils, 10-Color Set with Brush",Wrap Bag,0.44,9/25/2011
3216,23078,9/15/2011,Medium,18,168.95,0.1,Regular Air,-15.90,9.78,5.76,Jay Fine,Newfoundland,Atlantic,Consumer,Office Supplies,Envelopes,"Staples #10 Laser & Inkjet Envelopes, 4 1/8"" x 9 1/2"", 100/Box",Small Box,0.35,9/15/2011
3664,26243,7/16/2011,Low,42,71.32,0.08,Regular Air,-4.90,1.82,1,Eleni McCrary,Newfoundland,Atlantic,Corporate,Office Supplies,Pens & Art Supplies,"Crayola Anti Dust Chalk, 12/Pack",Wrap Bag,0.4,7/20/2011
5080,36196,8/6/2011,Not Specified,6,62.03,0.09,Regular Air,17.31,9.77,6.02,Christy Brittain,Newfoundland,Atlantic,Consumer,Furniture,Office Furnishings,DAX Solid Wood Frames,Medium Box,0.48,8/7/2011
5761,40896,9/2/2011,Not Specified,21,155.73,0.03,Express Air,42.86,7.4,1.71,Tracy Poddar,Newfoundland,Atlantic,Corporate,Office Supplies,Paper,"It's Hot Message Books with Stickers, 2 3/4"" x 5""",Wrap Bag,0.4,9/3/2011
6116,43302,8/23/2011,Low,4,8.87,0.09,Regular Air,-5.14,1.95,1.63,Damala Kotsonis,Newfoundland,Atlantic,Corporate,Office Supplies,Pens & Art Supplies,"Avery Hi-Liter Comfort Grip Fluorescent Highlighter, Yellow Ink",Wrap Bag,0.46,9/1/2011
7740,55425,11/1/2011,Critical,42,4373.8535,0.04,Express Air,963.68,125.99,7.69,Paul Knutson,Newfoundland,Atlantic,Corporate,Technology,Telephones and Communication,StarTAC 3000,Small Box,0.59,11/2/2011
7803,55815,1/13/2011,High,28,2860.19,0.04,Express Air,458.40,105.29,10.12,Cynthia Voltz,Newfoundland,Atlantic,Corporate,Furniture,Office Furnishings,Eldon Antistatic Chair Mats for Low to Medium Pile Carpets,Large Box,0.79,1/14/2011
3142,22561,1/20/2011,Critical,7,128.62,0.07,Regular Air,-27.78,17.67,8.99,David Wiener,Nova Scotia,Atlantic,Consumer,Furniture,Office Furnishings,"Executive Impressions 12"" Wall Clock",Small Pack,0.47,1/22/2011
3143,22561,1/20/2011,Critical,50,424,0.03,Regular Air,-19.77,8.67,3.5,David Wiener,Nova Scotia,Atlantic,Consumer,Office Supplies,Appliances,Staples 4 Outlet Surge Protector,Small Box,0.58,1/22/2011
3144,22561,1/20/2011,Critical,5,504.79,0.03,Express Air,-245.09,99.99,19.99,David Wiener,Nova Scotia,Atlantic,Consumer,Technology,Computer Peripherals,U.S. Robotics 56K Internet Call Modem,Small Box,0.5,1/22/2011
121,775,3/17/2011,Critical,35,43.57,0.1,Regular Air,-19.17,1.26,0.7,Peter McVee,Nova Scotia,Atlantic,Small Business,Office Supplies,Rubber Bands,Bagged Rubber Bands,Wrap Bag,0.81,3/18/2011
122,775,3/17/2011,Critical,8,31.87,0.1,Regular Air,-1.25,4.26,1.2,Peter McVee,Nova Scotia,Atlantic,Small Business,Office Supplies,Pens & Art Supplies,"Dixon Prang¨ Watercolor Pencils, 10-Color Set with Brush",Wrap Bag,0.44,3/19/2011
154,964,5/19/2011,Medium,4,40.02,0.02,Regular Air,-1.28,9.93,1.09,Stefania Perrino,Nova Scotia,Atlantic,Corporate,Office Supplies,Pens & Art Supplies,Peel-Off¨ China Markers,Wrap Bag,0.43,5/21/2011
1426,10338,7/14/2011,Not Specified,7,363.57,0.02,Delivery Truck,33.99,44.43,46.59,Barry Franz,Nova Scotia,Atlantic,Corporate,Furniture,Tables,Hon 61000 Series Interactive Training Tables,Jumbo Box,0.67,7/16/2011
1564,11271,10/18/2011,High,46,157.87,0,Regular Air,-115.80,3.28,3.97,Berenike Kampe,Nova Scotia,Atlantic,Corporate,Office Supplies,Pens & Art Supplies,Newell 337,Wrap Bag,0.56,10/20/2011
2052,14662,11/16/2011,High,48,257.75,0.02,Regular Air,-66.26,4.98,4.75,Karl Brown,Nova Scotia,Atlantic,Corporate,Office Supplies,Paper,Hammermill CopyPlus Copy Paper (20Lb. and 84 Bright),Small Box,0.36,11/17/2011
2054,14662,11/16/2011,High,48,5139.882,0.01,Regular Air,1275.67,125.99,8.99,Karl Brown,Nova Scotia,Atlantic,Corporate,Technology,Telephones and Communication,M70,Small Box,0.59,11/17/2011
2100,15009,12/21/2011,Not Specified,28,229.43,0.08,Express Air,61.09,7.78,2.5,Erica Hernandez,Nova Scotia,Atlantic,Small Business,Office Supplies,Envelopes,Staples #10 Colored Envelopes,Small Box,0.38,12/22/2011
2167,15619,6/28/2011,Low,36,123.13,0.05,Express Air,20.57,3.29,1.35,Tony Molinari,Nova Scotia,Atlantic,Corporate,Office Supplies,Rubber Bands,Acco¨ Hot Clipsª Clips to Go,Wrap Bag,0.4,7/2/2011
2784,20098,12/8/2011,Medium,11,183.32,0.04,Regular Air,-61.10,15.99,9.4,Chuck Sachs,Nova Scotia,Atlantic,Consumer,Technology,Office Machines,"AT&T Black Trimline Phone, Model 210",Small Box,0.49,12/10/2011
3215,23078,9/15/2011,Medium,8,342.27,0.09,Regular Air,-17.68,40.99,19.99,Jay Fine,Nova Scotia,Atlantic,Consumer,Office Supplies,Paper,"White Dual Perf Computer Printout Paper, 2700 Sheets, 1 Part, Heavyweight, 20 lbs., 14 7/8 x 11",Small Box,0.36,9/17/2011
3546,25280,5/21/2011,Not Specified,47,202.64,0.03,Regular Air,28.75,4.13,1.17,Stefania Perrino,Nova Scotia,Atlantic,Corporate,Office Supplies,Pens & Art Supplies,Newell 31,Wrap Bag,0.57,5/22/2011
3600,25669,1/16/2011,Critical,12,45.63,0.02,Regular Air,15.42,3.69,0.5,Ann Blume,Nova Scotia,Atlantic,Small Business,Office Supplies,Labels,Avery 487,Small Box,0.38,1/16/2011
3809,27137,12/31/2011,High,2,60.5625,0.02,Regular Air,-165.54,35.99,1.1,Alyssa Tate,Nova Scotia,Atlantic,Small Business,Technology,Telephones and Communication,Accessory35,Small Box,0.55,1/2/2012
3846,27430,1/31/2011,High,3,315.27,0.08,Regular Air,278.60,105.98,13.99,Anthony Garverick,Nova Scotia,Atlantic,Small Business,Furniture,Office Furnishings,"Tenex 46"" x 60"" Computer Anti-Static Chairmat, Rectangular Shaped",Medium Box,0.65,2/1/2011
3866,27559,10/30/2011,High,38,465.9,0.05,Regular Air,79.34,12.28,4.86,Aaron Hawkins,Nova Scotia,Atlantic,Home Office,Office Supplies,Paper,Xerox 1933,Small Box,0.38,10/31/2011
4782,33958,2/2/2011,Critical,27,462.366,0.1,Regular Air,-120.05,20.99,3.3,Mark Haberlin,Nova Scotia,Atlantic,Small Business,Technology,Telephones and Communication,Accessory39,Small Pack,0.81,2/4/2011
4783,33958,2/2/2011,Critical,14,336.48,0.09,Regular Air,5.56,25.99,5.37,Mark Haberlin,Nova Scotia,Atlantic,Small Business,Office Supplies,Pens & Art Supplies,"BOSTON¨ Ranger¨ #55 Pencil Sharpener, Black",Small Box,0.56,2/4/2011
5119,36454,2/18/2011,Critical,8,69.57,0.05,Regular Air,-36.06,7.98,6.5,Anthony Garverick,Nova Scotia,Atlantic,Small Business,Office Supplies,Storage & Organization,Iris Project Case,Medium Box,0.59,2/21/2011
5311,37792,12/29/2011,High,49,183.08,0.01,Regular Air,82.49,3.69,0.5,Eleni McCrary,Nova Scotia,Atlantic,Corporate,Office Supplies,Labels,Avery 501,Small Box,0.38,12/31/2011
6115,43302,8/23/2011,Low,39,6888.6635,0.03,Regular Air,1925.58,205.99,5,Damala Kotsonis,Nova Scotia,Atlantic,Corporate,Technology,Telephones and Communication,Phone 918,Small Box,0.59,8/30/2011
6256,44292,6/14/2011,Not Specified,1,10.48,0,Express Air,-3.78,5.18,2.04,Frank Atkinson,Nova Scotia,Atlantic,Corporate,Office Supplies,Paper,Array¨ Memo Cubes,Wrap Bag,0.36,6/15/2011
6391,45381,8/21/2011,Medium,1,11.81,0.01,Regular Air,-7.95,5.89,5.57,Michael Oakman,Nova Scotia,Atlantic,Small Business,Furniture,Office Furnishings,Eldon Wave Desk Accessories,Small Box,0.41,8/23/2011
6543,46531,8/21/2011,Low,39,4211,0.07,Regular Air,-270.57,111.96,69,Chuck Sachs,Nova Scotia,Atlantic,Consumer,Furniture,Tables,Hon 4060 Series Tables,Large Box,0.63,8/28/2011
6626,47136,1/24/2011,Medium,18,89.99,0,Regular Air,18.96,4.82,1.49,Deborah Brumfield,Nova Scotia,Atlantic,Small Business,Office Supplies,Binders and Binder Accessories,Tuff Stuffª Recycled Round Ring Binders,Small Box,0.36,1/26/2011
6909,49312,2/21/2011,Critical,30,164.41,0,Regular Air,-128.52,4.98,7.54,Deanra Eno,Nova Scotia,Atlantic,Corporate,Office Supplies,Paper,Xerox 1961,Small Box,0.38,2/22/2011
7176,51203,12/21/2011,High,49,26622.55,0.08,Delivery Truck,3146.22,550.98,45.7,Eleni McCrary,Nova Scotia,Atlantic,Home Office,Furniture,Tables,Chromcraft Bull-Nose Wood Oval Conference Tables & Bases,Jumbo Box,0.71,12/22/2011
7322,52195,10/26/2011,Not Specified,19,267,0.09,Regular Air,-2.83,14.45,7.17,Alyssa Tate,Nova Scotia,Atlantic,Small Business,Office Supplies,Binders and Binder Accessories,"Acco Recycled 2"" Capacity Laser Printer Hanging Data Binders",Small Box,0.38,10/27/2011
7622,54533,12/18/2011,Medium,21,162.25,0.03,Regular Air,-42.72,7.1,6.05,Marc Crier,Nova Scotia,Atlantic,Corporate,Office Supplies,Binders and Binder Accessories,"Wilson Jones Hanging View Binder, White, 1""",Small Box,0.39,12/19/2011
7768,55616,5/8/2011,High,29,184.74,0,Regular Air,-102.25,5.98,4.38,Joni Wasserman,Nova Scotia,Atlantic,Consumer,Technology,Computer Peripherals,"Imation 3.5"" DS/HD IBM Formatted Diskettes, 10/Pack",Small Pack,0.75,5/9/2011
7902,56515,5/27/2011,Medium,18,126.62,0.08,Express Air,60.79,6.3,0.5,Sara Luxemburg,Nova Scotia,Atlantic,Small Business,Office Supplies,Labels,Avery 51,Small Box,0.39,5/28/2011
7945,56768,7/27/2011,Critical,37,111.39,0.02,Regular Air,20.06,2.88,0.7,Giulietta Dortch,Nova Scotia,Atlantic,Corporate,Office Supplies,Pens & Art Supplies,Newell 335,Wrap Bag,0.56,7/29/2011
7961,56900,11/26/2011,Not Specified,16,54.32,0.09,Regular Air,16.11,3.41,0.7,Bradley Talbott,Nova Scotia,Atlantic,Small Business,Office Supplies,Rubber Bands,Advantus SlideClipª Paper Clips,Wrap Bag,0.37,11/28/2011
8170,58372,4/2/2011,Low,48,184.1,0.04,Regular Air,43.20,3.98,0.7,Brian Stugart,Nova Scotia,Atlantic,Corporate,Office Supplies,Pens & Art Supplies,4009¨ Highlighters by Sanford,Wrap Bag,0.52,4/7/2011
686,4773,12/22/2011,Critical,26,311.38,0.06,Regular Air,34.12,11.58,5.72,Liz Willingham,Nova Scotia,Atlantic,Home Office,Office Supplies,Envelopes,"Peel & Seel¨ Recycled Catalog Envelopes, Brown",Small Box,0.35,12/23/2011
900,6465,8/12/2011,Low,36,240.14,0.06,Express Air,57.78,6.88,2,Alan Shonely,Nova Scotia,Atlantic,Small Business,Office Supplies,Paper,"Adams Phone Message Book, 200 Message Capacity, 8 1/16Ó x 11Ó",Wrap Bag,0.39,8/19/2011
1009,7367,6/5/2011,Low,48,269.93,0.05,Express Air,119.64,5.43,0.95,Raymond Fair,Nova Scotia,Atlantic,Small Business,Office Supplies,Paper,"Wirebound Message Book, 4 per Page",Wrap Bag,0.36,6/10/2011
1244,9062,3/20/2011,High,32,119.2,0.06,Regular Air,30.61,3.93,0.99,Eric Barreto,Nova Scotia,Atlantic,Consumer,Office Supplies,Rubber Bands,Staples Vinyl Coated Paper Clips,Wrap Bag,0.39,3/21/2011
1412,10245,2/13/2011,Medium,23,127.17,0.1,Regular Air,-108.13,5.53,6.98,Astrea Jones,Nova Scotia,Atlantic,Corporate,Office Supplies,Binders and Binder Accessories,Avery Durable Poly Binders,Small Box,0.39,2/15/2011
1870,13472,10/26/2011,Critical,26,106.03,0.09,Regular Air,42.89,4.13,0.5,Corey Catlett,Nova Scotia,Atlantic,Home Office,Office Supplies,Labels,Avery 506,Small Box,0.39,10/27/2011
2168,15619,6/28/2011,Low,9,1425.21,0.1,Delivery Truck,-65.02,160.98,30,Tony Molinari,Nova Scotia,Atlantic,Corporate,Furniture,Chairs & Chairmats,Office Star - Mid Back Dual function Ergonomic High Back Chair with 2-Way Adjustable Arms,Jumbo Drum,0.62,7/5/2011
2312,16674,4/29/2011,Low,49,1959.43,0.09,Regular Air,467.72,42.98,4.62,Robert Barroso,Nova Scotia,Atlantic,Small Business,Office Supplies,Appliances,Belkin F9M820V08 8 Outlet Surge,Small Box,0.56,5/6/2011
2313,16674,4/29/2011,Low,39,14072.64,0.02,Delivery Truck,2177.54,355.98,58.92,Robert Barroso,Nova Scotia,Atlantic,Small Business,Furniture,Chairs & Chairmats,Hon 4700 Series Mobuisª Mid-Back Task Chairs with Adjustable Arms,Jumbo Drum,0.64,5/8/2011
2320,16710,4/24/2011,High,47,5549.79,0.09,Delivery Truck,1300.80,145.45,17.85,Alex Grayson,Nova Scotia,Atlantic,Consumer,Technology,Office Machines,Panasonic KX-P1150 Dot Matrix Printer,Jumbo Drum,0.56,4/26/2011
2570,18534,12/30/2011,Low,36,282.58,0.1,Express Air,21.68,8.33,1.99,Tracy Poddar,Nova Scotia,Atlantic,Corporate,Technology,Computer Peripherals,"80 Minute Slim Jewel Case CD-R , 10/Pack - Staples",Small Pack,0.52,12/30/2011
2622,18951,6/29/2011,Critical,16,61.5,0.09,Regular Air,-16.27,3.98,2.97,Astrea Jones,Nova Scotia,Atlantic,Corporate,Office Supplies,Paper,Unpadded Memo Slips,Wrap Bag,0.35,6/30/2011
2623,18951,6/29/2011,Critical,10,324.3175,0.03,Express Air,-169.74,35.99,5,Astrea Jones,Nova Scotia,Atlantic,Corporate,Technology,Telephones and Communication,Accessory27,Small Box,0.85,7/1/2011
2785,20098,12/8/2011,Medium,8,194.11,0.03,Regular Air,87.66,22.72,8.99,Chuck Sachs,Nova Scotia,Atlantic,Consumer,Furniture,Office Furnishings,"Executive Impressions 14"" Two-Color Numerals Wall Clock",Small Pack,0.44,12/8/2011
3088,22149,9/23/2011,Low,17,48.24,0.09,Regular Air,-1.62,2.88,1.01,Bobby Trafton,Nova Scotia,Atlantic,Small Business,Office Supplies,Pens & Art Supplies,"Sanford Colorific Colored Pencils, 12/Box",Wrap Bag,0.55,9/28/2011
3217,23078,9/15/2011,Medium,39,577.95,0.07,Regular Air,-86.43,15.73,7.42,Jay Fine,Nova Scotia,Atlantic,Consumer,Office Supplies,"Scissors, Rulers and Trimmers",Acme Galleria¨ Hot Forged Steel Scissors with Colored Handles,Small Pack,0.56,9/17/2011
3423,24422,12/29/2011,Critical,20,3467.28,0.06,Delivery Truck,-433.29,179.29,29.21,Craig Yedwab,Nova Scotia,Atlantic,Corporate,Furniture,Tables,"Bevis Round Conference Table Top, X-Base",Jumbo Box,0.76,12/31/2011
4398,31303,3/20/2011,Low,50,306.13,0.09,Express Air,87.60,5.98,1.49,Dianna Arnett,Nova Scotia,Atlantic,Home Office,Office Supplies,Binders and Binder Accessories,Avery Hanging File Binders,Small Box,0.39,3/22/2011
4630,32965,2/24/2011,High,2,11.15,0.04,Regular Air,-5.54,3.98,2.97,Michael Paige,Nova Scotia,Atlantic,Small Business,Office Supplies,Paper,Unpadded Memo Slips,Wrap Bag,0.35,2/25/2011
4674,33253,11/30/2011,Not Specified,17,524.212,0.04,Regular Air,127.85,35.99,3.3,Katherine Murray,Nova Scotia,Atlantic,Home Office,Technology,Telephones and Communication,Accessory9,Small Pack,0.39,12/2/2011
5946,42213,3/21/2011,Critical,46,110.96,0.08,Regular Air,35.92,2.61,0.5,Ann Blume,Nova Scotia,Atlantic,Small Business,Office Supplies,Labels,Avery 494,Small Box,0.39,3/23/2011
6117,43302,8/23/2011,Low,43,720.613,0.07,Regular Air,329.68,20.99,0.99,Damala Kotsonis,Nova Scotia,Atlantic,Corporate,Technology,Telephones and Communication,Accessory21,Wrap Bag,0.37,9/1/2011
6389,45381,8/21/2011,Medium,26,164.1,0.03,Express Air,-41.22,5.74,5.01,Michael Oakman,Nova Scotia,Atlantic,Small Business,Office Supplies,Binders and Binder Accessories,Binder Posts,Small Box,0.39,8/22/2011
6390,45381,8/21/2011,Medium,23,1316.87,0.02,Express Air,204.70,53.98,5.5,Michael Oakman,Nova Scotia,Atlantic,Small Business,Technology,Computer Peripherals,Nu-Form 106-Key Ergonomic Keyboard w/ Touchpad,Small Box,0.62,8/23/2011
6620,47106,10/25/2011,Medium,40,6618.457,0.1,Regular Air,1489.96,205.99,5.99,Becky Martin,Nova Scotia,Atlantic,Home Office,Technology,Telephones and Communication,3285,Small Box,0.59,10/27/2011
6751,48071,3/3/2011,Low,1,22.74,0.03,Express Air,-13.59,12.64,4.98,Emily Burns,Nova Scotia,Atlantic,Home Office,Furniture,Office Furnishings,Nu-Dell Executive Frame,Small Pack,0.48,3/12/2011
6910,49312,2/21/2011,Critical,19,1882.18,0.09,Express Air,336.26,107.53,5.81,Deanra Eno,Nova Scotia,Atlantic,Corporate,Furniture,Office Furnishings,"Tenex Contemporary Contur Chairmats for Low and Medium Pile Carpet, Computer, 39"" x 49""",Medium Box,0.65,2/23/2011
7041,50276,2/14/2011,Not Specified,34,390.35,0.05,Regular Air,71.03,11.55,2.36,Bradley Talbott,Nova Scotia,Atlantic,Small Business,Office Supplies,Pens & Art Supplies,Newell 309,Wrap Bag,0.55,2/15/2011
7260,51783,11/11/2011,Medium,10,1875.18,0.01,Delivery Truck,-433.29,179.29,29.21,Brian Stugart,Nova Scotia,Atlantic,Consumer,Furniture,Tables,"Bevis Round Conference Table Top, X-Base",Jumbo Box,0.74,11/13/2011
7429,52934,7/27/2011,Critical,20,92.15,0.08,Regular Air,36.98,4.91,0.5,Sara Luxemburg,Nova Scotia,Atlantic,Corporate,Office Supplies,Labels,Avery 508,Small Box,0.36,7/28/2011
7739,55425,11/1/2011,Critical,7,73.86,0.08,Regular Air,-52.49,9.71,9.45,Paul Knutson,Nova Scotia,Atlantic,Corporate,Office Supplies,Storage & Organization,Filing/Storage Totes and Swivel Casters,Small Box,0.6,11/2/2011
7901,56515,5/27/2011,Medium,17,979.52,0.1,Delivery Truck,-362.04,58.14,36.61,Sara Luxemburg,Nova Scotia,Atlantic,Small Business,Furniture,Bookcases,O'Sullivan 3-Shelf Heavy-Duty Bookcases,Jumbo Box,0.61,5/29/2011
58,326,6/3/2011,High,34,218.27,0.03,Regular Air,-44.14,5.99,4.92,Michelle Tran,Quebec,Quebec,Consumer,Office Supplies,Binders and Binder Accessories,"DXLª Angle-View Binders with Locking Rings, Black",Small Box,0.38,6/4/2011
59,326,6/3/2011,High,17,100.95,0.05,Regular Air,-21.30,5.81,3.37,Michelle Tran,Quebec,Quebec,Consumer,Office Supplies,Rubber Bands,"Advantus Push Pins, Aluminum Head",Wrap Bag,0.54,6/4/2011
463,3141,11/9/2011,Critical,30,534.96,0.08,Regular Air,-26.72,18.89,3.17,Matt Collister,Quebec,Quebec,Home Office,Technology,Computer Peripherals,"IBM 3.5"" DS/HD IBM Formatted Diskettes, 50/Pack",Small Pack,0.69,11/11/2011
894,6433,11/22/2011,Medium,41,159.26,0.01,Regular Air,73.89,3.69,0.5,Matt Collister,Quebec,Quebec,Home Office,Office Supplies,Labels,Avery 487,Small Box,0.38,11/23/2011
1064,7846,6/25/2011,Low,47,2926.33,0.09,Regular Air,499.27,67.28,19.99,Dave Hallsten,Quebec,Quebec,Corporate,Office Supplies,Binders and Binder Accessories,Catalog Binders with Expanding Posts,Small Box,0.4,6/30/2011
1065,7846,6/25/2011,Low,20,40.05,0.1,Regular Air,-10.22,2.08,1.49,Dave Hallsten,Quebec,Quebec,Corporate,Office Supplies,Binders and Binder Accessories,Economy Binders,Small Box,0.36,6/30/2011
1066,7846,6/25/2011,Low,20,552.87,0.01,Regular Air,-64.82,26.31,5.89,Dave Hallsten,Quebec,Quebec,Corporate,Technology,Computer Peripherals,"Micro Innovations Micro 3000 Keyboard, Black",Small Box,0.75,7/2/2011
1067,7846,6/25/2011,Low,12,26.33,0.05,Regular Air,-33.61,1.76,4.86,Dave Hallsten,Quebec,Quebec,Corporate,Furniture,Office Furnishings,Regeneration Desk Collection,Small Box,0.41,6/25/2011
1118,8195,1/6/2011,Medium,5,51.3,0.05,Express Air,-32.48,7.28,11.15,Ralph Arnett,Quebec,Quebec,Consumer,Office Supplies,Paper,"Array¨ Parchment Paper, Assorted Colors",Small Box,0.37,1/7/2011
1119,8195,1/6/2011,Medium,1,8.48,0.1,Regular Air,-7.90,5.08,3.63,Ralph Arnett,Quebec,Quebec,Consumer,Furniture,Office Furnishings,"Master Caster Door Stop, Gray",Wrap Bag,0.51,1/8/2011
1120,8195,1/6/2011,Medium,26,87.52,0.03,Regular Air,-70.02,3.28,3.97,Ralph Arnett,Quebec,Quebec,Consumer,Office Supplies,Pens & Art Supplies,Newell 337,Wrap Bag,0.56,1/7/2011
1289,9472,6/16/2011,Critical,17,53.91,0.05,Regular Air,19.47,3.15,0.49,Greg Tran,Quebec,Quebec,Home Office,Office Supplies,Labels,Self-Adhesive Removable Labels,Small Box,0.37,6/19/2011
1388,10054,4/28/2011,High,2,203.3,0.08,Regular Air,148.25,79.52,48.2,Helen Wasserman,Quebec,Quebec,Home Office,Furniture,Office Furnishings,Eldon Cleatmat Plusª Chair Mats for High Pile Carpets,Medium Box,0.74,4/30/2011
1389,10054,4/28/2011,High,2,196.8515,0.09,Regular Air,-606.60,125.99,5.99,Helen Wasserman,Quebec,Quebec,Home Office,Technology,Telephones and Communication,i600,Small Box,0.56,4/28/2011
1861,13381,8/17/2011,Medium,41,10714.78,0,Delivery Truck,-627.64,259.71,66.67,Vivian Mathis,Quebec,Quebec,Consumer,Furniture,Tables,"Bevis Round Bullnose 29"" High Table Top",Jumbo Box,0.65,8/17/2011
1905,13634,4/18/2011,High,46,1824.13,0.05,Regular Air,104.51,39.98,7.12,Bradley Nguyen,Quebec,Quebec,Consumer,Technology,Computer Peripherals,"IBM Active Response Keyboard, Black",Small Box,0.67,4/18/2011
1906,13634,4/18/2011,High,27,151.38,0.04,Regular Air,-55.61,5.58,5.3,Bradley Nguyen,Quebec,Quebec,Consumer,Office Supplies,Envelopes,Staples Brown Kraft Recycled Clasp Envelopes,Small Box,0.35,4/19/2011
1915,13730,5/9/2011,High,26,3617.64,0.07,Delivery Truck,-354.13,146.34,43.75,Bradley Nguyen,Quebec,Quebec,Corporate,Furniture,Tables,Bevis Round Conference Table Top & Single Column Base,Jumbo Box,0.64,5/11/2011
1972,14113,8/4/2011,High,22,8218.16,0.09,Delivery Truck,-774.14,376.13,85.63,Helen Wasserman,Quebec,Quebec,Home Office,Furniture,Tables,Bretford Rectangular Conference Table Tops,Jumbo Box,0.74,8/6/2011
2019,14401,8/4/2011,Not Specified,10,931.1495,0.06,Regular Air,-128.83,110.99,2.5,Jason Klamczynski,Quebec,Quebec,Small Business,Technology,Telephones and Communication,T18,Small Box,0.57,8/6/2011
2211,15941,12/10/2011,Not Specified,15,951.09,0.02,Delivery Truck,-246.32,58.14,36.61,Michelle Tran,Quebec,Quebec,Consumer,Furniture,Bookcases,O'Sullivan 3-Shelf Heavy-Duty Bookcases,Jumbo Box,0.61,12/12/2011
2479,18023,2/24/2011,Medium,38,4502.26,0.09,Delivery Truck,1272.17,120.97,26.3,Valerie Mitchum,Quebec,Quebec,Home Office,Technology,Office Machines,Canon S750 Color Inkjet Printer,Jumbo Drum,0.38,2/25/2011
2480,18023,2/24/2011,Medium,34,192.23,0.07,Regular Air,-149.84,5.78,7.64,Valerie Mitchum,Quebec,Quebec,Home Office,Office Supplies,Paper,HP Office Recycled Paper (20Lb. and 87 Bright),Small Box,0.36,2/25/2011
2535,18400,12/6/2011,Not Specified,29,598.49,0.05,Regular Air,34.16,20.95,4,Ralph Arnett,Quebec,Quebec,Consumer,Technology,Computer Peripherals,"Fellowes Basic 104-Key Keyboard, Platinum",Small Box,0.6,12/7/2011
3539,25188,1/3/2011,Medium,20,1564.1615,0,Regular Air,682.48,85.99,2.5,Valerie Mitchum,Quebec,Quebec,Home Office,Technology,Telephones and Communication,Accessory12,Small Box,0.35,1/5/2011
3774,26948,11/22/2011,High,21,203.55,0.03,Express Air,38.60,9.11,2.25,Matt Collister,Quebec,Quebec,Home Office,Office Supplies,Pens & Art Supplies,Dixon Ticonderoga Core-Lock Colored Pencils,Wrap Bag,0.52,11/23/2011
3871,27622,2/6/2011,Medium,4,1280.73,0.09,Delivery Truck,-774.89,320.64,43.57,Michelle Tran,Quebec,Quebec,Consumer,Furniture,Tables,"Chromcraft 48"" x 96"" Racetrack Double Pedestal Table",Jumbo Box,0.63,2/7/2011
4134,29351,10/3/2011,Medium,17,5122.61,0.05,Regular Air,1784.04,304.99,19.99,Sanjit Jacobs,Quebec,Quebec,Consumer,Office Supplies,Binders and Binder Accessories,Ibico Hi-Tech Manual Binding System,Small Box,0.4,10/5/2011
4160,29506,6/14/2011,Critical,46,221.13,0.01,Regular Air,59.70,4.55,1.49,Scott Cohen,Quebec,Quebec,Consumer,Office Supplies,Binders and Binder Accessories,Presstex Flexible Ring Binders,Small Box,0.35,6/16/2011
4161,29506,6/14/2011,Critical,8,16.35,0.05,Regular Air,-5.62,1.88,1.49,Scott Cohen,Quebec,Quebec,Consumer,Office Supplies,Binders and Binder Accessories,Staples¨ General Use 3-Ring Binders,Small Box,0.37,6/15/2011
4216,29958,1/6/2011,High,47,307.57,0,Regular Air,-72.30,6.37,5.19,Barry Gonzalez,Quebec,Quebec,Consumer,Office Supplies,Binders and Binder Accessories,"C-Line Peel & Stick Add-On Filing Pockets, 8-3/4 x 5-1/8, 10/Pack",Small Box,0.38,1/7/2011
4217,29958,1/6/2011,High,32,14861.07,0.1,Delivery Truck,3408.29,500.98,26,Barry Gonzalez,Quebec,Quebec,Consumer,Furniture,Chairs & Chairmats,Global Troyª Executive Leather Low-Back Tilter,Jumbo Drum,0.6,1/8/2011
4494,32001,10/28/2011,Low,22,494.84,0.07,Regular Air,205.13,22.23,3.63,Chad McGuire,Quebec,Quebec,Small Business,Furniture,Office Furnishings,"Executive Impressions 14"" Contract Wall Clock",Small Pack,0.52,11/2/2011
4495,32001,10/28/2011,Low,11,3443.21,0,Regular Air,794.20,300.98,13.99,Chad McGuire,Quebec,Quebec,Small Business,Technology,Office Machines,Polycom VoiceStation 100,Medium Box,0.39,10/30/2011
4506,32069,11/19/2011,Not Specified,8,1100,0.07,Delivery Truck,-240.31,145.45,17.85,Gene McClure,Quebec,Quebec,Consumer,Technology,Office Machines,Panasonic KX-P1150 Dot Matrix Printer,Jumbo Drum,0.56,11/19/2011
4561,32450,12/19/2011,Medium,37,2638.79,0.1,Delivery Truck,54.23,70.89,89.3,Barry Gonzalez,Quebec,Quebec,Small Business,Furniture,Tables,KI Conference Tables,Jumbo Box,0.69,12/19/2011
4572,32546,3/18/2011,Critical,6,156.09,0,Regular Air,-34.85,22.38,15.1,Greg Tran,Quebec,Quebec,Home Office,Office Supplies,Binders and Binder Accessories,"Avery Flip-Chart Easel Binder, Black",Small Box,0.38,3/20/2011
4573,32546,3/18/2011,Critical,47,1294.023,0.1,Regular Air,607.26,35.99,1.25,Greg Tran,Quebec,Quebec,Home Office,Technology,Telephones and Communication,Accessory23,Small Pack,0.36,3/19/2011
4645,33061,7/15/2011,High,48,5318.89,0.06,Regular Air,525.15,111.03,8.64,Valerie Mitchum,Quebec,Quebec,Home Office,Office Supplies,Storage & Organization,Fellowes Recycled Storage Drawers,Small Box,0.78,7/17/2011
4708,33540,6/6/2011,Low,21,190.99,0.1,Regular Air,-27.15,9.85,4.82,Barry Gonzalez,Quebec,Quebec,Consumer,Office Supplies,Pens & Art Supplies,Lumber Crayons,Wrap Bag,0.47,6/10/2011
5402,38403,5/21/2011,Low,49,142.1,0.01,Regular Air,37.03,2.88,0.99,Michelle Huthwaite,Quebec,Quebec,Home Office,Office Supplies,Labels,Avery 474,Small Box,0.36,5/25/2011
5684,40165,3/2/2011,High,50,421.36,0.07,Regular Air,-75.17,8.62,4.5,Bradley Nguyen,Quebec,Quebec,Consumer,Office Supplies,Appliances,"Acco Six-Outlet Power Strip, 4' Cord Length",Small Box,0.59,3/5/2011
5713,40454,4/21/2011,Not Specified,43,1243.88,0.1,Regular Air,22.71,30.98,8.99,Cynthia Delaney,Quebec,Quebec,Corporate,Office Supplies,Pens & Art Supplies,"Boston School Pro Electric Pencil Sharpener, 1670",Small Pack,0.58,4/24/2011
6385,45376,12/2/2011,Critical,19,6648.58,0.08,Delivery Truck,-555.98,370.98,99,Vivek Gonzalez,Quebec,Quebec,Consumer,Office Supplies,Storage & Organization,"Sauder Facets Collection Locker/File Cabinet, Sky Alder Finish",Jumbo Drum,0.65,12/3/2011
6477,46115,3/2/2011,Critical,35,677.43,0.1,Regular Air,-37.99,19.98,4,Tom Stivers,Quebec,Quebec,Small Business,Technology,Computer Peripherals,Belkin 105-Key Black Keyboard,Small Box,0.68,3/4/2011
6478,46115,3/2/2011,Critical,38,491.78,0,Regular Air,44.04,12.28,6.47,Tom Stivers,Quebec,Quebec,Small Business,Office Supplies,Paper,Xerox 1881,Small Box,0.38,3/2/2011
6625,47109,9/11/2011,High,47,6131.54,0.06,Regular Air,1844.96,128.24,12.65,Tom Stivers,Quebec,Quebec,Small Business,Furniture,Chairs & Chairmats,SAFCO Folding Chair Trolley,Medium Box,,9/13/2011
6758,48161,5/23/2011,Not Specified,16,139.69,0.01,Regular Air,-95.64,7.77,9.23,Vivian Mathis,Quebec,Quebec,Home Office,Office Supplies,Appliances,Hoover Commercial Soft Guard Upright Vacuum And Disposable Filtration Bags,Small Box,0.58,5/25/2011
6759,48161,5/23/2011,Not Specified,39,6030.58,0.09,Regular Air,1197.86,195.99,8.99,Vivian Mathis,Quebec,Quebec,Home Office,Technology,Telephones and Communication,A1228,Small Box,0.58,5/24/2011
6816,48515,12/20/2011,Critical,47,725.8,0.01,Express Air,327.45,15.04,1.97,Barry Gonzalez,Quebec,Quebec,Consumer,Office Supplies,Paper,White GlueTop Scratch Pads,Wrap Bag,0.39,12/20/2011
7619,54528,1/4/2011,Medium,15,92.03,0.03,Regular Air,19.71,6.08,0.91,Ralph Arnett,Quebec,Quebec,Consumer,Office Supplies,Pens & Art Supplies,Zebra Zazzle Fluorescent Highlighters,Wrap Bag,0.51,1/5/2011
7636,54659,8/15/2011,High,38,262.9,0.06,Regular Air,-41.98,6.68,5.2,Carol Adams,Quebec,Quebec,Corporate,Office Supplies,Paper,Xerox 1977,Small Box,0.37,8/15/2011
7726,55361,3/23/2011,Not Specified,22,51.39,0.06,Express Air,-64.37,1.76,4.86,Chad McGuire,Quebec,Quebec,Small Business,Furniture,Office Furnishings,Regeneration Desk Collection,Small Box,0.41,3/24/2011
7727,55361,3/23/2011,Not Specified,31,293.52,0.08,Regular Air,-116.66,9.38,7.28,Chad McGuire,Quebec,Quebec,Small Business,Office Supplies,Storage & Organization,Staples File Caddy,Small Box,0.57,3/24/2011
7865,56257,9/9/2011,Medium,49,266.3,0.03,Express Air,-135.06,4.97,5.71,Gary McGarr,Quebec,Quebec,Home Office,Furniture,Office Furnishings,"DAX Value U-Channel Document Frames, Easel Back",Medium Box,0.54,9/10/2011
7972,57029,3/8/2011,Critical,17,74.25,0.01,Regular Air,-56.17,3.98,5.26,Vivek Gonzalez,Quebec,Quebec,Consumer,Office Supplies,Binders and Binder Accessories,Ibico Presentation Index for Binding Systems,Small Box,0.38,3/9/2011
7973,57029,3/8/2011,Critical,4,23.23,0.09,Regular Air,-19.06,4.28,6.72,Vivek Gonzalez,Quebec,Quebec,Consumer,Office Supplies,Paper,Xerox 1927,Small Box,0.4,3/9/2011
153,964,5/19/2011,Medium,50,315.02,0.02,Regular Air,95.16,5.98,1.49,Stefania Perrino,Quebec,Quebec,Corporate,Office Supplies,Binders and Binder Accessories,Avery Hanging File Binders,Small Box,0.39,5/21/2011
1616,11687,12/25/2011,High,26,188.93,0.04,Regular Air,58.32,7.28,1.77,Dean Percer,Quebec,Quebec,Home Office,Office Supplies,Paper,"Post-it¨ ÒImportant MessageÓ Note Pad, Neon Colors, 50 Sheets/Pad",Wrap Bag,0.37,12/25/2011
1821,13089,12/14/2011,Not Specified,34,3577.11,0.1,Delivery Truck,-1620.41,114.98,58.72,Damala Kotsonis,Quebec,Quebec,Corporate,Furniture,Bookcases,"Sauder Camden County Collection Libraries, Planked Cherry Finish",Jumbo Box,0.76,12/17/2011
2572,18562,12/20/2011,Critical,41,160.11,0.1,Regular Air,-26.73,3.98,2.97,Noel Staavos,Quebec,Quebec,Home Office,Office Supplies,Paper,Unpadded Memo Slips,Wrap Bag,0.35,12/22/2011
2876,20737,12/25/2011,Medium,10,1410.93,0.08,Delivery Truck,-317.48,140.98,36.09,Aaron Hawkins,Quebec,Quebec,Home Office,Furniture,Bookcases,"Sauder Forest Hills Library, Woodland Oak Finish",Jumbo Box,0.77,12/26/2011
3729,26658,12/22/2011,High,17,72.75,0.05,Regular Air,-57.89,3.98,5.26,Tom Prescott,Quebec,Quebec,Small Business,Office Supplies,Binders and Binder Accessories,Ibico Presentation Index for Binding Systems,Small Box,0.38,12/22/2011
3826,27271,9/14/2011,Not Specified,8,301.57,0,Delivery Truck,-77.31,33.94,19.19,Speros Goranitis,Quebec,Quebec,Corporate,Furniture,Chairs & Chairmats,"Metal Folding Chairs, Beige, 4/Carton",Jumbo Drum,0.58,9/15/2011
4179,29666,12/30/2011,Not Specified,29,155.86,0.09,Regular Air,-152.59,5.28,8.16,Dave Poirier,Quebec,Quebec,Small Business,Office Supplies,Paper,Xerox 1963,Small Box,0.4,12/31/2011
4967,35360,4/18/2011,Critical,4,41.06,0.04,Regular Air,-16.39,8.88,6.28,Yana Sorensen,Quebec,Quebec,Corporate,Office Supplies,Binders and Binder Accessories,GBC Instant Indexª System for Binding Systems,Small Box,0.35,4/20/2011
5515,39079,9/7/2011,High,46,75.6,0.09,Regular Air,-225.25,1.68,5.28,Debra Catini,Quebec,Quebec,Small Business,Office Supplies,Binders and Binder Accessories,Computer Printout Index Tabs,Small Box,0.37,9/7/2011
6542,46531,8/21/2011,Low,23,84.47,0.06,Regular Air,7.98,3.8,1.49,Chuck Sachs,Quebec,Quebec,Consumer,Office Supplies,Binders and Binder Accessories,Durable Pressboard Binders,Small Box,0.38,8/21/2011
6819,48548,3/26/2011,Critical,3,13.71,0.03,Regular Air,-10.27,3.28,3.97,Astrea Jones,Quebec,Quebec,Corporate,Office Supplies,Pens & Art Supplies,Newell 337,Wrap Bag,0.56,3/27/2011
7629,54592,6/12/2011,Low,28,1971.56,0.05,Delivery Truck,-15.29,70.98,26.85,Erica Hernandez,Quebec,Quebec,Small Business,Furniture,Bookcases,"Safco Value Mate Steel Bookcase, Baked Enamel Finish on Steel, Black",Jumbo Box,,6/16/2011
7700,55202,8/24/2011,Low,33,3093.76,0.07,Express Air,-850.71,95.99,35,Bobby Elias,Quebec,Quebec,Small Business,Office Supplies,Storage & Organization,Safco Industrial Wire Shelving,Large Box,,8/26/2011
182,1191,11/6/2011,Medium,35,3532.96,0.08,Delivery Truck,-243.60,100.8,60,Karl Brown,Quebec,Quebec,Home Office,Furniture,Tables,"Barricks 18"" x 48"" Non-Folding Utility Table with Bottom Storage Shelf",Jumbo Drum,0.59,11/7/2011
285,1988,10/5/2011,Not Specified,9,122.14,0.04,Regular Air,-16.99,13.48,4.51,Paul Knutson,Quebec,Quebec,Corporate,Office Supplies,Storage & Organization,"Tenex Personal Project File with Scoop Front Design, Black",Small Box,0.59,10/7/2011
706,4960,2/25/2011,Low,4,40.87,0.04,Express Air,-16.38,6.48,8.74,Corinna Mitchell,Quebec,Quebec,Corporate,Office Supplies,Paper,Xerox 1984,Small Box,0.36,2/27/2011
848,6086,9/22/2011,Critical,48,1734.72,0.04,Regular Air,57.89,35.44,19.99,Michael Kennedy,Quebec,Quebec,Corporate,Office Supplies,Paper,Xerox 1880,Small Box,0.38,9/24/2011
955,6912,12/10/2011,Not Specified,14,294.52,0.09,Regular Air,15.34,21.78,5.94,Alan Shonely,Quebec,Quebec,Small Business,Office Supplies,Appliances,Holmes HEPA Air Purifier,Medium Box,0.5,12/12/2011
972,7075,10/10/2011,Low,15,241.89,0.02,Regular Air,-83.30,15.42,10.68,Shirley Jackson,Quebec,Quebec,Corporate,Office Supplies,Storage & Organization,"Decoflex Hanging Personal Folder File, Blue",Small Box,0.58,10/12/2011
973,7075,10/10/2011,Low,43,83.34,0.01,Regular Air,-93.18,1.86,2.58,Shirley Jackson,Quebec,Quebec,Corporate,Office Supplies,Rubber Bands,"Super Bands, 12/Pack",Wrap Bag,0.82,10/14/2011
1166,8513,7/15/2011,Low,8,84.64,0,Express Air,-9.29,8.62,4.5,Fred McMath,Quebec,Quebec,Small Business,Office Supplies,Appliances,"Acco Six-Outlet Power Strip, 4' Cord Length",Small Box,0.59,7/22/2011
1444,10436,1/2/2011,Low,24,138.75,0.09,Regular Air,49.81,5.84,1,Karl Brown,Quebec,Quebec,Corporate,Office Supplies,Pens & Art Supplies,"Quartet Omega¨ Colored Chalk, 12/Pack",Wrap Bag,0.38,1/9/2011
1491,10752,9/10/2011,Critical,5,95.38,0.03,Regular Air,-36.89,15.99,13.18,Dianna Wilson,Quebec,Quebec,Small Business,Office Supplies,Binders and Binder Accessories,"GBC Pre-Punched Binding Paper, Plastic, White, 8-1/2"" x 11""",Small Box,0.37,9/11/2011
1795,12868,3/1/2011,Critical,31,53.33,0.09,Regular Air,-2.44,1.76,0.7,Muhammed Lee,Quebec,Quebec,Consumer,Office Supplies,Pens & Art Supplies,Newell 310,Wrap Bag,0.56,3/2/2011
2099,15009,12/21/2011,Not Specified,46,1200.13,0.09,Express Air,-7.80,28.15,8.99,Erica Hernandez,Quebec,Quebec,Small Business,Office Supplies,Pens & Art Supplies,"Boston Electric Pencil Sharpener, Model 1818, Charcoal Black",Small Pack,0.57,12/23/2011
2708,19558,2/25/2011,Low,2,7.98,0.04,Regular Air,-3.93,3.29,1.35,Ellis Ballard,Quebec,Quebec,Corporate,Office Supplies,Rubber Bands,Acco¨ Hot Clipsª Clips to Go,Wrap Bag,0.4,2/28/2011
2877,20737,12/25/2011,Medium,15,3364.248,0.1,Delivery Truck,-693.23,286.85,61.76,Aaron Hawkins,Quebec,Quebec,Home Office,Furniture,Tables,Riverside Furniture Stanwyck Manor Table Series,Jumbo Box,0.78,12/27/2011
2998,21606,1/22/2011,Not Specified,29,516.62,0.06,Regular Air,138.33,17.48,1.99,Troy Staebel,Quebec,Quebec,Small Business,Technology,Computer Peripherals,"Memorex 'Cool' 80 Minute CD-R Spindle, 25/Pack",Small Pack,0.46,1/23/2011
3287,23522,4/11/2011,Critical,20,1077.8085,0.06,Express Air,17.25,65.99,8.99,Alan Shonely,Quebec,Quebec,Small Business,Technology,Telephones and Communication,5180,Small Box,0.56,4/13/2011
3288,23522,4/11/2011,Critical,19,2899.98,0.1,Regular Air,666.01,159.99,5.5,Alan Shonely,Quebec,Quebec,Small Business,Technology,Computer Peripherals,Gyration RF Keyboard,Small Box,0.49,4/12/2011
3289,23522,4/11/2011,Critical,36,233.38,0.1,Regular Air,-180.17,6.48,8.73,Alan Shonely,Quebec,Quebec,Small Business,Office Supplies,Paper,Xerox 227,Small Box,0.37,4/13/2011
3349,23968,3/4/2011,Critical,19,127.48,0.05,Regular Air,-41.99,6.48,5.84,Tracy Poddar,Quebec,Quebec,Corporate,Office Supplies,Paper,Xerox 226,Small Box,0.37,3/7/2011
3634,25955,5/4/2011,Not Specified,10,170.35,0.03,Regular Air,-39.92,16.06,8.34,Janet Martin,Quebec,Quebec,Corporate,Office Supplies,Storage & Organization,"Letter/Legal File Tote with Clear Snap-On Lid, Black Granite",Small Box,0.59,5/6/2011
3845,27430,1/31/2011,High,12,82.64,0.1,Regular Air,0.35,7.08,2.35,Anthony Garverick,Quebec,Quebec,Small Business,Office Supplies,Pens & Art Supplies,SANFORD Major Accentª Highlighters,Wrap Bag,0.47,2/1/2011
4070,28992,9/19/2011,Critical,41,6863.95,0.1,Express Air,1662.92,178.47,19.99,Craig Yedwab,Quebec,Quebec,Consumer,Office Supplies,Storage & Organization,"Hot File¨ 7-Pocket, Floor Stand",Small Box,0.55,9/20/2011
4242,30151,1/29/2011,Not Specified,31,792.76,0.02,Regular Air,33.37,24.92,12.98,Karl Brown,Quebec,Quebec,Home Office,Office Supplies,Binders and Binder Accessories,GBC Standard Therm-A-Bind Covers,Small Box,0.39,1/31/2011
4251,30276,8/26/2011,Low,44,1453.704,0,Regular Air,549.84,35.99,1.1,Carlos Meador,Quebec,Quebec,Corporate,Technology,Telephones and Communication,Accessory35,Small Box,0.55,8/30/2011
4252,30276,8/26/2011,Low,34,7656.304,0.1,Delivery Truck,-715.78,296.18,54.12,Carlos Meador,Quebec,Quebec,Corporate,Furniture,Tables,Hon 94000 Series Round Tables,Jumbo Box,0.76,8/30/2011
4254,30279,12/7/2011,Critical,25,1412.98,0.1,Regular Air,324.96,60.97,4.5,Ellis Ballard,Quebec,Quebec,Corporate,Office Supplies,Appliances,Tripp Lite Isotel 6 Outlet Surge Protector with Fax/Modem Protection,Small Box,0.56,12/7/2011
4255,30279,12/7/2011,Critical,39,19539.94,0.06,Delivery Truck,4914.24,517.48,16.63,Ellis Ballard,Quebec,Quebec,Corporate,Technology,Office Machines,Panasonic KX-P3626 Dot Matrix Printer,Jumbo Box,0.59,12/8/2011
4631,32965,2/24/2011,High,25,2427.25,0.1,Regular Air,227.67,99.99,19.99,Michael Paige,Quebec,Quebec,Small Business,Technology,Computer Peripherals,US Robotics 56K V.92 External Faxmodem,Small Box,0.52,2/25/2011
4673,33253,11/30/2011,Not Specified,6,24.2,0.08,Regular Air,-5.20,4.13,1.17,Katherine Murray,Quebec,Quebec,Home Office,Office Supplies,Pens & Art Supplies,Newell 31,Wrap Bag,0.57,12/2/2011
4878,34694,4/28/2011,Low,11,55.49,0.04,Regular Air,-37.32,4.48,7.24,Elizabeth Moffitt,Quebec,Quebec,Consumer,Furniture,Office Furnishings,"Stacking Tray, Side-Loading, Legal, Smoke",Small Box,0.54,4/28/2011
4883,34725,7/27/2011,Low,14,1885.41,0.08,Regular Air,-524.74,138.14,35,Fred McMath,Quebec,Quebec,Small Business,Office Supplies,Storage & Organization,"SAFCO Commercial Wire Shelving, Black",Large Box,,7/29/2011
4960,35296,3/21/2011,Low,7,407.8725,0.02,Regular Air,-165.63,65.99,3.99,Evan Henry,Quebec,Quebec,Corporate,Technology,Telephones and Communication,StarTAC 7760,Small Box,0.59,3/23/2011
4990,35494,2/14/2011,Medium,18,1731.104,0.01,Regular Air,-270.57,111.96,69,Joni Wasserman,Quebec,Quebec,Consumer,Furniture,Tables,Hon 4060 Series Tables,Large Box,0.63,2/15/2011
5030,35845,1/6/2011,High,15,5713.48,0.05,Delivery Truck,-712.53,376.13,85.63,Deanra Eno,Quebec,Quebec,Corporate,Furniture,Tables,Bretford Rectangular Conference Table Tops,Jumbo Box,0.74,1/8/2011
5310,37792,12/29/2011,High,14,36.74,0.09,Regular Air,-5.36,2.78,0.97,Eleni McCrary,Quebec,Quebec,Corporate,Office Supplies,Pens & Art Supplies,Newell 339,Wrap Bag,0.59,12/30/2011
5334,37893,11/24/2011,Not Specified,14,436.78,0.04,Regular Air,25.69,29.99,5.5,Bart Folk,Quebec,Quebec,Corporate,Technology,Computer Peripherals,Logitech Cordless Access Keyboard,Small Box,0.51,11/25/2011
5530,39169,8/26/2011,Medium,5,24.91,0,Regular Air,-0.90,4.84,0.71,Noel Staavos,Quebec,Quebec,Home Office,Office Supplies,Pens & Art Supplies,*Staples* Highlighting Markers,Wrap Bag,0.52,8/27/2011
6541,46531,8/21/2011,Low,17,3064.658,0.01,Regular Air,447.34,205.99,2.79,Chuck Sachs,Quebec,Quebec,Consumer,Technology,Telephones and Communication,ELITE Series,Small Box,0.58,8/26/2011
6619,47106,10/25/2011,Medium,37,2192.63,0.05,Regular Air,660.06,59.98,3.99,Becky Martin,Quebec,Quebec,Home Office,Office Supplies,Appliances,Belkin 8 Outlet SurgeMaster II Gold Surge Protector,Small Box,0.57,10/27/2011
6929,49443,1/23/2011,High,41,396.15,0.05,Regular Air,-10.98,9.85,4.82,Nicole Brennan,Quebec,Quebec,Home Office,Office Supplies,Pens & Art Supplies,Lumber Crayons,Wrap Bag,0.47,1/24/2011
6972,49824,3/22/2011,High,33,1900.226,0.01,Express Air,440.20,65.99,5.31,Erica Hernandez,Quebec,Quebec,Small Business,Technology,Telephones and Communication,3390,Small Box,0.57,3/23/2011
7261,51783,11/11/2011,Medium,47,3587.72,0,Delivery Truck,54.23,70.89,89.3,Brian Stugart,Quebec,Quebec,Consumer,Furniture,Tables,KI Conference Tables,Jumbo Box,0.69,11/13/2011
7630,54592,6/12/2011,Low,34,154.43,0.03,Regular Air,-133.77,4.18,6.92,Erica Hernandez,Quebec,Quebec,Small Business,Furniture,Office Furnishings,"Eldon¨ Image Series Desk Accessories, Burgundy",Small Box,0.49,6/14/2011
7741,55425,11/1/2011,Critical,8,2302.36,0.05,Express Air,-114.68,300.97,7.18,Paul Knutson,Quebec,Quebec,Corporate,Technology,Computer Peripherals,Gyration Ultra Professional Cordless Optical Suite,Small Box,0.48,11/3/2011
7767,55616,5/8/2011,High,24,437.478,0.02,Regular Air,-42.23,20.99,1.25,Joni Wasserman,Quebec,Quebec,Consumer,Technology,Telephones and Communication,Accessory29,Small Pack,0.83,5/9/2011
7946,56768,7/27/2011,Critical,13,1207.02,0.03,Delivery Truck,235.40,90.97,14,Giulietta Dortch,Quebec,Quebec,Corporate,Technology,Office Machines,Lexmark Z54se Color Inkjet Printer,Jumbo Drum,0.36,7/28/2011
25,135,10/20/2011,Not Specified,25,125.85,0.09,Regular Air,-89.25,4.98,4.62,Anne Pryor,Quebec,Quebec,Consumer,Technology,Computer Peripherals,"Imation 3.5"", DISKETTE 44766 HGHLD3.52HD/FM, 10/Pack",Small Pack,0.64,10/22/2011
35,225,5/24/2011,Critical,24,126.58,0.06,Regular Air,18.27,5.58,0.7,Karen Ferguson,Quebec,Quebec,Home Office,Office Supplies,Pens & Art Supplies,Newell 314,Wrap Bag,0.6,5/25/2011
36,225,5/24/2011,Critical,1,23.7,0.05,Regular Air,-8.97,19.84,4.1,Karen Ferguson,Quebec,Quebec,Home Office,Office Supplies,Pens & Art Supplies,Prismacolor Color Pencil Set,Wrap Bag,0.44,5/26/2011
355,2467,7/15/2011,Not Specified,30,4147.47,0.09,Delivery Truck,586.61,145.45,17.85,Caroline Jumper,Quebec,Quebec,Corporate,Technology,Office Machines,Panasonic KX-P1150 Dot Matrix Printer,Jumbo Drum,0.56,7/16/2011
554,3750,4/29/2011,Medium,12,76.16,0.04,Regular Air,-24.03,5.98,5.2,Aaron Smayling,Quebec,Quebec,Small Business,Office Supplies,Paper,Xerox 1992,Small Box,0.36,5/1/2011
682,4769,4/13/2011,Not Specified,41,117.4,0.01,Regular Air,48.63,2.88,0.5,Ben Wallace,Quebec,Quebec,Home Office,Office Supplies,Labels,Avery 49,Small Box,0.36,4/14/2011
789,5636,2/15/2011,Medium,23,138.17,0,Regular Air,-1.09,5.85,2.27,Dennis Kane,Quebec,Quebec,Small Business,Office Supplies,Pens & Art Supplies,"Dixon My First Ticonderoga Pencil, #2",Wrap Bag,0.56,2/17/2011
857,6148,12/24/2011,Medium,50,510.56,0.05,Regular Air,-29.40,10.64,5.16,Mathew Reese,Quebec,Quebec,Small Business,Furniture,Office Furnishings,"Eldon Expressions Punched Metal & Wood Desk Accessories, Pewter & Cherry",Small Box,0.57,12/25/2011
858,6148,12/24/2011,Medium,18,389.52,0.05,Express Air,116.37,20.28,6.68,Mathew Reese,Quebec,Quebec,Small Business,Furniture,Office Furnishings,"Seth Thomas 8 1/2"" Cubicle Clock",Small Box,0.53,12/25/2011
1490,10722,1/19/2011,Not Specified,8,40.26,0.01,Regular Air,-27.44,4.28,5.68,Dorris Love,Quebec,Quebec,Home Office,Office Supplies,Paper,Xerox 199,Small Box,0.4,1/21/2011
1730,12448,11/8/2011,Critical,33,240.27,0.07,Regular Air,-269.80,7.38,11.51,Dennis Kane,Quebec,Quebec,Small Business,Office Supplies,Binders and Binder Accessories,GBC Plastic Binding Combs,Small Box,0.36,11/11/2011
1731,12448,11/8/2011,Critical,24,6802.37,0.08,Delivery Truck,459.50,284.98,69.55,Dennis Kane,Quebec,Quebec,Small Business,Furniture,Chairs & Chairmats,Global Commerceª Series High-Back Swivel/Tilt Chairs,Jumbo Drum,0.6,11/9/2011
1835,13156,10/5/2011,Low,12,502.01,0.04,Regular Air,159.73,39.98,9.2,Jennifer Ferguson,Quebec,Quebec,Corporate,Furniture,Office Furnishings,Eldon Radial Chair Mat for Low to Medium Pile Carpets,Wrap Bag,0.65,10/10/2011
2136,15264,11/17/2011,Medium,3,3581.52,0.07,Regular Air,-408.22,1270.99,19.99,Ben Wallace,Quebec,Quebec,Home Office,Office Supplies,Binders and Binder Accessories,Fellowes PB500 Electric Punch Plastic Comb Binding Machine with Manual Bind,Small Box,0.35,11/19/2011
2137,15264,11/17/2011,Medium,13,90.15,0.07,Regular Air,33.05,7.31,0.49,Ben Wallace,Quebec,Quebec,Home Office,Office Supplies,Labels,Self-Adhesive Address Labels for Typewriters by Universal,Small Box,0.38,11/17/2011
2302,16582,10/1/2011,Critical,26,6766.856,0.02,Delivery Truck,-774.89,320.64,43.57,Katherine Nockton,Quebec,Quebec,Home Office,Furniture,Tables,"Chromcraft 48"" x 96"" Racetrack Double Pedestal Table",Jumbo Box,0.63,10/3/2011
2446,17765,9/15/2011,Not Specified,36,79.02,0.08,Regular Air,-192.68,2.16,6.05,Dennis Kane,Quebec,Quebec,Small Business,Office Supplies,Binders and Binder Accessories,Peel & Stick Add-On Corner Pockets,Small Box,0.37,9/15/2011
2471,17958,8/11/2011,Low,33,1053.74,0.07,Regular Air,359.53,32.48,7.09,Jasper Cacioppo,Quebec,Quebec,Home Office,Furniture,Office Furnishings,"Computer Room Manger, 14""",Small Box,0.49,8/15/2011
2534,18375,9/22/2011,Low,20,76.89,0.03,Regular Air,31.64,3.75,0.5,Theresa Swint,Quebec,Quebec,Small Business,Office Supplies,Labels,Avery 510,Small Box,0.37,9/26/2011
2566,18532,10/20/2011,Not Specified,29,230.77,0.09,Regular Air,-146.24,8.45,7.77,Jasper Cacioppo,Quebec,Quebec,Home Office,Office Supplies,"Scissors, Rulers and Trimmers","Elite 5"" Scissors",Small Pack,0.55,10/21/2011
2567,18532,10/20/2011,Not Specified,31,507.58,0.01,Regular Air,-131.59,15.42,10.68,Jasper Cacioppo,Quebec,Quebec,Home Office,Office Supplies,Storage & Organization,"Decoflex Hanging Personal Folder File, Blue",Small Box,0.58,10/22/2011
2610,18852,9/19/2011,High,17,351.25,0.01,Express Air,80.73,19.98,5.97,Theresa Swint,Quebec,Quebec,Small Business,Office Supplies,Paper,Xerox 1936,Small Box,0.38,9/21/2011
2743,19811,8/8/2011,Low,49,450.66,0.01,Express Air,-115.10,8.57,6.14,Mitch Webber,Quebec,Quebec,Corporate,Office Supplies,"Scissors, Rulers and Trimmers",Acme¨ Office Executive Series Stainless Steel Trimmers,Small Pack,0.59,8/13/2011
2780,20068,2/28/2011,Critical,9,53.18,0.09,Regular Air,-46.13,5.53,6.98,Carol Triggs,Quebec,Quebec,Home Office,Office Supplies,Binders and Binder Accessories,Avery Durable Poly Binders,Small Box,0.39,3/1/2011
2821,20384,10/25/2011,Low,30,396.6,0.08,Regular Air,-148.26,14.03,9.37,Mitch Webber,Quebec,Quebec,Corporate,Office Supplies,Storage & Organization,Project Tote Personal File,Small Box,0.56,11/1/2011
2822,20384,10/25/2011,Low,32,6902.51,0.04,Delivery Truck,-513.79,212.6,110.2,Mitch Webber,Quebec,Quebec,Corporate,Furniture,Tables,Bush Advantage Collection¨ Round Conference Table,Jumbo Box,0.73,10/29/2011
2915,21057,2/3/2011,Low,28,1103.67,0.04,Regular Air,253.61,39.48,1.99,Justin MacKendrick,Quebec,Quebec,Corporate,Technology,Computer Peripherals,"80 Minute CD-R Spindle, 100/Pack - Staples",Small Pack,0.54,2/10/2011
3377,24099,5/20/2011,Not Specified,6,205.24,0.01,Regular Air,-135.51,30.98,6.5,Max Engle,Quebec,Quebec,Corporate,Technology,Computer Peripherals,Logitech Internet Navigator Keyboard,Small Box,0.79,5/21/2011
3378,24099,5/20/2011,Not Specified,36,825.82,0,Regular Air,-1049.26,20.34,35,Max Engle,Quebec,Quebec,Corporate,Office Supplies,Storage & Organization,Tennsco Commercial Shelving,Large Box,0.84,5/21/2011
3578,25479,4/28/2011,Critical,3,210.5025,0.04,Regular Air,-315.33,85.99,1.25,Bill Eplett,Quebec,Quebec,Corporate,Technology,Telephones and Communication,Accessory8,Small Pack,0.39,4/28/2011
4003,28581,12/7/2011,Medium,1,36.4,0.06,Regular Air,-41.56,24.92,12.98,Carol Triggs,Quebec,Quebec,Home Office,Office Supplies,Binders and Binder Accessories,GBC Standard Therm-A-Bind Covers,Small Box,0.39,12/9/2011
4004,28581,12/7/2011,Medium,36,176.35,0.04,Regular Air,73.05,4.98,0.8,Carol Triggs,Quebec,Quebec,Home Office,Office Supplies,Paper,Rediform S.O.S. Phone Message Books,Wrap Bag,0.36,12/9/2011
4469,31846,8/13/2011,Critical,7,261.17,0.03,Delivery Truck,-78.84,33.94,19.19,Jennifer Ferguson,Quebec,Quebec,Home Office,Furniture,Chairs & Chairmats,"Metal Folding Chairs, Beige, 4/Carton",Jumbo Drum,0.58,8/15/2011
4504,32065,12/2/2011,Medium,25,450.28,0.09,Regular Air,-12.35,17.98,8.51,Laurel Elliston,Quebec,Quebec,Corporate,Technology,Office Machines,Canon P1-DHIII Palm Printing Calculator,Medium Box,0.4,12/3/2011
4584,32613,12/16/2011,Low,31,1359.74,0.01,Express Air,202.33,43.98,8.99,Michael Chen,Quebec,Quebec,Consumer,Office Supplies,Pens & Art Supplies,Boston 1645 Deluxe Heavier-Duty Electric Pencil Sharpener,Small Pack,0.58,12/23/2011
4585,32613,12/16/2011,Low,38,5228.2,0,Regular Air,-691.52,135.31,35,Michael Chen,Quebec,Quebec,Consumer,Office Supplies,Storage & Organization,"Tennsco Stur-D-Stor Boltless Shelving, 5 Shelves, 24"" Deep, Sand",Large Box,0.84,12/18/2011
4586,32613,12/16/2011,Low,41,7174.9435,0.02,Express Air,2373.24,195.99,3.99,Michael Chen,Quebec,Quebec,Consumer,Technology,Telephones and Communication,R380,Small Box,0.58,12/18/2011
4749,33764,2/10/2011,Critical,31,226.15,0.01,Regular Air,35.98,7.08,2.35,Tony Sayre,Quebec,Quebec,Small Business,Office Supplies,Pens & Art Supplies,SANFORD Major Accentª Highlighters,Wrap Bag,0.47,2/11/2011
4884,34727,3/13/2011,Low,20,159.71,0.1,Express Air,-114.41,8.04,8.94,Dorris Love,Quebec,Quebec,Corporate,Office Supplies,Binders and Binder Accessories,"Fellowes Twister Kit, Gray/Clear, 3/pkg",Small Box,0.4,3/17/2011
4902,34881,2/7/2011,Medium,37,187.37,0.01,Regular Air,-85.01,4.98,4.95,Caroline Jumper,Quebec,Quebec,Corporate,Office Supplies,Binders and Binder Accessories,Cardinal Holdit Business Card Pockets,Small Box,0.37,2/9/2011
5027,35841,5/8/2011,Medium,23,230.41,0.06,Regular Air,94.39,9.9,1.39,Mathew Reese,Quebec,Quebec,Small Business,Office Supplies,Envelopes,#6 3/4 Gummed Flap White Envelopes,Small Box,0.37,5/9/2011
5028,35841,5/8/2011,Medium,48,5163.0105,0.07,Regular Air,1448.33,125.99,8.08,Mathew Reese,Quebec,Quebec,Small Business,Technology,Telephones and Communication,M3682,Small Box,0.57,5/9/2011
5257,37414,9/9/2011,Low,39,20596.58,0.09,Delivery Truck,-1331.55,550.98,64.59,Ben Wallace,Quebec,Quebec,Home Office,Furniture,Tables,"Chromcraft Bull-Nose Wood 48"" x 96"" Rectangular Conference Tables",Jumbo Box,0.66,9/11/2011
5386,38305,4/30/2011,Critical,21,2561.6705,0.08,Regular Air,88.77,155.99,8.08,Michael Chen,Quebec,Quebec,Consumer,Technology,Telephones and Communication,300 Series Non-Flip,Small Box,0.6,5/2/2011
5638,39878,3/5/2011,Not Specified,50,7663.74,0,Delivery Truck,-375.33,150.98,39.25,Sheri Gordon,Quebec,Quebec,Corporate,Furniture,Tables,"Iceberg OfficeWorks 42"" Round Tables",Jumbo Box,0.75,3/7/2011
5728,40643,4/5/2011,Critical,23,258.74,0.05,Regular Air,10.80,11.58,5.72,Ben Wallace,Quebec,Quebec,Home Office,Office Supplies,Envelopes,"Peel & Seel¨ Recycled Catalog Envelopes, Brown",Small Box,0.35,4/7/2011
5757,40870,12/11/2011,Critical,43,12858.88,0.08,Regular Air,4833.27,300.97,7.18,Justin MacKendrick,Quebec,Quebec,Corporate,Technology,Computer Peripherals,Gyration Ultra Professional Cordless Optical Suite,Small Box,0.48,12/11/2011
5758,40870,12/11/2011,Critical,28,146.69,0,Regular Air,-64.05,4.95,5.32,Justin MacKendrick,Quebec,Quebec,Corporate,Furniture,Office Furnishings,"Eldon¨ 300 Classª Desk Accessories, Black",Small Box,0.41,12/13/2011
5767,40934,11/13/2011,Not Specified,28,49.49,0.01,Regular Air,-1.23,1.76,0.7,Carol Triggs,Quebec,Quebec,Home Office,Office Supplies,Pens & Art Supplies,Newell 326,Wrap Bag,0.56,11/14/2011
5768,40934,11/13/2011,Not Specified,11,404.1495,0.07,Regular Air,-107.50,45.99,4.99,Carol Triggs,Quebec,Quebec,Home Office,Technology,Telephones and Communication,600 Series Non-Flip,Small Box,0.57,11/15/2011
5817,41254,1/10/2011,Critical,17,1782.68,0.08,Regular Air,280.64,107.53,5.81,Mitch Webber,Quebec,Quebec,Corporate,Furniture,Office Furnishings,"Tenex Contemporary Contur Chairmats for Low and Medium Pile Carpet, Computer, 39"" x 49""",Medium Box,0.65,1/12/2011
6057,42918,5/22/2011,High,38,468.95,0.02,Express Air,-2.38,11.5,7.19,Logan Haushalter,Quebec,Quebec,Corporate,Office Supplies,Binders and Binder Accessories,Ibico Covers for Plastic or Wire Binding Elements,Small Box,0.4,5/24/2011
6547,46562,2/12/2011,Not Specified,35,5407.9,0.01,Delivery Truck,-352.79,145.98,46.2,Anne Pryor,Quebec,Quebec,Home Office,Furniture,Tables,Bevis Rectangular Conference Tables,Jumbo Box,0.69,2/14/2011
6592,46916,10/3/2011,High,40,115.51,0,Regular Air,5.54,2.78,0.97,Nora Price,Quebec,Quebec,Home Office,Office Supplies,Pens & Art Supplies,Newell 339,Wrap Bag,0.59,10/5/2011
6643,47265,12/10/2011,Critical,31,187.13,0.02,Regular Air,-60.83,5.98,5.46,Ben Wallace,Quebec,Quebec,Home Office,Office Supplies,Paper,Xerox 1983,Small Box,0.36,12/11/2011
6959,49762,6/15/2011,High,35,99.13,0.09,Regular Air,23.74,2.94,0.81,Fred Chung,Quebec,Quebec,Corporate,Office Supplies,Pens & Art Supplies,Prang Colored Pencils,Wrap Bag,0.4,6/17/2011
6982,49892,2/10/2011,Low,26,171.14,0.02,Regular Air,-1172.75,4.48,49,Bill Eplett,Quebec,Quebec,Corporate,Office Supplies,Appliances,Hoover Portapowerª Portable Vacuum,Large Box,0.6,2/10/2011
7149,51008,8/20/2011,High,20,269.66,0.02,Regular Air,-59.13,12.88,4.59,Michael Chen,Quebec,Quebec,Consumer,Office Supplies,"Scissors, Rulers and Trimmers",Martin-Yale Premier Letter Opener,Wrap Bag,0.82,8/22/2011
7211,51463,12/17/2011,Low,4,28.34,0.01,Regular Air,-18.55,4.98,7.44,Liz Willingham,Quebec,Quebec,Corporate,Office Supplies,Paper,Xerox 1922,Small Box,0.36,12/26/2011
7212,51463,12/17/2011,Low,7,405.3395,0.01,Express Air,-147.88,65.99,3.9,Liz Willingham,Quebec,Quebec,Corporate,Technology,Telephones and Communication,StarTAC Series,Small Box,0.55,12/17/2011
7365,52486,1/4/2011,Not Specified,41,11883.2,0.1,Regular Air,4160.88,300.97,7.18,Dorris Love,Quebec,Quebec,Home Office,Technology,Computer Peripherals,Gyration Ultra Professional Cordless Optical Suite,Small Box,0.48,1/5/2011
7481,53411,11/29/2011,Critical,25,667.64,0.08,Regular Air,-57.53,27.48,4,Brenda Bowman,Quebec,Quebec,Small Business,Technology,Computer Peripherals,Belkin MediaBoard 104- Keyboard,Small Box,0.75,11/30/2011
7596,54368,11/1/2011,Not Specified,31,233.2,0.04,Regular Air,-48.07,7.64,5.83,Kimberly Carter,Quebec,Quebec,Small Business,Office Supplies,Paper,"Rediform Wirebound ""Phone Memo"" Message Book, 11 x 5-3/4",Wrap Bag,0.36,11/3/2011
7597,54368,11/1/2011,Not Specified,16,79.53,0.08,Regular Air,-48.55,4.98,5.49,Kimberly Carter,Quebec,Quebec,Small Business,Office Supplies,Paper,Xerox 1952,Small Box,0.38,11/2/2011
7598,54368,11/1/2011,Not Specified,43,1680.977,0.05,Regular Air,383.09,45.99,4.99,Kimberly Carter,Quebec,Quebec,Small Business,Technology,Telephones and Communication,KF 788,Small Box,0.56,11/2/2011
7673,55013,7/12/2011,Low,5,24.3,0.02,Regular Air,3.14,4.91,0.5,Brian Thompson,Quebec,Quebec,Home Office,Office Supplies,Labels,Avery 508,Small Box,0.36,7/19/2011
7674,55013,7/12/2011,Low,14,322.61,0.02,Regular Air,19.37,22.01,5.53,Brian Thompson,Quebec,Quebec,Home Office,Office Supplies,Pens & Art Supplies,Boston 16801 Nautilusª Battery Pencil Sharpener,Small Pack,0.59,7/17/2011
7686,55077,10/4/2011,Critical,2,31.7,0.05,Regular Air,-44.39,14.48,1.99,Stewart Visinsky,Quebec,Quebec,Corporate,Technology,Computer Peripherals,TDK 4.7GB DVD+RW,Small Pack,0.49,10/6/2011
7687,55077,10/4/2011,Critical,3,143.9815,0.08,Regular Air,-283.23,55.99,2.5,Stewart Visinsky,Quebec,Quebec,Corporate,Technology,Telephones and Communication,Accessory28,Small Pack,0.83,10/6/2011
7703,55206,11/2/2011,Medium,20,52.7,0.03,Express Air,-64.88,1.8,4.79,Kimberly Carter,Quebec,Quebec,Home Office,Office Supplies,Binders and Binder Accessories,Wilson Jones Easy Flow IIª Sheet Lifters,Small Box,0.37,11/3/2011
7755,55492,9/19/2011,Critical,10,1124.244,0.03,Express Air,-126.45,125.99,7.69,Stewart Visinsky,Quebec,Quebec,Corporate,Technology,Telephones and Communication,Timeport L7089,Small Box,0.58,9/21/2011
7789,55744,10/20/2011,Critical,23,415.055,0.02,Regular Air,-44.13,20.99,0.99,Sarah Brown,Quebec,Quebec,Consumer,Technology,Telephones and Communication,Accessory15,Small Pack,0.83,10/21/2011
8008,57217,1/21/2011,Medium,35,422.25,0.06,Regular Air,-116.02,11.66,7.95,Alan Haines,Quebec,Quebec,Consumer,Office Supplies,Pens & Art Supplies,"Hunt BOSTON¨ Vista¨ Battery-Operated Pencil Sharpener, Black",Small Pack,0.58,1/23/2011
8183,58496,6/11/2011,Not Specified,20,137.97,0.06,Regular Air,-123.94,6.48,10.05,Dionis Lloyd,Quebec,Quebec,Small Business,Office Supplies,Paper,Xerox 1997,Small Box,0.37,6/13/2011
66,386,1/24/2011,High,4,14.96,0.02,Regular Air,-0.03,3.69,0.5,Tracy Poddar,Ontario,Ontario,Corporate,Office Supplies,Labels,Avery 501,Small Box,0.38,1/26/2011
67,386,1/24/2011,High,4,15.69,0.09,Regular Air,-1.59,3.85,0.7,Tracy Poddar,Ontario,Ontario,Corporate,Office Supplies,Pens & Art Supplies,Avery Hi-Liter Pen Style Six-Color Fluorescent Set,Wrap Bag,0.44,1/26/2011
84,513,4/30/2011,High,33,5437.92,0,Delivery Truck,-684.57,150.89,60.2,Arthur Prichep,Ontario,Ontario,Home Office,Furniture,Chairs & Chairmats,"Global Leather & Oak Executive Chair, Burgundy",Jumbo Drum,0.77,4/30/2011
124,802,1/4/2011,Critical,33,378.6,0.08,Regular Air,12.72,11.7,5.63,Kean Nguyen,Ontario,Ontario,Corporate,Office Supplies,Binders and Binder Accessories,Fellowes Binding Cases,Small Box,0.4,1/6/2011
125,802,1/4/2011,Critical,2,38.5,0.09,Regular Air,-52.14,15.99,9.4,Kean Nguyen,Ontario,Ontario,Corporate,Technology,Office Machines,"AT&T Black Trimline Phone, Model 210",Small Box,0.49,1/4/2011
155,965,5/14/2011,Low,42,11230.25,0.07,Delivery Truck,-679.04,280.98,35.67,Jas O'Carroll,Ontario,Ontario,Corporate,Furniture,Tables,Global Adaptabilitiesª Conference Tables,Jumbo Box,0.66,5/21/2011
174,1127,9/18/2011,Not Specified,48,5340.5,0.01,Regular Air,1215.28,110.98,13.99,Stuart Calhoun,Ontario,Ontario,Consumer,Furniture,Office Furnishings,"Rubbermaid ClusterMat Chairmats, Mat Size- 66"" x 60"", Lip 20"" x 11"" -90 Degree Angle",Medium Box,0.69,9/19/2011
500,3460,10/2/2011,High,27,153.23,0.08,Regular Air,-95.15,5.98,4.69,Steve Nguyen,Ontario,Ontario,Consumer,Office Supplies,Storage & Organization,"Perma STOR-ALLª Hanging File Box, 13 1/8""W x 12 1/4""D x 10 1/2""H",Small Box,0.68,10/4/2011
586,4006,1/3/2011,Medium,38,1441.61,0.06,Regular Air,624.84,37.94,5.08,Jas O'Carroll,Ontario,Ontario,Corporate,Office Supplies,Paper,"Snap-A-Way¨ Black Print Carbonless Ruled Speed Letter, Triplicate",Wrap Bag,0.38,1/4/2011
627,4387,10/22/2011,Critical,4,640.21,0.07,Delivery Truck,-388.52,150.98,39.25,Sandra Flanagan,Ontario,Ontario,Corporate,Furniture,Tables,"Iceberg OfficeWorks 42"" Round Tables",Jumbo Box,0.75,10/23/2011
639,4512,10/24/2011,Low,43,6077.11,0.06,Delivery Truck,-353.66,146.34,43.75,Sandra Flanagan,Ontario,Ontario,Home Office,Furniture,Tables,Bevis Round Conference Table Top & Single Column Base,Jumbo Box,0.64,10/29/2011
685,4773,12/22/2011,Critical,48,6746.312,0.07,Delivery Truck,-433.29,179.29,29.21,Liz Willingham,Ontario,Ontario,Home Office,Furniture,Tables,"Bevis Round Conference Table Top, X-Base",Jumbo Box,0.76,12/24/2011
891,6403,2/11/2011,Low,41,17874.26,0,Regular Air,6247.95,419.19,19.99,John Lucas,Ontario,Ontario,Small Business,Office Supplies,Storage & Organization,Smead Adjustable Mobile File Trolley with Lockable Top,Small Box,0.58,2/13/2011
932,6754,8/11/2011,High,13,2388.636,0.01,Regular Air,191.00,205.99,5.26,Bill Overfelt,Ontario,Ontario,Corporate,Technology,Telephones and Communication,i470,Small Box,0.56,8/13/2011
1089,8006,6/3/2011,Medium,27,197.15,0,Express Air,-23.34,6.68,5.2,Stuart Calhoun,Ontario,Ontario,Consumer,Office Supplies,Paper,Xerox 1977,Small Box,0.37,6/5/2011
1143,8323,9/6/2011,High,45,766.9635,0.05,Express Air,-88.25,20.99,2.5,Jas O'Carroll,Ontario,Ontario,Home Office,Technology,Telephones and Communication,Accessory37,Wrap Bag,0.81,9/7/2011
1163,8480,1/29/2011,High,11,76.36,0.07,Regular Air,-58.40,6.48,8.74,Robert Marley,Ontario,Ontario,Corporate,Office Supplies,Paper,Xerox 1984,Small Box,0.36,1/31/2011
1164,8480,1/29/2011,High,3,309.9015,0.09,Regular Air,-558.42,125.99,7.69,Robert Marley,Ontario,Ontario,Corporate,Technology,Telephones and Communication,Timeport L7089,Small Box,0.58,1/31/2011
1542,11111,1/17/2011,Medium,7,308.52,0.1,Regular Air,-59.85,41.47,34.2,Guy Phonely,Ontario,Ontario,Corporate,Furniture,Office Furnishings,Eldon Econocleat¨ Chair Mats for Low Pile Carpets,Wrap Bag,0.73,1/19/2011
1543,11111,1/17/2011,Medium,29,176.5,0.1,Regular Air,-119.72,6.48,7.37,Guy Phonely,Ontario,Ontario,Corporate,Office Supplies,Paper,Xerox 210,Small Box,0.37,1/19/2011
1714,12322,5/11/2011,Critical,36,3436.9,0.03,Express Air,-398.11,92.23,39.61,Jay Kimmel,Ontario,Ontario,Small Business,Furniture,Office Furnishings,"Deflect-o RollaMat Studded, Beveled Mat for Medium Pile Carpeting",Medium Box,0.67,5/13/2011
1910,13638,9/30/2011,High,49,682.77,0.05,Regular Air,165.20,14.48,1.99,Steve Nguyen,Ontario,Ontario,Consumer,Technology,Computer Peripherals,TDK 4.7GB DVD+RW,Small Pack,0.49,10/2/2011
1999,14247,8/16/2011,Critical,4,14.75,0.03,Regular Air,-2.49,3.29,1.35,Denny Blanton,Ontario,Ontario,Home Office,Office Supplies,Rubber Bands,Acco¨ Hot Clipsª Clips to Go,Wrap Bag,0.4,8/18/2011
2512,18244,2/11/2011,Critical,1,172.34,0,Regular Air,-73.22,140.81,24.49,Chris Selesnick,Ontario,Ontario,Home Office,Furniture,Chairs & Chairmats,Hon Olson Stacker Stools,Large Box,0.57,2/13/2011
2561,18528,4/30/2011,Critical,33,340.97,0.07,Regular Air,-22.82,10.98,3.99,Jas O'Carroll,Ontario,Ontario,Corporate,Office Supplies,Appliances,Staples Surge Protector 6 outlet,Small Box,0.58,5/1/2011
2562,18528,4/30/2011,Critical,22,136.24,0.03,Regular Air,-96.22,5.78,7.96,Jas O'Carroll,Ontario,Ontario,Corporate,Office Supplies,Paper,Xerox 196,Small Box,0.36,5/2/2011
2714,19616,12/22/2011,High,3,92.31,0,Regular Air,-28.95,28.15,6.17,Katherine Nockton,Ontario,Ontario,Corporate,Office Supplies,Pens & Art Supplies,"Boston Model 1800 Electric Pencil Sharpener, Gray",Small Pack,0.55,12/23/2011
2715,19616,12/22/2011,High,42,116.94,0.06,Express Air,-10.01,2.78,1.25,Katherine Nockton,Ontario,Ontario,Corporate,Office Supplies,Pens & Art Supplies,Newell 318,Wrap Bag,0.59,12/23/2011
2845,20486,3/5/2011,High,34,306.3,0.07,Regular Air,18.73,9.27,4.39,Alejandro Grove,Ontario,Ontario,Corporate,Office Supplies,Paper,"Wirebound Message Books, Four 2 3/4"" x 5"" Forms per Page, 600 Sets per Book",Wrap Bag,0.38,3/6/2011
2846,20486,3/5/2011,High,42,163.98,0.01,Regular Air,55.73,3.85,0.7,Alejandro Grove,Ontario,Ontario,Corporate,Office Supplies,Pens & Art Supplies,Avery Hi-Liter Pen Style Six-Color Fluorescent Set,Wrap Bag,0.44,3/6/2011
2918,21089,7/28/2011,Medium,4,559.75,0.07,Delivery Truck,-331.08,122.99,70.2,Vivek Grady,Ontario,Ontario,Corporate,Furniture,Chairs & Chairmats,"Global High-Back Leather Tilter, Burgundy",Jumbo Drum,0.74,7/30/2011
3468,24679,5/7/2011,Not Specified,7,33.99,0.09,Regular Air,-25.86,4.77,2.39,Janet Molinari,Ontario,Ontario,Corporate,Technology,Computer Peripherals,"Imation Primaris 3.5"" 2HD Unformatted Diskettes, 10/Pack",Small Pack,0.72,5/8/2011
3877,27684,9/5/2011,Low,1,13.04,0.06,Regular Air,-6.62,10.48,2.89,John Lucas,Ontario,Ontario,Corporate,Office Supplies,Pens & Art Supplies,Staples Battery-Operated Desktop Pencil Sharpener,Small Pack,0.6,9/7/2011
3899,27811,3/4/2011,Not Specified,31,197.59,0.09,Regular Air,-73.62,6.81,5.48,Odella Nelson,Ontario,Ontario,Small Business,Office Supplies,Binders and Binder Accessories,Avery Self-Adhesive Photo Pockets for Polaroid Photos,Small Box,0.37,3/6/2011
4112,29255,12/3/2011,Low,11,617.219,0.03,Express Air,-136.09,65.99,8.99,Sally Hughsby,Ontario,Ontario,Consumer,Technology,Telephones and Communication,8260,Small Box,0.58,12/7/2011
4139,29383,11/18/2011,Medium,20,157.13,0.07,Regular Air,-46.89,8.32,2.38,Jas O'Carroll,Ontario,Ontario,Corporate,Technology,Computer Peripherals,"Imation 3.5 IBM Formatted Diskettes, 10/Box",Small Pack,0.74,11/20/2011
4140,29383,11/18/2011,Medium,28,195.11,0.04,Regular Air,-129.42,6.48,8.73,Jas O'Carroll,Ontario,Ontario,Corporate,Office Supplies,Paper,Xerox 227,Small Box,0.37,11/19/2011
4141,29383,11/18/2011,Medium,29,2738.785,0.07,Regular Air,556.83,115.99,2.5,Jas O'Carroll,Ontario,Ontario,Corporate,Technology,Telephones and Communication,DPC 650 Piper,Small Box,0.58,11/20/2011
4142,29383,11/18/2011,Medium,30,217.42,0.09,Regular Air,16.97,7.59,4,Jas O'Carroll,Ontario,Ontario,Corporate,Furniture,Office Furnishings,"Master Giant Foot¨ Doorstop, Safety Yellow",Wrap Bag,0.42,11/19/2011
4265,30369,3/24/2011,Critical,13,76.81,0,Regular Air,-55.77,4.98,7.54,Denny Blanton,Ontario,Ontario,Home Office,Office Supplies,Paper,Xerox 1961,Small Box,0.38,3/25/2011
4266,30369,3/24/2011,Critical,21,174.22,0.03,Regular Air,-1.23,8.34,2.64,Denny Blanton,Ontario,Ontario,Home Office,Office Supplies,"Scissors, Rulers and Trimmers",Acme¨ Elite Stainless Steel Scissors,Small Pack,0.59,3/25/2011
4463,31812,7/31/2011,High,14,593.62,0.02,Regular Air,25.19,40.99,19.99,Laura Armstrong,Ontario,Ontario,Small Business,Office Supplies,Paper,"White Dual Perf Computer Printout Paper, 2700 Sheets, 1 Part, Heavyweight, 20 lbs., 14 7/8 x 11",Small Box,0.36,8/2/2011
4464,31812,7/31/2011,High,31,38.52,0.06,Regular Air,-17.34,1.26,0.7,Laura Armstrong,Ontario,Ontario,Small Business,Office Supplies,Rubber Bands,Bagged Rubber Bands,Wrap Bag,0.81,8/2/2011
4564,32454,3/31/2011,Critical,12,83.89,0.05,Regular Air,-29.59,6.81,5.48,Ryan Akin,Ontario,Ontario,Consumer,Office Supplies,Binders and Binder Accessories,Avery Self-Adhesive Photo Pockets for Polaroid Photos,Small Box,0.37,4/1/2011
4704,33510,12/2/2011,High,42,267.06,0.03,Regular Air,-96.95,6.24,5.22,Vivek Grady,Ontario,Ontario,Corporate,Furniture,Office Furnishings,Eldon Expressions Mahogany Wood Desk Collection,Small Box,0.6,12/3/2011
4705,33510,12/2/2011,High,11,449.79,0.06,Regular Air,13.21,40.99,17.48,Vivek Grady,Ontario,Ontario,Corporate,Office Supplies,Paper,Xerox 1893,Small Box,0.36,12/2/2011
5381,38274,6/10/2011,High,9,1225.37,0.08,Regular Air,0.98,140.81,24.49,Todd Sumrall,Ontario,Ontario,Consumer,Furniture,Chairs & Chairmats,Hon Olson Stacker Stools,Large Box,0.57,6/12/2011
5382,38274,6/10/2011,High,27,1199.57,0.06,Regular Air,23.70,43.57,16.36,Todd Sumrall,Ontario,Ontario,Consumer,Office Supplies,Storage & Organization,"Trav-L-File Heavy-Duty Shuttle II, Black",Small Box,0.55,6/12/2011
5383,38274,6/10/2011,High,10,484.2195,0.02,Express Air,-33.79,55.99,1.25,Todd Sumrall,Ontario,Ontario,Consumer,Technology,Telephones and Communication,Accessory2,Small Pack,0.55,6/11/2011
5397,38370,4/3/2011,High,50,169.13,0,Regular Air,43.05,3.14,1.14,Sean O'Donnell,Ontario,Ontario,Corporate,Office Supplies,Paper,"Adams ""While You Were Out"" Message Pads",Wrap Bag,0.4,4/5/2011
5409,38466,8/17/2011,Critical,22,136.18,0.08,Regular Air,-43.26,5.98,5.46,Jane Waco,Ontario,Ontario,Corporate,Office Supplies,Paper,Xerox 1983,Small Box,0.36,8/18/2011
5410,38466,8/17/2011,Critical,37,111.37,0.04,Regular Air,46.46,2.89,0.5,Jane Waco,Ontario,Ontario,Corporate,Office Supplies,Labels,Avery 498,Small Box,0.38,8/19/2011
5411,38466,8/17/2011,Critical,15,105.48,0.02,Regular Air,-53.99,6.48,7.37,Jane Waco,Ontario,Ontario,Corporate,Office Supplies,Paper,Xerox 210,Small Box,0.37,8/18/2011
5643,39909,2/24/2011,Low,50,7778.758,0,Regular Air,2547.30,175.99,4.99,Chris Selesnick,Ontario,Ontario,Home Office,Technology,Telephones and Communication,5165,Small Box,0.59,3/4/2011
5712,40422,7/18/2011,Critical,39,2192.439,0.06,Express Air,517.82,65.99,3.99,Jim Kriz,Ontario,Ontario,Consumer,Technology,Telephones and Communication,StarTAC 7760,Small Box,0.59,7/20/2011
5858,41571,6/6/2011,Low,42,906.07,0,Regular Air,-2.66,20.15,8.99,Katherine Nockton,Ontario,Ontario,Corporate,Office Supplies,Pens & Art Supplies,Boston 19500 Mighty Mite Electric Pencil Sharpener,Small Pack,0.58,6/15/2011
5931,42082,12/18/2011,Critical,15,76.42,0.03,Regular Air,-3.95,4.76,3.01,Kean Nguyen,Ontario,Ontario,Small Business,Office Supplies,Paper,"TOPS Voice Message Log Book, Flash Format",Wrap Bag,0.36,12/20/2011
6356,45059,2/3/2011,Not Specified,4,130.14,0.04,Regular Air,-116.18,30.42,8.65,Tony Chapman,Ontario,Ontario,Consumer,Technology,Computer Peripherals,"Fellowes Internet Keyboard, Platinum",Small Box,0.74,2/5/2011
6519,46402,1/8/2011,Medium,27,826.27,0.03,Regular Air,322.88,29.18,8.55,Ryan Akin,Ontario,Ontario,Consumer,Furniture,Office Furnishings,"Deflect-o SuperTrayª Unbreakable Stackable Tray, Letter, Black",Small Box,0.42,1/10/2011
6520,46402,1/8/2011,Medium,29,1777.469,0.01,Regular Air,166.37,66.99,13.99,Ryan Akin,Ontario,Ontario,Consumer,Technology,Telephones and Communication,"Panasonic All Digital Answering System with Caller ID*, KX-TM150B",Medium Box,0.6,1/9/2011
6521,46402,1/8/2011,Medium,12,1219.1465,0.01,Express Air,52.93,115.99,2.5,Ryan Akin,Ontario,Ontario,Consumer,Technology,Telephones and Communication,StarTAC 7797,Small Box,0.55,1/9/2011
6528,46468,1/11/2011,Critical,46,7535.96,0.08,Regular Air,2745.87,165.98,19.99,Vivek Grady,Ontario,Ontario,Home Office,Office Supplies,Binders and Binder Accessories,GBC DocuBind P100 Manual Binding Machine,Small Box,0.4,1/12/2011
6529,46468,1/11/2011,Critical,41,1618.31,0.08,Express Air,504.71,39.48,1.99,Vivek Grady,Ontario,Ontario,Home Office,Technology,Computer Peripherals,"80 Minute CD-R Spindle, 100/Pack - Staples",Small Pack,0.54,1/13/2011
6530,46468,1/11/2011,Critical,1,11.87,0.04,Regular Air,-8.89,6.48,5.4,Vivek Grady,Ontario,Ontario,Home Office,Office Supplies,Paper,Xerox 207,Small Box,0.37,1/13/2011
6651,47303,12/5/2011,Medium,47,1413.82,0.1,Regular Air,226.53,30.98,11.63,Xylona Price,Ontario,Ontario,Corporate,Office Supplies,Binders and Binder Accessories,GBC Linen Binding Covers,Small Box,0.37,12/6/2011
6652,47303,12/5/2011,Medium,7,56.9,0.03,Regular Air,12.64,7.64,1.39,Xylona Price,Ontario,Ontario,Corporate,Office Supplies,Envelopes,"#10- 4 1/8"" x 9 1/2"" Security-Tint Envelopes",Small Box,0.36,12/6/2011
6653,47303,12/5/2011,Medium,45,308.92,0.04,Express Air,-143.58,6.48,7.37,Xylona Price,Ontario,Ontario,Corporate,Office Supplies,Paper,Xerox 210,Small Box,0.37,12/7/2011
6672,47492,7/23/2011,High,22,649.71,0.07,Regular Air,-157.51,30.42,8.65,Bill Overfelt,Ontario,Ontario,Corporate,Technology,Computer Peripherals,"Fellowes Internet Keyboard, Platinum",Small Box,0.74,7/25/2011
6966,49797,3/8/2011,Not Specified,27,341.1,0,Regular Air,-4.75,11.97,4.98,Lena Radford,Ontario,Ontario,Small Business,Office Supplies,Appliances,Staples 6 Outlet Surge,Small Box,0.58,3/9/2011
6967,49797,3/8/2011,Not Specified,26,171.68,0.07,Express Air,-116.56,6.48,8.19,Lena Radford,Ontario,Ontario,Small Business,Office Supplies,Paper,Xerox 217,Small Box,0.37,3/9/2011
7019,50083,4/8/2011,Not Specified,33,13671.94,0.01,Delivery Truck,5711.96,400.97,48.26,John Castell,Ontario,Ontario,Small Business,Technology,Office Machines,Hewlett-Packard Deskjet 1220Cse Color Inkjet Printer,Jumbo Box,0.36,4/10/2011
7250,51713,3/19/2011,Not Specified,35,133.07,0.02,Regular Air,-15.96,3.74,0.94,Bill Overfelt,Ontario,Ontario,Corporate,Office Supplies,Rubber Bands,Rubber Band Ball,Wrap Bag,0.83,3/20/2011
7367,52512,7/7/2011,High,4,49.86,0.09,Regular Air,-21.77,11.97,4.98,Jim Kriz,Ontario,Ontario,Consumer,Office Supplies,Appliances,Staples 6 Outlet Surge,Small Box,0.58,7/9/2011
7368,52512,7/7/2011,High,32,197.49,0.08,Express Air,-52.84,5.74,5.01,Jim Kriz,Ontario,Ontario,Consumer,Office Supplies,Binders and Binder Accessories,Binder Posts,Small Box,0.39,7/9/2011
7379,52611,4/25/2011,Medium,11,24.95,0.09,Regular Air,-5.14,2.18,1.38,Cathy Prescott,Ontario,Ontario,Corporate,Office Supplies,Rubber Bands,Advantus Push Pins,Wrap Bag,0.44,4/25/2011
7403,52805,9/28/2011,High,20,596.56,0.04,Express Air,60.70,29.99,5.5,Vivek Grady,Ontario,Ontario,Corporate,Technology,Computer Peripherals,Logitech Cordless Access Keyboard,Small Box,0.51,9/28/2011
7405,52833,12/24/2011,Medium,8,317.82,0.02,Regular Air,-33.09,37.76,12.9,Todd Sumrall,Ontario,Ontario,Consumer,Office Supplies,Storage & Organization,"Companion Letter/Legal File, Black",Small Box,0.57,12/25/2011
7423,52930,11/8/2011,Low,16,136.98,0.04,Regular Air,44.12,8.74,1.39,Sarah Foster,Ontario,Ontario,Corporate,Office Supplies,Envelopes,"#10- 4 1/8"" x 9 1/2"" Recycled Envelopes",Small Box,0.38,11/12/2011
7424,52930,11/8/2011,Low,39,225.17,0.1,Regular Air,-183.05,5.78,8.09,Sarah Foster,Ontario,Ontario,Corporate,Office Supplies,Paper,Xerox 1924,Small Box,0.36,11/13/2011
7425,52930,11/8/2011,Low,24,1112.157,0.09,Regular Air,140.81,55.99,3.3,Sarah Foster,Ontario,Ontario,Corporate,Technology,Telephones and Communication,Accessory24,Small Pack,0.59,11/8/2011
7426,52930,11/8/2011,Low,40,1865.5885,0.02,Regular Air,972.90,55.99,1.25,Sarah Foster,Ontario,Ontario,Corporate,Technology,Telephones and Communication,Accessory32,Small Pack,0.35,11/8/2011
7446,53127,5/11/2011,High,50,1893.29,0.07,Regular Air,857.34,37.7,2.99,Tony Chapman,Ontario,Ontario,Consumer,Office Supplies,Binders and Binder Accessories,Vinyl Sectional Post Binders,Small Box,0.35,5/12/2011
7447,53127,5/11/2011,High,49,2628.047,0.05,Regular Air,-137.95,65.99,19.99,Tony Chapman,Ontario,Ontario,Consumer,Technology,Telephones and Communication,iDEN i95,Small Box,0.59,5/13/2011
7518,53671,6/10/2011,Medium,41,236.68,0.08,Regular Air,-82.79,5.74,5.01,Laura Armstrong,Ontario,Ontario,Small Business,Office Supplies,Binders and Binder Accessories,Binder Posts,Small Box,0.39,6/11/2011
7519,53671,6/10/2011,Medium,43,6255.81,0.01,Regular Air,693.26,140.85,19.99,Laura Armstrong,Ontario,Ontario,Small Business,Office Supplies,Storage & Organization,"Fellowes Strictly Business¨ Drawer File, Letter/Legal Size",Small Box,0.73,6/11/2011
7520,53671,6/10/2011,Medium,39,616.5,0.02,Regular Air,25.99,15.01,8.4,Laura Armstrong,Ontario,Ontario,Small Business,Office Supplies,Binders and Binder Accessories,"GBC Prepunched Paper, 19-Hole, for Binding Systems, 24-lb",Small Box,0.39,6/11/2011
7911,56580,8/14/2011,Not Specified,9,73.05,0.1,Regular Air,-17.03,8.34,4.82,Karen Daniels,Ontario,Ontario,Consumer,Office Supplies,Paper,Southworth 25% Cotton Antique Laid Paper & Envelopes,Small Box,0.4,8/14/2011
7912,56580,8/14/2011,Not Specified,44,950.3,0.1,Delivery Truck,-2103.05,20.98,53.03,Karen Daniels,Ontario,Ontario,Consumer,Office Supplies,Storage & Organization,"Tennsco Lockers, Gray",Jumbo Drum,0.78,8/16/2011
7913,56580,8/14/2011,Not Specified,29,8122.53,0.05,Delivery Truck,-693.23,286.85,61.76,Karen Daniels,Ontario,Ontario,Consumer,Furniture,Tables,Riverside Furniture Stanwyck Manor Table Series,Jumbo Box,0.78,8/16/2011
7984,57091,10/31/2011,Medium,6,14.85,0.05,Express Air,-2.79,1.68,1.02,Vivek Grady,Ontario,Ontario,Home Office,Office Supplies,Rubber Bands,Alliance Rubber Bands,Wrap Bag,0.81,11/1/2011
8003,57185,5/23/2011,Medium,28,1360.82,0.06,Regular Air,385.03,49.34,10.25,Matt Connell,Ontario,Ontario,Corporate,Furniture,Office Furnishings,Electrix Fluorescent Magnifier Lamps & Weighted Base,Large Box,0.57,5/25/2011
8251,59009,11/18/2011,Critical,19,614.91,0.02,Express Air,-7.02,30.98,17.08,Sally Hughsby,Ontario,Ontario,Consumer,Office Supplies,Paper,Xerox 197,Small Box,0.4,11/20/2011
8330,59554,11/15/2011,Critical,40,718.6,0.08,Regular Air,-81.49,17.98,4,Karen Daniels,Ontario,Ontario,Consumer,Technology,Computer Peripherals,"Belkin 107-key enhanced keyboard, USB/PS/2 interface",Small Box,0.79,11/16/2011
78,454,12/26/2011,Low,42,234.2,0.09,Regular Air,56.22,6.08,1.82,Darrin Martin,Ontario,Ontario,Small Business,Office Supplies,Rubber Bands,Staples Bulk Pack Metal Binder Clips,Wrap Bag,0.35,12/28/2011
893,6432,11/10/2011,Critical,30,311.08,0.08,Regular Air,-38.45,10.89,4.5,Lena Creighton,Ontario,Ontario,Corporate,Office Supplies,Appliances,Belkin 6 Outlet Metallic Surge Strip,Small Box,0.59,11/12/2011
906,6502,8/20/2011,Medium,16,116.11,0.1,Express Air,-36.46,7.64,5.83,Max Jones,Ontario,Ontario,Home Office,Office Supplies,Paper,"Rediform Wirebound ""Phone Memo"" Message Book, 11 x 5-3/4",Wrap Bag,0.36,8/20/2011
907,6502,8/20/2011,Medium,30,306.92,0.05,Regular Air,13.46,9.99,5.12,Max Jones,Ontario,Ontario,Home Office,Office Supplies,Paper,Xerox 1948,Small Box,0.4,8/23/2011
1220,8961,6/28/2011,Low,15,627.69,0,Regular Air,-12.02,39.98,4,Jessica Myrick,Ontario,Ontario,Small Business,Technology,Computer Peripherals,Microsoft Natural Keyboard Elite,Small Box,0.7,7/3/2011
1554,11233,8/30/2011,Not Specified,25,276.5,0.02,Regular Air,35.72,10.98,4.8,Kalyca Meade,Ontario,Ontario,Corporate,Office Supplies,Envelopes,"Manila Recycled Extra-Heavyweight Clasp Envelopes, 6"" x 9""",Small Box,0.36,9/1/2011
1593,11493,10/20/2011,Critical,16,111.9,0.01,Regular Air,38.03,6.47,1.22,Dennis Bolton,Ontario,Ontario,Small Business,Office Supplies,Pens & Art Supplies,"Staples Pen Style Liquid Stix; Assorted (yellow, pink, green, blue, orange), 5/Pack",Wrap Bag,0.4,10/22/2011
1664,11975,4/13/2011,Critical,43,210.66,0.08,Regular Air,-145.72,5.18,5.74,Max Jones,Ontario,Ontario,Home Office,Office Supplies,Binders and Binder Accessories,Wilson Jones Impact Binders,Small Box,0.36,4/15/2011
1922,13764,7/13/2011,Medium,31,123.93,0.1,Regular Air,11.93,4.28,0.94,Ken Brennan,Ontario,Ontario,Home Office,Office Supplies,Pens & Art Supplies,Newell 336,Wrap Bag,0.56,7/14/2011
1948,13953,5/31/2011,Critical,32,381.24,0.04,Regular Air,67.60,11.34,5.01,Jenna Caffey,Ontario,Ontario,Consumer,Office Supplies,Paper,Xerox 188,Small Box,0.36,6/2/2011
2185,15719,1/18/2011,Critical,18,5405.44,0.07,Delivery Truck,604.46,300.98,64.73,Troy Blackwell,Ontario,Ontario,Home Office,Furniture,Chairs & Chairmats,"Global Leather and Oak Executive Chair, Black",Jumbo Drum,0.56,1/19/2011
2282,16450,5/15/2011,Medium,12,73.5,0.03,Regular Air,5.71,5.98,2.5,Dennis Bolton,Ontario,Ontario,Small Business,Office Supplies,Envelopes,Wausau Papers Astrobrights¨ Colored Envelopes,Small Box,0.36,5/15/2011
2397,17379,8/14/2011,Critical,29,3218.42,0.08,Delivery Truck,-1248.58,114.98,58.72,Harry Marie,Ontario,Ontario,Consumer,Furniture,Bookcases,"Sauder Camden County Collection Libraries, Planked Cherry Finish",Jumbo Box,0.76,8/16/2011
2424,17573,9/4/2011,Low,23,220.97,0.02,Regular Air,-25.86,9.48,7.29,Clytie Kelty,Ontario,Ontario,Small Business,Furniture,Office Furnishings,"DAX Two-Tone Rosewood/Black Document Frame, Desktop, 5 x 7",Small Pack,0.45,9/8/2011
2699,19523,11/30/2011,High,44,155.78,0.04,Regular Air,-10.00,3.6,2.2,Jim Sink,Ontario,Ontario,Corporate,Office Supplies,Paper,"Telephone Message Books with Fax/Mobile Section, 4 1/4"" x 6""",Wrap Bag,0.39,12/1/2011
2842,20482,7/18/2011,Medium,38,4650.07,0.04,Delivery Truck,-1143.15,120.98,60.19,Steven Roelle,Ontario,Ontario,Small Business,Furniture,Bookcases,"Sauder Camden County Barrister Bookcase, Planked Cherry Finish",Jumbo Box,0.71,7/18/2011
2843,20482,7/18/2011,Medium,39,497.52,0.03,Regular Air,92.46,12.28,5.09,Steven Roelle,Ontario,Ontario,Small Business,Office Supplies,Paper,Xerox 1907,Small Box,0.38,7/20/2011
2963,21414,5/4/2011,Critical,43,103.6,0.09,Express Air,-72.86,2.52,1.92,Harry Marie,Ontario,Ontario,Consumer,Office Supplies,"Scissors, Rulers and Trimmers",Letter Slitter,Wrap Bag,0.82,5/4/2011
3044,21859,11/18/2011,High,42,401.37,0.07,Regular Air,13.31,9.74,5.71,Kalyca Meade,Ontario,Ontario,Corporate,Furniture,Office Furnishings,"Staples 10"" Round Wall Clock",Small Box,0.41,11/19/2011
3069,21989,2/10/2011,Low,9,118.95,0.03,Regular Air,30.80,12.07,6.2,Lena Creighton,Ontario,Ontario,Home Office,Furniture,Office Furnishings,Eldon¨ 500 Classª Desk Accessories,Wrap Bag,0.52,2/10/2011
3070,21989,2/10/2011,Low,35,3814.171,0.04,Regular Air,1077.13,125.99,4.2,Lena Creighton,Ontario,Ontario,Home Office,Technology,Telephones and Communication,i1000plus,Small Box,0.57,2/10/2011
3800,27106,12/1/2011,High,1,13.96,0.06,Regular Air,-4.70,10.91,2.99,Lena Creighton,Ontario,Ontario,Home Office,Office Supplies,Binders and Binder Accessories,Heavy-Duty E-Z-D¨ Binders,Small Box,0.38,12/3/2011
3801,27106,12/1/2011,High,50,531.48,0.08,Regular Air,232.58,10.67,1.39,Lena Creighton,Ontario,Ontario,Home Office,Office Supplies,Envelopes,Laser & Ink Jet Business Envelopes,Small Box,0.39,12/1/2011
3802,27106,12/1/2011,High,29,3524.55,0.08,Delivery Truck,-570.18,130.98,30,Lena Creighton,Ontario,Ontario,Home Office,Furniture,Chairs & Chairmats,"Office Star - Contemporary Task Swivel chair with 2-way adjustable arms, Plum",Jumbo Drum,0.78,12/3/2011
3803,27106,12/1/2011,High,42,890.61,0.05,Regular Air,297.11,22.23,3.63,Lena Creighton,Ontario,Ontario,Home Office,Furniture,Office Furnishings,"Executive Impressions 14"" Contract Wall Clock",Small Pack,0.52,12/3/2011
3804,27106,12/1/2011,High,10,64.19,0.08,Regular Air,3.77,6.68,1.5,Lena Creighton,Ontario,Ontario,Home Office,Office Supplies,Pens & Art Supplies,Sanford Liquid Accent Highlighters,Wrap Bag,0.48,12/3/2011
3900,27811,3/4/2011,Not Specified,4,73.9,0.06,Regular Air,-39.64,15.99,13.18,Odella Nelson,Ontario,Ontario,Small Business,Office Supplies,Binders and Binder Accessories,"GBC Pre-Punched Binding Paper, Plastic, White, 8-1/2"" x 11""",Small Box,0.37,3/5/2011
4236,30144,8/6/2011,Low,25,5503.39,0.08,Delivery Truck,-528.65,218.75,69.64,Joe Kamberova,Ontario,Ontario,Small Business,Furniture,Tables,BoxOffice By Design Rectangular and Half-Moon Meeting Room Tables,Jumbo Box,0.77,8/11/2011
4930,35077,10/7/2011,High,29,81.1,0.06,Regular Air,-2.07,2.94,0.96,Michael Dominguez,Ontario,Ontario,Home Office,Office Supplies,Pens & Art Supplies,Newell 343,Wrap Bag,0.58,10/8/2011
5073,36133,8/20/2011,Medium,6,128.56,0,Regular Air,-7.84,19.98,8.68,Katrina Willman,Ontario,Ontario,Consumer,Office Supplies,Paper,Southworth 25% Cotton Premium Laser Paper and Envelopes,Small Box,0.37,8/21/2011
5330,37891,10/20/2011,High,24,163.36,0.04,Regular Air,-65.54,6.48,6.6,Steven Roelle,Ontario,Ontario,Small Business,Office Supplies,Paper,Xerox 21,Small Box,0.37,10/22/2011
5331,37891,10/20/2011,High,21,44.08,0.06,Express Air,-9.09,1.98,0.7,Steven Roelle,Ontario,Ontario,Small Business,Office Supplies,Rubber Bands,"Brites Rubber Bands, 1 1/2 oz. Box",Wrap Bag,0.83,10/22/2011
5332,37891,10/20/2011,High,4,1135.64,0.02,Delivery Truck,-627.64,259.71,66.67,Steven Roelle,Ontario,Ontario,Small Business,Furniture,Tables,"Bevis Round Bullnose 29"" High Table Top",Jumbo Box,0.61,10/20/2011
5333,37891,10/20/2011,High,33,5154.009,0.03,Regular Air,1184.68,179.99,13.99,Steven Roelle,Ontario,Ontario,Small Business,Technology,Telephones and Communication,VTech VT20-2481 2.4GHz Two-Line Phone System w/Answering Machine,Medium Box,0.57,10/22/2011
5366,38146,12/7/2011,Low,41,782.05,0.08,Regular Air,-253.74,19.94,14.87,Erica Hackney,Ontario,Ontario,Small Business,Furniture,Office Furnishings,Luxo Economy Swing Arm Lamp,Large Box,0.57,12/7/2011
5545,39268,4/22/2011,Not Specified,44,324.2,0.02,Express Air,-89.75,7.1,6.05,Maureen Fritzler,Ontario,Ontario,Corporate,Office Supplies,Binders and Binder Accessories,"Wilson Jones Hanging View Binder, White, 1""",Small Box,0.39,4/24/2011
5546,39268,4/22/2011,Not Specified,45,156.95,0.1,Regular Air,-32.52,3.74,0.94,Maureen Fritzler,Ontario,Ontario,Corporate,Office Supplies,Rubber Bands,Rubber Band Ball,Wrap Bag,0.83,4/25/2011
5956,42274,9/3/2011,High,23,2296.76,0.01,Regular Air,241.15,99.99,19.99,Lena Creighton,Ontario,Ontario,Home Office,Technology,Computer Peripherals,US Robotics 56K V.92 External Faxmodem,Small Box,0.52,9/5/2011
5957,42274,9/3/2011,High,45,508.49,0.1,Express Air,-28.81,12.07,6.2,Lena Creighton,Ontario,Ontario,Home Office,Furniture,Office Furnishings,Eldon¨ 500 Classª Desk Accessories,Wrap Bag,0.52,9/5/2011
6262,44322,10/12/2011,Not Specified,15,600.8,0.1,Regular Air,43.55,42.76,6.22,Max Jones,Ontario,Ontario,Home Office,Office Supplies,Storage & Organization,"SAFCO Mobile Desk Side File, Wire Frame",Small Box,,10/14/2011
6297,44579,6/3/2011,Not Specified,19,3896.39,0.1,Regular Air,755.28,218.08,18.06,Clytie Kelty,Ontario,Ontario,Small Business,Furniture,Chairs & Chairmats,"Lifetime Advantageª Folding Chairs, 4/Carton",Large Box,0.57,6/4/2011
6410,45543,2/2/2011,Low,16,1223.43,0.01,Delivery Truck,-1615.59,70.89,89.3,Denny Joy,Ontario,Ontario,Corporate,Furniture,Tables,KI Conference Tables,Jumbo Box,0.69,2/6/2011
6642,47236,10/2/2011,High,1,70.91,0.03,Regular Air,-45.43,70.97,3.5,Michael Dominguez,Ontario,Ontario,Home Office,Office Supplies,Appliances,Tripp Lite Isotel 8 Ultra 8 Outlet Metal Surge,Small Box,0.59,10/4/2011
6777,48261,3/18/2011,Medium,15,2130.66,0.01,Delivery Truck,-113.77,130.98,30,Michael Dominguez,Ontario,Ontario,Home Office,Furniture,Chairs & Chairmats,"Office Star - Contemporary Task Swivel chair with 2-way adjustable arms, Plum",Jumbo Drum,0.78,3/19/2011
8053,57479,3/15/2011,High,37,132.12,0.07,Regular Air,54.78,3.75,0.5,Amy Cox,Ontario,Ontario,Corporate,Office Supplies,Labels,Avery 496,Small Box,0.37,3/16/2011
8209,58690,11/5/2011,High,14,3023.73,0.09,Delivery Truck,-1068.01,218.75,69.64,Kristen Hastings,Ontario,Ontario,Small Business,Furniture,Tables,BoxOffice By Design Rectangular and Half-Moon Meeting Room Tables,Jumbo Box,0.77,11/6/2011
443,2978,5/2/2011,Critical,28,4671.1495,0.07,Regular Air,947.31,200.99,4.2,Alan Schoenberger,Ontario,Ontario,Corporate,Technology,Telephones and Communication,2160i,Small Box,0.59,5/3/2011
1030,7521,2/27/2011,Low,19,1942.1735,0,Express Air,400.82,115.99,2.5,Mark Packer,Ontario,Ontario,Small Business,Technology,Telephones and Communication,StarTAC 7797,Small Box,0.55,3/5/2011
3228,23169,6/23/2011,Critical,22,1683.57,0.1,Regular Air,346.54,80.98,7.18,Karl Brown,Ontario,Ontario,Home Office,Technology,Computer Peripherals,Logitech Cordless Navigator Duo,Small Box,0.48,6/25/2011
5328,37863,2/24/2011,High,27,305.05,0.04,Regular Air,23.12,10.98,3.37,Aaron Hawkins,Ontario,Ontario,Home Office,Office Supplies,"Scissors, Rulers and Trimmers",Fiskars¨ Softgrip Scissors,Small Pack,0.57,2/26/2011
1165,8513,7/15/2011,Low,9,163.78,0.05,Regular Air,-43.03,17.98,8.51,Fred McMath,Ontario,Ontario,Small Business,Technology,Office Machines,Canon P1-DHIII Palm Printing Calculator,Medium Box,0.4,7/17/2011
1411,10245,2/13/2011,Medium,20,2573.29,0.04,Delivery Truck,-896.94,122.99,70.2,Astrea Jones,Ontario,Ontario,Corporate,Furniture,Chairs & Chairmats,"Global High-Back Leather Tilter, Burgundy",Jumbo Drum,0.74,2/14/2011
1713,12320,12/20/2011,Critical,35,539.21,0.05,Delivery Truck,11.65,15.23,27.75,Tracy Poddar,Ontario,Ontario,Corporate,Furniture,Tables,Anderson Hickey Conga Table Tops & Accessories,Jumbo Box,0.76,12/22/2011
1717,12326,2/2/2011,Critical,4,123.82,0.05,Regular Air,-0.37,29.34,57.87,Troy Staebel,Ontario,Ontario,Small Business,Furniture,Office Furnishings,"Seth Thomas 14"" Putty-Colored Wall Clock",Small Box,0.54,2/4/2011
2997,21606,1/22/2011,Not Specified,43,1374.7,0.06,Express Air,-90.30,32.98,5.5,Troy Staebel,Ontario,Ontario,Small Business,Technology,Computer Peripherals,PC Concepts 116 Key Quantum 3000 Keyboard,Small Box,0.75,1/23/2011
3227,23169,6/23/2011,Critical,27,172.7,0.07,Regular Air,-42.97,6.48,5.11,Karl Brown,Ontario,Ontario,Home Office,Office Supplies,Paper,Xerox 231,Small Box,0.37,6/25/2011
3286,23522,4/11/2011,Critical,8,180.43,0.02,Regular Air,-44.86,19.99,11.17,Alan Shonely,Ontario,Ontario,Small Business,Furniture,Office Furnishings,Telescoping Adjustable Floor Lamp,Large Box,0.6,4/12/2011
3545,25280,5/21/2011,Not Specified,16,179.26,0.01,Regular Air,36.78,10.91,2.99,Stefania Perrino,Ontario,Ontario,Corporate,Office Supplies,Binders and Binder Accessories,Heavy-Duty E-Z-D¨ Binders,Small Box,0.38,5/23/2011
3581,25536,7/22/2011,Low,19,193.25,0.03,Regular Air,71.55,9.93,1.09,Amy Cox,Ontario,Ontario,Small Business,Office Supplies,Pens & Art Supplies,Peel-Off¨ China Markers,Wrap Bag,0.43,7/22/2011
4178,29666,12/30/2011,Not Specified,44,362.75,0.08,Regular Air,-54.47,8.32,2.38,Dave Poirier,Ontario,Ontario,Small Business,Technology,Computer Peripherals,"Imation 3.5 IBM Formatted Diskettes, 10/Box",Small Pack,0.74,1/1/2012
4785,33987,10/25/2011,High,19,1616.87,0.1,Delivery Truck,-189.55,90.98,30,Sara Luxemburg,Ontario,Ontario,Small Business,Furniture,Chairs & Chairmats,Office Star - Task Chair with Contemporary Loop Arms,Jumbo Drum,0.61,10/26/2011
6540,46531,8/21/2011,Low,2,19.34,0.1,Regular Air,-14.38,7.1,6.05,Chuck Sachs,Ontario,Ontario,Consumer,Office Supplies,Binders and Binder Accessories,"Wilson Jones Hanging View Binder, White, 1""",Small Box,0.39,8/30/2011
6664,47459,8/17/2011,Not Specified,10,197.21,0.06,Regular Air,56.88,20.98,1.49,Denise Leinenbach,Ontario,Ontario,Home Office,Office Supplies,Binders and Binder Accessories,Avery Legal 4-Ring Binder,Small Box,0.35,8/18/2011
7259,51783,11/11/2011,Medium,13,646.55,0.05,Regular Air,244.13,48.04,5.79,Brian Stugart,Ontario,Ontario,Consumer,Office Supplies,Paper,Xerox 1937,Small Box,0.37,11/13/2011
7701,55202,8/24/2011,Low,49,6335.8575,0.08,Regular Air,1620.23,155.99,8.99,Bobby Elias,Ontario,Ontario,Small Business,Technology,Telephones and Communication,LX 788,Small Box,0.58,8/31/2011
8171,58372,4/2/2011,Low,16,38.2,0.07,Express Air,4.34,2.21,1,Brian Stugart,Ontario,Ontario,Corporate,Office Supplies,Pens & Art Supplies,"Quartet Alpha¨ White Chalk, 12/Pack",Wrap Bag,0.38,4/6/2011
2264,16260,11/13/2011,High,47,14960.096,0.01,Delivery Truck,-969.05,400.98,42.52,Cari MacIntyre,Ontario,Ontario,Corporate,Furniture,Tables,Bretford CR8500 Series Meeting Room Furniture,Jumbo Box,0.71,11/14/2011
3296,23558,8/9/2011,Low,4,25.82,0.01,Regular Air,-10.19,4.98,4.72,Julie Prescott,Ontario,Ontario,Home Office,Office Supplies,Paper,Xerox 1949,Small Box,0.36,8/11/2011
3297,23558,8/9/2011,Low,17,579.71,0.03,Delivery Truck,24.30,31.76,45.51,Julie Prescott,Ontario,Ontario,Home Office,Furniture,Tables,Hon iLevelª Computer Training Table,Jumbo Box,0.65,8/14/2011
4295,30593,7/25/2011,Critical,20,97.65,0.04,Express Air,-90.07,4.18,6.92,Jim Karlsson,Ontario,Ontario,Small Business,Furniture,Office Furnishings,"Eldon¨ Image Series Desk Accessories, Burgundy",Small Box,0.49,7/27/2011
4296,30593,7/25/2011,Critical,41,1408.34,0.06,Regular Air,176.63,34.58,8.99,Jim Karlsson,Ontario,Ontario,Small Business,Office Supplies,Pens & Art Supplies,Panasonic KP-350BK Electric Pencil Sharpener with Auto Stop,Small Pack,0.56,7/28/2011
5575,39492,4/17/2011,Not Specified,38,1541.92,0.03,Regular Air,-564.06,40.48,19.99,Jason Fortune,Ontario,Ontario,Corporate,Technology,Computer Peripherals,Keytronic Designer 104- Key Black Keyboard,Small Box,0.77,4/19/2011
5576,39492,4/17/2011,Not Specified,40,169.48,0.08,Regular Air,-134.76,4.28,5.68,Jason Fortune,Ontario,Ontario,Corporate,Office Supplies,Paper,Xerox 199,Small Box,0.4,4/19/2011
6043,42850,6/21/2011,Medium,27,822.7,0.05,Express Air,141.28,29.99,5.5,Julie Prescott,Ontario,Ontario,Home Office,Technology,Computer Peripherals,Logitech Cordless Access Keyboard,Small Box,0.51,6/22/2011
6933,49477,11/29/2011,Medium,9,75.94,0.01,Regular Air,-16.56,7.64,5.83,Grant Carroll,Ontario,Ontario,Corporate,Office Supplies,Paper,"Rediform Wirebound ""Phone Memo"" Message Book, 11 x 5-3/4",Wrap Bag,0.36,11/29/2011
7908,56550,4/8/2011,Not Specified,33,647.77,0.09,Regular Air,166.85,19.98,5.77,Frank Hawley,Ontario,Ontario,Home Office,Office Supplies,Paper,Xerox Blank Computer Paper,Small Box,0.38,4/11/2011
8042,57447,7/4/2011,Not Specified,39,315.88,0.09,Regular Air,-60.40,8.46,3.62,Grant Carroll,Ontario,Ontario,Corporate,Technology,Computer Peripherals,"Imation 3.5"", RTS 247544 3M 3.5 DSDD, 10/Pack",Small Pack,0.61,7/4/2011
8043,57447,7/4/2011,Not Specified,8,258.11,0.06,Regular Air,-113.60,30.98,6.5,Grant Carroll,Ontario,Ontario,Corporate,Technology,Computer Peripherals,Logitech Internet Navigator Keyboard,Small Box,0.79,7/7/2011
525,3588,3/18/2011,Not Specified,42,374.38,0.03,Regular Air,-1.16,8.67,3.5,Patrick Jones,New Brunswick,Atlantic,Home Office,Office Supplies,Appliances,Staples 4 Outlet Surge Protector,Small Box,0.58,3/19/2011
526,3588,3/18/2011,Not Specified,21,1557.42,0.01,Regular Air,-123.81,73.98,4,Patrick Jones,New Brunswick,Atlantic,Home Office,Technology,Computer Peripherals,Keytronic French Keyboard,Small Box,0.79,3/20/2011
527,3588,3/18/2011,Not Specified,14,410.27,0.08,Regular Air,226.72,30.93,3.92,Patrick Jones,New Brunswick,Atlantic,Home Office,Furniture,Office Furnishings,"Advantus Employee of the Month Certificate Frame, 11 x 13-1/2",Small Pack,0.44,3/20/2011
528,3588,3/18/2011,Not Specified,18,1531.93,0.1,Delivery Truck,326.56,90.97,14,Patrick Jones,New Brunswick,Atlantic,Home Office,Technology,Office Machines,Lexmark Z54se Color Inkjet Printer,Jumbo Drum,0.36,3/18/2011
890,6402,4/23/2011,Low,35,373.33,0.01,Regular Air,-22.18,10.23,4.68,Nathan Mautz,New Brunswick,Atlantic,Corporate,Office Supplies,"Scissors, Rulers and Trimmers",Acme¨ Box Cutter Scissors,Small Pack,0.59,4/28/2011
1189,8704,6/30/2011,Medium,43,449.17,0.01,Regular Air,198.83,9.93,1.09,Quincy Jones,New Brunswick,Atlantic,Home Office,Office Supplies,Pens & Art Supplies,Peel-Off¨ China Markers,Wrap Bag,0.43,7/1/2011
1190,8704,6/30/2011,Medium,38,79.81,0.08,Regular Air,5.48,2.21,1,Quincy Jones,New Brunswick,Atlantic,Home Office,Office Supplies,Pens & Art Supplies,"Quartet Alpha¨ White Chalk, 12/Pack",Wrap Bag,0.38,7/1/2011
1409,10243,12/24/2011,High,12,28.41,0.07,Regular Air,-44.08,1.98,4.77,Patrick Gardner,New Brunswick,Atlantic,Consumer,Office Supplies,Binders and Binder Accessories,Avery Reinforcements for Hole-Punch Pages,Small Box,0.4,12/25/2011
2091,14976,7/22/2011,High,46,231.35,0.03,Regular Air,-81.86,4.98,4.7,Quincy Jones,New Brunswick,Atlantic,Corporate,Office Supplies,Paper,Staples Copy Paper (20Lb. and 84 Bright),Small Box,0.38,7/24/2011
2262,16258,7/6/2011,Medium,1,9.69,0.05,Regular Air,-6.78,4.98,4.72,Nona Balk,New Brunswick,Atlantic,Corporate,Office Supplies,Paper,Xerox 1949,Small Box,0.36,7/7/2011
2263,16258,7/6/2011,Medium,48,331.99,0.03,Regular Air,45.31,7.08,2.35,Nona Balk,New Brunswick,Atlantic,Corporate,Office Supplies,Pens & Art Supplies,SANFORD Major Accentª Highlighters,Wrap Bag,0.47,7/8/2011
2355,16993,11/16/2011,Medium,8,1383.919,0.05,Regular Air,-433.49,205.99,2.5,Erin Mull,New Brunswick,Atlantic,Small Business,Technology,Telephones and Communication,V70,Small Box,0.59,11/16/2011
3221,23107,6/11/2011,Medium,7,43.29,0.07,Regular Air,-39.12,5.38,7.57,Lori Olson,New Brunswick,Atlantic,Consumer,Office Supplies,Binders and Binder Accessories,"Acco PRESSTEX¨ Data Binder with Storage Hooks, Dark Blue, 9 1/2"" X 11""",Small Box,0.36,6/14/2011
3294,23556,1/9/2011,Medium,34,11747.97,0.05,Express Air,3302.03,363.25,19.99,Patrick Gardner,New Brunswick,Atlantic,Consumer,Office Supplies,Appliances,Hoover WindTunnelª Plus Canister Vacuum,Small Box,0.57,1/10/2011
4302,30626,4/25/2011,Critical,23,220.82,0.1,Express Air,77.68,9.93,1.09,Nathan Mautz,New Brunswick,Atlantic,Corporate,Office Supplies,Pens & Art Supplies,Peel-Off¨ China Markers,Wrap Bag,0.43,4/26/2011
5424,38531,12/5/2011,Low,26,118.43,0.02,Express Air,11.96,4.2,2.26,Ionia McGrath,New Brunswick,Atlantic,Home Office,Office Supplies,Paper,"Important Message Pads, 50 4-1/4 x 5-1/2 Forms per Pad",Wrap Bag,0.36,12/12/2011
5976,42373,8/17/2011,Not Specified,11,127.32,0.1,Express Air,22.96,10.91,2.99,Emily Phan,New Brunswick,Atlantic,Consumer,Office Supplies,Binders and Binder Accessories,Heavy-Duty E-Z-D¨ Binders,Small Box,0.38,8/18/2011
6703,47747,11/21/2011,High,40,102.15,0.03,Express Air,-138.51,2.08,5.33,Patrick Gardner,New Brunswick,Atlantic,Consumer,Furniture,Office Furnishings,Eldon¨ Wave Desk Accessories,Small Box,0.43,11/23/2011
6710,47810,8/14/2011,Critical,3,19.57,0.02,Regular Air,-5.35,5.84,1.2,Ionia McGrath,New Brunswick,Atlantic,Home Office,Office Supplies,Pens & Art Supplies,Newell 312,Wrap Bag,0.55,8/15/2011
7353,52389,10/21/2011,Critical,31,655.33,0.08,Regular Air,-57.16,21.38,8.99,Justin Deggeller,New Brunswick,Atlantic,Corporate,Office Supplies,Pens & Art Supplies,Boston 1730 StandUp Electric Pencil Sharpener,Small Pack,0.59,10/21/2011
7927,56647,8/3/2011,Medium,41,417.53,0.02,Regular Air,-309.06,9.98,12.52,Tony Sayre,New Brunswick,Atlantic,Home Office,Furniture,Office Furnishings,"Eldon¨ Expressionsª Wood and Plastic Desk Accessories, Oak",Small Box,0.57,8/4/2011
93,610,8/1/2011,Critical,38,283.65,0.02,Express Air,-29.21,6.68,5.41,Joe Elijah,Manitoba,Prarie,Home Office,Office Supplies,Paper,Xerox 195,Small Box,0.37,8/3/2011
216,1440,8/9/2011,Low,41,726.22,0.01,Regular Air,52.47,17.67,8.99,Stefanie Holloman,Manitoba,Prarie,Small Business,Furniture,Office Furnishings,"Executive Impressions 12"" Wall Clock",Small Pack,0.47,8/11/2011
553,3749,2/23/2011,Medium,27,353.62,0.01,Regular Air,140.15,12.97,1.49,Ken Black,Manitoba,Prarie,Consumer,Office Supplies,Binders and Binder Accessories,"Mead 1st Gear 2"" Zipper Binder, Asst. Colors",Small Box,0.35,2/25/2011
598,4070,6/11/2011,High,22,646.07,0.06,Express Air,237.75,28.48,1.99,Joe Elijah,Manitoba,Prarie,Home Office,Technology,Computer Peripherals,"Memorex 4.7GB DVD+RW, 3/Pack",Small Pack,0.4,6/11/2011
958,6947,7/19/2011,Critical,9,520.49,0,Regular Air,-51.01,51.65,18.45,Logan Currie,Manitoba,Prarie,Small Business,Furniture,Office Furnishings,"Deflect-o EconoMat Nonstudded, No Bevel Mat",Medium Box,0.65,7/21/2011
1132,8288,5/9/2011,Critical,22,1337.81,0.02,Regular Air,407.12,59.78,10.29,Marc Crier,Manitoba,Prarie,Corporate,Office Supplies,Binders and Binder Accessories,GBC Recycled Regency Composition Covers,Small Box,0.39,5/10/2011
1489,10695,5/2/2011,High,39,6330.086,0.1,Regular Air,1421.89,205.99,2.5,Deborah Brumfield,Manitoba,Prarie,Corporate,Technology,Telephones and Communication,V70,Small Box,0.59,5/3/2011
1620,11719,2/5/2011,Not Specified,3,1566.8,0.06,Delivery Truck,-1044.92,500.97,69.3,Keith Dawkins,Manitoba,Prarie,Home Office,Technology,Office Machines,Epson Stylus 1520 Color Inkjet Printer,Jumbo Drum,0.37,2/6/2011
1621,11719,2/5/2011,Not Specified,30,616.01,0.09,Regular Air,-74.88,21.38,8.99,Keith Dawkins,Manitoba,Prarie,Home Office,Office Supplies,Pens & Art Supplies,Boston 1730 StandUp Electric Pencil Sharpener,Small Pack,0.59,2/5/2011
1622,11719,2/5/2011,Not Specified,17,438.6085,0.01,Regular Air,-56.05,28.99,8.59,Keith Dawkins,Manitoba,Prarie,Home Office,Technology,Telephones and Communication,SouthWestern Bell FA970 Digital Answering Machine with Time/Day Stamp,Medium Box,0.56,2/5/2011
2718,19621,9/7/2011,Critical,20,67.03,0.04,Regular Air,-30.40,3.14,1.92,Marc Crier,Manitoba,Prarie,Corporate,Office Supplies,"Scissors, Rulers and Trimmers",Serrated Blade or Curved Handle Hand Letter Openers,Wrap Bag,0.84,9/8/2011
2719,19621,9/7/2011,Critical,15,140.82,0.08,Express Air,-43.26,7.98,6.5,Marc Crier,Manitoba,Prarie,Corporate,Office Supplies,Storage & Organization,Iris Project Case,Medium Box,0.59,9/8/2011
2909,20967,3/15/2011,High,50,28664.52,0.09,Regular Air,13340.26,599.99,24.49,Deborah Brumfield,Manitoba,Prarie,Small Business,Technology,Copiers and Fax,Hewlett Packard LaserJet 3310 Copier,Large Box,0.37,3/15/2011
2910,20967,3/15/2011,High,6,635.7405,0.03,Regular Air,-397.53,125.99,8.08,Deborah Brumfield,Manitoba,Prarie,Small Business,Technology,Telephones and Communication,M3682,Small Box,0.57,3/16/2011
3295,23557,5/31/2011,Not Specified,7,1011.16,0.02,Regular Air,547.96,136.98,24.49,Keith Dawkins,Manitoba,Prarie,Home Office,Furniture,Office Furnishings,"3M Polarizing Task Lamp with Clamp Arm, Light Gray",Large Box,0.59,6/1/2011
3507,24966,12/17/2011,Medium,34,4152.12,0,Regular Air,817.98,120.33,19.99,Deborah Brumfield,Manitoba,Prarie,Corporate,Office Supplies,Storage & Organization,Iceberg Mobile Mega Data/Printer Cart ¨,Small Box,0.59,12/18/2011
3838,27363,10/18/2011,Medium,16,323.26,0.06,Regular Air,98.34,20.24,6.67,Deborah Brumfield,Manitoba,Prarie,Small Business,Furniture,Office Furnishings,"DAX Contemporary Wood Frame with Silver Metal Mat, Desktop, 11 x 14 Size",Small Pack,0.49,10/19/2011
4074,29028,2/5/2011,Critical,43,17131.36,0.08,Delivery Truck,4722.77,400.97,14.7,Marc Crier,Manitoba,Prarie,Corporate,Technology,Office Machines,Epson FX-980 Dot Matrix Printer,Jumbo Drum,0.59,2/7/2011
4233,30081,12/17/2011,High,26,213.49,0.05,Regular Air,-136.45,8.04,8.94,Denise Monton,Manitoba,Prarie,Home Office,Office Supplies,Binders and Binder Accessories,"Fellowes Twister Kit, Gray/Clear, 3/pkg",Small Box,0.4,12/19/2011
4280,30497,2/6/2011,Critical,34,706.91,0.03,Express Air,85.68,20.98,8.83,Steve Chapman,Manitoba,Prarie,Corporate,Office Supplies,Binders and Binder Accessories,Premium Transparent Presentation Covers by GBC,Small Box,0.37,2/8/2011
4281,30497,2/6/2011,Critical,31,190.06,0.06,Regular Air,-61.90,5.98,5.35,Steve Chapman,Manitoba,Prarie,Corporate,Office Supplies,Paper,Xerox 1947,Small Box,0.4,2/8/2011
4456,31777,10/19/2011,Not Specified,32,6483.42,0.07,Delivery Truck,1590.95,200.98,23.76,Logan Currie,Manitoba,Prarie,Small Business,Furniture,Chairs & Chairmats,"Global Leather Highback Executive Chair with Pneumatic Height Adjustment, Black",Jumbo Drum,0.58,10/21/2011
4457,31777,10/19/2011,Not Specified,10,137.77,0.01,Regular Air,1.85,12.28,6.47,Logan Currie,Manitoba,Prarie,Small Business,Office Supplies,Paper,Xerox 1881,Small Box,0.38,10/19/2011
4675,33254,11/3/2011,Not Specified,11,466.35,0.01,Regular Air,159.25,39.98,9.2,Keith Dawkins,Manitoba,Prarie,Home Office,Furniture,Office Furnishings,Eldon Radial Chair Mat for Low to Medium Pile Carpets,Wrap Bag,0.65,11/5/2011
4807,34180,9/3/2011,High,2,27,0.02,Express Air,-4.90,5.78,8.09,Marc Crier,Manitoba,Prarie,Corporate,Office Supplies,Paper,Xerox 1924,Small Box,0.36,9/3/2011
5232,37252,11/19/2011,Low,21,1503.49,0.03,Regular Air,408.73,70.97,3.5,Steve Chapman,Manitoba,Prarie,Corporate,Office Supplies,Appliances,Tripp Lite Isotel 8 Ultra 8 Outlet Metal Surge,Small Box,0.59,11/21/2011
5233,37252,11/19/2011,Low,1,10.62,0.02,Regular Air,-31.20,8.32,2.38,Steve Chapman,Manitoba,Prarie,Corporate,Technology,Computer Peripherals,"Imation 3.5 IBM Formatted Diskettes, 10/Box",Small Pack,0.74,11/23/2011
5234,37252,11/19/2011,Low,50,2337.03,0.1,Regular Air,-37.19,49.99,19.99,Steve Chapman,Manitoba,Prarie,Corporate,Technology,Computer Peripherals,US Robotics 56K V.92 Internal PCI Faxmodem,Small Box,0.45,11/21/2011
5235,37252,11/19/2011,Low,34,29345.27,0.03,Delivery Truck,7497.55,880.98,44.55,Steve Chapman,Manitoba,Prarie,Corporate,Furniture,Bookcases,"Riverside Palais Royal Lawyers Bookcase, Royale Cherry Finish",Jumbo Box,0.62,11/24/2011
6131,43398,4/24/2011,Not Specified,10,1600.85,0.07,Delivery Truck,-193.97,159.31,60,John Lee,Manitoba,Prarie,Corporate,Furniture,Tables,Hon Non-Folding Utility Tables,Jumbo Drum,0.55,4/25/2011
6334,44871,5/3/2011,Critical,27,94.46,0.02,Regular Air,-75.09,3.28,4.2,Denise Monton,Manitoba,Prarie,Home Office,Office Supplies,Pens & Art Supplies,Newell 351,Wrap Bag,0.56,5/5/2011
6618,47079,12/16/2011,Critical,34,1069.85,0.07,Delivery Truck,-1179.39,31.76,45.51,Ed Braxton,Manitoba,Prarie,Home Office,Furniture,Tables,Hon iLevelª Computer Training Table,Jumbo Box,0.65,12/18/2011
6973,49828,8/30/2011,Medium,39,272.39,0.03,Express Air,-91.48,6.48,6.6,Ed Braxton,Manitoba,Prarie,Consumer,Office Supplies,Paper,Xerox 21,Small Box,0.37,8/31/2011
7150,51009,11/5/2011,Not Specified,10,48,0.09,Regular Air,-29.14,4.18,6.92,Scot Wooten,Manitoba,Prarie,Corporate,Furniture,Office Furnishings,"Eldon¨ Image Series Desk Accessories, Burgundy",Small Box,0.49,11/7/2011
7799,55808,2/14/2011,Not Specified,6,830.28,0,Delivery Truck,-382.98,122.99,70.2,Ed Braxton,Manitoba,Prarie,Home Office,Furniture,Chairs & Chairmats,"Global High-Back Leather Tilter, Burgundy",Jumbo Drum,0.74,2/16/2011
7800,55808,2/14/2011,Not Specified,45,837.386,0.03,Regular Air,104.33,20.99,4.81,Ed Braxton,Manitoba,Prarie,Home Office,Technology,Telephones and Communication,1726 Digital Answering Machine,Medium Box,0.58,2/16/2011
8255,59044,7/20/2011,Critical,6,20.19,0.02,Regular Air,1.25,3.08,0.99,Phillip Flathmann,Manitoba,Prarie,Small Business,Office Supplies,Labels,Avery 481,Small Box,0.37,7/22/2011
26,166,9/11/2011,High,10,567.936,0.02,Express Air,-126.09,65.99,8.99,Valerie Takahito,Manitoba,Prarie,Consumer,Technology,Telephones and Communication,i270,Small Box,0.55,9/13/2011
31,197,4/6/2011,High,23,310.52,0.01,Regular Air,33.22,12.98,3.14,Penelope Sewall,Manitoba,Prarie,Home Office,Office Supplies,"Scissors, Rulers and Trimmers","Acme¨ 8"" Straight Scissors",Small Pack,0.6,4/8/2011
384,2657,10/16/2011,High,30,8316.76,0.05,Delivery Truck,2108.80,279.81,23.19,Troy Blackwell,Manitoba,Prarie,Home Office,Office Supplies,Appliances,Sanyo 2.5 Cubic Foot Mid-Size Office Refrigerators,Jumbo Drum,0.59,10/18/2011
385,2657,10/16/2011,High,37,2143.2155,0.02,Regular Air,464.36,65.99,8.99,Troy Blackwell,Manitoba,Prarie,Home Office,Technology,Telephones and Communication,i270,Small Box,0.55,10/17/2011
504,3488,1/7/2011,Medium,39,4669.19,0.06,Delivery Truck,-1864.08,122.99,70.2,Mick Crebagga,Manitoba,Prarie,Home Office,Furniture,Chairs & Chairmats,"Global High-Back Leather Tilter, Burgundy",Jumbo Drum,0.74,1/10/2011
505,3488,1/7/2011,Medium,6,133.4,0.02,Regular Air,-0.31,21.98,2.87,Mick Crebagga,Manitoba,Prarie,Home Office,Office Supplies,Pens & Art Supplies,Panasonic KP-310 Heavy-Duty Electric Pencil Sharpener,Small Pack,0.55,1/8/2011
533,3622,11/26/2011,Low,16,76.6,0.01,Regular Air,-48.51,4.24,5.41,Steven Ward,Manitoba,Prarie,Consumer,Office Supplies,Binders and Binder Accessories,Storex DuraTech Recycled Plastic Frosted Binders,Small Box,0.35,12/1/2011
731,5281,11/1/2011,High,36,4733.7,0,Delivery Truck,624.36,120.98,30,Irene Maddox,Manitoba,Prarie,Consumer,Furniture,Chairs & Chairmats,Hon Every-Day¨ Chair Series Swivel Task Chairs,Jumbo Drum,0.64,11/2/2011
732,5281,11/1/2011,High,14,2718.07,0.1,Regular Air,1107.53,209.84,21.21,Irene Maddox,Manitoba,Prarie,Consumer,Furniture,Office Furnishings,Luxo Professional Fluorescent Magnifier Lamp with Clamp-Mount Base,Large Box,0.59,11/2/2011
791,5696,5/3/2011,Critical,4,2206.17,0.02,Regular Air,251.43,525.98,19.99,Theresa Swint,Manitoba,Prarie,Consumer,Office Supplies,Binders and Binder Accessories,GBC DocuBind 300 Electric Binding Machine,Small Box,0.37,5/5/2011
792,5696,5/3/2011,Critical,40,621.12,0.1,Regular Air,190.53,16.51,2.99,Theresa Swint,Manitoba,Prarie,Consumer,Office Supplies,Binders and Binder Accessories,JM Magazine Binder,Small Box,0.37,5/5/2011
793,5696,5/3/2011,Critical,31,175.92,0.09,Regular Air,-93.41,5.98,3.85,Theresa Swint,Manitoba,Prarie,Consumer,Technology,Computer Peripherals,"Imation 3.5"" IBM-Formatted Diskettes, 10/Pack",Small Pack,0.68,5/5/2011
1098,8064,5/12/2011,High,44,10445.95,0.07,Delivery Truck,1069.61,243.98,62.94,Gary McGarr,Manitoba,Prarie,Home Office,Furniture,Chairs & Chairmats,Hon Deluxe Fabric Upholstered Stacking Chairs,Jumbo Drum,0.57,5/13/2011
1175,8580,3/22/2011,High,12,151.49,0,Regular Air,-3.95,11.58,6.97,Joseph Airdo,Manitoba,Prarie,Consumer,Office Supplies,Envelopes,"Peel & Seel¨ Recycled Catalog Envelopes, Brown",Small Box,0.35,3/22/2011
1176,8580,3/22/2011,High,37,308.22,0,Regular Air,-215.57,7.77,9.23,Joseph Airdo,Manitoba,Prarie,Consumer,Office Supplies,Appliances,Hoover Commercial Soft Guard Upright Vacuum And Disposable Filtration Bags,Small Box,0.58,3/23/2011
1224,8993,5/28/2011,Medium,41,172.15,0.02,Express Air,86.78,3.69,0.5,Stewart Visinsky,Manitoba,Prarie,Corporate,Office Supplies,Labels,Avery 52,Small Box,0.38,5/30/2011
1231,8996,6/2/2011,Low,13,772.2675,0.02,Regular Air,-48.85,65.99,8.99,Tanja Norvell,Manitoba,Prarie,Corporate,Technology,Telephones and Communication,SC-3160,Small Box,0.59,6/6/2011
1256,9124,10/16/2011,Low,17,2637.78,0.04,Regular Air,-0.84,152.48,6.5,Henry Goldwyn,Manitoba,Prarie,Small Business,Technology,Computer Peripherals,Adesso Programmable 142-Key Keyboard,Small Box,0.74,10/16/2011
1257,9124,10/16/2011,Low,29,157.4,0.01,Regular Air,-118.56,4.98,7.28,Henry Goldwyn,Manitoba,Prarie,Small Business,Office Supplies,Paper,Xerox 1926,Small Box,0.38,10/21/2011
1330,9700,8/8/2011,Critical,35,106.06,0.08,Regular Air,-59.74,3.14,1.92,Sue Ann Reed,Manitoba,Prarie,Consumer,Office Supplies,"Scissors, Rulers and Trimmers",Serrated Blade or Curved Handle Hand Letter Openers,Wrap Bag,0.84,8/9/2011
1563,11270,6/30/2011,High,15,140.07,0.04,Express Air,-21.85,8.6,6.19,Tanja Norvell,Manitoba,Prarie,Corporate,Office Supplies,Binders and Binder Accessories,Avery Printable Repositionable Plastic Tabs,Small Box,0.38,7/1/2011
1634,11815,9/12/2011,Low,22,351.27,0.08,Regular Air,-37.22,15.73,7.42,Mike Gockenbach,Manitoba,Prarie,Consumer,Office Supplies,"Scissors, Rulers and Trimmers",Acme Galleria¨ Hot Forged Steel Scissors with Colored Handles,Small Pack,0.56,9/14/2011
1794,12867,3/11/2011,Not Specified,6,127.49,0.08,Express Air,-57.95,19.98,4,Thais Sissman,Manitoba,Prarie,Corporate,Technology,Computer Peripherals,Belkin 105-Key Black Keyboard,Small Box,0.68,3/11/2011
2033,14500,6/24/2011,Not Specified,44,839.7,0.07,Regular Air,211.79,19.98,5.77,Tracy Collins,Manitoba,Prarie,Consumer,Office Supplies,Paper,Xerox Blank Computer Paper,Small Box,0.38,6/26/2011
2034,14500,6/24/2011,Not Specified,46,1662.5,0.01,Regular Air,289.02,34.58,8.99,Tracy Collins,Manitoba,Prarie,Consumer,Office Supplies,Pens & Art Supplies,Panasonic KP-350BK Electric Pencil Sharpener with Auto Stop,Small Pack,0.56,6/25/2011
2084,14884,9/27/2011,High,6,473.9855,0.06,Regular Air,-301.68,95.99,4.9,Michael Moore,Manitoba,Prarie,Corporate,Technology,Telephones and Communication,T60,Small Box,0.56,9/29/2011
2265,16262,1/1/2011,Low,11,62.84,0.06,Express Air,9.53,5.18,2.04,Linda Southworth,Manitoba,Prarie,Consumer,Office Supplies,Paper,Array¨ Memo Cubes,Wrap Bag,0.36,1/8/2011
2341,16837,1/21/2011,Not Specified,4,997,0.09,Delivery Truck,-307.96,258.98,54.31,Jill Stevenson,Manitoba,Prarie,Consumer,Furniture,Chairs & Chairmats,Global Enterpriseª Series Seating Low-Back Swivel/Tilt Chairs,Jumbo Drum,0.55,1/22/2011
2360,17058,1/1/2011,High,15,72.67,0.04,Regular Air,-62.37,4.28,6.72,Gary Hwang,Manitoba,Prarie,Home Office,Office Supplies,Paper,Xerox 1927,Small Box,0.4,1/2/2011
2613,18884,6/24/2011,Not Specified,5,131.27,0.1,Delivery Truck,-70.43,25.98,14.36,Nora Pelletier,Manitoba,Prarie,Home Office,Furniture,Chairs & Chairmats,"Global Stack Chair without Arms, Black",Jumbo Drum,0.6,6/25/2011
2614,18884,6/24/2011,Not Specified,29,13571.7,0,Regular Air,3825.69,449.99,24.49,Nora Pelletier,Manitoba,Prarie,Home Office,Technology,Copiers and Fax,Canon PC940 Copier,Large Box,0.52,6/26/2011
2706,19557,10/30/2011,Low,26,66.6,0.08,Regular Air,13.99,2.62,0.8,Valerie Dominguez,Manitoba,Prarie,Corporate,Office Supplies,Rubber Bands,Staples Metal Binder Clips,Wrap Bag,0.39,11/3/2011
2707,19557,10/30/2011,Low,9,312.25,0.05,Regular Air,15.56,33.89,5.1,Valerie Dominguez,Manitoba,Prarie,Corporate,Office Supplies,Storage & Organization,"File Shuttle II and Handi-File, Black",Small Box,0.6,10/30/2011
2916,21063,4/15/2011,Low,49,377.02,0,Regular Air,84.66,7.08,2.35,Mike Gockenbach,Manitoba,Prarie,Consumer,Office Supplies,Pens & Art Supplies,SANFORD Major Accentª Highlighters,Wrap Bag,0.47,4/19/2011
2917,21063,4/15/2011,Low,48,7339.24,0,Delivery Truck,-279.74,145.98,51.92,Mike Gockenbach,Manitoba,Prarie,Consumer,Furniture,Tables,Bevis Rectangular Conference Tables,Jumbo Box,0.69,4/15/2011
2958,21412,7/13/2011,Not Specified,38,137.07,0.09,Regular Air,-199.30,3.52,6.83,Nora Pelletier,Manitoba,Prarie,Home Office,Office Supplies,Binders and Binder Accessories,Self-Adhesive Ring Binder Labels,Small Box,0.38,7/15/2011
2959,21412,7/13/2011,Not Specified,28,203.99,0.02,Regular Air,-8.51,7.28,4.23,Nora Pelletier,Manitoba,Prarie,Home Office,Office Supplies,Paper,"Black Print Carbonless 8 1/2"" x 8 1/4"" Rapid Memo Book",Wrap Bag,0.39,7/14/2011
2966,21444,4/15/2011,Medium,17,34.16,0.09,Regular Air,-2.29,2.1,0.7,Maurice Satty,Manitoba,Prarie,Corporate,Office Supplies,Pens & Art Supplies,"Sanford EarthWrite¨ Recycled Pencils, Medium Soft, #2",Wrap Bag,0.57,4/16/2011
3064,21956,2/1/2011,High,2,125.273,0.02,Regular Air,-301.91,65.99,8.99,Natalie Webber,Manitoba,Prarie,Consumer,Technology,Telephones and Communication,5180,Small Box,0.56,2/3/2011
3073,22051,12/30/2011,Not Specified,39,209.33,0.01,Regular Air,-160.71,4.98,7.44,Michael Moore,Manitoba,Prarie,Corporate,Office Supplies,Paper,Xerox 1922,Small Box,0.36,1/1/2012
3080,22086,12/15/2011,Medium,21,2039.33,0.08,Delivery Truck,-862.44,95.95,74.35,Jamie Frazer,Manitoba,Prarie,Small Business,Furniture,Chairs & Chairmats,Bevis Steel Folding Chairs,Jumbo Drum,0.57,12/16/2011
3107,22304,11/25/2011,Low,24,40.24,0.1,Regular Air,-3.73,1.76,0.7,Joseph Airdo,Manitoba,Prarie,Consumer,Office Supplies,Pens & Art Supplies,Newell 310,Wrap Bag,0.56,11/29/2011
3248,23270,3/13/2011,Low,20,1460.42,0.04,Delivery Truck,-441.44,68.81,60,Mick Crebagga,Manitoba,Prarie,Home Office,Office Supplies,Appliances,"Holmes Replacement Filter for HEPA Air Cleaner, Very Large Room, HEPA Filter",Jumbo Drum,0.41,3/17/2011
3249,23270,3/13/2011,Low,42,6659.7415,0.05,Express Air,1647.75,195.99,3.99,Mick Crebagga,Manitoba,Prarie,Home Office,Technology,Telephones and Communication,CF 888,Small Box,0.59,3/18/2011
3358,24033,1/2/2011,High,50,1227.18,0,Delivery Truck,-252.53,23.99,15.68,Steven Ward,Manitoba,Prarie,Consumer,Furniture,Office Furnishings,"Westinghouse Floor Lamp with Metal Mesh Shade, Black",Jumbo Drum,0.62,1/4/2011
3412,24384,3/26/2011,Medium,44,205.11,0.06,Regular Air,95.52,4.91,0.5,Linda Southworth,Manitoba,Prarie,Consumer,Office Supplies,Labels,Avery 508,Small Box,0.36,3/28/2011
3413,24384,3/26/2011,Medium,21,3981.23,0.07,Regular Air,294.94,193.17,19.99,Linda Southworth,Manitoba,Prarie,Consumer,Office Supplies,Storage & Organization,Fellowes Staxonsteel¨ Drawer Files,Small Box,0.71,3/28/2011
3414,24384,3/26/2011,Medium,20,2458.2425,0.1,Regular Air,110.54,155.99,8.99,Linda Southworth,Manitoba,Prarie,Consumer,Technology,Telephones and Communication,CF 688,Small Box,0.58,3/28/2011
3656,26176,11/19/2011,High,14,94.32,0.06,Regular Air,-66.87,6.48,8.19,Gary McGarr,Manitoba,Prarie,Home Office,Office Supplies,Paper,Xerox 217,Small Box,0.37,11/21/2011
3657,26176,11/19/2011,High,30,554.4295,0.03,Regular Air,34.01,20.99,4.81,Gary McGarr,Manitoba,Prarie,Home Office,Technology,Telephones and Communication,1726 Digital Answering Machine,Medium Box,0.58,11/20/2011
3712,26503,4/21/2011,Medium,47,671.78,0.1,Regular Air,297.23,15.57,1.39,Thais Sissman,Manitoba,Prarie,Small Business,Office Supplies,Envelopes,Park Ridgeª Embossed Executive Business Envelopes,Small Box,0.38,4/23/2011
3713,26503,4/21/2011,Medium,12,262.09,0.01,Regular Air,58.69,19.98,10.49,Thais Sissman,Manitoba,Prarie,Small Business,Furniture,Office Furnishings,12-1/2 Diameter Round Wall Clock,Small Box,0.49,4/22/2011
3752,26787,9/19/2011,High,25,1119.91,0.08,Express Air,434.71,48.04,5.79,Jamie Frazer,Manitoba,Prarie,Small Business,Office Supplies,Paper,Xerox 1937,Small Box,0.37,9/21/2011
3839,27364,5/20/2011,Medium,25,74.07,0.04,Regular Air,4.37,2.88,1.49,Joseph Airdo,Manitoba,Prarie,Corporate,Office Supplies,Binders and Binder Accessories,Avery Durable Binders,Small Box,0.36,5/22/2011
3840,27364,5/20/2011,Medium,29,1529.0565,0.06,Regular Air,201.73,65.99,3.99,Joseph Airdo,Manitoba,Prarie,Corporate,Technology,Telephones and Communication,StarTAC 7760,Small Box,0.59,5/22/2011
3881,27717,10/26/2011,Critical,19,75.19,0.05,Regular Air,-93.67,3.75,7.5,Tracy Collins,Manitoba,Prarie,Corporate,Office Supplies,Labels,Smead Alpha-Z Color-Coded Name Labels First Letter Starter Set,Small Box,0.37,10/29/2011
3890,27778,9/2/2011,Critical,10,6350.29,0.02,Regular Air,-735.97,599.99,24.49,Roy Skaria,Manitoba,Prarie,Corporate,Technology,Copiers and Fax,Canon PC1080F Personal Copier,Large Box,0.5,9/4/2011
3916,27936,7/7/2011,High,23,1028.16,0.07,Regular Air,405.16,55.99,1.25,Irene Maddox,Manitoba,Prarie,Consumer,Technology,Telephones and Communication,Accessory32,Small Pack,0.35,7/9/2011
4023,28741,2/28/2011,Not Specified,13,70.13,0.02,Regular Air,21.51,5.43,0.95,Craig Molinari,Manitoba,Prarie,Small Business,Office Supplies,Paper,"Wirebound Message Book, 4 per Page",Wrap Bag,0.36,3/1/2011
4024,28741,2/28/2011,Not Specified,5,59.76,0.04,Regular Air,-10.34,10.98,3.37,Craig Molinari,Manitoba,Prarie,Small Business,Office Supplies,"Scissors, Rulers and Trimmers",Fiskars¨ Softgrip Scissors,Small Pack,0.57,3/1/2011
4109,29249,6/13/2011,Low,12,3156.6,0.1,Regular Air,454.26,276.2,24.49,Joy Daniels,Manitoba,Prarie,Corporate,Furniture,Chairs & Chairmats,SAFCO Arco Folding Chair,Large Box,,6/17/2011
4110,29249,6/13/2011,Low,47,302.69,0.05,Express Air,125.65,6.35,1.02,Joy Daniels,Manitoba,Prarie,Corporate,Office Supplies,Paper,"Telephone Message Books with Fax/Mobile Section, 5 1/2"" x 3 3/16""",Wrap Bag,0.39,6/18/2011
4330,30853,7/27/2011,Medium,16,41.52,0.06,Regular Air,-85.17,2.18,7.09,Meg Tillman,Manitoba,Prarie,Small Business,Office Supplies,Paper,"Ampad¨ Evidence¨ Wirebond Steno Books, 6"" x 9""",Wrap Bag,0.38,7/30/2011
4507,32069,11/19/2011,Not Specified,17,114.94,0.09,Regular Air,-102.24,6.48,9.68,Gene McClure,Manitoba,Prarie,Consumer,Office Supplies,Paper,Xerox 1993,Small Box,0.36,11/21/2011
4591,32647,11/18/2011,High,32,671.75,0.07,Regular Air,-56.83,20.97,4,Rick Bensley,Manitoba,Prarie,Consumer,Technology,Computer Peripherals,Microsoft Internet Keyboard,Small Box,0.77,11/20/2011
4592,32647,11/18/2011,High,27,9541.04,0.06,Delivery Truck,348.84,348.21,84.84,Rick Bensley,Manitoba,Prarie,Consumer,Furniture,Tables,Bretford CR4500 Series Slim Rectangular Table,Jumbo Box,0.66,11/20/2011
4716,33571,10/11/2011,Medium,1,7.15,0.03,Regular Air,-2.55,5.08,2.03,Steven Ward,Manitoba,Prarie,Consumer,Furniture,Office Furnishings,"Master Caster Door Stop, Brown",Wrap Bag,0.51,10/14/2011
4753,33794,2/22/2011,Critical,18,92.77,0.06,Regular Air,-17.91,4.91,3.05,Ryan Crowe,Manitoba,Prarie,Small Business,Furniture,Office Furnishings,Ultra Door Push Plate,Small Pack,0.52,2/24/2011
5006,35687,11/18/2011,Not Specified,48,620.23,0.06,Express Air,115.24,12.64,4.98,Gary Hwang,Manitoba,Prarie,Home Office,Furniture,Office Furnishings,Nu-Dell Executive Frame,Small Pack,0.48,11/19/2011
5015,35782,8/5/2011,Low,42,6427.18,0.09,Regular Air,2097.10,165.98,19.99,Julie Kriz,Manitoba,Prarie,Corporate,Office Supplies,Binders and Binder Accessories,GBC DocuBind P100 Manual Binding Machine,Small Box,0.4,8/12/2011
5016,35782,8/5/2011,Low,13,1330.73,0.06,Delivery Truck,-450.10,105.49,41.64,Julie Kriz,Manitoba,Prarie,Corporate,Furniture,Tables,Balt Solid Wood Rectangular Table,Jumbo Box,0.75,8/10/2011
5296,37702,6/10/2011,Not Specified,44,601.78,0.05,Regular Air,26.44,13.48,4.51,Linda Southworth,Manitoba,Prarie,Consumer,Office Supplies,Storage & Organization,"Tenex Personal Project File with Scoop Front Design, Black",Small Box,0.59,6/12/2011
5419,38528,12/20/2011,Critical,10,70.02,0.07,Regular Air,22.62,7.31,0.5,Russell Applegate,Manitoba,Prarie,Small Business,Office Supplies,Labels,Avery 516,Small Box,0.38,12/22/2011
5459,38786,6/18/2011,Medium,10,236.17,0.09,Delivery Truck,-21.39,23.99,15.68,Thomas Brumley,Manitoba,Prarie,Consumer,Furniture,Office Furnishings,"Westinghouse Floor Lamp with Metal Mesh Shade, Black",Jumbo Drum,0.62,6/20/2011
5500,39008,4/28/2011,Not Specified,28,3582.79,0,Delivery Truck,-1177.14,122.99,70.2,Nick Radford,Manitoba,Prarie,Corporate,Furniture,Chairs & Chairmats,"Global High-Back Leather Tilter, Burgundy",Jumbo Drum,0.74,4/30/2011
5553,39331,9/13/2011,High,23,149.4,0.06,Express Air,-126.05,5.81,8.49,Gene McClure,Manitoba,Prarie,Home Office,Office Supplies,Binders and Binder Accessories,Fellowes Black Plastic Comb Bindings,Small Box,0.39,9/14/2011
5772,40964,5/23/2011,Critical,40,301.12,0,Regular Air,-206.05,6.84,8.37,Nick Radford,Manitoba,Prarie,Corporate,Office Supplies,"Scissors, Rulers and Trimmers","Acme Design Line 8"" Stainless Steel Bent Scissors w/Champagne Handles, 3-1/8"" Cut",Small Pack,0.58,5/26/2011
6088,43137,2/26/2011,High,40,6069.05,0.05,Regular Air,1816.71,155.06,7.07,Linda Southworth,Manitoba,Prarie,Consumer,Office Supplies,Storage & Organization,"Dual Level, Single-Width Filing Carts",Small Box,0.59,2/27/2011
6300,44609,6/18/2011,Low,28,525.4,0.08,Regular Air,126.49,19.84,4.1,Michael Oakman,Manitoba,Prarie,Small Business,Office Supplies,Pens & Art Supplies,Prismacolor Color Pencil Set,Wrap Bag,0.44,6/23/2011
6301,44609,6/18/2011,Low,37,61.77,0.04,Express Air,12.65,1.48,0.7,Michael Oakman,Manitoba,Prarie,Small Business,Office Supplies,Rubber Bands,Binder Clips by OIC,Wrap Bag,0.37,6/22/2011
6442,45794,9/24/2011,Critical,28,1208.35,0,Regular Air,145.54,39.99,10.25,Rick Bensley,Manitoba,Prarie,Consumer,Technology,Computer Peripherals,Zoom V.92 V.44 PCI Internal Controllerless FaxModem,Small Box,0.55,9/26/2011
6483,46147,1/15/2011,Critical,37,925.8,0.01,Regular Air,30.69,24.92,12.98,Mick Crebagga,Manitoba,Prarie,Corporate,Office Supplies,Binders and Binder Accessories,GBC Standard Therm-A-Bind Covers,Small Box,0.39,1/17/2011
6484,46147,1/15/2011,Critical,39,282.48,0.08,Express Air,-87.01,7.1,6.05,Mick Crebagga,Manitoba,Prarie,Corporate,Office Supplies,Binders and Binder Accessories,"Wilson Jones Hanging View Binder, White, 1""",Small Box,0.39,1/17/2011
6485,46147,1/15/2011,Critical,12,6502.46,0.09,Delivery Truck,261.66,550.98,64.59,Mick Crebagga,Manitoba,Prarie,Corporate,Furniture,Tables,"Chromcraft Bull-Nose Wood 48"" x 96"" Rectangular Conference Tables",Jumbo Box,0.66,1/17/2011
6501,46305,7/30/2011,Low,30,299.66,0.08,Regular Air,-18.25,10.44,5.75,Sue Ann Reed,Manitoba,Prarie,Consumer,Office Supplies,Binders and Binder Accessories,"Avery¨ 3 1/2"" Diskette Storage Pages, 10/Pack",Small Box,0.39,8/3/2011
6514,46372,2/26/2011,High,7,375.57,0.02,Regular Air,12.71,52.4,16.11,Tanja Norvell,Manitoba,Prarie,Consumer,Office Supplies,Binders and Binder Accessories,Ibico Laser Imprintable Binding System Covers,Small Box,0.39,2/26/2011
6515,46372,2/26/2011,High,15,81.97,0.07,Regular Air,-81.33,4.98,8.33,Tanja Norvell,Manitoba,Prarie,Consumer,Office Supplies,Paper,Xerox 198,Small Box,0.38,2/27/2011
6598,46951,11/17/2011,Critical,26,2379.3285,0.09,Regular Air,284.59,115.99,5.92,Katherine Ducich,Manitoba,Prarie,Corporate,Technology,Telephones and Communication,8890,Small Box,0.58,11/18/2011
6614,47075,10/17/2011,Medium,42,4346.98,0.05,Delivery Truck,10.22,100.98,35.84,Mick Crebagga,Manitoba,Prarie,Home Office,Furniture,Bookcases,"Bush Westfield Collection Bookcases, Fully Assembled",Jumbo Box,0.62,10/19/2011
6857,48837,7/18/2011,Not Specified,39,4799.7885,0.09,Regular Air,1231.89,155.99,3.9,Tanja Norvell,Manitoba,Prarie,Corporate,Technology,Telephones and Communication,T39m,Small Box,0.55,7/20/2011
6903,49220,8/13/2011,Critical,13,409.97,0.07,Regular Air,39.36,33.62,3.5,Evan Bailliet,Manitoba,Prarie,Corporate,Office Supplies,Appliances,Fellowes 8 Outlet Superior Workstation Surge Protector w/o Phone/Fax/Modem Protection,Small Box,0.59,8/14/2011
6925,49409,8/16/2011,High,28,1457.78,0.04,Regular Air,68.23,49.99,19.99,Natalie Webber,Manitoba,Prarie,Consumer,Technology,Computer Peripherals,US Robotics 56K V.92 Internal PCI Faxmodem,Small Box,0.45,8/17/2011
6934,49479,7/27/2011,Medium,46,5615.4,0.07,Delivery Truck,1807.16,120.97,26.3,Victor Price,Manitoba,Prarie,Consumer,Technology,Office Machines,Canon S750 Color Inkjet Printer,Jumbo Drum,0.38,7/29/2011
6943,49600,3/7/2011,Low,33,1692.03,0.1,Regular Air,574.44,54.96,10.75,Troy Blackwell,Manitoba,Prarie,Home Office,Office Supplies,Paper,Xerox 1940,Small Box,0.36,3/12/2011
6998,49987,1/19/2011,High,14,242.284,0.03,Regular Air,51.75,20.99,0.99,Tanja Norvell,Manitoba,Prarie,Consumer,Technology,Telephones and Communication,Accessory21,Wrap Bag,0.37,1/21/2011
7065,50405,7/2/2011,Medium,8,876.01,0.07,Regular Air,-108.00,111.03,8.64,Theresa Swint,Manitoba,Prarie,Small Business,Office Supplies,Storage & Organization,Fellowes Recycled Storage Drawers,Small Box,0.78,7/2/2011
7069,50464,9/27/2011,Critical,7,105.94,0.07,Regular Air,-13.33,14.45,7.17,Natalie Webber,Manitoba,Prarie,Corporate,Office Supplies,Binders and Binder Accessories,"Acco Recycled 2"" Capacity Laser Printer Hanging Data Binders",Small Box,0.38,9/30/2011
7070,50465,3/11/2011,Medium,29,1337.08,0.1,Regular Air,-953.00,48.91,35,Thais Sissman,Manitoba,Prarie,Small Business,Office Supplies,Storage & Organization,Tennsco Industrial Shelving,Large Box,0.83,3/13/2011
7118,50789,3/12/2011,Not Specified,23,8673.9,0.1,Regular Air,3440.05,387.99,19.99,Tracy Collins,Manitoba,Prarie,Consumer,Office Supplies,Binders and Binder Accessories,Fellowes PB300 Plastic Comb Binding Machine,Small Box,0.38,3/14/2011
7193,51302,8/24/2011,Not Specified,44,167.55,0.03,Regular Air,-223.50,3.75,7.5,Tracy Collins,Manitoba,Prarie,Consumer,Office Supplies,Labels,Smead Alpha-Z Color-Coded Name Labels First Letter Starter Set,Small Box,0.37,8/26/2011
7244,51650,6/1/2011,High,25,470.11,0.08,Regular Air,91.09,19.98,5.97,Rachel Payne,Manitoba,Prarie,Consumer,Office Supplies,Paper,Xerox 1936,Small Box,0.38,6/3/2011
7245,51650,6/1/2011,High,43,10854.83,0.08,Delivery Truck,2039.41,270.97,28.06,Rachel Payne,Manitoba,Prarie,Consumer,Technology,Office Machines,Epson LQ-570e Dot Matrix Printer,Jumbo Drum,0.56,6/3/2011
7246,51650,6/1/2011,High,19,51.23,0.1,Regular Air,-5.29,2.94,0.96,Rachel Payne,Manitoba,Prarie,Consumer,Office Supplies,Pens & Art Supplies,Newell 343,Wrap Bag,0.58,6/3/2011
7247,51652,4/9/2011,Not Specified,37,195.51,0.03,Express Air,95.56,4.98,0.49,Rachel Payne,Manitoba,Prarie,Home Office,Office Supplies,Labels,Avery White Multi-Purpose Labels,Small Box,0.39,4/11/2011
7248,51652,4/9/2011,Not Specified,38,4992.63,0.07,Express Air,44.13,140.85,19.99,Rachel Payne,Manitoba,Prarie,Home Office,Office Supplies,Storage & Organization,"Fellowes Strictly Business¨ Drawer File, Letter/Legal Size",Small Box,0.73,4/10/2011
7313,52160,7/3/2011,Critical,5,15.6,0.09,Express Air,1.67,2.18,0.78,Jack Garza,Manitoba,Prarie,Corporate,Office Supplies,Rubber Bands,Stockwell Push Pins,Wrap Bag,0.52,7/6/2011
7314,52160,7/3/2011,Critical,6,631.499,0.09,Regular Air,-403.02,125.99,8.08,Jack Garza,Manitoba,Prarie,Corporate,Technology,Telephones and Communication,M3682,Small Box,0.57,7/5/2011
7382,52640,1/1/2011,Medium,18,1163.75,0.05,Express Air,222.17,63.98,19.99,Steven Ward,Manitoba,Prarie,Consumer,Office Supplies,Binders and Binder Accessories,GBC ProClick Punch Binding System,Small Box,0.36,1/4/2011
7546,53956,8/8/2011,High,43,1779.87,0.01,Regular Air,311.72,40.99,17.48,Elpida Rittenbach,Manitoba,Prarie,Consumer,Office Supplies,Paper,Xerox 1893,Small Box,0.36,8/9/2011
7654,54882,2/6/2011,Critical,17,86.29,0.02,Regular Air,34.98,4.98,0.49,Natalie Webber,Manitoba,Prarie,Consumer,Office Supplies,Labels,Avery White Multi-Purpose Labels,Small Box,0.39,2/9/2011
7655,54882,2/6/2011,Critical,2,86.92,0.03,Regular Air,-43.93,36.55,13.89,Natalie Webber,Manitoba,Prarie,Consumer,Office Supplies,Pens & Art Supplies,"Dixon Ticonderoga Core-Lock Colored Pencils, 48-Color Set",Wrap Bag,0.41,2/8/2011
7680,55042,12/8/2011,High,28,1717.88,0.05,Express Air,513.93,60.97,4.5,Russell Applegate,Manitoba,Prarie,Home Office,Office Supplies,Appliances,Tripp Lite Isotel 6 Outlet Surge Protector with Fax/Modem Protection,Small Box,0.56,12/10/2011
7681,55042,12/8/2011,High,38,1978.4345,0.09,Regular Air,471.09,65.99,2.5,Russell Applegate,Manitoba,Prarie,Home Office,Technology,Telephones and Communication,6000,Small Box,0.55,12/9/2011
7774,55650,10/21/2011,Low,41,1258.97,0.1,Regular Air,-112.58,32.98,5.5,Steven Cartwright,Manitoba,Prarie,Home Office,Technology,Computer Peripherals,PC Concepts 116 Key Quantum 3000 Keyboard,Small Box,0.75,10/23/2011
7876,56322,9/30/2011,Medium,26,799.84,0.08,Regular Air,64.13,31.11,3.6,Sean Braxton,Manitoba,Prarie,Small Business,Technology,Computer Peripherals,"Imation 3.5"" Diskettes, IBM Format, DS/HD, 10/Box, Neon",Small Pack,0.64,10/2/2011
7877,56322,9/30/2011,Medium,16,1689.137,0.07,Regular Air,71.06,125.99,8.08,Sean Braxton,Manitoba,Prarie,Small Business,Technology,Telephones and Communication,M3682,Small Box,0.57,10/2/2011
8127,58086,3/10/2011,Medium,27,154.62,0.04,Regular Air,-118.60,5.53,6.98,Arthur Gainer,Manitoba,Prarie,Corporate,Office Supplies,Binders and Binder Accessories,Avery Durable Poly Binders,Small Box,0.39,3/11/2011
8128,58086,3/10/2011,Medium,31,1638.2,0.1,Regular Air,471.22,55.98,13.88,Arthur Gainer,Manitoba,Prarie,Corporate,Office Supplies,Paper,Xerox 1882,Small Box,0.36,3/11/2011
8160,58342,4/1/2011,High,40,1718.87,0.02,Regular Air,754.10,40.98,1.99,Rick Bensley,Manitoba,Prarie,Consumer,Technology,Computer Peripherals,"Imation Printable White 80 Minute CD-R Spindle, 50/Pack",Small Pack,0.44,4/1/2011
82,512,5/19/2011,Low,6,1309.53,0.06,Regular Air,19.18,218.08,18.06,Sam Craven,Saskachewan,Prarie,Home Office,Furniture,Chairs & Chairmats,"Lifetime Advantageª Folding Chairs, 4/Carton",Large Box,0.57,5/19/2011
83,512,5/19/2011,Low,48,806.37,0.01,Express Air,-166.40,15.42,10.68,Sam Craven,Saskachewan,Prarie,Home Office,Office Supplies,Storage & Organization,"Decoflex Hanging Personal Folder File, Blue",Small Box,0.58,5/21/2011
517,3554,6/16/2011,Low,25,288.91,0.08,Regular Air,-14.06,12.28,6.47,Ken Heidel,Saskachewan,Prarie,Corporate,Office Supplies,Paper,Xerox 1881,Small Box,0.38,6/25/2011
784,5575,7/23/2011,Low,41,254.69,0.06,Regular Air,-269.37,5.98,10.39,Rick Hansen,Saskachewan,Prarie,Corporate,Office Supplies,Paper,Xerox 1895,Small Box,0.4,7/23/2011
881,6336,8/28/2011,High,43,320.26,0.01,Express Air,-84.13,7.1,6.05,Joseph Holt,Saskachewan,Prarie,Home Office,Office Supplies,Binders and Binder Accessories,"Wilson Jones Hanging View Binder, White, 1""",Small Box,0.39,8/30/2011
1418,10278,9/12/2011,Low,25,1907.71,0,Delivery Truck,32.55,70.98,26.74,Rick Hansen,Saskachewan,Prarie,Home Office,Furniture,Bookcases,"Hon Metal Bookcases, Black",Jumbo Box,0.6,9/19/2011
1719,12355,5/28/2011,Not Specified,36,209.53,0.03,Regular Air,-81.06,5.78,5.67,Ken Heidel,Saskachewan,Prarie,Corporate,Office Supplies,Paper,Xerox 1978,Small Box,0.36,5/29/2011
1720,12355,5/28/2011,Not Specified,14,225.47,0,Regular Air,-29.07,14.97,7.51,Ken Heidel,Saskachewan,Prarie,Corporate,Office Supplies,Storage & Organization,Pizazz¨ Global Quick Fileª,Small Box,0.57,5/29/2011
2322,16737,6/20/2011,Not Specified,15,1390.49,0.01,Regular Air,366.80,90.48,19.99,Toby Grace,Saskachewan,Prarie,Home Office,Office Supplies,Envelopes,Tyvek¨ Side-Opening Peel & Seel¨ Expanding Envelopes,Small Box,0.4,6/21/2011
3099,22211,10/3/2011,Not Specified,30,943.44,0.08,Regular Air,-89.98,30.98,19.99,Peter Fuller,Saskachewan,Prarie,Consumer,Office Supplies,Paper,Xerox 1988,Small Box,0.4,10/5/2011
3100,22211,10/3/2011,Not Specified,47,14493.84,0,Delivery Truck,634.76,376.13,85.63,Peter Fuller,Saskachewan,Prarie,Consumer,Furniture,Tables,Bretford Rectangular Conference Table Tops,Jumbo Box,0.74,10/4/2011
3326,23781,10/31/2011,Critical,30,200.24,0,Regular Air,-59.85,6.48,5.84,Ashley Jarboe,Saskachewan,Prarie,Home Office,Office Supplies,Paper,Xerox 226,Small Box,0.37,11/2/2011
3715,26529,1/28/2011,Low,41,12125.14,0.08,Delivery Truck,3376.03,297.64,14.7,Pauline Webber,Saskachewan,Prarie,Consumer,Technology,Office Machines,Panasonic KX-P3200 Dot Matrix Printer,Jumbo Drum,0.57,2/1/2011
3775,26948,11/22/2011,High,38,273.89,0.05,Regular Air,-160.40,7.3,7.72,Matt Collister,Saskachewan,Prarie,Home Office,Office Supplies,Binders and Binder Accessories,"Angle-D Binders with Locking Rings, Label Holders",Small Box,0.38,11/23/2011
4016,28674,8/15/2011,High,26,161.96,0,Regular Air,-51.12,5.78,5.67,Susan Gilcrest,Saskachewan,Prarie,Home Office,Office Supplies,Paper,Xerox 1978,Small Box,0.36,8/16/2011
4087,29152,7/23/2011,Low,3,58.63,0,Regular Air,-40.86,17.48,1.99,Ashley Jarboe,Saskachewan,Prarie,Small Business,Technology,Computer Peripherals,"Maxell Pro 80 Minute CD-R, 10/Pack",Small Pack,0.45,7/27/2011
4088,29152,7/23/2011,Low,13,94.99,0.06,Regular Air,-106.29,6.98,9.69,Ashley Jarboe,Saskachewan,Prarie,Small Business,Office Supplies,Storage & Organization,Eldon Shelf Saversª Cubes and Bins,Small Box,0.83,7/23/2011
4177,29639,4/17/2011,Critical,8,22.37,0.04,Regular Air,-14.09,2.6,2.4,Patrick Ryan,Saskachewan,Prarie,Corporate,Office Supplies,Pens & Art Supplies,12 Colored Short Pencils,Wrap Bag,0.58,4/19/2011
4566,32484,2/4/2011,Not Specified,9,2502.67,0.1,Delivery Truck,-198.80,300.98,64.73,William Brown,Saskachewan,Prarie,Corporate,Furniture,Chairs & Chairmats,"Global Leather and Oak Executive Chair, Black",Jumbo Drum,0.56,2/5/2011
4905,34913,11/22/2011,Medium,15,107.63,0,Regular Air,-29.89,6.81,5.48,William Brown,Saskachewan,Prarie,Home Office,Office Supplies,Binders and Binder Accessories,Avery Self-Adhesive Photo Pockets for Polaroid Photos,Small Box,0.37,11/24/2011
5145,36676,8/25/2011,Not Specified,32,3046.01,0.08,Delivery Truck,998.65,100.97,14,Mitch Willingham,Saskachewan,Prarie,Corporate,Technology,Office Machines,Hewlett-Packard Deskjet 3820 Color Inkjet Printer,Jumbo Drum,0.37,8/27/2011
5146,36676,8/25/2011,Not Specified,15,353.52,0.04,Regular Air,51.53,22.84,8.18,Mitch Willingham,Saskachewan,Prarie,Corporate,Office Supplies,Paper,Xerox 1991,Small Box,0.39,8/26/2011
5155,36708,9/19/2011,Not Specified,46,636.5,0.01,Regular Air,-71.98,12.99,9.44,William Brown,Saskachewan,Prarie,Corporate,Technology,Office Machines,Hewlett Packard 6S Scientific Calculator,Medium Box,0.39,9/21/2011
5156,36708,9/19/2011,Not Specified,25,2614.3705,0.07,Regular Air,384.01,125.99,7.69,William Brown,Saskachewan,Prarie,Corporate,Technology,Telephones and Communication,Timeport L7089,Small Box,0.58,9/21/2011
5288,37667,12/2/2011,High,31,472.35,0.03,Regular Air,61.68,14.48,6.46,Peter Fuller,Saskachewan,Prarie,Consumer,Office Supplies,Binders and Binder Accessories,"GBC White Gloss Covers, Plain Front",Small Box,0.38,12/3/2011
5326,37861,12/28/2011,Not Specified,32,980.07,0.09,Regular Air,337.25,30.98,5.76,Patrick Ryan,Saskachewan,Prarie,Corporate,Office Supplies,Paper,"IBM Multi-Purpose Copy Paper, 8 1/2 x 11"", Case",Small Box,0.4,12/30/2011
5385,38304,3/22/2011,High,7,30.1,0.09,Regular Air,-28.31,3.58,5.47,Pauline Webber,Saskachewan,Prarie,Consumer,Office Supplies,Binders and Binder Accessories,Avery Poly Binder Pockets,Small Box,0.37,3/24/2011
6344,44965,10/2/2011,Low,19,28.82,0,Regular Air,2.16,1.48,0.7,Peter Fuller,Saskachewan,Prarie,Corporate,Office Supplies,Rubber Bands,Binder Clips by OIC,Wrap Bag,0.37,10/6/2011
6345,44965,10/2/2011,Low,45,75.39,0.05,Regular Air,-4.83,1.68,0.7,Peter Fuller,Saskachewan,Prarie,Corporate,Office Supplies,Pens & Art Supplies,Newell 308,Wrap Bag,0.6,10/6/2011
6448,45893,5/26/2011,High,15,68.03,0.05,Regular Air,8.87,4.49,1.49,Patrick Ryan,Saskachewan,Prarie,Corporate,Office Supplies,Binders and Binder Accessories,Avery Non-Stick Binders,Small Box,0.39,5/27/2011
6507,46311,7/25/2011,High,42,1244.01,0,Regular Air,539.57,28.48,1.99,Peter Fuller,Saskachewan,Prarie,Consumer,Technology,Computer Peripherals,"Memorex 4.7GB DVD+RW, 3/Pack",Small Pack,0.4,7/25/2011
6508,46311,7/25/2011,High,42,981.73,0.03,Regular Air,388.23,22.23,3.63,Peter Fuller,Saskachewan,Prarie,Consumer,Furniture,Office Furnishings,"Executive Impressions 14"" Contract Wall Clock",Small Pack,0.52,7/26/2011
6509,46311,7/25/2011,High,44,302.07,0,Regular Air,-185.98,6.48,8.4,Peter Fuller,Saskachewan,Prarie,Consumer,Office Supplies,Paper,Xerox 212,Small Box,0.37,7/27/2011
6660,47398,6/17/2011,Medium,6,1307.184,0.03,Delivery Truck,-184.06,262.11,62.74,Peter Fuller,Saskachewan,Prarie,Corporate,Furniture,Tables,Bevis Boat-Shaped Conference Table,Jumbo Box,0.75,6/19/2011
6917,49346,5/5/2011,Not Specified,8,94.35,0.1,Regular Air,42.22,12.22,2.85,Rick Hansen,Saskachewan,Prarie,Corporate,Furniture,Office Furnishings,Aluminum Document Frame,Small Pack,0.55,5/8/2011
6918,49346,5/5/2011,Not Specified,50,276.75,0.04,Regular Air,-117.91,5.28,5.57,Rick Hansen,Saskachewan,Prarie,Corporate,Office Supplies,Paper,Xerox 1981,Small Box,0.4,5/6/2011
7130,50852,6/12/2011,Medium,24,188.47,0.03,Regular Air,-191.23,7.38,11.51,Nick Zandusky,Saskachewan,Prarie,Small Business,Office Supplies,Binders and Binder Accessories,GBC Plastic Binding Combs,Small Box,0.36,6/13/2011
7950,56804,3/27/2011,Critical,41,136.45,0.1,Regular Air,-202.08,3.36,6.27,Rick Hansen,Saskachewan,Prarie,Home Office,Office Supplies,Binders and Binder Accessories,Cardinal Poly Pocket Divider Pockets for Ring Binders,Small Box,0.4,3/29/2011
7951,56804,3/27/2011,Critical,24,121.81,0.05,Regular Air,-50.21,4.98,4.86,Rick Hansen,Saskachewan,Prarie,Home Office,Office Supplies,Paper,Xerox 190,Small Box,0.38,3/28/2011
116,771,6/16/2011,Critical,18,88.84,0.08,Regular Air,-38.35,4.98,4.72,Darrin Van Huff,Saskachewan,Prarie,Home Office,Office Supplies,Paper,Xerox 1949,Small Box,0.36,6/17/2011
912,6560,1/4/2011,Low,20,169.18,0.09,Regular Air,-18.73,8.67,3.5,Max Ludwig,Saskachewan,Prarie,Corporate,Office Supplies,Appliances,Staples 4 Outlet Surge Protector,Small Box,0.58,1/8/2011
913,6560,1/4/2011,Low,37,8252.392,0.04,Delivery Truck,1853.19,280.98,35.67,Max Ludwig,Saskachewan,Prarie,Corporate,Furniture,Tables,Global Adaptabilitiesª Conference Tables,Jumbo Box,0.66,1/9/2011
2601,18789,3/16/2011,High,50,1558.18,0,Regular Air,417.62,30.98,9.18,Craig Rider,Saskachewan,Prarie,Small Business,Office Supplies,Paper,Xerox 1951,Small Box,0.4,3/18/2011
2725,19654,1/9/2011,High,8,381.69,0.04,Regular Air,256.18,46.94,6.77,Maribeth Yedwab,Saskachewan,Prarie,Home Office,Furniture,Office Furnishings,"Howard Miller 13"" Diameter Goldtone Round Wall Clock",Small Box,0.44,1/9/2011
3407,24326,9/29/2011,Critical,37,1596.86,0.05,Regular Air,418.60,44.01,3.5,Cindy Schnelling,Saskachewan,Prarie,Corporate,Office Supplies,Appliances,Acco Smartsocket¨ Color-Coded Six-Outlet AC Adapter Model Surge Protectors,Small Box,0.59,10/1/2011
3408,24326,9/29/2011,Critical,12,78.36,0.06,Regular Air,8.52,6.68,1.5,Cindy Schnelling,Saskachewan,Prarie,Corporate,Office Supplies,Pens & Art Supplies,Sanford Liquid Accent Highlighters,Wrap Bag,0.48,9/30/2011
4001,28550,3/20/2011,Not Specified,44,21532.26,0.09,Delivery Truck,8323.39,500.97,69.3,Cindy Schnelling,Saskachewan,Prarie,Corporate,Technology,Office Machines,Epson Stylus 1520 Color Inkjet Printer,Jumbo Drum,0.37,3/23/2011
4002,28550,3/20/2011,Not Specified,1,7.64,0.1,Regular Air,-6.60,4.76,3.01,Cindy Schnelling,Saskachewan,Prarie,Corporate,Office Supplies,Paper,"TOPS Voice Message Log Book, Flash Format",Wrap Bag,0.36,3/21/2011
4049,28870,11/10/2011,High,27,1154.89,0.03,Regular Air,66.36,40.98,6.5,Cindy Schnelling,Saskachewan,Prarie,Corporate,Technology,Computer Peripherals,Microsoft Office Keyboard,Small Box,0.64,11/11/2011
4440,31620,8/11/2011,Critical,20,1108.366,0.05,Regular Air,178.31,65.99,2.5,Maribeth Yedwab,Saskachewan,Prarie,Home Office,Technology,Telephones and Communication,6000,Small Box,0.55,8/13/2011
4479,31876,5/7/2011,High,8,741.49,0.08,Regular Air,-360.18,95.99,35,Brian Moss,Saskachewan,Prarie,Corporate,Office Supplies,Storage & Organization,Safco Industrial Wire Shelving,Large Box,,5/8/2011
4696,33473,1/4/2011,Low,50,600.22,0.08,Regular Air,27.86,12.98,3.14,Michelle Moray,Saskachewan,Prarie,Corporate,Office Supplies,"Scissors, Rulers and Trimmers","Acme¨ 8"" Straight Scissors",Small Pack,0.6,1/4/2011
5426,38561,8/30/2011,Critical,19,169.4,0.1,Regular Air,-59.64,9.48,7.29,Mark Van Huff,Saskachewan,Prarie,Home Office,Furniture,Office Furnishings,"DAX Two-Tone Rosewood/Black Document Frame, Desktop, 5 x 7",Small Pack,0.45,9/1/2011
5916,41956,12/12/2011,Medium,22,364.69,0.06,Express Air,-22.40,16.91,6.25,Mark Hamilton,Saskachewan,Prarie,Home Office,Office Supplies,Storage & Organization,"Tenex Personal Self-Stacking Standard File Box, Black/Gray",Small Box,0.58,12/13/2011
5917,41956,12/12/2011,Medium,16,86.3,0,Regular Air,-68.67,4.89,4.93,Mark Hamilton,Saskachewan,Prarie,Home Office,Technology,Computer Peripherals,"Maxell 3.5"" DS/HD IBM-Formatted Diskettes, 10/Pack",Small Pack,0.66,12/14/2011
7728,55362,4/20/2011,High,24,67.84,0.07,Regular Air,13.44,2.88,0.99,Cindy Schnelling,Saskachewan,Prarie,Corporate,Office Supplies,Labels,Avery 474,Small Box,0.36,4/22/2011
245,1666,10/17/2011,Critical,19,5642.18,0.09,Express Air,1996.68,315.98,19.99,Nona Balk,Saskachewan,Prarie,Corporate,Office Supplies,Binders and Binder Accessories,GBC ProClickª 150 Presentation Binding System,Small Box,0.38,10/19/2011
697,4871,6/11/2011,Critical,8,775.74,0.02,Delivery Truck,-215.39,89.99,42,Neil French,Saskachewan,Prarie,Consumer,Furniture,Chairs & Chairmats,"Global Leather Task Chair, Black",Jumbo Drum,0.66,6/13/2011
698,4871,6/11/2011,Critical,26,238.34,0.06,Regular Air,-19.31,9.31,3.98,Neil French,Saskachewan,Prarie,Consumer,Office Supplies,"Scissors, Rulers and Trimmers",Acme¨ Forged Steel Scissors with Black Enamel Handles,Small Pack,0.56,6/14/2011
1109,8133,2/26/2011,Medium,11,405.53,0.04,Regular Air,130.52,35.44,5.09,Neil French,Saskachewan,Prarie,Corporate,Office Supplies,Paper,Xerox 1932,Small Box,0.38,2/27/2011
1199,8802,1/31/2011,Medium,15,1866.12,0.07,Regular Air,400.69,123.38,24.49,Suzanne McNair,Saskachewan,Prarie,Small Business,Office Supplies,Appliances,Honeywell Enviracaire¨ Portable HEPA Air Cleaner for up to 10 x 16 Room,Large Box,0.46,2/2/2011
1327,9671,9/12/2011,High,6,12.61,0.07,Regular Air,-4.90,1.88,1.49,Sung Shariari,Saskachewan,Prarie,Corporate,Office Supplies,Binders and Binder Accessories,Staples¨ General Use 3-Ring Binders,Small Box,0.37,9/14/2011
2462,17924,8/26/2011,Critical,42,2507.48,0.04,Regular Air,762.53,60.97,4.5,Richard Eichhorn,Saskachewan,Prarie,Consumer,Office Supplies,Appliances,Tripp Lite Isotel 6 Outlet Surge Protector with Fax/Modem Protection,Small Box,0.56,8/26/2011
4169,29539,4/23/2011,High,24,223.2,0.1,Regular Air,78.74,9.78,1.39,Neil French,Saskachewan,Prarie,Corporate,Office Supplies,Envelopes,"Staples #10 Laser & Inkjet Envelopes, 4 1/8"" x 9 1/2"", 100/Box",Small Box,0.39,4/24/2011
4371,31140,2/1/2011,Critical,4,13.42,0.03,Regular Air,-1.26,3.08,0.99,Susan Pistek,Saskachewan,Prarie,Home Office,Office Supplies,Labels,Avery 481,Small Box,0.37,2/2/2011
4417,31520,11/28/2011,High,23,138.71,0.09,Regular Air,-33.16,5.89,5.57,Rob Beeghly,Saskachewan,Prarie,Consumer,Furniture,Office Furnishings,Eldon Wave Desk Accessories,Small Box,0.41,11/29/2011
4873,34663,7/6/2011,Not Specified,38,29186.49,0.05,Delivery Truck,11562.08,808.49,55.3,Nick Crebassa,Saskachewan,Prarie,Corporate,Technology,Office Machines,"Hewlett-Packard Business Color Inkjet 3000 [N, DTN] Series Printers",Jumbo Drum,0.4,7/8/2011
6283,44452,12/9/2011,Not Specified,50,330.27,0.07,Regular Air,-195.57,6.48,7.86,Susan Pistek,Saskachewan,Prarie,Home Office,Office Supplies,Paper,Xerox 213,Small Box,0.37,12/11/2011
6404,45506,12/26/2011,Low,3,448.3665,0.03,Regular Air,-748.41,175.99,8.99,Neil French,Saskachewan,Prarie,Consumer,Technology,Telephones and Communication,2180,Small Box,0.57,12/31/2011
7783,55686,3/25/2011,Critical,26,423.14,0.03,Regular Air,85.51,15.98,4,Suzanne McNair,Saskachewan,Prarie,Corporate,Technology,Computer Peripherals,Logitech Access Keyboard,Small Box,0.37,3/27/2011
7784,55686,3/25/2011,Critical,22,628.39,0.1,Express Air,181.83,30.98,5.09,Suzanne McNair,Saskachewan,Prarie,Corporate,Office Supplies,Paper,Xerox 19,Small Box,0.4,3/27/2011
7785,55686,3/25/2011,Critical,2,162.49,0.03,Regular Air,-94.83,81.32,0.99,Suzanne McNair,Saskachewan,Prarie,Corporate,Office Supplies,Appliances,Kensington 4 Outlet MasterPiece¨ Compact Power Control Center,Small Box,0.57,3/28/2011
8398,59973,11/15/2011,Low,29,11039.75,0.06,Delivery Truck,2148.97,400.97,14.7,Suzanne McNair,Saskachewan,Prarie,Small Business,Technology,Office Machines,Epson FX-980 Dot Matrix Printer,Jumbo Drum,0.59,11/15/2011
8399,59973,11/15/2011,Low,30,4982.944,0.07,Delivery Truck,693.69,217.85,29.1,Suzanne McNair,Saskachewan,Prarie,Small Business,Furniture,Tables,"Chromcraft Bull-Nose Wood Round Conference Table Top, Wood Base",Jumbo Box,0.68,11/19/2011
1361,9922,4/3/2011,Not Specified,26,1075.91,0.03,Regular Air,34.42,39.98,7.12,Jack O'Briant,Saskachewan,Prarie,Consumer,Technology,Computer Peripherals,"IBM Active Response Keyboard, Black",Small Box,0.67,4/4/2011
1362,9922,4/3/2011,Not Specified,21,1176.859,0.03,Regular Air,137.86,65.99,3.99,Jack O'Briant,Saskachewan,Prarie,Consumer,Technology,Telephones and Communication,StarTAC 7760,Small Box,0.59,4/4/2011
1757,12611,10/15/2011,Medium,13,189.99,0.03,Express Air,72.82,12.97,1.49,Justin Ellison,Saskachewan,Prarie,Home Office,Office Supplies,Binders and Binder Accessories,"Mead 1st Gear 2"" Zipper Binder, Asst. Colors",Small Box,0.35,10/17/2011
1798,12871,10/4/2011,Not Specified,46,459.26,0.08,Regular Air,-54.12,10.23,4.68,Michael Oakman,Saskachewan,Prarie,Small Business,Office Supplies,"Scissors, Rulers and Trimmers",Acme¨ Box Cutter Scissors,Small Pack,0.59,10/6/2011
2524,18340,6/17/2011,Medium,20,148.65,0.1,Express Air,-142.78,7.28,11.15,Jack O'Briant,Saskachewan,Prarie,Consumer,Office Supplies,Paper,"Array¨ Parchment Paper, Assorted Colors",Small Box,0.37,6/18/2011
2525,18340,6/17/2011,Medium,28,198.21,0.01,Express Air,-163.28,6.48,10.05,Jack O'Briant,Saskachewan,Prarie,Consumer,Office Supplies,Paper,Xerox 1997,Small Box,0.37,6/18/2011
2972,21477,5/21/2011,Low,7,189.73,0.01,Regular Air,43.17,24.95,2.99,Jennifer Jackson,Saskachewan,Prarie,Home Office,Office Supplies,Binders and Binder Accessories,Large Capacity Hanging Post Binders,Small Box,0.39,5/21/2011
2973,21477,5/21/2011,Low,40,278.8,0.06,Regular Air,77.71,6.88,2,Jennifer Jackson,Saskachewan,Prarie,Home Office,Office Supplies,Paper,"Adams Phone Message Book, 200 Message Capacity, 8 1/16Ó x 11Ó",Wrap Bag,0.39,5/23/2011
4069,28963,12/4/2011,Not Specified,37,6072.1875,0.09,Regular Air,1372.09,205.99,2.5,Joel Eaton,Saskachewan,Prarie,Home Office,Technology,Telephones and Communication,V70,Small Box,0.59,12/6/2011
4951,35238,4/28/2011,Low,27,1403.027,0.1,Express Air,153.80,65.99,5.63,Jack O'Briant,Saskachewan,Prarie,Small Business,Technology,Telephones and Communication,2190,Small Box,0.56,4/28/2011
4976,35399,1/21/2011,Low,38,188.38,0.04,Regular Air,-120.12,4.91,5.68,Karen Bern,Saskachewan,Prarie,Corporate,Office Supplies,Binders and Binder Accessories,"Acco Pressboard Covers with Storage Hooks, 14 7/8"" x 11"", Light Blue",Small Box,0.36,1/23/2011
5363,38118,4/18/2011,Not Specified,7,138.91,0.09,Regular Air,-64.11,19.98,4,Jack O'Briant,Saskachewan,Prarie,Small Business,Technology,Computer Peripherals,Belkin 105-Key Black Keyboard,Small Box,0.68,4/20/2011
6818,48544,5/16/2011,High,44,831.5805,0.01,Regular Air,273.05,20.99,0.99,Jack O'Briant,Saskachewan,Prarie,Small Business,Technology,Telephones and Communication,Accessory25,Wrap Bag,0.57,5/18/2011
6913,49319,8/25/2011,Low,13,98.82,0.09,Regular Air,-68.66,7.37,5.53,Karen Bern,Saskachewan,Prarie,Corporate,Technology,Computer Peripherals,"Imation 3.5"" Unformatted DS/HD Diskettes, 10/Box",Small Pack,0.69,8/27/2011
6914,49319,8/25/2011,Low,40,289.19,0.01,Regular Air,-69.03,6.68,6.15,Karen Bern,Saskachewan,Prarie,Corporate,Office Supplies,Paper,Xerox 1968,Small Box,0.37,8/27/2011
7197,51360,6/20/2011,Medium,12,46.55,0,Regular Air,16.34,3.69,0.5,Jack O'Briant,Saskachewan,Prarie,Consumer,Office Supplies,Labels,Avery 501,Small Box,0.38,6/22/2011
7389,52672,1/8/2011,Low,29,1499.5275,0.09,Regular Air,188.98,65.99,5.26,Jack O'Briant,Saskachewan,Prarie,Home Office,Technology,Telephones and Communication,8860,Small Box,0.56,1/13/2011
7572,54176,6/27/2011,Not Specified,33,2492.97,0.06,Regular Air,131.02,73.98,14.52,Jack O'Briant,Saskachewan,Prarie,Consumer,Technology,Computer Peripherals,Keytronic French Keyboard,Small Box,0.65,6/28/2011
6,32,7/15/2011,High,15,140.56,0.04,Regular Air,-128.38,8.46,8.99,Liz Pelletier,Saskachewan,Prarie,Corporate,Technology,Computer Peripherals,"Imation 3.5 IBM Diskettes, 10/Box",Small Pack,0.79,7/16/2011
200,1317,5/18/2011,High,44,523.42,0.06,Regular Air,39.42,11.7,5.63,Janet Lee,Saskachewan,Prarie,Consumer,Office Supplies,Binders and Binder Accessories,Fellowes Binding Cases,Small Box,0.4,5/20/2011
201,1317,5/18/2011,High,40,192.54,0.08,Regular Air,-186.73,4.98,7.44,Janet Lee,Saskachewan,Prarie,Consumer,Office Supplies,Paper,Xerox 1922,Small Box,0.36,5/19/2011
202,1317,5/18/2011,High,29,156.7,0.06,Regular Air,-76.64,5.28,5.57,Janet Lee,Saskachewan,Prarie,Consumer,Office Supplies,Paper,Xerox 1981,Small Box,0.4,5/20/2011
407,2757,7/19/2011,High,42,569.32,0.05,Express Air,84.38,12.98,3.14,Lycoris Saunders,Saskachewan,Prarie,Corporate,Office Supplies,"Scissors, Rulers and Trimmers","Acme¨ 8"" Straight Scissors",Small Pack,0.6,7/20/2011
725,5217,10/12/2011,High,8,339.35,0.03,Express Air,27.88,40.98,5.33,Lycoris Saunders,Saskachewan,Prarie,Home Office,Office Supplies,Appliances,Belkin 8 Outlet Surge Protector,Small Box,0.57,10/12/2011
726,5217,10/12/2011,High,11,33.67,0.09,Regular Air,4.08,3.08,0.99,Lycoris Saunders,Saskachewan,Prarie,Home Office,Office Supplies,Labels,Avery 481,Small Box,0.37,10/14/2011
1110,8135,6/26/2011,Not Specified,16,772.412,0.03,Regular Air,-184.69,55.99,5,Rick Wilson,Saskachewan,Prarie,Consumer,Technology,Telephones and Communication,Accessory6,Small Pack,0.8,6/27/2011
1404,10210,6/23/2011,Not Specified,10,767.34,0.04,Regular Air,-154.65,73.98,14.52,Liz Carlisle,Saskachewan,Prarie,Corporate,Technology,Computer Peripherals,Keytronic French Keyboard,Small Box,0.65,6/24/2011
1421,10308,4/20/2011,High,40,5554.036,0.09,Regular Air,1153.84,175.99,8.99,Dennis Pardue,Saskachewan,Prarie,Small Business,Technology,Telephones and Communication,2180,Small Box,0.57,4/22/2011
1687,12194,3/1/2011,Critical,19,3355.154,0,Regular Air,658.50,195.99,3.99,Maxwell Schwartz,Saskachewan,Prarie,Corporate,Technology,Telephones and Communication,R380,Small Box,0.58,3/2/2011
1997,14242,5/8/2011,High,35,1078.58,0.03,Regular Air,9.00,30.73,4,Dennis Pardue,Saskachewan,Prarie,Corporate,Technology,Computer Peripherals,Fellowes 17-key keypad for PS/2 interface,Small Box,0.75,5/10/2011
2089,14951,5/17/2011,Medium,34,2779.2,0.02,Regular Air,889.57,80.98,7.18,Denise Monton,Saskachewan,Prarie,Home Office,Technology,Computer Peripherals,Logitech Cordless Navigator Duo,Small Box,0.48,5/19/2011
2090,14951,5/17/2011,Medium,26,65.21,0.08,Regular Air,-41.60,2.6,2.4,Denise Monton,Saskachewan,Prarie,Home Office,Office Supplies,Pens & Art Supplies,12 Colored Short Pencils,Wrap Bag,0.58,5/17/2011
2180,15714,7/5/2011,High,50,2510.71,0.01,Express Air,3.60,49.43,19.99,MaryBeth Skach,Saskachewan,Prarie,Home Office,Office Supplies,Appliances,"Eureka Hand Vacuum, Bagless",Small Box,0.57,7/7/2011
2530,18370,1/13/2011,Low,41,1271.0475,0,Regular Air,-158.24,35.99,5,Rick Wilson,Saskachewan,Prarie,Consumer,Technology,Telephones and Communication,Accessory27,Small Box,0.85,1/17/2011
2720,19649,5/4/2011,High,25,375.74,0.05,Express Air,-9.31,14.42,6.75,Janet Lee,Saskachewan,Prarie,Consumer,Office Supplies,Appliances,Holmes Odor Grabber,Medium Box,0.52,5/6/2011
2721,19649,5/4/2011,High,36,1095.11,0.1,Delivery Truck,-1286.43,31.76,45.51,Janet Lee,Saskachewan,Prarie,Consumer,Furniture,Tables,Hon iLevelª Computer Training Table,Jumbo Box,0.65,5/5/2011
3164,22727,7/3/2011,Not Specified,45,296.82,0.07,Regular Air,-120.37,6.48,6.65,Lycoris Saunders,Saskachewan,Prarie,Corporate,Office Supplies,Paper,Xerox 1966,Small Box,0.36,7/3/2011
3497,24931,11/7/2011,Low,9,149.64,0.05,Regular Air,13.77,16.74,5.08,MaryBeth Skach,Saskachewan,Prarie,Home Office,Office Supplies,Binders and Binder Accessories,GBC Poly Designer Binding Covers,Small Box,0.36,11/11/2011
3650,26144,10/26/2011,High,28,75.74,0.1,Regular Air,13.23,2.88,0.99,Lindsay Castell,Saskachewan,Prarie,Small Business,Office Supplies,Labels,Avery 474,Small Box,0.36,10/27/2011
3702,26439,9/15/2011,Medium,38,1230.83,0,Regular Air,75.50,30.98,6.5,Justin Deggeller,Saskachewan,Prarie,Corporate,Technology,Computer Peripherals,Belkin ErgoBoardª Keyboard,Small Box,0.64,9/16/2011
3703,26439,9/15/2011,Medium,37,169.93,0.04,Regular Air,-114.35,4.28,5.74,Justin Deggeller,Saskachewan,Prarie,Corporate,Office Supplies,Paper,Xerox 1953,Small Box,0.4,9/15/2011
3704,26439,9/15/2011,Medium,23,1176.944,0.1,Regular Air,53.65,65.99,4.99,Justin Deggeller,Saskachewan,Prarie,Corporate,Technology,Telephones and Communication,MicroTAC 650,Small Box,0.58,9/17/2011
4011,28641,10/12/2011,Not Specified,33,278.65,0.05,Express Air,-36.34,8.32,2.38,Liz Pelletier,Saskachewan,Prarie,Home Office,Technology,Computer Peripherals,"Imation 3.5 IBM Formatted Diskettes, 10/Box",Small Pack,0.74,10/13/2011
4045,28867,7/22/2011,Medium,43,866.73,0.1,Regular Air,-199.98,20.97,6.5,Maxwell Schwartz,Saskachewan,Prarie,Corporate,Technology,Computer Peripherals,Microsoft Internet Keyboard,Small Box,0.78,7/23/2011
4046,28867,7/22/2011,Medium,6,642.42,0.03,Regular Air,80.01,104.85,19.99,Maxwell Schwartz,Saskachewan,Prarie,Corporate,Office Supplies,Paper,Multicolor Computer Printout Paper,Small Box,0.37,7/23/2011
4047,28867,7/22/2011,Medium,26,2169.7525,0.02,Regular Air,374.75,95.99,8.99,Maxwell Schwartz,Saskachewan,Prarie,Corporate,Technology,Telephones and Communication,600 Series Flip,Small Box,0.57,7/24/2011
4303,30657,5/10/2011,High,6,273.38,0.06,Express Air,-170.91,43.22,16.71,Paul Stevenson,Saskachewan,Prarie,Corporate,Technology,Computer Peripherals,"Fellowes Mobile Numeric Keypad, Graphite",Small Box,0.66,5/11/2011
4304,30657,5/10/2011,High,8,179.66,0.01,Regular Air,-1.73,22.24,1.99,Paul Stevenson,Saskachewan,Prarie,Corporate,Technology,Computer Peripherals,"Verbatim DVD-R, 3.95GB, SR, Mitsubishi Branded, Jewel",Small Pack,0.43,5/12/2011
4428,31556,7/27/2011,Critical,35,269.35,0.07,Regular Air,-14.99,7.7,3.68,Kelly Collister,Saskachewan,Prarie,Consumer,Furniture,Office Furnishings,Deflect-O¨ Glasstiqueª Clear Desk Accessories,Wrap Bag,0.52,7/28/2011
4441,31648,8/20/2011,High,8,68.94,0,Regular Air,-32.63,8.32,2.38,Greg Hansen,Saskachewan,Prarie,Home Office,Technology,Computer Peripherals,"Imation 3.5 IBM Formatted Diskettes, 10/Box",Small Pack,0.74,8/20/2011
4442,31648,8/20/2011,High,10,74.04,0.03,Regular Air,-37.04,6.68,7.3,Greg Hansen,Saskachewan,Prarie,Home Office,Office Supplies,Paper,Xerox 1959,Small Box,0.37,8/22/2011
4608,32806,6/21/2011,High,48,175.99,0.1,Express Air,77.30,3.69,0.5,Lycoris Saunders,Saskachewan,Prarie,Home Office,Office Supplies,Labels,Avery 487,Small Box,0.38,6/22/2011
4609,32806,6/21/2011,High,33,221.23,0.02,Regular Air,-45.29,6.68,5.2,Lycoris Saunders,Saskachewan,Prarie,Home Office,Office Supplies,Paper,Xerox 1977,Small Box,0.37,6/23/2011
4799,34112,9/1/2011,Critical,13,315.792,0.1,Regular Air,-105.77,28.99,8.59,Dennis Pardue,Saskachewan,Prarie,Small Business,Technology,Telephones and Communication,SouthWestern Bell FA970 Digital Answering Machine with Time/Day Stamp,Medium Box,0.56,9/3/2011
5690,40225,1/9/2011,Low,50,839.07,0.06,Regular Air,212.73,16.74,5.08,Frank Gastineau,Saskachewan,Prarie,Small Business,Office Supplies,Binders and Binder Accessories,GBC Poly Designer Binding Covers,Small Box,0.36,1/16/2011
5691,40225,1/9/2011,Low,45,5643.49,0.05,Delivery Truck,-1857.06,122.99,70.2,Frank Gastineau,Saskachewan,Prarie,Small Business,Furniture,Chairs & Chairmats,"Global High-Back Leather Tilter, Burgundy",Jumbo Drum,0.74,1/11/2011
5904,41857,5/6/2011,Low,45,461.05,0.04,Express Air,-38.39,9.65,6.22,Lycoris Saunders,Saskachewan,Prarie,Home Office,Furniture,Office Furnishings,"Eldon Expressionsª Desk Accessory, Wood Pencil Holder, Oak",Small Box,0.55,5/11/2011
6066,42979,5/1/2011,Not Specified,29,2770.79,0.02,Delivery Truck,109.39,90.98,30,Maxwell Schwartz,Saskachewan,Prarie,Corporate,Furniture,Chairs & Chairmats,Office Star - Task Chair with Contemporary Loop Arms,Jumbo Drum,0.61,5/3/2011
6085,43110,2/6/2011,High,3,21.01,0,Regular Air,-9.69,4.98,5.02,Maxwell Schwartz,Saskachewan,Prarie,Corporate,Office Supplies,Paper,Xerox 1989,Small Box,0.38,2/6/2011
6086,43110,2/6/2011,High,1,3457.99,0.05,Regular Air,-11861.46,3499.99,24.49,Maxwell Schwartz,Saskachewan,Prarie,Corporate,Technology,Copiers and Fax,Canon imageCLASS 2200 Advanced Copier,Large Box,0.37,2/8/2011
6104,43239,3/16/2011,Not Specified,14,270.25,0.02,Regular Air,100.90,18.94,1.49,Lycoris Saunders,Saskachewan,Prarie,Home Office,Office Supplies,Binders and Binder Accessories,Flexible Leather- Look Classic Collection Ring Binder,Small Box,0.35,3/18/2011
6610,47015,2/13/2011,Not Specified,19,5441.06,0.06,Delivery Truck,-557.20,286.85,61.76,Jeremy Lonsdale,Saskachewan,Prarie,Corporate,Furniture,Tables,Riverside Furniture Stanwyck Manor Table Series,Jumbo Box,0.78,2/14/2011
6955,49760,10/1/2011,Medium,3,44.84,0.09,Regular Air,37.74,14.2,5.3,Denise Monton,Saskachewan,Prarie,Home Office,Furniture,Office Furnishings,Coloredge Poster Frame,Wrap Bag,0.46,10/2/2011
6956,49760,10/1/2011,Medium,13,1281.1795,0.02,Regular Air,-26.62,115.99,5.92,Denise Monton,Saskachewan,Prarie,Home Office,Technology,Telephones and Communication,8890,Small Box,0.58,10/3/2011
6957,49760,10/1/2011,Medium,38,710.33,0.09,Express Air,62.53,18.97,9.03,Denise Monton,Saskachewan,Prarie,Home Office,Office Supplies,Paper,Computer Printout Paper with Letter-Trim Perforations,Small Box,0.37,10/3/2011
7173,51201,12/16/2011,High,42,312.05,0.04,Regular Air,-342.38,7.38,11.51,Jonathan Doherty,Saskachewan,Prarie,Corporate,Office Supplies,Binders and Binder Accessories,GBC Plastic Binding Combs,Small Box,0.36,12/16/2011
7770,55621,3/15/2011,Low,50,6356.68,0.03,Regular Air,1812.86,128.24,12.65,Neil Knudson,Saskachewan,Prarie,Home Office,Furniture,Chairs & Chairmats,SAFCO Folding Chair Trolley,Medium Box,,3/17/2011
7771,55621,3/15/2011,Low,47,193.15,0.09,Regular Air,27.76,4.28,0.94,Neil Knudson,Saskachewan,Prarie,Home Office,Office Supplies,Pens & Art Supplies,Newell 336,Wrap Bag,0.56,3/22/2011
7891,56423,12/25/2011,Not Specified,41,170.82,0,Express Air,85.45,3.69,0.5,Dennis Pardue,Saskachewan,Prarie,Corporate,Office Supplies,Labels,Avery 501,Small Box,0.38,12/26/2011
7892,56423,12/25/2011,Not Specified,4,1609.69,0.04,Regular Air,-281.17,419.19,19.99,Dennis Pardue,Saskachewan,Prarie,Corporate,Office Supplies,Storage & Organization,Smead Adjustable Mobile File Trolley with Lockable Top,Small Box,0.58,12/26/2011
8059,57510,12/10/2011,Not Specified,6,48.05,0.01,Regular Air,-11.34,6.68,5.2,Liz Carlisle,Saskachewan,Prarie,Corporate,Office Supplies,Paper,Xerox 1977,Small Box,0.37,12/10/2011
8101,57799,8/31/2011,High,25,12343.07,0.02,Delivery Truck,3972.72,500.97,69.3,Janet Lee,Saskachewan,Prarie,Consumer,Technology,Office Machines,Epson Stylus 1520 Color Inkjet Printer,Jumbo Drum,0.37,9/2/2011
8217,58755,12/3/2011,Low,7,15.61,0.03,Regular Air,-5.19,2.08,1.49,Denise Monton,Saskachewan,Prarie,Home Office,Office Supplies,Binders and Binder Accessories,Round Ring Binders,Small Box,0.38,12/5/2011
8218,58755,12/3/2011,Low,18,47.11,0,Regular Air,-95.42,2.18,7.09,Denise Monton,Saskachewan,Prarie,Home Office,Office Supplies,Paper,"Ampad¨ Evidence¨ Wirebond Steno Books, 6"" x 9""",Wrap Bag,0.38,12/12/2011
8287,59205,10/31/2011,Critical,11,54.59,0,Regular Air,-47.18,4.13,6.89,Neil Knudson,Saskachewan,Prarie,Home Office,Office Supplies,Labels,"Avery 05222 Permanent Self-Adhesive File Folder Labels for Typewriters, on Rolls, White, 250/Roll",Small Box,0.39,11/2/2011
8288,59205,10/31/2011,Critical,35,597.04,0.05,Regular Air,-157.42,16.74,7.04,Neil Knudson,Saskachewan,Prarie,Home Office,Office Supplies,Storage & Organization,Rogers¨ Profile Extra Capacity Storage Tub,Small Box,0.81,11/2/2011
8372,59809,3/8/2011,Not Specified,12,138.67,0.08,Regular Air,-9.72,11.7,5.63,Denise Monton,Saskachewan,Prarie,Home Office,Office Supplies,Binders and Binder Accessories,Fellowes Binding Cases,Small Box,0.4,3/10/2011
8373,59809,3/8/2011,Not Specified,16,506.84,0.02,Regular Air,-38.32,30.98,6.5,Denise Monton,Saskachewan,Prarie,Home Office,Technology,Computer Peripherals,Belkin ErgoBoardª Keyboard,Small Box,0.64,3/9/2011
1254,9095,6/10/2011,High,23,294.91,0.03,Regular Air,-37.27,12.44,6.27,Tracy Hopkins,Saskachewan,Prarie,Small Business,Office Supplies,Storage & Organization,Eldon Simplefile¨ Box Office¨,Medium Box,0.57,6/12/2011
1346,9829,12/8/2011,Critical,23,750.39,0.04,Regular Air,133.71,30.98,11.63,Valerie Takahito,Saskachewan,Prarie,Consumer,Office Supplies,Binders and Binder Accessories,GBC Linen Binding Covers,Small Box,0.37,12/9/2011
1347,9829,12/8/2011,Critical,4,18.46,0.06,Regular Air,-0.43,4.91,0.5,Valerie Takahito,Saskachewan,Prarie,Consumer,Office Supplies,Labels,Avery 508,Small Box,0.36,12/10/2011
1541,11109,3/15/2011,Medium,18,130.38,0.08,Regular Air,31.52,7.4,1.71,Saphhira Shifley,Saskachewan,Prarie,Consumer,Office Supplies,Paper,"It's Hot Message Books with Stickers, 2 3/4"" x 5""",Wrap Bag,0.4,3/16/2011
2157,15462,2/26/2011,Critical,20,862.64,0.08,Regular Air,320.81,43.41,2.99,Luke Schmidt,Saskachewan,Prarie,Home Office,Office Supplies,Binders and Binder Accessories,Satellite Sectional Post Binders,Small Box,0.39,2/27/2011
2231,16128,5/8/2011,High,46,2968.66,0.07,Regular Air,1077.49,63.94,14.48,Michael Grace,Saskachewan,Prarie,Corporate,Furniture,Office Furnishings,"Howard Miller 16"" Diameter Gallery Wall Clock",Small Box,0.46,5/8/2011
3608,25799,2/24/2011,Low,38,136.5,0.05,Regular Air,-216.66,3.34,7.49,Saphhira Shifley,Saskachewan,Prarie,Corporate,Office Supplies,Pens & Art Supplies,"Eldon Spacemaker¨ Box, Quick-Snap Lid, Clear",Wrap Bag,0.54,2/27/2011
4000,28545,8/23/2011,High,15,5296.19,0.1,Regular Air,1164.05,363.25,19.99,Kelly Andreada,Saskachewan,Prarie,Home Office,Office Supplies,Appliances,Hoover WindTunnelª Plus Canister Vacuum,Small Box,0.57,8/24/2011
4331,30853,7/27/2011,Medium,40,254.02,0.04,Regular Air,123.14,6.3,0.5,Meg Tillman,Saskachewan,Prarie,Small Business,Office Supplies,Labels,Avery 48,Small Box,0.39,7/30/2011
4345,30944,6/22/2011,Critical,32,546.01,0.01,Regular Air,133.56,16.74,5.08,Saphhira Shifley,Saskachewan,Prarie,Consumer,Office Supplies,Binders and Binder Accessories,GBC Poly Designer Binding Covers,Small Box,0.36,6/23/2011
4869,34660,9/3/2011,Not Specified,4,24.77,0.1,Regular Air,-17.07,4.91,5.68,Tracy Blumstein,Saskachewan,Prarie,Home Office,Office Supplies,Binders and Binder Accessories,"Acco Pressboard Covers with Storage Hooks, 14 7/8"" x 11"", Light Blue",Small Box,0.36,9/4/2011
4870,34660,9/3/2011,Not Specified,36,3832.37,0.01,Regular Air,1322.07,107.53,5.81,Tracy Blumstein,Saskachewan,Prarie,Home Office,Furniture,Office Furnishings,"Tenex Contemporary Contur Chairmats for Low and Medium Pile Carpet, Computer, 39"" x 49""",Medium Box,0.65,9/5/2011
6033,42727,4/29/2011,Not Specified,11,5510.23,0.01,Delivery Truck,915.80,500.98,26,Saphhira Shifley,Saskachewan,Prarie,Consumer,Furniture,Chairs & Chairmats,Global Troyª Executive Leather Low-Back Tilter,Jumbo Drum,0.6,4/30/2011
6034,42727,4/29/2011,Not Specified,21,177.06,0.1,Regular Air,-100.61,8.45,7.77,Saphhira Shifley,Saskachewan,Prarie,Consumer,Office Supplies,"Scissors, Rulers and Trimmers","Elite 5"" Scissors",Small Pack,0.55,4/30/2011
6124,43363,9/5/2011,Critical,35,12908.4,0.03,Delivery Truck,4084.86,350.99,59,Luke Schmidt,Saskachewan,Prarie,Home Office,Furniture,Chairs & Chairmats,Global Leather Executive Chair,Jumbo Drum,0.55,9/7/2011
6364,45156,2/12/2011,Low,30,663.24,0.01,Regular Air,76.33,20.48,6.32,Luke Schmidt,Saskachewan,Prarie,Home Office,Office Supplies,Appliances,Kensington 6 Outlet Guardian Standard Surge Protector,Small Box,0.58,2/12/2011
6365,45156,2/12/2011,Low,35,238.08,0.07,Regular Air,31.65,6.75,2.99,Luke Schmidt,Saskachewan,Prarie,Home Office,Office Supplies,Binders and Binder Accessories,Wilson Jones DublLock¨ D-Ring Binders,Small Box,0.35,2/19/2011
6366,45156,2/12/2011,Low,14,174.3,0.08,Regular Air,75.58,12.53,0.5,Luke Schmidt,Saskachewan,Prarie,Home Office,Office Supplies,Labels,Avery 485,Small Box,0.38,2/17/2011
7024,50145,2/26/2011,High,18,325.58,0.06,Regular Air,152.28,18.84,3.62,Michael Grace,Saskachewan,Prarie,Corporate,Furniture,Office Furnishings,Flat Face Poster Frame,Wrap Bag,0.43,2/27/2011
7025,50145,2/26/2011,High,9,458.8,0,Regular Air,305.87,46.94,6.77,Michael Grace,Saskachewan,Prarie,Corporate,Furniture,Office Furnishings,"Howard Miller 13"" Diameter Goldtone Round Wall Clock",Small Box,0.44,2/26/2011
7838,56032,12/19/2011,Not Specified,31,2893.31,0.1,Regular Air,937.64,96.45,13.99,Harold Dahlen,Saskachewan,Prarie,Corporate,Technology,Office Machines,Soundgear TeleForum DX Desktop Conference Phone,Medium Box,0.38,12/19/2011
7839,56032,12/19/2011,Not Specified,25,3923.27,0.03,Delivery Truck,-85.86,159.31,60,Harold Dahlen,Saskachewan,Prarie,Corporate,Furniture,Tables,Hon Non-Folding Utility Tables,Jumbo Drum,0.55,12/21/2011
126,805,7/4/2011,Not Specified,39,197.56,0.02,Regular Air,-119.86,4.97,5.71,Toby Swindell,Saskachewan,Prarie,Small Business,Furniture,Office Furnishings,"DAX Value U-Channel Document Frames, Easel Back",Medium Box,0.54,7/6/2011
727,5221,6/8/2011,Not Specified,48,1347.63,0.07,Regular Air,562.89,28.48,1.99,Robert Dilbeck,Saskachewan,Prarie,Corporate,Technology,Computer Peripherals,"Memorex 4.7GB DVD+RW, 3/Pack",Small Pack,0.4,6/10/2011
781,5568,6/6/2011,Medium,8,120.22,0.07,Regular Air,52.69,14.34,5,Randy Ferguson,Saskachewan,Prarie,Home Office,Furniture,Office Furnishings,Nu-Dell Leatherette Frames,Small Pack,0.49,6/7/2011
994,7171,2/13/2011,Medium,28,1703.8505,0,Regular Air,316.06,65.99,8.99,Andy Gerbode,Saskachewan,Prarie,Consumer,Technology,Telephones and Communication,8260,Small Box,0.58,2/15/2011
995,7171,2/13/2011,Medium,17,303.1865,0.02,Regular Air,92.59,20.99,0.99,Andy Gerbode,Saskachewan,Prarie,Consumer,Technology,Telephones and Communication,Accessory21,Wrap Bag,0.37,2/15/2011
1360,9921,5/14/2011,Low,23,356.09,0.05,Regular Air,155.82,15.67,1.39,Amy Hunt,Saskachewan,Prarie,Home Office,Office Supplies,Envelopes,"#10 White Business Envelopes,4 1/8 x 9 1/2",Small Box,0.38,5/14/2011
1518,10979,10/4/2011,Medium,15,486.43,0,Regular Air,285.35,30.93,3.92,Amy Hunt,Saskachewan,Prarie,Small Business,Furniture,Office Furnishings,"Advantus Employee of the Month Certificate Frame, 11 x 13-1/2",Small Pack,0.44,10/6/2011
1519,10979,10/4/2011,Medium,7,144.95,0.08,Express Air,10.82,19.98,5.86,Amy Hunt,Saskachewan,Prarie,Small Business,Office Supplies,Paper,Xerox 191,Small Box,0.38,10/6/2011
2279,16422,10/9/2011,Critical,40,272.01,0.01,Regular Air,-42.45,6.48,5.14,Beth Fritzler,Saskachewan,Prarie,Small Business,Office Supplies,Paper,Xerox 23,Small Box,0.37,10/10/2011
2280,16422,10/9/2011,Critical,16,171.5,0.02,Regular Air,-20.41,10.23,4.68,Beth Fritzler,Saskachewan,Prarie,Small Business,Office Supplies,"Scissors, Rulers and Trimmers",Acme¨ Box Cutter Scissors,Small Pack,0.59,10/11/2011
2394,17345,8/2/2011,Critical,23,195.61,0,Regular Air,-17.02,7.64,5.83,Cynthia Arntzen,Saskachewan,Prarie,Small Business,Office Supplies,Paper,"Rediform Wirebound ""Phone Memo"" Message Book, 11 x 5-3/4",Wrap Bag,0.36,8/4/2011
2676,19363,7/5/2011,High,44,286.06,0.1,Regular Air,-85.09,6.68,5.66,Randy Ferguson,Saskachewan,Prarie,Home Office,Office Supplies,Paper,Xerox 1923,Small Box,0.37,7/6/2011
2677,19363,7/5/2011,High,41,248.1,0.04,Regular Air,49.67,5.98,0.96,Randy Ferguson,Saskachewan,Prarie,Home Office,Office Supplies,Pens & Art Supplies,Newell 315,Wrap Bag,0.6,7/7/2011
2755,19911,10/6/2011,High,43,1054.7,0.07,Regular Air,213.26,25.98,5.37,Brosina Hoffman,Saskachewan,Prarie,Consumer,Office Supplies,Appliances,3M Office Air Cleaner,Medium Box,0.5,10/7/2011
2756,19911,10/6/2011,High,38,5349.21,0.01,Delivery Truck,61.90,135.99,28.63,Brosina Hoffman,Saskachewan,Prarie,Consumer,Furniture,Chairs & Chairmats,Global Deluxe High-Back Office Chair in Storm,Jumbo Drum,0.76,10/8/2011
2757,19911,10/6/2011,High,39,4859.37,0.07,Regular Air,2472.32,150.98,13.99,Brosina Hoffman,Saskachewan,Prarie,Consumer,Technology,Office Machines,Canon MP41DH Printing Calculator,Medium Box,0.38,10/6/2011
3218,23104,4/9/2011,Medium,3,30.92,0.02,Express Air,28.64,6.98,2.83,Trudy Brown,Saskachewan,Prarie,Small Business,Furniture,Office Furnishings,G.E. Halogen Desk Lamp Bulbs,Small Pack,0.37,4/10/2011
3219,23104,4/9/2011,Medium,24,142.8,0.01,Regular Air,-25.00,5.81,3.37,Trudy Brown,Saskachewan,Prarie,Small Business,Office Supplies,Rubber Bands,"Advantus Push Pins, Aluminum Head",Wrap Bag,0.54,4/12/2011
3389,24160,2/1/2011,Medium,44,3644.596,0.06,Regular Air,1104.32,95.99,4.9,Amy Hunt,Saskachewan,Prarie,Home Office,Technology,Telephones and Communication,T60,Small Box,0.56,2/2/2011
3460,24646,4/15/2011,Not Specified,46,662.51,0.09,Regular Air,293.32,15.67,1.39,Trudy Brown,Saskachewan,Prarie,Small Business,Office Supplies,Envelopes,"#10 White Business Envelopes,4 1/8 x 9 1/2",Small Box,0.38,4/16/2011
3461,24646,4/15/2011,Not Specified,21,61.18,0,Regular Air,6.85,2.88,0.7,Trudy Brown,Saskachewan,Prarie,Small Business,Office Supplies,Pens & Art Supplies,Newell 340,Wrap Bag,0.56,4/17/2011
3660,26214,11/20/2011,Medium,19,305.68,0.1,Express Air,128.17,15.74,1.39,Beth Fritzler,Saskachewan,Prarie,Small Business,Office Supplies,Envelopes,"#10-4 1/8"" x 9 1/2"" Premium Diagonal Seam Envelopes",Small Box,0.4,11/21/2011
3661,26214,11/20/2011,Medium,41,1901.29,0.08,Regular Air,870.80,46.94,6.77,Beth Fritzler,Saskachewan,Prarie,Small Business,Furniture,Office Furnishings,"Howard Miller 13"" Diameter Goldtone Round Wall Clock",Small Box,0.44,11/21/2011
3907,27845,7/13/2011,Not Specified,36,220.45,0.1,Regular Air,101.40,6.3,0.5,Craig Molinari,Saskachewan,Prarie,Small Business,Office Supplies,Labels,Avery 51,Small Box,0.39,7/14/2011
4289,30565,7/26/2011,Medium,32,1785.02,0.04,Express Air,52.66,55.94,4,Roy Collins,Saskachewan,Prarie,Corporate,Technology,Computer Peripherals,"Fellowes Smart Design 104-Key Enhanced Keyboard, PS/2 Adapter, Platinum",Small Box,0.74,7/28/2011
4448,31687,5/19/2011,High,44,123.06,0.07,Regular Air,3.50,2.78,1.34,Arianne Irving,Saskachewan,Prarie,Corporate,Office Supplies,Pens & Art Supplies,Prang Drawing Pencil Set,Wrap Bag,0.45,5/19/2011
5318,37826,4/23/2011,Medium,45,325.8,0.03,Regular Air,-84.85,6.78,6.18,Amy Hunt,Saskachewan,Prarie,Consumer,Office Supplies,Paper,Strathmore Photo Mount Cards,Small Box,0.39,4/25/2011
5947,42214,5/24/2011,Low,46,569.92,0.03,Regular Air,154.09,12.22,2.85,Randy Ferguson,Saskachewan,Prarie,Home Office,Furniture,Office Furnishings,Aluminum Document Frame,Small Pack,0.55,5/31/2011
5948,42214,5/24/2011,Low,28,183.65,0.02,Regular Air,-59.96,6.48,5.84,Randy Ferguson,Saskachewan,Prarie,Home Office,Office Supplies,Paper,Xerox 226,Small Box,0.37,5/31/2011
6039,42788,10/13/2011,Critical,26,241.92,0.1,Regular Air,67.71,10.14,2.27,Amy Hunt,Saskachewan,Prarie,Small Business,Office Supplies,Paper,"Staples Wirebound Steno Books, 6"" x 9"", 12/Pack",Wrap Bag,0.36,10/15/2011
6606,47010,10/3/2011,Critical,11,1479.14,0.06,Delivery Truck,-236.63,130.98,30,Robert Dilbeck,Saskachewan,Prarie,Corporate,Furniture,Chairs & Chairmats,"Office Star - Contemporary Task Swivel chair with 2-way adjustable arms, Plum",Jumbo Drum,0.78,10/3/2011
6702,47717,12/17/2011,Not Specified,35,173.22,0.04,Regular Air,84.03,4.91,0.5,Andy Gerbode,Saskachewan,Prarie,Consumer,Office Supplies,Labels,Avery 493,Small Box,0.36,12/18/2011
7192,51300,10/15/2011,Medium,43,344.24,0.09,Regular Air,30.76,8.33,1.99,Toby Carlisle,Saskachewan,Prarie,Home Office,Technology,Computer Peripherals,"80 Minute Slim Jewel Case CD-R , 10/Pack - Staples",Small Pack,0.52,10/17/2011
7249,51687,9/11/2011,Low,42,248.92,0.01,Regular Air,-66.87,5.58,5.3,Craig Molinari,Saskachewan,Prarie,Small Business,Office Supplies,Envelopes,Staples Brown Kraft Recycled Clasp Envelopes,Small Box,0.35,9/13/2011
7288,51974,1/26/2011,High,10,1290.37,0.05,Regular Air,231.16,123.38,24.49,Trudy Brown,Saskachewan,Prarie,Small Business,Office Supplies,Appliances,Honeywell Enviracaire¨ Portable HEPA Air Cleaner for up to 10 x 16 Room,Large Box,0.46,1/27/2011
7289,51974,1/26/2011,High,2,23.18,0.05,Regular Air,-14.88,8.6,6.19,Trudy Brown,Saskachewan,Prarie,Small Business,Office Supplies,Binders and Binder Accessories,Avery Printable Repositionable Plastic Tabs,Small Box,0.38,1/27/2011
7542,53895,9/4/2011,Not Specified,21,7922.69,0.1,Regular Air,1558.79,419.19,19.99,Amy Hunt,Saskachewan,Prarie,Small Business,Office Supplies,Storage & Organization,Smead Adjustable Mobile File Trolley with Lockable Top,Small Box,0.58,9/6/2011
7884,56387,5/20/2011,Medium,32,128.14,0.1,Express Air,-163.58,3.89,7.01,Brian Dahlen,Saskachewan,Prarie,Small Business,Office Supplies,Binders and Binder Accessories,Avery Binder Labels,Small Box,0.37,5/22/2011
7885,56387,5/20/2011,Medium,9,67.46,0.08,Regular Air,-57.53,6.48,10.05,Brian Dahlen,Saskachewan,Prarie,Small Business,Office Supplies,Paper,Xerox 1997,Small Box,0.37,5/22/2011
7944,56743,6/22/2011,Medium,23,524.25,0.06,Express Air,152.31,22.23,8.99,Arianne Irving,Saskachewan,Prarie,Corporate,Furniture,Office Furnishings,"Executive Impressions 14"" Contract Wall Clock with Quartz Movement",Small Pack,0.41,6/25/2011
7958,56838,7/29/2011,Critical,44,4326.27,0.09,Regular Air,1728.20,100.98,7.18,Roy Collins,Saskachewan,Prarie,Corporate,Technology,Computer Peripherals,Logitech Cordless Elite Duo,Small Box,0.4,7/30/2011
7988,57095,3/23/2011,Medium,37,254.93,0.01,Regular Air,-62.88,6.81,5.48,Paul Prost,Saskachewan,Prarie,Corporate,Office Supplies,Binders and Binder Accessories,Avery Self-Adhesive Photo Pockets for Polaroid Photos,Small Box,0.37,3/26/2011
8019,57287,10/28/2011,Not Specified,11,472.12,0.03,Regular Air,56.10,40.97,1.99,Randy Ferguson,Saskachewan,Prarie,Corporate,Technology,Computer Peripherals,"TDK 4.7GB DVD-R Spindle, 15/Pack",Small Pack,0.42,10/29/2011
8388,59911,12/18/2011,Not Specified,1,10.59,0.1,Regular Air,-4.31,9.11,2.15,Arianne Irving,Saskachewan,Prarie,Corporate,Office Supplies,Paper,"Black Print Carbonless Snap-Off¨ Rapid Letter, 8 1/2"" x 7""",Wrap Bag,0.4,12/19/2011
1174,8578,9/2/2011,High,40,366.87,0.1,Regular Air,-1.79,9.74,5.71,Lisa DeCherney,New Brunswick,Atlantic,Corporate,Furniture,Office Furnishings,"Staples 10"" Round Wall Clock",Small Box,0.41,9/3/2011
1667,12037,6/30/2011,Low,14,135.21,0.04,Regular Air,5.89,9.27,4.39,Muhammed Yedwab,New Brunswick,Atlantic,Consumer,Office Supplies,Paper,"Wirebound Message Books, Four 2 3/4"" x 5"" Forms per Page, 600 Sets per Book",Wrap Bag,0.38,7/5/2011
2329,16802,4/20/2011,Medium,44,302.59,0.05,Express Air,-124.44,6.68,6.93,Nora Price,New Brunswick,Atlantic,Home Office,Office Supplies,Paper,HP Office Paper (20Lb. and 87 Bright),Small Box,0.37,4/21/2011
2330,16802,4/20/2011,Medium,26,2703.45,0.01,Regular Air,-445.04,95.99,35,Nora Price,New Brunswick,Atlantic,Home Office,Office Supplies,Storage & Organization,Safco Industrial Wire Shelving,Large Box,,4/22/2011
2922,21155,2/5/2011,High,4,81.78,0.07,Regular Air,-12.43,19.98,5.97,Muhammed Yedwab,New Brunswick,Atlantic,Consumer,Office Supplies,Paper,Xerox 1936,Small Box,0.38,2/6/2011
3022,21731,11/26/2011,Low,26,1580.57,0.08,Regular Air,-750.82,60.98,49,Liz MacKendrick,New Brunswick,Atlantic,Corporate,Office Supplies,Appliances,Euro Pro Shark Stick Mini Vacuum,Large Box,0.59,11/26/2011
3036,21799,4/19/2011,Not Specified,42,115.99,0.05,Express Air,-53.35,2.6,2.4,Lynn Smith,New Brunswick,Atlantic,Corporate,Office Supplies,Pens & Art Supplies,12 Colored Short Pencils,Wrap Bag,0.58,4/20/2011
3098,22210,9/19/2011,Critical,37,1033.44,0.1,Regular Air,385.63,29.14,4.86,Tracy Collins,New Brunswick,Atlantic,Corporate,Office Supplies,Paper,"Snap-A-Way¨ Black Print Carbonless Speed Message, No Reply Area, Duplicate",Wrap Bag,0.38,9/21/2011
4490,31973,5/12/2011,Not Specified,15,404.54,0.03,Regular Air,43.99,26.64,5.3,Richard Bierner,New Brunswick,Atlantic,Small Business,Furniture,Chairs & Chairmats,SAFCO Optional Arm Kit for Workspace¨ Cribbage Stacking Chair,Medium Box,,5/13/2011
4491,31973,5/12/2011,Not Specified,16,124.89,0.07,Regular Air,-111.17,7.28,11.15,Richard Bierner,New Brunswick,Atlantic,Small Business,Office Supplies,Paper,"Array¨ Parchment Paper, Assorted Colors",Small Box,0.37,5/14/2011
4625,32929,5/2/2011,Low,8,44.56,0.05,Regular Air,4.81,5.68,1.39,Liz MacKendrick,New Brunswick,Atlantic,Corporate,Office Supplies,Envelopes,Staples Standard Envelopes,Small Box,0.38,5/6/2011
4626,32929,5/2/2011,Low,13,152.14,0.09,Regular Air,-26.87,12.21,4.81,Liz MacKendrick,New Brunswick,Atlantic,Corporate,Office Supplies,Storage & Organization,Portable Personal File Box,Small Box,0.58,5/7/2011
4860,34596,8/31/2011,Critical,39,302.09,0.05,Regular Air,-67.09,7.68,6.16,James Galang,New Brunswick,Atlantic,Consumer,Office Supplies,Binders and Binder Accessories,GBC VeloBinder Strips,Small Box,0.35,9/1/2011
5439,38628,10/29/2011,Low,23,667.998,0.06,Regular Air,251.26,35.99,1.25,Nora Price,New Brunswick,Atlantic,Small Business,Technology,Telephones and Communication,Accessory23,Small Pack,0.36,11/3/2011
5490,38950,7/2/2011,Not Specified,24,109.23,0.02,Regular Air,-100.58,4.38,6.21,Nora Price,New Brunswick,Atlantic,Small Business,Office Supplies,Binders and Binder Accessories,Acco 3-Hole Punch,Small Box,0.37,7/3/2011
5491,38950,7/2/2011,Not Specified,39,74,0.08,Regular Air,-20.60,1.89,0.76,Nora Price,New Brunswick,Atlantic,Small Business,Office Supplies,Rubber Bands,Revere Boxed Rubber Bands by Revere,Wrap Bag,0.83,7/3/2011
5492,38950,7/2/2011,Not Specified,30,288.45,0.03,Regular Air,-5.98,9.31,3.98,Nora Price,New Brunswick,Atlantic,Small Business,Office Supplies,"Scissors, Rulers and Trimmers",Acme¨ Forged Steel Scissors with Black Enamel Handles,Small Pack,0.56,7/5/2011
6349,44997,9/28/2011,Low,46,88.1,0.03,Regular Air,-161.61,1.76,4.86,Katherine Hughes,New Brunswick,Atlantic,Consumer,Furniture,Office Furnishings,Regeneration Desk Collection,Small Box,0.41,10/2/2011
6548,46565,6/22/2011,Not Specified,16,4691.27,0.05,Express Air,1196.72,300.65,24.49,Laurel Elliston,New Brunswick,Atlantic,Home Office,Office Supplies,Appliances,Honeywell Enviracaire Portable HEPA Air Cleaner for 17' x 22' Room,Large Box,0.52,6/22/2011
6549,46565,6/22/2011,Not Specified,50,804.14,0.1,Regular Air,-25.27,17.67,8.99,Laurel Elliston,New Brunswick,Atlantic,Home Office,Furniture,Office Furnishings,"Executive Impressions 12"" Wall Clock",Small Pack,0.47,6/23/2011
6550,46565,6/22/2011,Not Specified,8,567.51,0.01,Regular Air,-255.55,64.65,35,Laurel Elliston,New Brunswick,Atlantic,Home Office,Office Supplies,Storage & Organization,Space Solutions Commercial Steel Shelving,Large Box,0.8,6/24/2011
6593,46916,10/3/2011,High,40,103.79,0.03,Regular Air,37.85,2.61,0.5,Nora Price,New Brunswick,Atlantic,Home Office,Office Supplies,Labels,Avery 479,Small Box,0.39,10/5/2011
6594,46916,10/3/2011,High,40,2108.21,0.03,Regular Air,273.61,51.75,19.99,Nora Price,New Brunswick,Atlantic,Home Office,Furniture,Office Furnishings,"Howard Miller 13-3/4"" Diameter Brushed Chrome Round Wall Clock",Small Box,0.55,10/5/2011
6649,47271,7/28/2011,Medium,44,221.42,0.03,Regular Air,-142.02,4.98,4.62,Liz MacKendrick,New Brunswick,Atlantic,Corporate,Technology,Computer Peripherals,"Imation 3.5"", DISKETTE 44766 HGHLD3.52HD/FM, 10/Pack",Small Pack,0.64,7/29/2011
7076,50500,9/6/2011,Low,11,64.86,0,Regular Air,22.05,5.43,0.95,Lisa DeCherney,New Brunswick,Atlantic,Consumer,Office Supplies,Paper,"Wirebound Message Book, 4 per Page",Wrap Bag,0.36,9/10/2011
7077,50500,9/6/2011,Low,45,109.39,0.07,Express Air,16.31,2.47,1.02,Lisa DeCherney,New Brunswick,Atlantic,Consumer,Office Supplies,Rubber Bands,Staples Paper Clips,Wrap Bag,0.38,9/6/2011
7099,50657,12/18/2011,High,40,315.45,0.01,Regular Air,-305.88,7.38,11.51,Aleksandra Gannaway,New Brunswick,Atlantic,Corporate,Office Supplies,Binders and Binder Accessories,GBC Plastic Binding Combs,Small Box,0.36,12/19/2011
7100,50657,12/18/2011,High,16,60.02,0.1,Express Air,0.94,3.71,1.93,Aleksandra Gannaway,New Brunswick,Atlantic,Corporate,Office Supplies,Paper,"""While you Were Out"" Message Book, One Form per Page",Wrap Bag,0.35,12/20/2011
7101,50657,12/18/2011,High,49,7413.29,0.01,Delivery Truck,1148.23,150.98,16.01,Aleksandra Gannaway,New Brunswick,Atlantic,Corporate,Furniture,Tables,"Iceberg OfficeWorks 42"" Round Tables",Jumbo Box,0.7,12/20/2011
7397,52711,9/23/2011,Not Specified,7,220.79,0,Regular Air,-91.51,30.97,4,Aimee Bixby,New Brunswick,Atlantic,Home Office,Technology,Computer Peripherals,Microsoft Multimedia Keyboard,Small Box,0.74,9/25/2011
7398,52711,9/23/2011,Not Specified,41,755.19,0,Regular Air,81.44,17.67,8.99,Aimee Bixby,New Brunswick,Atlantic,Home Office,Furniture,Office Furnishings,"Executive Impressions 12"" Wall Clock",Small Pack,0.47,9/25/2011
7977,57059,6/1/2011,Medium,50,212.12,0.01,Regular Air,-154.63,3.98,5.26,Liz MacKendrick,New Brunswick,Atlantic,Corporate,Office Supplies,Binders and Binder Accessories,Ibico Presentation Index for Binding Systems,Small Box,0.38,6/3/2011
7978,57059,6/1/2011,Medium,25,2455.54,0.03,Regular Air,1361.88,98.31,0.49,Liz MacKendrick,New Brunswick,Atlantic,Corporate,Office Supplies,Labels,"Dot Matrix Printer Tape Reel Labels, White, 5000/Box",Small Box,0.36,6/3/2011
8277,59171,9/12/2011,Medium,39,105.07,0.08,Regular Air,9.11,2.88,0.7,Phillip Breyer,New Brunswick,Atlantic,Corporate,Office Supplies,Pens & Art Supplies,Newell 340,Wrap Bag,0.56,9/13/2011
8301,59271,4/25/2011,Not Specified,40,630.38,0.02,Express Air,-186.77,14.81,13.32,Lynn Smith,New Brunswick,Atlantic,Corporate,Office Supplies,Appliances,"Holmes Replacement Filter for HEPA Air Cleaner, Large Room",Small Box,0.43,4/26/2011
8302,59271,4/25/2011,Not Specified,23,144.03,0.02,Regular Air,-37.04,5.98,5.2,Lynn Smith,New Brunswick,Atlantic,Corporate,Office Supplies,Paper,Xerox 1992,Small Box,0.36,4/27/2011
173,1095,8/21/2011,Medium,28,142.18,0.07,Regular Air,-50.14,4.98,4.72,Ed Braxton,Yukon,Yukon,Consumer,Office Supplies,Paper,Xerox 1949,Small Box,0.36,8/23/2011
1407,10213,2/17/2011,High,12,464.57,0.04,Regular Air,-79.18,39.98,4,Dianna Vittorini,Yukon,Yukon,Corporate,Technology,Computer Peripherals,Microsoft Natural Keyboard Elite,Small Box,0.7,2/19/2011
2892,20864,12/6/2011,High,19,251.45,0.06,Regular Air,90.00,13.4,4.95,Dianna Vittorini,Yukon,Yukon,Corporate,Furniture,Office Furnishings,Electrix 20W Halogen Replacement Bulb for Zoom-In Desk Lamp,Small Pack,0.37,12/8/2011
3162,22689,10/9/2011,Low,39,2405,0.1,Regular Air,696.17,67.84,0.99,Benjamin Farhat,Yukon,Yukon,Home Office,Office Supplies,Appliances,Fellowes Command Center 5-outlet power strip,Small Box,0.58,10/11/2011
3278,23427,8/8/2011,Low,30,442.76,0.09,Regular Air,-17.11,15.01,8.4,Cindy Chapman,Yukon,Yukon,Corporate,Office Supplies,Binders and Binder Accessories,"GBC Prepunched Paper, 19-Hole, for Binding Systems, 24-lb",Small Box,0.39,8/15/2011
3279,23427,8/8/2011,Low,22,2684.98,0.03,Regular Air,1115.14,120.98,9.07,Cindy Chapman,Yukon,Yukon,Corporate,Office Supplies,Binders and Binder Accessories,GBC VeloBinder Electric Binding Machine,Small Box,0.35,8/17/2011
3348,23943,6/23/2011,Critical,24,376.53,0.03,Regular Air,3.44,15.94,5.45,Cindy Stewart,Yukon,Yukon,Corporate,Office Supplies,Pens & Art Supplies,Boston 16701 Slimline Battery Pencil Sharpener,Small Pack,0.55,6/25/2011
3865,27558,7/7/2011,Not Specified,21,423.24,0.1,Regular Air,128.83,21.38,2.99,Cindy Chapman,Yukon,Yukon,Consumer,Office Supplies,Binders and Binder Accessories,Trimflexª Flexible Post Binders,Small Box,0.37,7/8/2011
4487,31939,6/25/2011,High,13,1506.8375,0.07,Regular Air,-75.01,140.99,4.2,Ashley Jarboe,Yukon,Yukon,Small Business,Technology,Telephones and Communication,7160,Small Box,0.59,6/27/2011
4802,34151,9/9/2011,Not Specified,26,4097.1445,0.1,Regular Air,501.54,205.99,8.99,Craig Yedwab,Yukon,Yukon,Corporate,Technology,Telephones and Communication,TimeportP7382,Small Box,0.56,9/10/2011
5135,36640,11/18/2011,Not Specified,18,416.39,0.06,Express Air,119.47,22.24,1.99,Benjamin Patterson,Yukon,Yukon,Corporate,Technology,Computer Peripherals,"Verbatim DVD-R, 3.95GB, SR, Mitsubishi Branded, Jewel",Small Pack,0.43,11/20/2011
5197,36931,1/19/2011,Not Specified,46,180.56,0.1,Regular Air,-15.79,4.28,1.6,Ashley Jarboe,Yukon,Yukon,Home Office,Office Supplies,Pens & Art Supplies,Newell 320,Wrap Bag,0.58,1/19/2011
5279,37543,12/31/2011,Medium,6,241.85,0.01,Regular Air,-4.50,36.55,13.89,Ed Braxton,Yukon,Yukon,Home Office,Office Supplies,Pens & Art Supplies,"Dixon Ticonderoga Core-Lock Colored Pencils, 48-Color Set",Wrap Bag,0.41,1/1/2012
5517,39111,7/25/2011,Medium,1,182.4,0.09,Regular Air,-114.22,178.47,19.99,Cindy Stewart,Yukon,Yukon,Corporate,Office Supplies,Storage & Organization,"Hot File¨ 7-Pocket, Floor Stand",Small Box,0.55,7/28/2011
5518,39111,7/25/2011,Medium,20,6004.35,0.05,Regular Air,1767.56,300.97,7.18,Cindy Stewart,Yukon,Yukon,Corporate,Technology,Computer Peripherals,Gyration Ultra Professional Cordless Optical Suite,Small Box,0.48,7/27/2011
6136,43459,11/7/2011,Critical,26,13905.88,0.05,Regular Air,6441.18,574.74,24.49,Ed Braxton,Yukon,Yukon,Consumer,Technology,Office Machines,Polycom ViaVideoª Desktop Video Communications Unit,Large Box,0.37,11/8/2011
6452,45958,5/25/2011,Medium,28,17599.39,0.03,Regular Air,5513.86,599.99,24.49,Dario Medina,Yukon,Yukon,Small Business,Technology,Copiers and Fax,Canon PC1080F Personal Copier,Large Box,0.5,5/26/2011
6453,45958,5/25/2011,Medium,16,115.34,0.02,Regular Air,13.83,6.69,3.1,Dario Medina,Yukon,Yukon,Small Business,Office Supplies,Paper,"Wirebound Message Books, 5-1/2 x 4 Forms, 2 or 4 Forms per Page",Wrap Bag,0.36,5/27/2011
7147,50983,6/28/2011,Critical,39,3063.1,0.06,Regular Air,-1022.02,80.98,35,Bruce Degenhardt,Yukon,Yukon,Home Office,Office Supplies,Storage & Organization,Carina Double Wide Media Storage Towers in Natural & Black,Large Box,0.81,6/29/2011
7148,50983,6/28/2011,Critical,15,229.03,0.05,Regular Air,-28.58,15.51,5.8,Bruce Degenhardt,Yukon,Yukon,Home Office,Office Supplies,Storage & Organization,"Tenex Personal Filing Tote With Secure Closure Lid, Black/Frost",Small Box,0.6,6/30/2011
7334,52261,4/21/2011,Not Specified,49,10261.25,0.02,Delivery Truck,611.11,212.6,52.2,Bruce Degenhardt,Yukon,Yukon,Home Office,Furniture,Tables,Bush Advantage Collection¨ Round Conference Table,Jumbo Box,0.64,4/22/2011
7758,55520,5/7/2011,Critical,43,525.77,0.08,Express Air,34.63,11.99,5.99,Dario Medina,Yukon,Yukon,Small Business,Technology,Office Machines,TI 30X Scientific Calculator,Medium Box,0.36,5/8/2011
7909,56577,11/2/2011,Critical,30,7497.08,0.02,Delivery Truck,698.67,296.18,54.12,Quincy Jones,Yukon,Yukon,Small Business,Furniture,Tables,Hon 94000 Series Round Tables,Jumbo Box,0.76,11/3/2011
7940,56711,2/6/2011,Low,25,1279.45,0.01,Regular Air,558.25,48.04,7.23,Trudy Bell,Yukon,Yukon,Consumer,Office Supplies,Paper,Xerox 1885,Small Box,0.37,2/11/2011
8346,59652,1/27/2011,Medium,17,312.035,0.05,Regular Air,-55.94,20.99,0.99,Anna Chung,Yukon,Yukon,Home Office,Technology,Telephones and Communication,Accessory15,Small Pack,0.83,1/29/2011
74,448,8/20/2011,Medium,22,1162.4005,0.09,Regular Air,-284.63,65.99,19.99,Brad Thomas,Yukon,Yukon,Corporate,Technology,Telephones and Communication,iDENi80s,Small Box,0.59,8/22/2011
137,871,11/14/2011,Low,17,104.94,0.06,Regular Air,-34.97,6.24,5.22,David Kendrick,Yukon,Yukon,Home Office,Furniture,Office Furnishings,Eldon Expressions Mahogany Wood Desk Collection,Small Box,0.6,11/14/2011
235,1575,9/12/2011,Medium,26,133.65,0.05,Regular Air,56.28,4.98,0.8,Dave Poirier,Yukon,Yukon,Small Business,Office Supplies,Paper,Rediform S.O.S. Phone Message Books,Wrap Bag,0.36,9/14/2011
236,1575,9/12/2011,Medium,10,525.674,0.08,Regular Air,-147.02,65.99,5.26,Dave Poirier,Yukon,Yukon,Small Business,Technology,Telephones and Communication,8860,Small Box,0.56,9/14/2011
240,1637,2/7/2011,Not Specified,36,1225.52,0.1,Express Air,-1191.13,35.48,35,Aleksandra Gannaway,Yukon,Yukon,Corporate,Office Supplies,Storage & Organization,Belkin OmniView SE Rackmount Kit,Large Box,0.85,2/7/2011
241,1637,2/7/2011,Not Specified,10,1024.29,0.07,Regular Air,-95.52,99.99,19.99,Aleksandra Gannaway,Yukon,Yukon,Corporate,Technology,Computer Peripherals,US Robotics 56K V.92 External Faxmodem,Small Box,0.52,2/7/2011
242,1637,2/7/2011,Not Specified,47,1348.57,0.08,Regular Air,19.57,30.98,8.99,Aleksandra Gannaway,Yukon,Yukon,Corporate,Office Supplies,Pens & Art Supplies,"Boston School Pro Electric Pencil Sharpener, 1670",Small Pack,0.58,2/9/2011
340,2309,9/3/2011,Low,7,27.01,0.05,Regular Air,-1.30,3.8,1.49,Eric Barreto,Yukon,Yukon,Consumer,Office Supplies,Binders and Binder Accessories,Durable Pressboard Binders,Small Box,0.38,9/5/2011
350,2436,9/10/2011,Not Specified,14,330.21,0.07,Express Air,83.24,22.84,5.47,Adam Hart,Yukon,Yukon,Corporate,Office Supplies,Paper,Xerox 1929,Small Box,0.39,9/13/2011
386,2658,9/22/2011,Medium,34,229.51,0.04,Regular Air,-189.33,6.48,9.54,Bill Shonely,Yukon,Yukon,Small Business,Office Supplies,Paper,Xerox 1905,Small Box,0.37,9/23/2011
387,2658,9/22/2011,Medium,32,473,0.09,Express Air,-185.80,15.42,10.68,Bill Shonely,Yukon,Yukon,Small Business,Office Supplies,Storage & Organization,"Decoflex Hanging Personal Folder File, Blue",Small Box,0.58,9/22/2011
441,2978,5/2/2011,Critical,34,6264.1855,0.01,Regular Air,1312.04,205.99,19.99,Alan Schoenberger,Yukon,Yukon,Corporate,Technology,Telephones and Communication,iDEN i550,Small Box,0.6,5/3/2011
442,2978,5/2/2011,Critical,36,5410.95,0.09,Regular Air,2077.91,162.93,19.99,Alan Schoenberger,Yukon,Yukon,Corporate,Office Supplies,Envelopes,Multimedia Mailers,Small Box,0.39,5/4/2011
444,3008,11/7/2011,Medium,41,6831.72,0.01,Regular Air,3081.02,162.93,19.99,Charles Crestani,Yukon,Yukon,Consumer,Office Supplies,Envelopes,Multimedia Mailers,Small Box,0.39,11/8/2011
477,3300,7/14/2011,Low,6,92.02,0.1,Regular Air,-47.36,15.98,4,Bryan Spruell,Yukon,Yukon,Home Office,Technology,Computer Peripherals,Logitech Access Keyboard,Small Box,0.37,7/19/2011
514,3525,12/21/2011,Not Specified,38,115.43,0,Regular Air,11.41,2.78,1.34,Bryan Spruell,Yukon,Yukon,Home Office,Office Supplies,Pens & Art Supplies,Prang Drawing Pencil Set,Wrap Bag,0.45,12/23/2011
515,3526,3/15/2011,Low,20,246.06,0.08,Regular Air,20.67,12.07,6.2,Tom Prescott,Yukon,Yukon,Small Business,Furniture,Office Furnishings,Eldon¨ 500 Classª Desk Accessories,Wrap Bag,0.52,3/17/2011
565,3814,2/21/2011,Low,43,1225.41,0.04,Express Air,-138.02,28.28,13.99,Thomas Thornton,Yukon,Yukon,Consumer,Office Supplies,Storage & Organization,Eldon Portable Mobile Manager,Medium Box,0.58,2/27/2011
578,3911,3/16/2011,Not Specified,24,370.72,0.1,Regular Air,-156.76,15.7,11.25,Bobby Elias,Yukon,Yukon,Small Business,Office Supplies,Storage & Organization,Hanging Personal Folder File,Small Box,0.6,3/16/2011
607,4134,1/11/2011,Critical,48,6403.39,0.01,Delivery Truck,-824.15,130.98,54.74,Anthony Garverick,Yukon,Yukon,Small Business,Furniture,Bookcases,"O'Sullivan Elevations Bookcase, Cherry Finish",Jumbo Box,0.69,1/13/2011
608,4134,1/11/2011,Critical,23,757.91,0.02,Regular Air,-16.05,30.97,4,Anthony Garverick,Yukon,Yukon,Small Business,Technology,Computer Peripherals,Microsoft Multimedia Keyboard,Small Box,0.74,1/11/2011
624,4324,7/16/2011,Critical,28,1165.33,0.04,Regular Air,154.85,40.97,8.99,Dan Campbell,Yukon,Yukon,Small Business,Office Supplies,Pens & Art Supplies,Sanford 52201 APSCO Electric Pencil Sharpener,Small Pack,0.59,7/18/2011
721,5188,3/1/2011,Not Specified,24,192.8,0.05,Regular Air,31.00,8.01,2.87,Bradley Drucker,Yukon,Yukon,Small Business,Office Supplies,Paper,"TOPS Money Receipt Book, Consecutively Numbered in Red,",Wrap Bag,0.4,3/4/2011
827,5958,9/15/2011,Medium,3,2036.97,0.03,Regular Air,-2397.44,699.99,24.49,Giulietta Dortch,Yukon,Yukon,Small Business,Technology,Copiers and Fax,Canon PC1060 Personal Laser Copier,Large Box,0.41,9/17/2011
828,5958,9/15/2011,Medium,21,2629.664,0.09,Delivery Truck,27.74,159.31,60,Giulietta Dortch,Yukon,Yukon,Small Business,Furniture,Tables,Hon Non-Folding Utility Tables,Jumbo Drum,0.55,9/15/2011
836,5989,10/14/2011,Medium,6,155.48,0.1,Regular Air,-6.64,25.98,5.37,Ellis Ballard,Yukon,Yukon,Corporate,Office Supplies,Appliances,3M Office Air Cleaner,Medium Box,0.5,10/16/2011
837,5989,10/14/2011,Medium,21,56.77,0.06,Regular Air,-3.20,2.78,1.34,Ellis Ballard,Yukon,Yukon,Corporate,Office Supplies,Pens & Art Supplies,Prang Drawing Pencil Set,Wrap Bag,0.45,10/15/2011
846,6054,9/8/2011,Low,6,27.32,0.05,Express Air,-5.87,2.08,5.33,Aleksandra Gannaway,Yukon,Yukon,Corporate,Furniture,Office Furnishings,Eldon¨ Wave Desk Accessories,Small Box,0.43,9/10/2011
847,6054,9/8/2011,Low,43,643.31,0.08,Express Air,-231.34,15.42,10.68,Aleksandra Gannaway,Yukon,Yukon,Corporate,Office Supplies,Storage & Organization,"Decoflex Hanging Personal Folder File, Blue",Small Box,0.58,9/13/2011
915,6564,1/21/2011,Low,26,448.23,0.01,Regular Air,110.60,15.98,4,Anne McFarland,Yukon,Yukon,Consumer,Technology,Computer Peripherals,Logitech Access Keyboard,Small Box,0.37,1/21/2011
916,6566,5/21/2011,Critical,21,748.83,0.01,Regular Air,250.01,33.98,1.99,Kean Thornton,Yukon,Yukon,Corporate,Technology,Computer Peripherals,"Imation Neon 80 Minute CD-R Spindle, 50/Pack",Small Pack,0.45,5/21/2011
937,6788,8/4/2011,Not Specified,41,127.84,0.02,Express Air,12.69,2.94,0.96,Bobby Elias,Yukon,Yukon,Small Business,Office Supplies,Pens & Art Supplies,Newell 343,Wrap Bag,0.58,8/6/2011
938,6788,8/4/2011,Not Specified,6,11.15,0.07,Regular Air,-2.62,1.81,0.75,Bobby Elias,Yukon,Yukon,Small Business,Office Supplies,Rubber Bands,Assorted Color Push Pins,Wrap Bag,0.52,8/5/2011
1056,7812,4/20/2011,Low,17,475.9,0.04,Regular Air,-5.18,27.42,19.46,Karl Brown,Yukon,Yukon,Corporate,Furniture,Office Furnishings,Howard Miller Distant Time Traveler Alarm Clock,Small Box,0.44,4/27/2011
1057,7812,4/20/2011,Low,12,3635.63,0.09,Delivery Truck,104.48,320.64,29.2,Karl Brown,Yukon,Yukon,Corporate,Furniture,Tables,"Chromcraft 48"" x 96"" Racetrack Double Pedestal Table",Jumbo Box,0.66,4/22/2011
1059,7840,1/8/2011,Low,34,157.56,0.1,Regular Air,-139.35,4.89,4.93,Peter Buhler,Yukon,Yukon,Consumer,Technology,Computer Peripherals,"Maxell 3.5"" DS/HD IBM-Formatted Diskettes, 10/Pack",Small Pack,0.66,1/12/2011
1212,8901,8/20/2011,Low,15,168.9,0.09,Express Air,-16.19,9.99,6.24,Barry Pond,Yukon,Yukon,Consumer,Technology,Office Machines,Canon F603 Scientific Calculator,Medium Box,0.36,8/27/2011
1253,9093,12/9/2011,Medium,36,268.55,0.1,Regular Air,-99.02,8.12,2.83,Cyra Reiten,Yukon,Yukon,Consumer,Technology,Computer Peripherals,"Imation Neon Mac Format Diskettes, 10/Pack",Small Pack,0.77,12/9/2011
1282,9344,12/6/2011,Low,18,1733.1,0.09,Regular Air,-505.69,95.99,35,Christy Brittain,Yukon,Yukon,Consumer,Office Supplies,Storage & Organization,Safco Industrial Wire Shelving,Large Box,,12/8/2011
1283,9344,12/6/2011,Low,31,3448.6455,0.02,Regular Air,900.41,125.99,8.99,Christy Brittain,Yukon,Yukon,Consumer,Technology,Telephones and Communication,SC7868i,Small Box,0.55,12/6/2011
1342,9824,1/22/2011,Critical,39,1939.66,0.03,Express Air,540.67,48.92,4.5,Thomas Thornton,Yukon,Yukon,Consumer,Office Supplies,Appliances,"Fellowes Premier Superior Surge Suppressor, 10-Outlet, With Phone and Remote",Small Box,0.59,1/24/2011
1343,9824,1/22/2011,Critical,5,21.56,0,Regular Air,2.75,4.13,0.5,Thomas Thornton,Yukon,Yukon,Consumer,Office Supplies,Labels,Avery 506,Small Box,0.39,1/24/2011
1344,9824,1/22/2011,Critical,43,115.81,0.1,Regular Air,-1.49,2.88,1.01,Thomas Thornton,Yukon,Yukon,Consumer,Office Supplies,Pens & Art Supplies,"Sanford Colorific Colored Pencils, 12/Box",Wrap Bag,0.55,1/24/2011
1410,10245,2/13/2011,Medium,27,2645.88,0.06,Delivery Truck,-1231.98,100.98,57.38,Astrea Jones,Yukon,Yukon,Corporate,Furniture,Bookcases,"Bush Westfield Collection Bookcases, Dark Cherry Finish, Fully Assembled",Jumbo Box,0.78,2/14/2011
1427,10339,10/11/2011,Low,49,9752.25,0.09,Regular Air,3066.17,209.84,21.21,Bradley Drucker,Yukon,Yukon,Small Business,Furniture,Office Furnishings,Luxo Professional Fluorescent Magnifier Lamp with Clamp-Mount Base,Large Box,0.59,10/15/2011
1483,10662,5/12/2011,Low,45,283.13,0.08,Regular Air,-141.26,6.48,6.81,Aaron Hawkins,Yukon,Yukon,Home Office,Office Supplies,Paper,Xerox 1930,Small Box,0.36,5/21/2011
1669,12066,2/6/2011,Medium,27,4442.049,0.1,Regular Air,720.95,200.99,8.08,Denny Ordway,Yukon,Yukon,Small Business,Technology,Telephones and Communication,5125,Small Box,0.59,2/7/2011
1708,12262,12/10/2011,Low,45,1212.928,0.02,Delivery Truck,-1460.77,31.76,45.51,Julia Barnett,Yukon,Yukon,Home Office,Furniture,Tables,Hon iLevelª Computer Training Table,Jumbo Box,0.65,12/15/2011
1746,12486,2/20/2011,High,31,3081.33,0.08,Delivery Truck,-1341.11,100.98,57.38,Dave Kipp,Yukon,Yukon,Corporate,Furniture,Bookcases,"Bush Westfield Collection Bookcases, Dark Cherry Finish, Fully Assembled",Jumbo Box,0.78,2/21/2011
1747,12486,2/20/2011,High,42,1692.56,0.04,Regular Air,275.50,40.98,7.2,Dave Kipp,Yukon,Yukon,Corporate,Office Supplies,Appliances,Kensington 6 Outlet SmartSocket Surge Protector,Small Box,0.6,2/21/2011
1808,12930,11/24/2011,High,49,1147.64,0.06,Regular Air,261.87,22.98,4.5,Grant Thornton,Yukon,Yukon,Corporate,Office Supplies,Appliances,Belkin F5C206VTEL 6 Outlet Surge,Small Box,0.55,11/25/2011
1887,13569,4/10/2011,Critical,13,563.18,0.02,Express Air,67.98,40.98,7.2,Carlos Meador,Yukon,Yukon,Corporate,Office Supplies,Appliances,Kensington 6 Outlet SmartSocket Surge Protector,Small Box,0.6,4/12/2011
1888,13569,4/10/2011,Critical,16,47.45,0.05,Regular Air,1.07,2.88,1.49,Carlos Meador,Yukon,Yukon,Corporate,Office Supplies,Binders and Binder Accessories,Avery Durable Binders,Small Box,0.36,4/11/2011
2024,14434,2/15/2011,Not Specified,39,4733.88,0.02,Delivery Truck,239.41,119.99,56.14,Tim Taslimi,Yukon,Yukon,Corporate,Technology,Office Machines,Hewlett-Packard 2600DN Business Color Inkjet Printer,Jumbo Box,0.39,2/17/2011
2274,16356,8/2/2011,Critical,6,157.94,0.04,Express Air,9.15,22.98,4.5,Victoria Pisteka,Yukon,Yukon,Corporate,Office Supplies,Appliances,Belkin F5C206VTEL 6 Outlet Surge,Small Box,0.55,8/3/2011
2287,16481,2/18/2011,Low,50,3089.06,0,Regular Air,719.26,56.96,13.22,Paul Van Hugh,Yukon,Yukon,Corporate,Office Supplies,Appliances,"Conquestª 14 Commercial Heavy-Duty Upright Vacuum, Collection System, Accessory Kit",Small Box,0.56,2/23/2011
2288,16481,2/18/2011,Low,47,20265.22,0.08,Delivery Truck,6168.64,442.14,14.7,Paul Van Hugh,Yukon,Yukon,Corporate,Technology,Office Machines,Okidata ML390 Turbo Dot Matrix Printers,Jumbo Drum,0.56,2/23/2011
2309,16642,3/2/2011,Not Specified,46,7640.225,0.07,Regular Air,2027.68,205.99,2.5,Adam Hart,Yukon,Yukon,Corporate,Technology,Telephones and Communication,V70,Small Box,0.59,3/4/2011
2625,19040,12/19/2011,High,10,211.97,0.06,Regular Air,-46.83,21.38,8.99,Adam Hart,Yukon,Yukon,Corporate,Office Supplies,Pens & Art Supplies,Boston 1730 StandUp Electric Pencil Sharpener,Small Pack,0.59,12/20/2011
2626,19041,7/26/2011,Low,3,36.06,0.08,Regular Air,-18.50,10.89,4.5,Grant Thornton,Yukon,Yukon,Corporate,Office Supplies,Appliances,Belkin 6 Outlet Metallic Surge Strip,Small Box,0.59,7/30/2011
2627,19041,7/26/2011,Low,43,1849.8,0.04,Regular Air,530.22,42.98,4.62,Grant Thornton,Yukon,Yukon,Corporate,Office Supplies,Appliances,Belkin F9M820V08 8 Outlet Surge,Small Box,0.56,8/4/2011
2665,19264,9/29/2011,High,40,161.72,0.09,Regular Air,-134.71,3.98,5.26,Ivan Liston,Yukon,Yukon,Consumer,Office Supplies,Binders and Binder Accessories,Ibico Presentation Index for Binding Systems,Small Box,0.38,10/1/2011
2666,19264,9/29/2011,High,23,107.75,0.07,Regular Air,24.17,4.73,1.52,Ivan Liston,Yukon,Yukon,Consumer,Office Supplies,Paper,"While You Were Out Pads, 50 per Pad, 4 x 5 1/4, Green Cycle",Wrap Bag,0.36,9/30/2011
2894,20898,10/30/2011,Medium,33,1756.593,0.09,Regular Air,298.21,65.99,5.63,Dave Kipp,Yukon,Yukon,Consumer,Technology,Telephones and Communication,2190,Small Box,0.56,11/1/2011
2923,21159,6/7/2011,Low,5,20.28,0.05,Express Air,-4.32,2.98,2.03,Joni Wasserman,Yukon,Yukon,Consumer,Office Supplies,Pens & Art Supplies,"Premium Writing Pencils, Soft, #2 by Central Association for the Blind",Wrap Bag,0.57,6/11/2011
2948,21346,6/7/2011,High,46,400.49,0.09,Regular Air,-237.89,9.06,9.86,Joni Wasserman,Yukon,Yukon,Consumer,Office Supplies,Paper,Southworth 25% Cotton Linen-Finish Paper & Envelopes,Small Box,0.4,6/7/2011
2970,21475,2/20/2011,Critical,39,538.14,0.06,Regular Air,111.42,14.48,1.99,Giulietta Dortch,Yukon,Yukon,Consumer,Technology,Computer Peripherals,TDK 4.7GB DVD+RW,Small Pack,0.49,2/22/2011
2971,21475,2/20/2011,Critical,15,4956.784,0.06,Delivery Truck,-296.06,417.4,75.23,Giulietta Dortch,Yukon,Yukon,Consumer,Furniture,Tables,Bretford ÒJust In TimeÓ Height-Adjustable Multi-Task Work Tables,Jumbo Box,0.79,2/21/2011
3008,21639,2/2/2011,Not Specified,24,145.15,0.07,Regular Air,-169.17,5.94,9.92,Tom Ashbrook,Yukon,Yukon,Home Office,Office Supplies,Binders and Binder Accessories,Storex Dura Proª Binders,Small Box,0.38,2/4/2011
3009,21639,2/2/2011,Not Specified,3,131.5,0.01,Regular Air,105.90,39.98,9.2,Tom Ashbrook,Yukon,Yukon,Home Office,Furniture,Office Furnishings,Eldon Radial Chair Mat for Low to Medium Pile Carpets,Wrap Bag,0.65,2/3/2011
3010,21639,2/2/2011,Not Specified,38,7814.59,0.02,Regular Air,3408.46,194.3,11.54,Tom Ashbrook,Yukon,Yukon,Home Office,Furniture,Office Furnishings,Electrix Halogen Magnifier Lamp,Large Box,0.59,2/2/2011
3011,21639,2/2/2011,Not Specified,23,158.99,0.07,Regular Air,-197.13,6.98,9.69,Tom Ashbrook,Yukon,Yukon,Home Office,Office Supplies,Storage & Organization,Eldon Shelf Saversª Cubes and Bins,Small Box,0.83,2/2/2011
3025,21760,1/30/2011,Not Specified,9,71.2,0.08,Regular Air,1.87,7.38,5.21,Nicole Brennan,Yukon,Yukon,Home Office,Furniture,Office Furnishings,"Eldon¨ Expressionsª Wood Desk Accessories, Oak",Small Box,0.56,1/31/2011
3055,21890,1/24/2011,Not Specified,44,495.5,0.06,Regular Air,-12.67,11.58,6.97,Amy Cox,Yukon,Yukon,Small Business,Office Supplies,Envelopes,"Peel & Seel¨ Recycled Catalog Envelopes, Brown",Small Box,0.35,1/26/2011
3063,21927,12/10/2011,High,23,8225.24,0.06,Delivery Truck,1909.03,350.98,30,Karen Carlisle,Yukon,Yukon,Home Office,Furniture,Chairs & Chairmats,Office Star - Professional Matrix Back Chair with 2-to-1 Synchro Tilt and Mesh Fabric Seat,Jumbo Drum,0.61,12/11/2011
3124,22433,3/3/2011,Critical,44,797.98,0.05,Regular Air,237.47,20.99,0.99,Bryan Spruell,Yukon,Yukon,Home Office,Technology,Telephones and Communication,Accessory25,Wrap Bag,0.57,3/5/2011
3176,22848,12/10/2011,Not Specified,20,140.37,0.01,Regular Air,-893.39,4.48,49,Nicole Brennan,Yukon,Yukon,Home Office,Office Supplies,Appliances,Hoover Portapowerª Portable Vacuum,Large Box,0.6,12/11/2011
3177,22848,12/10/2011,Not Specified,45,5921.74,0.02,Delivery Truck,-287.62,130.98,30,Nicole Brennan,Yukon,Yukon,Home Office,Furniture,Chairs & Chairmats,"Office Star - Contemporary Task Swivel chair with 2-way adjustable arms, Plum",Jumbo Drum,0.78,12/12/2011
3178,22848,12/10/2011,Not Specified,4,68.16,0.09,Regular Air,-52.44,15.98,6.5,Nicole Brennan,Yukon,Yukon,Home Office,Technology,Computer Peripherals,Logitech Access Keyboard,Small Box,0.48,12/12/2011
3183,22850,4/30/2011,Medium,4,105.13,0.08,Regular Air,-103.23,27.48,4,Allen Armold,Yukon,Yukon,Home Office,Technology,Computer Peripherals,Belkin MediaBoard 104- Keyboard,Small Box,0.75,5/1/2011
3242,23235,7/5/2011,High,6,17.43,0.02,Regular Air,2.45,2.88,0.5,Darren Budd,Yukon,Yukon,Home Office,Furniture,Tables,Bretford CR8500 Series Meeting Room Furniture,Jumbo Box,0.71,7/7/2011
3253,23301,4/18/2011,High,4,28.46,0.02,Regular Air,-27.13,5.98,3.85,Adam Hart,Yukon,Yukon,Corporate,Technology,Computer Peripherals,"Imation 3.5"" IBM-Formatted Diskettes, 10/Pack",Small Pack,0.68,4/20/2011
3254,23301,4/18/2011,High,3,23.44,0.05,Regular Air,-10.58,5.98,5.2,Adam Hart,Yukon,Yukon,Corporate,Office Supplies,Paper,Xerox 1992,Small Box,0.36,4/20/2011
3304,23617,5/5/2011,Not Specified,6,247.34,0.04,Express Air,63.61,37.7,2.99,Christy Brittain,Yukon,Yukon,Consumer,Office Supplies,Binders and Binder Accessories,Vinyl Sectional Post Binders,Small Box,0.35,5/7/2011
3440,24548,3/14/2011,High,32,269.3,0.04,Express Air,22.38,7.96,4.95,Deanra Eno,Yukon,Yukon,Corporate,Furniture,Office Furnishings,Staples Plastic Wall Frames,Small Box,0.41,3/15/2011
3561,25378,12/18/2011,Not Specified,48,3713.0125,0.09,Regular Air,803.60,95.99,7.69,Tim Taslimi,Yukon,Yukon,Corporate,Technology,Telephones and Communication,R289LX,Small Box,0.57,12/20/2011
3700,26437,11/28/2011,Critical,4,52.43,0.03,Express Air,-12.98,9.65,6.22,Sara Luxemburg,Yukon,Yukon,Corporate,Furniture,Office Furnishings,"Eldon Expressionsª Desk Accessory, Wood Pencil Holder, Oak",Small Box,0.55,11/29/2011
3701,26437,11/28/2011,Critical,48,254.51,0.08,Regular Air,49.05,5.58,0.7,Sara Luxemburg,Yukon,Yukon,Corporate,Office Supplies,Pens & Art Supplies,Newell 314,Wrap Bag,0.6,11/30/2011
3705,26464,12/11/2011,High,25,268.58,0.03,Regular Air,-26.33,10.89,4.5,Tamara Willingham,Yukon,Yukon,Corporate,Office Supplies,Appliances,Belkin 6 Outlet Metallic Surge Strip,Small Box,0.59,12/11/2011
3706,26464,12/11/2011,High,26,1280.65,0.06,Regular Air,75.36,50.98,22.24,Tamara Willingham,Yukon,Yukon,Corporate,Furniture,Office Furnishings,"Dana Fluorescent Magnifying Lamp, White, 36""",Large Box,0.55,12/12/2011
3778,26976,5/20/2011,Not Specified,44,729.75,0.02,Regular Air,375.25,15.67,1.39,Thea Hendricks,Yukon,Yukon,Home Office,Office Supplies,Envelopes,"#10 White Business Envelopes,4 1/8 x 9 1/2",Small Box,0.38,5/21/2011
3779,26976,5/20/2011,Not Specified,28,1417.21,0.07,Regular Air,63.88,51.65,18.45,Thea Hendricks,Yukon,Yukon,Home Office,Furniture,Office Furnishings,"Deflect-o EconoMat Nonstudded, No Bevel Mat",Medium Box,0.65,5/22/2011
3780,26976,5/20/2011,Not Specified,11,1154.9375,0.04,Express Air,-176.06,125.99,8.99,Thea Hendricks,Yukon,Yukon,Home Office,Technology,Telephones and Communication,5170i,Small Box,0.57,5/21/2011
3814,27169,9/11/2011,Not Specified,16,109.9,0.01,Regular Air,-28.95,6.54,5.27,Helen Andreada,Yukon,Yukon,Corporate,Office Supplies,Binders and Binder Accessories,Wilson Jones¨ Four-Pocket Poly Binders,Small Box,0.36,9/12/2011
3837,27363,10/18/2011,Medium,6,646.14,0.07,Regular Air,-265.62,101.41,35,Deborah Brumfield,Yukon,Yukon,Small Business,Office Supplies,Storage & Organization,Tennsco Regal Shelving Units,Large Box,0.82,10/20/2011
3862,27554,3/10/2011,Critical,45,12685.544,0.02,Delivery Truck,3985.11,348.21,40.19,Benjamin Venier,Yukon,Yukon,Small Business,Furniture,Tables,Bretford CR4500 Series Slim Rectangular Table,Jumbo Box,0.62,3/12/2011
3880,27715,9/19/2011,High,12,94.52,0.06,Regular Air,-36.23,7.45,6.28,Darrin Sayre,Yukon,Yukon,Consumer,Office Supplies,Binders and Binder Accessories,"Acco Four Pocket Poly Ring Binder with Label Holder, Smoke, 1""",Small Box,0.4,9/21/2011
3917,27936,7/7/2011,High,3,9172.32,0.06,Delivery Truck,-8570.45,3502.14,8.73,Irene Maddox,Yukon,Yukon,Consumer,Technology,Office Machines,Okidata Pacemark 4410N Wide Format Dot Matrix Printer,Jumbo Box,0.57,7/9/2011
4019,28737,10/3/2011,Critical,50,413.37,0.04,Regular Air,-224.41,8.45,7.77,Brad Thomas,Yukon,Yukon,Home Office,Office Supplies,"Scissors, Rulers and Trimmers","Elite 5"" Scissors",Small Pack,0.55,10/5/2011
4020,28737,10/3/2011,Critical,17,1721.641,0.04,Regular Air,242.44,115.99,4.23,Brad Thomas,Yukon,Yukon,Home Office,Technology,Telephones and Communication,282,Small Box,0.56,10/5/2011
4038,28807,3/31/2011,High,9,59.35,0.02,Express Air,-42.61,4.98,8.33,Patrick Bzostek,Yukon,Yukon,Consumer,Office Supplies,Paper,Xerox 198,Small Box,0.38,4/1/2011
4327,30848,5/1/2011,Medium,13,4324.29,0.09,Delivery Truck,298.83,348.21,40.19,Speros Goranitis,Yukon,Yukon,Corporate,Furniture,Tables,Bretford CR4500 Series Slim Rectangular Table,Jumbo Box,0.62,5/3/2011
4382,31233,9/24/2011,Low,41,1298.29,0.06,Regular Air,542.33,31.78,1.99,Brad Thomas,Yukon,Yukon,Home Office,Technology,Computer Peripherals,"Memorex 4.7GB DVD-RAM, 3/Pack",Small Pack,0.42,9/28/2011
4383,31233,9/24/2011,Low,3,19.34,0.06,Regular Air,-11.36,4.98,5.02,Brad Thomas,Yukon,Yukon,Home Office,Office Supplies,Paper,Xerox 1989,Small Box,0.38,9/26/2011
4384,31233,9/24/2011,Low,35,590.32,0.06,Regular Air,-91.31,16.99,8.99,Brad Thomas,Yukon,Yukon,Home Office,Office Supplies,Pens & Art Supplies,Berol Giant Pencil Sharpener,Small Pack,0.56,9/28/2011
4385,31233,9/24/2011,Low,19,4245.93,0,Regular Air,-626.45,209.37,69,Brad Thomas,Yukon,Yukon,Home Office,Furniture,Tables,Hon 2111 Invitationª Series Corner Table,Large Box,0.79,10/3/2011
4410,31461,6/27/2011,Medium,26,1463.42,0.08,Regular Air,350.82,59.98,3.99,Adam Hart,Yukon,Yukon,Corporate,Office Supplies,Appliances,Belkin 8 Outlet SurgeMaster II Gold Surge Protector,Small Box,0.57,6/29/2011
4422,31524,6/26/2011,Low,10,1025.88,0.08,Delivery Truck,-211.33,100.89,42,Ed Jacobs,Yukon,Yukon,Small Business,Furniture,Chairs & Chairmats,Office Star Flex Back Scooter Chair with Aluminum Finish Frame,Jumbo Drum,0.61,6/28/2011
4513,32129,7/2/2011,Critical,20,129.27,0.07,Regular Air,-105.15,6.48,8.74,Dave Kipp,British Columbia,West,Consumer,Office Supplies,Paper,Xerox 1984,Small Box,0.36,7/3/2011
4514,32129,7/2/2011,Critical,4,8467.68,0.01,Delivery Truck,-3669.05,2036.48,14.7,Dave Kipp,British Columbia,West,Consumer,Technology,Office Machines,Lexmark 4227 Plus Dot Matrix Printer,Jumbo Drum,0.55,7/4/2011
4652,33126,11/12/2011,Critical,46,5979.84,0.01,Express Air,1779.01,128.24,12.65,Deborah Brumfield,British Columbia,West,Small Business,Furniture,Chairs & Chairmats,SAFCO Folding Chair Trolley,Medium Box,,11/13/2011
4653,33126,11/12/2011,Critical,28,175.76,0.06,Regular Air,80.36,6.3,0.5,Deborah Brumfield,British Columbia,West,Small Business,Office Supplies,Labels,Avery 51,Small Box,0.39,11/14/2011
4719,33604,8/18/2011,High,10,59.62,0.04,Regular Air,-56.30,5.4,7.78,Yana Sorensen,British Columbia,West,Corporate,Office Supplies,Binders and Binder Accessories,3M Organizer Strips,Small Box,0.37,8/20/2011
4786,33987,10/25/2011,High,27,1521.1345,0.07,Regular Air,270.60,65.99,3.99,Sara Luxemburg,British Columbia,West,Small Business,Technology,Telephones and Communication,StarTAC 7760,Small Box,0.59,10/26/2011
4814,34243,2/11/2011,High,10,89.04,0.08,Regular Air,-16.49,8.75,8.54,Tom Ashbrook,British Columbia,West,Home Office,Furniture,Office Furnishings,"Eldon¨ 400 Classª Desk Accessories, Black Carbon",Small Pack,0.43,2/13/2011
4815,34243,2/11/2011,High,40,297.34,0.04,Express Air,-270.96,7.28,11.15,Tom Ashbrook,British Columbia,West,Home Office,Office Supplies,Paper,"Array¨ Parchment Paper, Assorted Colors",Small Box,0.37,2/12/2011
4816,34243,2/11/2011,High,35,1264.13,0.02,Regular Air,-1087.36,35.48,35,Tom Ashbrook,British Columbia,West,Home Office,Office Supplies,Storage & Organization,Belkin OmniView SE Rackmount Kit,Large Box,0.85,2/13/2011
4998,35587,11/10/2011,Critical,43,208.77,0.03,Regular Air,-144.24,4.82,5.72,Barry Pond,British Columbia,West,Consumer,Furniture,Office Furnishings,Magna Visual Magnetic Picture Hangers,Small Pack,0.47,11/11/2011
5014,35780,1/17/2011,Medium,6,28.55,0.01,Regular Air,-4.50,4.28,1.6,Chris McAfee,British Columbia,West,Consumer,Office Supplies,Pens & Art Supplies,Newell 320,Wrap Bag,0.58,1/19/2011
5079,36196,8/6/2011,Not Specified,7,39.01,0.07,Regular Air,-38.44,4.98,4.32,Christy Brittain,British Columbia,West,Consumer,Technology,Computer Peripherals,"DS/HD IBM Formatted Diskettes, 10/Pack - Staples",Small Pack,0.64,8/8/2011
5101,36356,12/25/2011,Medium,45,4768.59,0.01,Delivery Truck,-593.80,100.98,45,Christy Brittain,British Columbia,West,Consumer,Furniture,Chairs & Chairmats,Hon Valutaskª Swivel Chairs,Jumbo Drum,0.69,12/27/2011
5102,36356,12/25/2011,Medium,33,117.77,0.08,Regular Air,47.98,3.75,0.5,Christy Brittain,British Columbia,West,Consumer,Office Supplies,Labels,Avery 510,Small Box,0.37,12/27/2011
5268,37505,6/3/2011,Low,1,29.19,0.03,Regular Air,-23.10,16.98,12.39,Bryan Spruell,British Columbia,West,Home Office,Office Supplies,Envelopes,Brown Kraft Recycled Envelopes,Small Box,0.35,6/5/2011
5269,37505,6/3/2011,Low,9,2007.24,0.03,Express Air,600.40,225.04,11.79,Bryan Spruell,British Columbia,West,Home Office,Office Supplies,Appliances,Holmes Harmony HEPA Air Purifier for 17 x 20 Room,Medium Box,0.42,6/5/2011
5270,37505,6/3/2011,Low,42,384.41,0.05,Regular Air,-44.30,9.49,5.76,Bryan Spruell,British Columbia,West,Home Office,Technology,Office Machines,"Sharp EL501VB Scientific Calculator, Battery Operated, 10-Digit Display, Hard Case",Medium Box,0.39,6/8/2011
5488,38948,6/5/2011,Not Specified,9,1394.28,0.03,Regular Air,197.16,155.06,7.07,Julia Barnett,British Columbia,West,Home Office,Office Supplies,Storage & Organization,"Dual Level, Single-Width Filing Carts",Small Box,0.59,6/6/2011
5489,38948,6/5/2011,Not Specified,44,6862.237,0.05,Express Air,1839.20,179.99,13.99,Julia Barnett,British Columbia,West,Home Office,Technology,Telephones and Communication,VTech VT20-2481 2.4GHz Two-Line Phone System w/Answering Machine,Medium Box,0.57,6/6/2011
5505,39041,10/26/2011,Critical,47,418.03,0,Express Air,-158.58,8.09,7.96,Adam Hart,British Columbia,West,Corporate,Furniture,Office Furnishings,"6"" Cubicle Wall Clock, Black",Small Box,0.49,10/26/2011
5506,39041,10/26/2011,Critical,23,336.86,0.06,Regular Air,36.32,14.2,5.3,Adam Hart,British Columbia,West,Corporate,Furniture,Office Furnishings,Coloredge Poster Frame,Wrap Bag,0.46,10/28/2011
5535,39232,7/12/2011,Low,11,391.9,0.1,Regular Air,-47.01,35.44,19.99,Adam Hart,British Columbia,West,Corporate,Office Supplies,Paper,Xerox 1880,Small Box,0.38,7/14/2011
5536,39232,7/12/2011,Low,26,1451.59,0.06,Regular Air,435.11,55.48,14.3,Adam Hart,British Columbia,West,Corporate,Office Supplies,Paper,Xerox 194,Small Box,0.37,7/17/2011
5586,39617,12/17/2011,Not Specified,33,1283.68,0.08,Regular Air,202.47,39.98,9.2,Bradley Drucker,British Columbia,West,Small Business,Furniture,Office Furnishings,Eldon Radial Chair Mat for Low to Medium Pile Carpets,Wrap Bag,0.65,12/19/2011
5587,39617,12/17/2011,Not Specified,28,169.46,0.02,Regular Air,34.24,5.84,1.2,Bradley Drucker,British Columbia,West,Small Business,Office Supplies,Pens & Art Supplies,Newell 312,Wrap Bag,0.55,12/19/2011
5710,40420,1/10/2011,High,22,59.08,0.1,Regular Air,-2.61,2.88,1.49,Jeremy Pistek,British Columbia,West,Corporate,Office Supplies,Binders and Binder Accessories,Avery Durable Binders,Small Box,0.36,1/12/2011
5711,40420,1/10/2011,High,50,886.363,0.08,Regular Air,450.02,20.99,0.99,Jeremy Pistek,British Columbia,West,Corporate,Technology,Telephones and Communication,Accessory21,Wrap Bag,0.37,1/12/2011
5800,41152,9/3/2011,High,49,3702.92,0.03,Regular Air,541.92,76.72,19.95,Bobby Trafton,British Columbia,West,Corporate,Office Supplies,Appliances,Honeywell Enviracaire¨ Portable Air Cleaner for up to 8 x 10 Room,Large Box,0.54,9/4/2011
5801,41152,9/3/2011,High,29,53.99,0.1,Regular Air,-15.12,1.88,1.49,Bobby Trafton,British Columbia,West,Corporate,Office Supplies,Binders and Binder Accessories,Staples¨ General Use 3-Ring Binders,Small Box,0.37,9/5/2011
5804,41157,4/16/2011,Medium,39,3854.4,0.09,Regular Air,1116.98,107.53,5.81,Nicole Brennan,British Columbia,West,Home Office,Furniture,Office Furnishings,"Tenex Contemporary Contur Chairmats for Low and Medium Pile Carpet, Computer, 39"" x 49""",Medium Box,0.65,4/18/2011
5826,41349,12/17/2011,Critical,44,346.2,0,Express Air,-335.69,7.38,11.51,Jennifer Patt,British Columbia,West,Home Office,Office Supplies,Binders and Binder Accessories,GBC Plastic Binding Combs,Small Box,0.36,12/18/2011
5827,41349,12/17/2011,Critical,4,85.96,0.08,Express Air,-7.48,20.24,8.99,Jennifer Patt,British Columbia,West,Home Office,Furniture,Office Furnishings,"DAX Metal Frame, Desktop, Stepped-Edge",Small Pack,0.46,12/19/2011
5828,41349,12/17/2011,Critical,39,475.52,0.07,Regular Air,-70.43,12.44,6.27,Jennifer Patt,British Columbia,West,Home Office,Office Supplies,Storage & Organization,Eldon Simplefile¨ Box Office¨,Medium Box,0.57,12/19/2011
5850,41539,5/3/2011,High,24,41.85,0.04,Express Air,-8.44,1.6,1.29,Charles Crestani,British Columbia,West,Consumer,Office Supplies,Pens & Art Supplies,Sanford Pocket Accent¨ Highlighters,Wrap Bag,0.42,5/5/2011
5851,41539,5/3/2011,High,41,2303.7125,0.04,Regular Air,398.22,65.99,8.99,Charles Crestani,British Columbia,West,Consumer,Technology,Telephones and Communication,V 3600 Series,Small Box,0.58,5/4/2011
5940,42148,10/20/2011,Critical,11,45.31,0.07,Regular Air,-10.64,3.98,2.97,Jeremy Pistek,British Columbia,West,Corporate,Office Supplies,Paper,Unpadded Memo Slips,Wrap Bag,0.35,10/23/2011
6058,42919,10/6/2011,Medium,7,1143.4285,0.04,Express Air,-475.66,195.99,4.2,David Bremer,British Columbia,West,Corporate,Technology,Telephones and Communication,T65,Small Box,0.56,10/7/2011
6130,43397,5/12/2011,Critical,35,2130.31,0.08,Delivery Truck,-319.26,60.89,32.41,Damala Kotsonis,British Columbia,West,Corporate,Furniture,Chairs & Chairmats,"Global Push Button Manager's Chair, Indigo",Jumbo Drum,0.56,5/13/2011
6181,43814,1/9/2011,Medium,40,197.1,0.09,Regular Air,-12.88,5.28,2.99,Grant Thornton,British Columbia,West,Corporate,Office Supplies,Binders and Binder Accessories,"Wilson Jones 1"" Hanging DublLock¨ Ring Binders",Small Box,0.37,1/10/2011
6182,43814,1/9/2011,Medium,47,199.48,0.03,Regular Air,13.80,4.2,2.26,Grant Thornton,British Columbia,West,Corporate,Office Supplies,Paper,"Important Message Pads, 50 4-1/4 x 5-1/2 Forms per Pad",Wrap Bag,0.36,1/10/2011
6214,44003,11/17/2011,Low,38,202.42,0.09,Regular Air,0.86,5.34,2.99,Maris LaWare,British Columbia,West,Home Office,Office Supplies,Binders and Binder Accessories,Wilson Jones 14 Line Acrylic Coated Pressboard Data Binders,Small Box,0.38,11/21/2011
6426,45671,6/12/2011,Low,13,126.68,0.05,Regular Air,7.00,9.77,6.02,Charles Crestani,British Columbia,West,Consumer,Furniture,Office Furnishings,DAX Solid Wood Frames,Medium Box,0.48,6/19/2011
6563,46662,12/29/2011,Critical,8,57.22,0.07,Regular Air,-27.72,6.48,6.6,Aaron Hawkins,British Columbia,West,Home Office,Office Supplies,Paper,Xerox 21,Small Box,0.37,12/31/2011
6564,46662,12/29/2011,Critical,33,162,0.01,Regular Air,45.84,4.84,0.71,Aaron Hawkins,British Columbia,West,Home Office,Office Supplies,Pens & Art Supplies,*Staples* Highlighting Markers,Wrap Bag,0.52,12/31/2011
6565,46662,12/29/2011,Critical,48,3410.1575,0.1,Regular Air,1137.91,85.99,0.99,Aaron Hawkins,British Columbia,West,Home Office,Technology,Telephones and Communication,Accessory34,Wrap Bag,0.55,12/31/2011
6684,47553,5/22/2011,Medium,49,20701.928,0.08,Delivery Truck,3918.54,550.98,45.7,Dan Campbell,British Columbia,West,Corporate,Furniture,Tables,Chromcraft Bull-Nose Wood Oval Conference Tables & Bases,Jumbo Box,0.71,5/23/2011
6780,48288,7/22/2011,Medium,25,3308.28,0.08,Delivery Truck,-581.59,130.98,54.74,Nicole Brennan,British Columbia,West,Consumer,Furniture,Bookcases,"O'Sullivan Elevations Bookcase, Cherry Finish",Jumbo Box,0.69,7/24/2011
6814,48512,8/3/2011,Not Specified,48,238.79,0.04,Regular Air,-83.78,4.98,4.72,Cyra Reiten,British Columbia,West,Consumer,Office Supplies,Paper,Xerox 1949,Small Box,0.36,8/4/2011
6815,48512,8/3/2011,Not Specified,47,148.26,0.04,Express Air,49.04,2.94,0.81,Cyra Reiten,British Columbia,West,Consumer,Office Supplies,Pens & Art Supplies,Prang Colored Pencils,Wrap Bag,0.4,8/3/2011
6828,48641,12/5/2011,High,13,66.83,0,Regular Air,23.16,4.98,0.8,Benjamin Venier,British Columbia,West,Small Business,Office Supplies,Paper,Rediform S.O.S. Phone Message Books,Wrap Bag,0.36,12/6/2011
6841,48709,8/28/2011,High,17,47.12,0.01,Regular Air,-47.01,2.52,4.28,Helen Andreada,British Columbia,West,Corporate,Office Supplies,Pens & Art Supplies,"Binney & Smith inkTankª Erasable Desk Highlighter, Chisel Tip, Yellow, 12/Box",Wrap Bag,0.44,8/30/2011
6877,49026,3/7/2011,Low,36,411.75,0.05,Regular Air,-182.87,11.66,8.99,Roland Fjeld,British Columbia,West,Corporate,Office Supplies,Pens & Art Supplies,Boston 16765 Mini Stand Up Battery Pencil Sharpener,Small Pack,0.59,3/12/2011
7217,51493,7/6/2011,Low,31,286.26,0.01,Regular Air,8.34,8.56,5.16,Helen Andreada,British Columbia,West,Corporate,Office Supplies,Paper,"Message Book, Standard Line ""While You Were Out"", 5 1/2"" X 4"", 200 Sets/Book",Wrap Bag,0.38,7/8/2011
7283,51969,9/4/2011,High,16,196.98,0.04,Regular Air,-5.76,12.28,6.47,Irene Maddox,British Columbia,West,Consumer,Office Supplies,Paper,Xerox 1881,Small Box,0.38,9/4/2011
7284,51969,9/4/2011,High,33,1756.695,0.1,Regular Air,164.97,65.99,8.8,Irene Maddox,British Columbia,West,Consumer,Technology,Telephones and Communication,6120,Small Box,0.58,9/7/2011
7359,52423,4/11/2011,Critical,49,1734.4,0.02,Regular Air,749.16,35.41,1.99,Allen Armold,British Columbia,West,Home Office,Technology,Computer Peripherals,Imation DVD-RAM discs,Small Pack,0.43,4/13/2011
7360,52423,4/11/2011,Critical,25,1128.03,0.01,Regular Air,256.30,42.76,6.22,Allen Armold,British Columbia,West,Home Office,Office Supplies,Storage & Organization,"SAFCO Mobile Desk Side File, Wire Frame",Small Box,,4/12/2011
7441,53056,11/3/2011,Critical,13,509.49,0.07,Regular Air,-51.18,40.99,8.97,Helen Andreada,British Columbia,West,Corporate,Technology,Office Machines,AT&T 1430 2.4GHz Analog Phone w/Caller ID,Small Box,0.54,11/4/2011
7465,53283,10/28/2011,High,2,25.07,0.04,Regular Air,-27.67,9.49,5.76,Corey Lock,British Columbia,West,Home Office,Technology,Office Machines,"Sharp EL501VB Scientific Calculator, Battery Operated, 10-Digit Display, Hard Case",Medium Box,0.39,10/29/2011
7581,54215,10/21/2011,High,14,321.21,0.04,Regular Air,53.44,22.98,1.99,Denny Ordway,British Columbia,West,Small Business,Technology,Computer Peripherals,"Memorex 80 Minute CD-R, 30/Pack",Small Pack,0.46,10/23/2011
7668,54977,7/10/2011,Low,24,344.25,0.1,Regular Air,23.96,14.48,6.46,Karen Carlisle,British Columbia,West,Home Office,Office Supplies,Binders and Binder Accessories,"GBC White Gloss Covers, Plain Front",Small Box,0.38,7/14/2011
7669,54977,7/10/2011,Low,12,64.77,0.09,Regular Air,14.46,5.84,1,Karen Carlisle,British Columbia,West,Home Office,Office Supplies,Pens & Art Supplies,"Quartet Omega¨ Colored Chalk, 12/Pack",Wrap Bag,0.38,7/15/2011
7836,56006,10/1/2011,Critical,16,102.99,0.1,Regular Air,-102.17,6.48,9.68,Bill Shonely,British Columbia,West,Small Business,Office Supplies,Paper,Xerox 1993,Small Box,0.36,10/1/2011
7837,56006,10/1/2011,Critical,20,1429.088,0.06,Regular Air,500.05,85.99,1.25,Bill Shonely,British Columbia,West,Small Business,Technology,Telephones and Communication,Accessory8,Small Pack,0.39,10/3/2011
7850,56130,11/29/2011,Medium,13,246.06,0.08,Regular Air,52.33,18.7,8.99,David Bremer,British Columbia,West,Corporate,Furniture,Office Furnishings,"Executive Impressions 13-1/2"" Indoor/Outdoor Wall Clock",Small Pack,0.47,12/1/2011
7851,56130,11/29/2011,Medium,25,41.87,0.05,Regular Air,-25.52,1.68,1.57,David Bremer,British Columbia,West,Corporate,Office Supplies,Pens & Art Supplies,Newell 323,Wrap Bag,0.59,12/1/2011
7855,56162,4/25/2011,Not Specified,30,5217.79,0.09,Delivery Truck,209.54,180.98,30,Julia Barnett,British Columbia,West,Corporate,Furniture,Chairs & Chairmats,Office Star - Ergonomic Mid Back Chair with 2-Way Adjustable Arms,Jumbo Drum,0.69,4/27/2011
7896,56484,11/21/2011,Not Specified,6,176.58,0.1,Regular Air,28.34,30.56,2.99,Bobby Trafton,British Columbia,West,Small Business,Office Supplies,Binders and Binder Accessories,Surelockª Post Binders,Small Box,0.35,11/22/2011
7897,56484,11/21/2011,Not Specified,15,1121.84,0,Regular Air,-173.66,73.98,12.14,Bobby Trafton,British Columbia,West,Small Business,Technology,Computer Peripherals,Keytronic 105-Key Spanish Keyboard,Small Box,0.67,11/22/2011
7959,56868,12/3/2011,Low,34,1947.4265,0.03,Regular Air,473.27,65.99,5.92,Bobby Trafton,British Columbia,West,Corporate,Technology,Telephones and Communication,252,Small Box,0.55,12/10/2011
8025,57350,5/25/2011,High,33,140.63,0.09,Regular Air,-111.87,4.28,5.68,Tracy Hopkins,British Columbia,West,Small Business,Office Supplies,Paper,Xerox 199,Small Box,0.4,5/26/2011
8026,57350,5/25/2011,High,50,4872.6675,0.09,Regular Air,851.31,125.99,8.8,Tracy Hopkins,British Columbia,West,Small Business,Technology,Telephones and Communication,StarTAC 6500,Small Box,0.59,5/26/2011
8041,57444,5/14/2011,Critical,24,178.92,0.09,Regular Air,-56.11,7.68,6.16,Barry Pond,British Columbia,West,Consumer,Office Supplies,Binders and Binder Accessories,GBC VeloBinder Strips,Small Box,0.35,5/15/2011
8078,57633,2/6/2011,High,12,351.12,0.09,Express Air,202.63,30.93,3.92,Speros Goranitis,British Columbia,West,Corporate,Furniture,Office Furnishings,"Advantus Employee of the Month Certificate Frame, 11 x 13-1/2",Small Pack,0.44,2/7/2011
8095,57760,7/12/2011,Not Specified,38,275.11,0.06,Regular Air,17.15,7.59,4,Rick Huthwaite,British Columbia,West,Corporate,Furniture,Office Furnishings,"Master Giant Foot¨ Doorstop, Safety Yellow",Wrap Bag,0.42,7/14/2011
8096,57760,7/12/2011,Not Specified,34,102.34,0.01,Regular Air,-30.39,2.98,2.03,Rick Huthwaite,British Columbia,West,Corporate,Office Supplies,Pens & Art Supplies,"Premium Writing Pencils, Soft, #2 by Central Association for the Blind",Wrap Bag,0.57,7/14/2011
8139,58179,9/5/2011,Medium,3,39.49,0.1,Regular Air,-12.99,11.58,5.72,Ed Jacobs,British Columbia,West,Small Business,Office Supplies,Envelopes,"Peel & Seel¨ Recycled Catalog Envelopes, Brown",Small Box,0.35,9/6/2011
8173,58433,7/1/2011,High,11,2020.58,0.01,Delivery Truck,-45.02,180.98,30,Dean Katz,British Columbia,West,Home Office,Furniture,Chairs & Chairmats,Office Star - Ergonomic Mid Back Chair with 2-Way Adjustable Arms,Jumbo Drum,0.69,7/2/2011
8174,58433,7/1/2011,High,30,1533.46,0,Regular Air,730.44,48.04,5.79,Dean Katz,British Columbia,West,Home Office,Office Supplies,Paper,Xerox 1937,Small Box,0.37,7/3/2011
8175,58433,7/1/2011,High,20,5989.048,0.09,Delivery Truck,541.01,400.98,42.52,Dean Katz,British Columbia,West,Home Office,Furniture,Tables,Bretford CR8500 Series Meeting Room Furniture,Jumbo Box,0.71,7/3/2011
8374,59812,6/22/2011,Medium,46,9261.24,0,Regular Air,1646.43,193.17,19.99,Muhammed Lee,British Columbia,West,Consumer,Office Supplies,Storage & Organization,Fellowes Staxonsteel¨ Drawer Files,Small Box,0.71,6/22/2011
8375,59812,6/22/2011,Medium,2,28.98,0.06,Regular Air,-18.39,12.64,4.98,Muhammed Lee,British Columbia,West,Consumer,Furniture,Office Furnishings,Nu-Dell Executive Frame,Small Pack,0.48,6/23/2011
8395,59971,5/31/2011,Critical,26,437.77,0.01,Express Air,-125.80,15.98,8.99,Brad Thomas,British Columbia,West,Home Office,Technology,Computer Peripherals,"Imation 3.5"" DS/HD IBM Formatted Diskettes, 50/Pack",Small Pack,0.64,6/2/2011
8396,59971,5/31/2011,Critical,45,514.86,0.08,Regular Air,-10.84,12.28,6.47,Brad Thomas,British Columbia,West,Home Office,Office Supplies,Paper,Xerox 1881,Small Box,0.38,6/2/2011
8397,59971,5/31/2011,Critical,12,356.27,0.1,Express Air,84.53,30.98,5.09,Brad Thomas,British Columbia,West,Home Office,Office Supplies,Paper,Xerox 19,Small Box,0.4,6/2/2011
215,1414,8/15/2011,Critical,44,4530.96,0.07,Delivery Truck,-993.35,105.49,41.64,Carol Darley,British Columbia,West,Small Business,Furniture,Tables,Balt Solid Wood Rectangular Table,Jumbo Box,0.75,8/15/2011
341,2311,5/1/2011,High,31,1324.09,0.01,Regular Air,94.96,40.89,18.98,Fred Harton,British Columbia,West,Home Office,Furniture,Office Furnishings,Eldon Executive Woodline II Cherry Finish Desk Accessories,Small Box,0.57,5/2/2011
374,2595,12/13/2011,Not Specified,13,11764.25,0.04,Delivery Truck,2322.44,880.98,44.55,Art Miller,British Columbia,West,Corporate,Furniture,Bookcases,"Riverside Palais Royal Lawyers Bookcase, Royale Cherry Finish",Jumbo Box,0.62,12/14/2011
375,2595,12/13/2011,Not Specified,4,25.17,0.09,Regular Air,5.88,5.47,5.26,Art Miller,British Columbia,West,Corporate,Furniture,Office Furnishings,Advantus Panel Wall Acrylic Frame,Small Pack,0.42,12/15/2011
376,2595,12/13/2011,Not Specified,29,208.47,0.01,Express Air,-125.60,6.48,8.74,Art Miller,British Columbia,West,Corporate,Office Supplies,Paper,Xerox 1984,Small Box,0.36,12/15/2011
633,4422,5/21/2011,Medium,12,313.43,0.02,Regular Air,104.03,25.38,8.99,Scott Cohen,British Columbia,West,Consumer,Furniture,Office Furnishings,"Executive Impressions 13"" Chairman Wall Clock",Small Pack,0.5,5/21/2011
634,4422,5/21/2011,Medium,17,390.11,0.02,Regular Air,-19.92,21.38,8.99,Scott Cohen,British Columbia,West,Consumer,Office Supplies,Pens & Art Supplies,Boston 1730 StandUp Electric Pencil Sharpener,Small Pack,0.59,5/21/2011
875,6274,7/14/2011,Not Specified,22,46.36,0.05,Express Air,-56.73,1.74,4.08,Eugene Moren,British Columbia,West,Home Office,Furniture,Office Furnishings,"Eldon Regeneration Recycled Desk Accessories, Smoke",Small Pack,0.53,7/15/2011
1537,11074,6/9/2011,High,21,114.53,0.07,Regular Air,-39.23,5.68,3.6,Cynthia Delaney,British Columbia,West,Corporate,Office Supplies,"Scissors, Rulers and Trimmers",Acme¨ Preferred Stainless Steel Scissors,Small Pack,0.56,6/11/2011
1538,11074,6/9/2011,High,44,7164.7435,0.07,Regular Air,1609.29,205.99,5.99,Cynthia Delaney,British Columbia,West,Corporate,Technology,Telephones and Communication,3285,Small Box,0.59,6/10/2011
2171,15622,8/25/2011,High,34,8581.25,0,Delivery Truck,1464.23,240.98,60.2,Cathy Armstrong,British Columbia,West,Consumer,Furniture,Bookcases,"Atlantic Metals Mobile 2-Shelf Bookcases, Custom Colors",Jumbo Box,0.56,8/26/2011
2172,15622,8/25/2011,High,21,135.99,0.09,Regular Air,-129.24,6.48,9.68,Cathy Armstrong,British Columbia,West,Consumer,Office Supplies,Paper,Xerox 1993,Small Box,0.36,8/26/2011
2862,20646,3/30/2011,Medium,41,1204.0845,0.04,Regular Air,341.96,35.99,1.1,Lauren Leatherbury,British Columbia,West,Corporate,Technology,Telephones and Communication,Accessory35,Small Box,0.55,4/1/2011
3670,26277,6/27/2011,Medium,17,877.81,0.02,Regular Air,-44.40,49.99,19.99,Art Miller,British Columbia,West,Corporate,Technology,Computer Peripherals,US Robotics 56K V.92 Internal PCI Faxmodem,Small Box,0.45,6/28/2011
3913,27904,9/3/2011,High,8,460.5895,0.02,Regular Air,-171.20,65.99,8.99,Anthony O'Donnell,British Columbia,West,Consumer,Technology,Telephones and Communication,Talkabout T8367,Small Box,0.56,9/4/2011
4192,29767,2/5/2011,High,48,4153.06,0.06,Regular Air,1499.41,90.24,0.99,Eva Jacobs,British Columbia,West,Home Office,Office Supplies,Appliances,Kensington 6 Outlet MasterPiece¨ HOMEOFFICE Power Control Center,Small Box,0.56,2/6/2011
4290,30566,7/1/2011,Low,34,225.45,0.02,Regular Air,-193.39,6.48,9.54,Barry Blumstein,British Columbia,West,Small Business,Office Supplies,Paper,Xerox 1905,Small Box,0.37,7/3/2011
4952,35239,11/12/2011,Critical,21,109.29,0.08,Regular Air,-77.08,5.28,6.26,Barry Blumstein,British Columbia,West,Small Business,Office Supplies,Paper,Xerox 1928,Small Box,0.4,11/13/2011
4953,35239,11/12/2011,Critical,38,2257.88,0.01,Regular Air,474.98,59.76,9.71,Barry Blumstein,British Columbia,West,Small Business,Office Supplies,Storage & Organization,"Advantus 10-Drawer Portable Organizer, Chrome Metal Frame, Smoke Drawers",Small Box,0.57,11/14/2011
5032,35875,6/14/2011,High,31,348.92,0.06,Regular Air,28.47,10.98,3.37,Cynthia Delaney,British Columbia,West,Corporate,Office Supplies,"Scissors, Rulers and Trimmers",Fiskars¨ Softgrip Scissors,Small Pack,0.57,6/14/2011
5252,37380,4/1/2011,Critical,29,737.38,0.08,Regular Air,90.04,26.64,5.3,Fred Harton,British Columbia,West,Home Office,Furniture,Chairs & Chairmats,SAFCO Optional Arm Kit for Workspace¨ Cribbage Stacking Chair,Medium Box,,4/2/2011
5253,37380,4/1/2011,Critical,47,507.18,0,Regular Air,74.73,9.99,4.78,Fred Harton,British Columbia,West,Home Office,Office Supplies,Paper,Xerox 1896,Small Box,0.4,4/2/2011
5254,37380,4/1/2011,Critical,42,151.19,0.07,Regular Air,27.37,3.55,1.43,Fred Harton,British Columbia,West,Home Office,Office Supplies,Rubber Bands,"Acco Clips to Goª Binder Clips, 24 Clips in Two Sizes",Wrap Bag,0.38,4/2/2011
5373,38212,4/4/2011,Medium,24,123.75,0.09,Express Air,55.42,4.98,0.49,Eva Jacobs,British Columbia,West,Home Office,Office Supplies,Labels,Avery White Multi-Purpose Labels,Small Box,0.39,4/5/2011
5374,38212,4/4/2011,Medium,46,3533.97,0.07,Regular Air,-1329.81,80.98,35,Eva Jacobs,British Columbia,West,Home Office,Office Supplies,Storage & Organization,"Carina 42""Hx23 3/4""W Media Storage Unit",Large Box,0.83,4/6/2011
5375,38212,4/4/2011,Medium,38,3821.4045,0,Regular Air,1256.97,115.99,2.5,Eva Jacobs,British Columbia,West,Home Office,Technology,Telephones and Communication,StarTAC 7797,Small Box,0.55,4/6/2011
5548,39270,2/6/2011,High,11,65.78,0.07,Regular Air,-17.42,5.81,3.37,Greg Matthias,British Columbia,West,Home Office,Office Supplies,Rubber Bands,"Advantus Push Pins, Aluminum Head",Wrap Bag,0.54,2/6/2011
5582,39586,5/19/2011,Not Specified,1,10.48,0.04,Regular Air,-5.44,3.52,6.83,Lauren Leatherbury,British Columbia,West,Corporate,Office Supplies,Binders and Binder Accessories,Self-Adhesive Ring Binder Labels,Small Box,0.38,5/21/2011
5837,41413,11/16/2011,Low,17,10134.55,0.08,Regular Air,-597.21,599.99,24.49,Art Miller,British Columbia,West,Corporate,Technology,Copiers and Fax,Hewlett Packard LaserJet 3310 Copier,Large Box,0.37,11/23/2011
5838,41413,11/16/2011,Low,46,1765.64,0.08,Regular Air,108.65,40.97,14.45,Art Miller,British Columbia,West,Corporate,Furniture,Office Furnishings,Dana Halogen Swing-Arm Architect Lamp,Large Box,0.57,11/18/2011
5839,41413,11/16/2011,Low,23,156.5,0.01,Regular Air,-49.60,6.48,6,Art Miller,British Columbia,West,Corporate,Office Supplies,Paper,Xerox 2,Small Box,0.37,11/20/2011
6015,42628,5/5/2011,Not Specified,4,1199.336,0.01,Delivery Truck,224.80,349.45,60,Ken Lonsdale,British Columbia,West,Consumer,Furniture,Tables,"SAFCO PlanMaster Heigh-Adjustable Drafting Table Base, 43w x 30d x 30-37h, Black",Jumbo Drum,,5/7/2011
6073,43013,4/22/2011,Low,43,1438.33,0.08,Regular Air,163.38,34.76,8.22,Lauren Leatherbury,British Columbia,West,Home Office,Office Supplies,Storage & Organization,"Multi-Use Personal File Cart and Caster Set, Three Stacking Bins",Small Box,0.57,4/27/2011
6238,44198,1/4/2011,Critical,35,625.9485,0.04,Express Air,-87.02,20.99,3.3,Greg Matthias,British Columbia,West,Home Office,Technology,Telephones and Communication,Accessory39,Small Pack,0.81,1/4/2011
6281,44451,9/11/2011,Low,4,12.49,0.08,Regular Air,-13.50,1.98,4.77,Eva Jacobs,British Columbia,West,Home Office,Office Supplies,Binders and Binder Accessories,Avery Reinforcements for Hole-Punch Pages,Small Box,0.4,9/15/2011
6682,47525,3/3/2011,Medium,40,649.46,0.01,Regular Air,189.04,15.98,4,Anthony Rawles,British Columbia,West,Small Business,Technology,Computer Peripherals,Logitech Access Keyboard,Small Box,0.37,3/4/2011
6878,49027,4/11/2011,High,41,708.83,0.08,Regular Air,35.08,17.67,8.99,Fred Harton,British Columbia,West,Home Office,Furniture,Office Furnishings,"Executive Impressions 12"" Wall Clock",Small Pack,0.47,4/12/2011
7275,51906,9/1/2011,High,24,206.34,0.04,Regular Air,-38.23,8.46,3.62,Art Foster,British Columbia,West,Home Office,Technology,Computer Peripherals,"Imation 3.5"", RTS 247544 3M 3.5 DSDD, 10/Pack",Small Pack,0.61,9/2/2011
7392,52675,10/10/2011,Medium,4,20.25,0.1,Regular Air,-22.13,4.77,2.39,Christopher Martinez,British Columbia,West,Small Business,Technology,Computer Peripherals,"Imation Primaris 3.5"" 2HD Unformatted Diskettes, 10/Pack",Small Pack,0.72,10/12/2011
7393,52675,10/10/2011,Medium,22,52.62,0.01,Regular Air,-4.64,2.21,1.12,Christopher Martinez,British Columbia,West,Small Business,Office Supplies,Pens & Art Supplies,Newell 327,Wrap Bag,0.58,10/12/2011
7455,53189,8/23/2011,Critical,29,214.19,0,Express Air,-40.56,6.48,5.94,Duane Noonan,British Columbia,West,Corporate,Office Supplies,Paper,"Eureka Recycled Copy Paper 8 1/2"" x 11"", Ream",Small Box,0.37,8/23/2011
8145,58247,9/23/2011,Not Specified,8,1058.82,0.02,Regular Air,211.73,131.12,0.99,Christopher Martinez,British Columbia,West,Home Office,Office Supplies,Appliances,Kensington 7 Outlet MasterPiece¨ HOMEOFFICE Power Control Center,Small Box,0.55,9/23/2011
8146,58247,9/23/2011,Not Specified,14,92.07,0.09,Regular Air,-64.50,6.48,7.86,Christopher Martinez,British Columbia,West,Home Office,Office Supplies,Paper,Xerox 213,Small Box,0.37,9/25/2011
8178,58470,6/8/2011,High,24,1811.55,0.09,Regular Air,512.69,81.32,0.99,Barry Blumstein,British Columbia,West,Small Business,Office Supplies,Appliances,Kensington 4 Outlet MasterPiece¨ Compact Power Control Center,Small Box,0.57,6/9/2011
8179,58470,6/8/2011,High,13,49.08,0.06,Regular Air,-0.31,3.71,1.93,Barry Blumstein,British Columbia,West,Small Business,Office Supplies,Paper,"""While you Were Out"" Message Book, One Form per Page",Wrap Bag,0.35,6/8/2011
8180,58470,6/8/2011,High,36,236.19,0.06,Regular Air,-76.92,6.48,5.94,Barry Blumstein,British Columbia,West,Small Business,Office Supplies,Paper,"Eureka Recycled Copy Paper 8 1/2"" x 11"", Ream",Small Box,0.37,6/9/2011
8181,58470,6/8/2011,High,45,854.14,0.01,Regular Air,94.00,18.97,9.03,Barry Blumstein,British Columbia,West,Small Business,Office Supplies,Paper,Computer Printout Paper with Letter-Trim Perforations,Small Box,0.37,6/10/2011
8182,58470,6/8/2011,High,5,159.5,0.09,Regular Air,-57.98,31.98,6.72,Barry Blumstein,British Columbia,West,Small Business,Office Supplies,Storage & Organization,Fellowes Bankers Boxª Stor/Drawer¨ Steel Plusª,Small Box,0.75,6/9/2011
255,1767,3/13/2011,High,10,46.34,0.05,Regular Air,-7.76,4.71,0.7,Roger Barcio,Alberta,West,Corporate,Office Supplies,Rubber Bands,Plymouth Boxed Rubber Bands by Plymouth,Wrap Bag,0.8,3/15/2011
449,3046,11/29/2011,High,24,10094.43,0.03,Regular Air,4451.01,420.98,19.99,Sung Pak,Alberta,West,Small Business,Office Supplies,Binders and Binder Accessories,GBC DocuBind 200 Manual Binding Machine,Small Box,0.35,12/1/2011
862,6180,4/11/2011,Medium,44,2443.342,0.01,Regular Air,590.32,65.99,3.99,Sung Chung,Alberta,West,Home Office,Technology,Telephones and Communication,StarTAC 7760,Small Box,0.59,4/13/2011
1195,8768,8/18/2011,High,44,2422.4405,0.03,Regular Air,568.18,65.99,5.31,Resi Polking,Alberta,West,Small Business,Technology,Telephones and Communication,3390,Small Box,0.57,8/19/2011
2407,17445,8/21/2011,Not Specified,33,249.48,0.1,Regular Air,-73.83,8.32,2.38,Resi Polking,Alberta,West,Small Business,Technology,Computer Peripherals,"Imation 3.5 IBM Formatted Diskettes, 10/Box",Small Pack,0.74,8/24/2011
2574,18593,9/22/2011,High,23,6572.04,0.06,Regular Air,1579.34,300.97,7.18,Tamara Manning,Alberta,West,Corporate,Technology,Computer Peripherals,Gyration Ultra Professional Cordless Optical Suite,Small Box,0.48,9/23/2011
2575,18593,9/22/2011,High,19,1051.992,0.09,Delivery Truck,-1280.60,70.89,89.3,Tamara Manning,Alberta,West,Corporate,Furniture,Tables,KI Conference Tables,Jumbo Box,0.72,9/24/2011
2879,20743,12/15/2011,High,39,231.21,0,Express Air,-179.96,5.28,8.16,Roger Demir,Alberta,West,Consumer,Office Supplies,Paper,Xerox 1963,Small Box,0.4,12/16/2011
3169,22787,4/5/2011,Medium,35,46.44,0.06,Express Air,-16.30,1.26,0.7,Ricardo Block,Alberta,West,Corporate,Office Supplies,Rubber Bands,Bagged Rubber Bands,Wrap Bag,0.81,4/5/2011
3908,27872,10/13/2011,Not Specified,25,388.71,0.01,Regular Air,36.43,14.27,7.27,Shaun Chance,Alberta,West,Corporate,Office Supplies,Binders and Binder Accessories,"GBC Laser Imprintable Binding System Covers, Desert Sand",Small Box,0.38,10/15/2011
4368,31109,10/28/2011,Low,49,1515,0.08,Regular Air,219.04,31.74,12.62,Sung Pak,Alberta,West,Small Business,Office Supplies,Binders and Binder Accessories,GBC Wire Binding Strips,Small Box,0.37,11/1/2011
5727,40612,2/28/2011,High,9,19.2,0.1,Regular Air,-6.84,2.21,1.12,Shaun Chance,Alberta,West,Corporate,Office Supplies,Pens & Art Supplies,Newell 327,Wrap Bag,0.58,3/1/2011
5918,41987,10/21/2011,Not Specified,25,6481.048,0.05,Delivery Truck,1760.11,320.64,29.2,Shaun Chance,Alberta,West,Corporate,Furniture,Tables,"Chromcraft 48"" x 96"" Racetrack Double Pedestal Table",Jumbo Box,0.66,10/22/2011
5932,42083,12/11/2011,Critical,38,5526.16,0.03,Regular Air,1263.98,140.81,24.49,Sue Ann Reed,Alberta,West,Consumer,Furniture,Chairs & Chairmats,Hon Olson Stacker Stools,Large Box,0.57,12/13/2011
5933,42083,12/11/2011,Critical,36,236.89,0.04,Regular Air,-86.30,6.48,6.22,Sue Ann Reed,Alberta,West,Consumer,Office Supplies,Paper,Xerox 1894,Small Box,0.37,12/13/2011
5934,42083,12/11/2011,Critical,33,68.42,0.05,Regular Air,-57.97,2.08,2.56,Sue Ann Reed,Alberta,West,Consumer,Office Supplies,"Scissors, Rulers and Trimmers",Kleencut¨ Forged Office Shears by Acme United Corporation,Small Pack,0.55,12/11/2011
7172,51200,11/18/2011,Medium,29,1617.88,0,Regular Air,271.90,53.98,5.5,Tom Prescott,Alberta,West,Small Business,Technology,Computer Peripherals,Nu-Form 106-Key Ergonomic Keyboard w/ Touchpad,Small Box,0.62,11/21/2011
7266,51842,11/28/2011,Low,1,54.22,0.02,Regular Air,-19.09,48.91,5.81,Tamara Manning,Alberta,West,Corporate,Office Supplies,Paper,Xerox 1891,Small Box,0.38,12/3/2011
7267,51842,11/28/2011,Low,4,431.11,0.07,Regular Air,-244.33,101.41,35,Tamara Manning,Alberta,West,Corporate,Office Supplies,Storage & Organization,Tennsco Regal Shelving Units,Large Box,0.82,12/2/2011
7374,52578,3/7/2011,Critical,38,6230.68,0.09,Delivery Truck,835.46,217.85,29.1,Pauline Webber,Alberta,West,Consumer,Furniture,Tables,"Chromcraft Bull-Nose Wood Round Conference Table Top, Wood Base",Jumbo Box,0.68,3/9/2011
7375,52578,3/7/2011,Critical,8,1391.816,0.05,Regular Air,-344.82,209.37,69,Pauline Webber,Alberta,West,Consumer,Furniture,Tables,Hon 2111 Invitationª Series Corner Table,Large Box,0.79,3/10/2011
7910,56577,11/2/2011,Critical,19,1134.2,0.08,Delivery Truck,-351.51,58.14,36.61,Quincy Jones,Alberta,West,Small Business,Furniture,Bookcases,O'Sullivan 3-Shelf Heavy-Duty Bookcases,Jumbo Box,0.61,11/4/2011
7954,56834,5/1/2011,High,22,1900.47,0,Delivery Truck,202.73,80.97,30.06,Darren Powers,Alberta,West,Corporate,Technology,Office Machines,Hewlett-Packard Deskjet 940 REFURBISHED Color Inkjet Printer,Jumbo Box,0.4,5/3/2011
7955,56834,5/1/2011,High,33,205.52,0.09,Regular Air,-118.55,6.48,7.03,Darren Powers,Alberta,West,Corporate,Office Supplies,Paper,Xerox 214,Small Box,0.37,5/2/2011
8031,57380,10/20/2011,Low,3,545.88,0.05,Delivery Truck,-95.04,212.6,52.2,Pauline Webber,Alberta,West,Consumer,Furniture,Tables,Bush Advantage Collection¨ Round Conference Table,Jumbo Box,0.64,10/24/2011
8249,58981,1/31/2011,High,28,1262.75,0.07,Regular Air,422.23,46.89,5.1,Tamara Manning,Alberta,West,Corporate,Office Supplies,Appliances,Bionaire Personal Warm Mist Humidifier/Vaporizer,Medium Box,0.46,2/2/2011
8356,59686,3/8/2011,Low,41,243.37,0.01,Regular Air,-106.42,5.8,5.59,Shaun Chance,Alberta,West,Corporate,Office Supplies,Binders and Binder Accessories,Wilson Jones ÒSnapÓ Scratch Pad Binder Tool for Ring Binders,Small Box,0.4,3/13/2011
939,6791,2/1/2011,Medium,14,730.33,0.1,Express Air,110.77,51.98,10.17,Lindsay Castell,Alberta,West,Small Business,Technology,Office Machines,Canon MP25DIII Desktop Whisper-Quiet Printing Calculator,Medium Box,0.37,2/3/2011
2459,17860,4/6/2011,Critical,16,139,0.05,Express Air,-96.33,7.77,9.23,Adam Bellavance,Alberta,West,Small Business,Office Supplies,Appliances,Hoover Commercial Soft Guard Upright Vacuum And Disposable Filtration Bags,Small Box,0.58,4/8/2011
3553,25318,11/19/2011,Critical,1,3.2,0.09,Regular Air,-3.16,1.88,1.49,Ken Dana,Alberta,West,Small Business,Office Supplies,Binders and Binder Accessories,Staples¨ General Use 3-Ring Binders,Small Box,0.37,11/21/2011
3763,26887,5/15/2011,Critical,38,1637.78,0.08,Express Air,461.65,42.98,4.62,Adam Bellavance,Alberta,West,Small Business,Office Supplies,Appliances,Belkin F9M820V08 8 Outlet Surge,Small Box,0.56,5/16/2011
3764,26887,5/15/2011,Critical,23,193.84,0.07,Express Air,-117.10,8.04,8.94,Adam Bellavance,Alberta,West,Small Business,Office Supplies,Binders and Binder Accessories,"Fellowes Twister Kit, Gray/Clear, 3/pkg",Small Box,0.4,5/15/2011
5581,39585,12/29/2011,Not Specified,32,166.17,0.01,Regular Air,-22.74,5.08,3.63,Max Engle,Alberta,West,Corporate,Furniture,Office Furnishings,"Master Caster Door Stop, Gray",Wrap Bag,0.51,12/30/2011
6788,48354,4/20/2011,Medium,25,1387.29,0.03,Express Air,405.64,55.48,14.3,Lisa Ryan,Alberta,West,Home Office,Office Supplies,Paper,Xerox 194,Small Box,0.37,4/21/2011
7418,52900,5/20/2011,High,16,101.14,0,Regular Air,-32.62,5.98,5.46,Helen Wasserman,Alberta,West,Home Office,Office Supplies,Paper,Xerox 1983,Small Box,0.36,5/22/2011
8070,57572,7/12/2011,Medium,30,139.08,0.1,Regular Air,-120.04,4.98,4.62,Helen Wasserman,Alberta,West,Home Office,Technology,Computer Peripherals,"Imation 3.5"", DISKETTE 44766 HGHLD3.52HD/FM, 10/Pack",Small Pack,0.64,7/14/2011
8071,57572,7/12/2011,Medium,9,75.28,0,Regular Air,-17.22,7.64,5.83,Helen Wasserman,Alberta,West,Home Office,Office Supplies,Paper,"Rediform Wirebound ""Phone Memo"" Message Book, 11 x 5-3/4",Wrap Bag,0.36,7/13/2011
8189,58566,8/23/2011,Not Specified,45,4680.89,0.07,Regular Air,693.01,105.29,10.12,Julia Dunbar,Alberta,West,Consumer,Furniture,Office Furnishings,Eldon Antistatic Chair Mats for Low to Medium Pile Carpets,Large Box,0.79,8/24/2011
8190,58566,8/23/2011,Not Specified,42,2414.9945,0.01,Express Air,624.71,65.99,4.99,Julia Dunbar,Alberta,West,Consumer,Technology,Telephones and Communication,MicroTAC 650,Small Box,0.58,8/25/2011
8271,59139,1/29/2011,Critical,12,849.51,0.05,Regular Air,163.10,70.97,3.5,Helen Wasserman,Alberta,West,Home Office,Office Supplies,Appliances,Tripp Lite Isotel 8 Ultra 8 Outlet Metal Surge,Small Box,0.59,1/30/2011
8272,59139,1/29/2011,Critical,38,189.49,0.09,Regular Air,-13.71,5.34,2.99,Helen Wasserman,Alberta,West,Home Office,Office Supplies,Binders and Binder Accessories,Wilson Jones 14 Line Acrylic Coated Pressboard Data Binders,Small Box,0.38,1/30/2011
1039,7585,5/19/2011,High,34,650.1395,0,Regular Air,22.57,20.99,1.25,Darren Koutras,Alberta,West,Consumer,Technology,Telephones and Communication,Accessory29,Small Pack,0.83,5/21/2011
1740,12481,7/10/2011,Critical,37,744,0.04,Regular Air,215.80,20.89,1.99,Chuck Clark,Alberta,West,Corporate,Technology,Computer Peripherals,"IBM 80 Minute CD-R Spindle, 50/Pack",Small Pack,0.48,7/12/2011
1741,12481,7/10/2011,Critical,12,388.8665,0.01,Regular Air,103.05,35.99,0.99,Chuck Clark,Alberta,West,Corporate,Technology,Telephones and Communication,Accessory31,Small Pack,0.35,7/10/2011
3486,24804,5/27/2011,Not Specified,20,211.42,0,Regular Air,-113.52,9.71,9.45,Roland Murray,Alberta,West,Home Office,Office Supplies,Storage & Organization,Filing/Storage Totes and Swivel Casters,Small Box,0.6,5/29/2011
4735,33700,4/7/2011,Low,36,260.13,0,Regular Air,-133.98,6.48,8.19,Chuck Clark,Alberta,West,Corporate,Office Supplies,Paper,Xerox 217,Small Box,0.37,4/11/2011
6510,46336,7/29/2011,High,31,143.85,0.1,Regular Air,34.14,4.84,0.71,Carl Weiss,Alberta,West,Consumer,Office Supplies,Pens & Art Supplies,*Staples* Highlighting Markers,Wrap Bag,0.52,7/31/2011
7887,56420,7/24/2011,Low,16,597.44,0.09,Regular Air,108.30,38.06,4.5,Carl Weiss,Alberta,West,Consumer,Office Supplies,Appliances,Fellowes Superior 10 Outlet Split Surge Protector,Small Box,0.56,7/28/2011
7888,56420,7/24/2011,Low,26,132.23,0.07,Regular Air,22.25,5.08,2.03,Carl Weiss,Alberta,West,Consumer,Furniture,Office Furnishings,"Master Caster Door Stop, Brown",Wrap Bag,0.51,7/26/2011
7889,56420,7/24/2011,Low,22,2403.137,0,Regular Air,377.62,125.99,8.99,Carl Weiss,Alberta,West,Consumer,Technology,Telephones and Communication,5170i,Small Box,0.57,7/29/2011
7890,56420,7/24/2011,Low,48,5138.335,0.02,Regular Air,1422.20,125.99,8.08,Carl Weiss,Alberta,West,Consumer,Technology,Telephones and Communication,StarTAC ST7762,Small Box,0.57,7/26/2011
2415,17539,9/15/2011,Not Specified,28,381.79,0.08,Regular Air,73.73,14.34,5,Pauline Webber,Alberta,West,Consumer,Furniture,Office Furnishings,Nu-Dell Leatherette Frames,Small Pack,0.49,9/16/2011
2416,17539,9/15/2011,Not Specified,10,1529.3115,0.1,Regular Air,-491.26,195.99,8.99,Pauline Webber,Alberta,West,Consumer,Technology,Telephones and Communication,T28 WORLD,Small Box,0.6,9/16/2011
2924,21188,9/21/2011,Critical,29,21046.74,0.04,Regular Air,5217.27,699.99,24.49,Matthew Grinstein,Alberta,West,Small Business,Technology,Copiers and Fax,Canon Imageclass D680 Copier / Fax,Large Box,0.54,9/23/2011
3714,26529,1/28/2011,Low,17,201.72,0.05,Regular Air,-81.61,11.34,11.25,Pauline Webber,Alberta,West,Consumer,Office Supplies,Paper,Staples 1 Part Blank Computer Paper,Small Box,0.36,2/1/2011
4030,28773,2/10/2011,Low,48,2174.419,0.05,Regular Air,-211.70,55.99,5,Mitch Gastineau,Alberta,West,Small Business,Technology,Telephones and Communication,Accessory36,Small Pack,0.83,2/17/2011
4481,31878,12/18/2011,Medium,14,138.95,0.04,Regular Air,9.63,9.27,4.39,Lisa Hazard,Alberta,West,Home Office,Office Supplies,Paper,"Wirebound Message Books, Four 2 3/4"" x 5"" Forms per Page, 600 Sets per Book",Wrap Bag,0.38,12/18/2011
4482,31878,12/18/2011,Medium,42,5678.5525,0.01,Regular Air,1727.78,155.99,8.99,Lisa Hazard,Alberta,West,Home Office,Technology,Telephones and Communication,R280,Small Box,0.55,12/19/2011
5132,36608,9/28/2011,Low,40,825.8,0.1,Regular Air,183.48,21.98,2.87,Mitch Gastineau,Alberta,West,Small Business,Office Supplies,Pens & Art Supplies,Panasonic KP-310 Heavy-Duty Electric Pencil Sharpener,Small Pack,0.55,10/2/2011
5133,36608,9/28/2011,Low,49,4273.95,0.05,Regular Air,1340.07,90.48,19.99,Mitch Gastineau,Alberta,West,Small Business,Office Supplies,Envelopes,Tyvek¨ Side-Opening Peel & Seel¨ Expanding Envelopes,Small Box,0.4,10/5/2011
5204,36994,6/17/2011,Critical,40,5264.48,0.03,Delivery Truck,-284.06,130.98,30,Mitch Gastineau,Alberta,West,Corporate,Furniture,Chairs & Chairmats,"Office Star - Contemporary Task Swivel chair with 2-way adjustable arms, Plum",Jumbo Drum,0.78,6/17/2011
6072,43013,4/22/2011,Low,50,2437.67,0.08,Regular Air,25.68,50.98,22.24,Lauren Leatherbury,Alberta,West,Home Office,Furniture,Office Furnishings,"Dana Fluorescent Magnifying Lamp, White, 36""",Large Box,0.55,4/26/2011
7560,54084,9/10/2011,Critical,3,160.52,0.08,Delivery Truck,-69.66,50.98,14.19,Lauren Leatherbury,Alberta,West,Corporate,Furniture,Chairs & Chairmats,"Global Deluxe Stacking Chair, Gray",Jumbo Drum,0.56,9/12/2011
7805,55845,7/21/2011,Low,29,4203.88,0.1,Delivery Truck,-865.88,150.98,66.27,Lauren Leatherbury,Alberta,West,Home Office,Furniture,Bookcases,Bush Mission Pointe Library,Jumbo Box,0.65,7/25/2011
7982,57063,6/2/2011,Medium,26,173.78,0.06,Regular Air,-96.26,6.48,7.49,Matthew Grinstein,Alberta,West,Small Business,Office Supplies,Paper,Xerox 220,Small Box,0.37,6/2/2011
7983,57063,6/2/2011,Medium,22,41.18,0.07,Regular Air,-0.64,1.88,0.79,Matthew Grinstein,Alberta,West,Small Business,Office Supplies,Rubber Bands,Staples Pushpins,Wrap Bag,0.5,6/4/2011
9,36,11/2/2011,Critical,46,2484.7455,0.1,Regular Air,657.48,65.99,4.2,Sample Company A,Alberta,West,Home Office,Technology,Telephones and Communication,6162i,Small Box,0.55,11/2/2011
120,774,12/3/2011,Critical,17,126.57,0.03,Regular Air,-752.13,4.48,49,Sibella Parks,Alberta,West,Small Business,Office Supplies,Appliances,Hoover Portapowerª Portable Vacuum,Large Box,0.6,12/5/2011
877,6304,8/11/2011,High,30,199.11,0.01,Regular Air,-83.33,6.48,6.65,Adam Shillingsburg,Alberta,West,Corporate,Office Supplies,Paper,Xerox 1966,Small Box,0.36,8/13/2011
1328,9696,2/19/2011,Not Specified,15,110.15,0.02,Regular Air,13.91,6.75,2.99,Harold Dahlen,Alberta,West,Corporate,Office Supplies,Binders and Binder Accessories,Wilson Jones DublLock¨ D-Ring Binders,Small Box,0.35,2/21/2011
1329,9696,2/19/2011,Not Specified,13,3335.27,0.03,Delivery Truck,539.69,243.98,43.32,Harold Dahlen,Alberta,West,Corporate,Furniture,Chairs & Chairmats,"Hon Deluxe Fabric Upholstered Stacking Chairs, Rounded Back",Jumbo Drum,0.55,2/21/2011
2044,14563,12/2/2011,Critical,31,953.0455,0.02,Regular Air,298.47,35.99,5.99,Becky Pak,Alberta,West,Corporate,Technology,Telephones and Communication,Accessory41,Wrap Bag,0.38,12/3/2011
2155,15428,2/9/2011,Critical,50,1444.96,0.09,Express Air,-6.34,29.1,4,Sibella Parks,Alberta,West,Small Business,Technology,Computer Peripherals,Acco Keyboard-In-A-Box¨,Small Box,0.78,2/10/2011
2156,15428,2/9/2011,Critical,10,941.6215,0.01,Regular Air,-186.67,110.99,8.99,Sibella Parks,Alberta,West,Small Business,Technology,Telephones and Communication,LX 677,Small Box,0.57,2/12/2011
2425,17573,9/4/2011,Low,47,21555.6,0.02,Delivery Truck,8965.83,449.99,49,Clytie Kelty,Alberta,West,Small Business,Technology,Copiers and Fax,Canon PC940 Copier,Jumbo Drum,0.38,9/6/2011
2682,19424,4/9/2011,Not Specified,29,60.68,0.09,Regular Air,-115.71,1.98,4.77,Sibella Parks,Alberta,West,Small Business,Office Supplies,Binders and Binder Accessories,Avery Reinforcements for Hole-Punch Pages,Small Box,0.4,4/9/2011
2683,19424,4/9/2011,Not Specified,37,1129.055,0.05,Regular Air,337.73,35.99,1.1,Sibella Parks,Alberta,West,Small Business,Technology,Telephones and Communication,Accessory35,Small Box,0.55,4/10/2011
3449,24583,8/9/2011,Critical,17,42.29,0.06,Regular Air,-85.27,2.16,6.05,Becky Pak,Alberta,West,Corporate,Office Supplies,Binders and Binder Accessories,Peel & Stick Add-On Corner Pockets,Small Box,0.37,8/12/2011
3540,25191,3/30/2011,Medium,42,4091.152,0.05,Regular Air,1303.92,115.99,2.5,Sibella Parks,Alberta,West,Small Business,Technology,Telephones and Communication,StarTAC 7797,Small Box,0.55,3/30/2011
3589,25603,3/5/2011,Low,23,862.64,0.04,Regular Air,122.11,35.89,14.72,Alyssa Crouse,Alberta,West,Corporate,Office Supplies,Envelopes,Jet-Pak Recycled Peel 'N' Seal Padded Mailers,Small Box,0.4,3/7/2011
3905,27844,6/29/2011,Low,1,11.08,0.09,Regular Air,-9.69,5.8,5.59,Rose O'Brian,Alberta,West,Home Office,Office Supplies,Binders and Binder Accessories,Wilson Jones ÒSnapÓ Scratch Pad Binder Tool for Ring Binders,Small Box,0.4,7/6/2011
4120,29317,10/2/2011,Not Specified,40,7789.63,0.08,Delivery Truck,1774.53,200.98,23.76,Becky Pak,Alberta,West,Corporate,Furniture,Chairs & Chairmats,"Global Leather Highback Executive Chair with Pneumatic Height Adjustment, Black",Jumbo Drum,0.58,10/4/2011
4121,29317,10/2/2011,Not Specified,20,15703.82,0.06,Delivery Truck,3055.72,810.98,16.06,Becky Pak,Alberta,West,Corporate,Technology,Office Machines,Okidata ML591 Wide Format Dot Matrix Printer,Jumbo Drum,0.56,10/3/2011
4122,29317,10/2/2011,Not Specified,31,140.69,0.06,Regular Air,-14.54,4.71,0.7,Becky Pak,Alberta,West,Corporate,Office Supplies,Rubber Bands,Sterling Rubber Bands by Alliance,Wrap Bag,0.85,10/2/2011
4386,31237,7/29/2011,Not Specified,13,589.78,0,Regular Air,225.26,42.8,2.99,Frank Olsen,Alberta,West,Small Business,Office Supplies,Binders and Binder Accessories,"Wilson Jones Elliptical Ring 3 1/2"" Capacity Binders, 800 sheets",Small Box,0.36,7/29/2011
4780,33925,5/3/2011,Low,47,1488.86,0.03,Regular Air,-95.05,30.98,19.99,Catherine Glotzbach,Alberta,West,Home Office,Office Supplies,Paper,Xerox 1988,Small Box,0.4,5/7/2011
5367,38146,12/7/2011,Low,45,341.39,0.03,Regular Air,-82.95,7.68,6.16,Erica Hackney,Alberta,West,Small Business,Office Supplies,Binders and Binder Accessories,GBC VeloBinder Strips,Small Box,0.35,12/11/2011
5460,38787,8/5/2011,Low,22,79.04,0.05,Regular Air,-77.93,3.28,5,Trudy Bell,Alberta,West,Consumer,Office Supplies,Pens & Art Supplies,Newell 35,Wrap Bag,0.56,8/5/2011
5737,40770,4/16/2011,Low,19,217.69,0.09,Regular Air,-11.66,11.33,6.12,Cassandra Brandow,Alberta,West,Home Office,Office Supplies,Appliances,"Holmes Replacement Filter for HEPA Air Cleaner, Medium Room",Medium Box,0.42,4/21/2011
5975,42370,11/21/2011,High,33,125.27,0.07,Regular Air,-105.83,3.81,4.83,Catherine Glotzbach,Alberta,West,Home Office,Office Supplies,Binders and Binder Accessories,"Acco Pressboard Covers with Storage Hooks, 14 7/8"" x 11"", Executive Red",Small Box,0.4,11/23/2011
6047,42855,7/8/2011,Not Specified,17,135.38,0.05,Regular Air,-71.12,7.98,6.5,Sonia Cooley,Alberta,West,Corporate,Office Supplies,Storage & Organization,Iris Project Case,Medium Box,0.59,7/10/2011
6166,43686,5/7/2011,Medium,16,1313.64,0.05,Regular Air,284.84,83.1,6.13,Tom Boeckenhauer,Alberta,West,Corporate,Technology,Computer Peripherals,"Micro Innovations Micro Digital Wireless Keyboard and Mouse, Gray",Small Box,0.45,5/8/2011
7084,50563,7/16/2011,High,2,423.04,0.05,Express Air,-270.70,210.55,9.99,Alejandro Ballentine,Alberta,West,Small Business,Office Supplies,Storage & Organization,"24 Capacity Maxi Data Binder Racks, Pearl",Small Box,0.6,7/17/2011
7085,50563,7/16/2011,High,20,2197.4115,0,Express Air,305.96,125.99,7.69,Alejandro Ballentine,Alberta,West,Small Business,Technology,Telephones and Communication,Timeport L7089,Small Box,0.58,7/17/2011
7223,51553,11/27/2011,Not Specified,3,21366.51,0,Regular Air,-11984.40,6783.02,24.49,Adrian Barton,Alberta,West,Small Business,Technology,Office Machines,Polycom ViewStationª ISDN Videoconferencing Unit,Large Box,0.39,11/28/2011
7224,51553,11/27/2011,Not Specified,34,320.04,0.02,Express Air,32.47,9.27,4.39,Adrian Barton,Alberta,West,Small Business,Office Supplies,Paper,"Wirebound Message Books, Four 2 3/4"" x 5"" Forms per Page, 600 Sets per Book",Wrap Bag,0.38,11/29/2011
7225,51553,11/27/2011,Not Specified,12,88.57,0.03,Regular Air,-28.25,6.68,6.15,Adrian Barton,Alberta,West,Small Business,Office Supplies,Paper,Xerox 1968,Small Box,0.37,11/29/2011
7226,51553,11/27/2011,Not Specified,13,73.97,0.1,Regular Air,-38.35,5.78,5.67,Adrian Barton,Alberta,West,Small Business,Office Supplies,Paper,Xerox 1978,Small Box,0.36,11/30/2011
7327,52199,1/26/2011,Medium,19,92.24,0.05,Regular Air,-60.58,4.82,5.24,Adam Shillingsburg,Alberta,West,Corporate,Office Supplies,Binders and Binder Accessories,Wilson Jones Turn Tabs Binder Tool for Ring Binders,Small Box,0.39,1/27/2011
7341,52293,4/15/2011,High,4,31.14,0.08,Regular Air,-14.59,6.48,5.86,Ken Lonsdale,Alberta,West,Consumer,Office Supplies,Paper,Xerox 1904,Small Box,0.36,4/16/2011
7484,53443,10/8/2011,Critical,35,1477.63,0.04,Regular Air,387.56,42.98,4.62,Jenna Caffey,Alberta,West,Consumer,Office Supplies,Appliances,Belkin F9M820V08 8 Outlet Surge,Small Box,0.56,10/9/2011
7485,53443,10/8/2011,Critical,3,19.46,0.01,Regular Air,-2.01,6.3,0.5,Jenna Caffey,Alberta,West,Consumer,Office Supplies,Labels,Avery 51,Small Box,0.39,10/10/2011
7486,53443,10/8/2011,Critical,22,148.8,0.04,Regular Air,52.08,6.47,1.22,Jenna Caffey,Alberta,West,Consumer,Office Supplies,Pens & Art Supplies,"Staples Pen Style Liquid Stix; Assorted (yellow, pink, green, blue, orange), 5/Pack",Wrap Bag,0.4,10/9/2011
7527,53767,8/26/2011,Not Specified,35,1131.15,0.03,Regular Air,433.87,30.98,5.76,Sibella Parks,Alberta,West,Small Business,Office Supplies,Paper,"IBM Multi-Purpose Copy Paper, 8 1/2 x 11"", Case",Small Box,0.4,8/27/2011
7645,54787,2/24/2011,High,7,170.02,0.07,Regular Air,-56.10,22.84,16.87,Cassandra Brandow,Alberta,West,Home Office,Office Supplies,Paper,Xerox 1982,Small Box,0.39,2/25/2011
7963,56929,9/26/2011,High,22,205.88,0.08,Regular Air,20.68,9.78,1.99,Claire Good,Alberta,West,Home Office,Technology,Computer Peripherals,"Memorex Slim 80 Minute CD-R, 10/Pack",Small Pack,0.43,9/28/2011
744,5347,2/21/2011,Medium,7,525.555,0.04,Regular Air,-60.67,85.99,1.25,Kelly Williams,Alberta,West,Corporate,Technology,Telephones and Communication,Accessory8,Small Pack,0.39,2/23/2011
745,5347,2/21/2011,Medium,39,276.029,0.05,Regular Air,-108.19,7.99,5.03,Kelly Williams,Alberta,West,Corporate,Technology,Telephones and Communication,Bell Sonecor JB700 Caller ID,Medium Box,0.6,2/24/2011
746,5347,2/21/2011,Medium,1,187.204,0.01,Regular Air,-796.76,205.99,5.26,Kelly Williams,Alberta,West,Corporate,Technology,Telephones and Communication,i470,Small Box,0.56,2/22/2011
974,7077,12/21/2011,High,14,304.52,0.04,Regular Air,25.34,21.78,5.94,Georgia Rosenberg,Alberta,West,Consumer,Office Supplies,Appliances,Holmes HEPA Air Purifier,Medium Box,0.5,12/23/2011
991,7142,7/21/2011,Critical,36,132.86,0.06,Regular Air,57.00,3.69,0.5,Cari Sayre,Alberta,West,Corporate,Office Supplies,Labels,Avery 501,Small Box,0.38,7/23/2011
1213,8902,6/19/2011,High,27,180.46,0.05,Regular Air,-57.62,6.48,5.94,Georgia Rosenberg,Alberta,West,Consumer,Office Supplies,Paper,"Eureka Recycled Copy Paper 8 1/2"" x 11"", Ream",Small Box,0.37,6/21/2011
1602,11648,4/9/2011,Low,1,32.51,0.1,Regular Air,-90.94,35.41,1.99,Brian DeCherney,Alberta,West,Corporate,Technology,Computer Peripherals,Imation DVD-RAM discs,Small Pack,0.43,4/16/2011
1603,11648,4/9/2011,Low,33,570.51,0,Regular Air,-142.75,16.74,7.04,Brian DeCherney,Alberta,West,Corporate,Office Supplies,Storage & Organization,Rogers¨ Profile Extra Capacity Storage Tub,Small Box,0.81,4/9/2011
1763,12641,2/22/2011,Low,2,107.12,0.08,Regular Air,-54.87,55.98,4.86,Annie Thurman,Alberta,West,Home Office,Office Supplies,Paper,Xerox 1908,Small Box,0.36,2/28/2011
1764,12641,2/22/2011,Low,25,676.24,0.05,Regular Air,219.78,26.38,5.86,Annie Thurman,Alberta,West,Home Office,Office Supplies,Paper,Xerox 1935,Small Box,0.39,2/26/2011
1765,12641,2/22/2011,Low,24,3668.6,0.07,Regular Air,993.15,155.06,7.07,Annie Thurman,Alberta,West,Home Office,Office Supplies,Storage & Organization,"Dual Level, Single-Width Filing Carts",Small Box,0.59,2/26/2011
2142,15300,2/8/2011,High,42,229.88,0.05,Express Air,-75.25,5.28,5.06,Cari Sayre,Alberta,West,Home Office,Office Supplies,Paper,Astroparche¨ Fine Business Paper,Small Box,0.37,2/10/2011
2154,15425,7/25/2011,Low,29,2896.14,0.08,Express Air,366.63,99.99,19.99,Larry Tron,Alberta,West,Home Office,Technology,Computer Peripherals,U.S. Robotics 56K Internet Call Modem,Small Box,0.5,7/29/2011
2333,16805,12/30/2011,Low,29,852.75,0.08,Regular Air,358.73,30.44,1.49,Alice McCarthy,Alberta,West,Corporate,Office Supplies,Binders and Binder Accessories,"Premier Elliptical Ring Binder, Black",Small Box,0.37,1/1/2012
2334,16805,12/30/2011,Low,26,172.33,0.04,Regular Air,-52.21,6.48,5.74,Alice McCarthy,Alberta,West,Corporate,Office Supplies,Paper,Xerox 1994,Small Box,0.37,1/1/2012
2586,18688,3/5/2011,Not Specified,49,14346.73,0.04,Regular Air,5762.52,304.99,19.99,Emily Grady,Alberta,West,Home Office,Office Supplies,Binders and Binder Accessories,Ibico Hi-Tech Manual Binding System,Small Box,0.4,3/7/2011
2587,18688,3/5/2011,Not Specified,15,40.34,0.09,Regular Air,10.59,2.89,0.5,Emily Grady,Alberta,West,Home Office,Office Supplies,Labels,Avery 498,Small Box,0.38,3/7/2011
2588,18688,3/5/2011,Not Specified,41,3951.6755,0.1,Regular Air,812.24,125.99,4.2,Emily Grady,Alberta,West,Home Office,Technology,Telephones and Communication,i1000plus,Small Box,0.57,3/6/2011
3469,24705,9/15/2011,Critical,34,260.51,0.03,Regular Air,-127.52,7.3,7.72,Annie Thurman,Alberta,West,Consumer,Office Supplies,Binders and Binder Accessories,"Angle-D Binders with Locking Rings, Label Holders",Small Box,0.38,9/17/2011
3470,24705,9/15/2011,Critical,15,466.28,0,Regular Air,92.70,29.89,1.99,Annie Thurman,Alberta,West,Consumer,Technology,Computer Peripherals,"Verbatim DVD-RAM, 5.2GB, Rewritable, Type 1, DS",Small Pack,0.5,9/17/2011
3512,25028,1/5/2011,Critical,5,477.39,0.02,Delivery Truck,-211.36,81.94,55.81,Anthony Jacobs,Alberta,West,Home Office,Furniture,Bookcases,O'Sullivan 5-Shelf Heavy-Duty Bookcases,Jumbo Box,0.6,1/6/2011
3513,25028,1/5/2011,Critical,14,552.08,0,Express Air,203.24,37.94,5.08,Anthony Jacobs,Alberta,West,Home Office,Office Supplies,Paper,"Snap-A-Way¨ Black Print Carbonless Ruled Speed Letter, Triplicate",Wrap Bag,0.38,1/7/2011
3562,25412,6/6/2011,Not Specified,18,129.77,0.01,Regular Air,-99.42,6.48,9.68,Katrina Edelman,Alberta,West,Corporate,Office Supplies,Paper,Xerox 1993,Small Box,0.36,6/8/2011
4466,31844,7/2/2011,Not Specified,14,2085.93,0.09,Delivery Truck,-517.73,150.98,66.27,Harold Pawlan,Alberta,West,Small Business,Furniture,Bookcases,Bush Mission Pointe Library,Jumbo Box,0.65,7/2/2011
4759,33824,3/2/2011,Critical,19,50.99,0.06,Regular Air,-3.80,2.78,1.34,Katrina Edelman,Alberta,West,Corporate,Office Supplies,Pens & Art Supplies,Prang Drawing Pencil Set,Wrap Bag,0.45,3/3/2011
4806,34179,11/2/2011,Not Specified,21,293.27,0.07,Regular Air,44.56,14.48,1.99,Brian DeCherney,Alberta,West,Corporate,Technology,Computer Peripherals,TDK 4.7GB DVD+RW,Small Pack,0.49,11/4/2011
5004,35684,8/3/2011,Low,10,910.98,0.07,Regular Air,18.77,96.45,13.99,Cari Sayre,Alberta,West,Corporate,Technology,Office Machines,Soundgear TeleForum DX Desktop Conference Phone,Medium Box,0.38,8/8/2011
5107,36387,11/7/2011,High,32,616.39,0.09,Regular Air,148.28,20.89,1.99,Brian DeCherney,Alberta,West,Corporate,Technology,Computer Peripherals,"IBM 80 Minute CD-R Spindle, 50/Pack",Small Pack,0.48,11/10/2011
5149,36704,6/16/2011,High,43,134.33,0.07,Express Air,25.02,3.14,1.14,Annie Thurman,Alberta,West,Home Office,Office Supplies,Paper,"Adams ""While You Were Out"" Message Pads",Wrap Bag,0.4,6/17/2011
5150,36704,6/16/2011,High,19,70.32,0.08,Regular Air,-56.07,3.57,4.17,Annie Thurman,Alberta,West,Home Office,Office Supplies,Pens & Art Supplies,Barrel Sharpener,Small Pack,0.59,6/18/2011
5388,38311,4/23/2011,Medium,9,1201.51,0.1,Express Air,-185.48,140.85,19.99,Craig Leslie,Alberta,West,Consumer,Office Supplies,Storage & Organization,"Fellowes Strictly Business¨ Drawer File, Letter/Legal Size",Small Box,0.73,4/25/2011
5407,38438,5/31/2011,Critical,16,621.93,0.08,Regular Air,-49.77,39.98,4,Emily Grady,Alberta,West,Home Office,Technology,Computer Peripherals,Microsoft Natural Keyboard Elite,Small Box,0.7,6/2/2011
5408,38438,5/31/2011,Critical,17,121.09,0.05,Regular Air,-30.51,6.68,5.66,Emily Grady,Alberta,West,Home Office,Office Supplies,Paper,Xerox 1923,Small Box,0.37,6/1/2011
5671,40102,2/3/2011,Medium,46,412.37,0.06,Express Air,2.71,8.67,3.5,Alice McCarthy,Alberta,West,Corporate,Office Supplies,Appliances,Staples 4 Outlet Surge Protector,Small Box,0.58,2/5/2011
5891,41794,5/27/2011,Critical,48,836.59,0.06,Regular Air,-106.80,17.99,8.65,Larry Tron,Alberta,West,Home Office,Office Supplies,Pens & Art Supplies,Model L Table or Wall-Mount Pencil Sharpener,Small Box,0.57,5/28/2011
5892,41794,5/27/2011,Critical,21,58.14,0.04,Regular Air,-2.23,2.78,0.97,Larry Tron,Alberta,West,Home Office,Office Supplies,Pens & Art Supplies,Newell 333,Wrap Bag,0.59,5/29/2011
5893,41794,5/27/2011,Critical,49,891.6075,0.06,Regular Air,100.59,20.99,4.81,Larry Tron,Alberta,West,Home Office,Technology,Telephones and Communication,1726 Digital Answering Machine,Medium Box,0.58,5/29/2011
6032,42725,5/2/2011,Medium,18,231.06,0.04,Regular Air,-29.83,12.28,6.13,Frank Merwin,Alberta,West,Corporate,Office Supplies,Storage & Organization,Recycled Eldon Regeneration Jumbo File,Small Box,0.57,5/3/2011
6812,48486,5/12/2011,High,42,271.14,0.07,Regular Air,-174.74,6.48,7.91,Frank Merwin,Alberta,West,Corporate,Office Supplies,Paper,Xerox 216,Small Box,0.37,5/14/2011
7230,51557,10/31/2011,High,36,1749.07,0.04,Regular Air,804.66,48.04,5.79,Craig Carroll,Alberta,West,Corporate,Office Supplies,Paper,Xerox 1937,Small Box,0.37,11/2/2011
7231,51557,10/31/2011,High,14,37.9,0.08,Regular Air,-22.01,2.6,2.4,Craig Carroll,Alberta,West,Corporate,Office Supplies,Pens & Art Supplies,12 Colored Short Pencils,Wrap Bag,0.58,10/31/2011
7553,54051,8/11/2011,Medium,23,3301.33,0.05,Delivery Truck,-307.46,140.98,36.09,Alice McCarthy,Alberta,West,Corporate,Furniture,Bookcases,"Sauder Forest Hills Library, Woodland Oak Finish",Jumbo Box,0.77,8/13/2011
7554,54051,8/11/2011,Medium,28,126.95,0.06,Express Air,45.87,4.13,0.99,Alice McCarthy,Alberta,West,Corporate,Office Supplies,Labels,Avery 491,Small Box,0.39,8/12/2011
7564,54116,11/3/2011,Critical,22,3329.27,0.05,Delivery Truck,350.00,150.98,16.01,Frank Gastineau,Alberta,West,Small Business,Furniture,Tables,"Iceberg OfficeWorks 42"" Round Tables",Jumbo Box,0.7,11/4/2011
7989,57121,11/16/2011,Not Specified,42,199.24,0.07,Regular Air,-84.26,4.98,4.72,Grace Kelly,Alberta,West,Consumer,Office Supplies,Paper,Xerox 1949,Small Box,0.36,11/18/2011
7990,57121,11/16/2011,Not Specified,3,504.6705,0.01,Regular Air,-800.89,195.99,4.2,Grace Kelly,Alberta,West,Consumer,Technology,Telephones and Communication,T65,Small Box,0.56,11/18/2011
3,32,7/15/2011,High,26,2808.08,0.07,Regular Air,1054.82,107.53,5.81,Liz Pelletier,Alberta,West,Corporate,Furniture,Office Furnishings,"Tenex Contemporary Contur Chairmats for Low and Medium Pile Carpet, Computer, 39"" x 49""",Medium Box,0.65,7/17/2011
4,32,7/15/2011,High,24,1761.4,0.09,Delivery Truck,-1748.56,70.89,89.3,Liz Pelletier,Alberta,West,Corporate,Furniture,Tables,KI Conference Tables,Jumbo Box,0.72,7/16/2011
5,32,7/15/2011,High,23,160.2335,0.04,Regular Air,-85.13,7.99,5.03,Liz Pelletier,Alberta,West,Corporate,Technology,Telephones and Communication,Bell Sonecor JB700 Caller ID,Medium Box,0.6,7/17/2011
72,420,10/30/2011,Not Specified,8,43.29,0.09,Regular Air,-20.69,4.98,4.86,Tony Sayre,Alberta,West,Small Business,Office Supplies,Paper,Xerox 190,Small Box,0.38,10/30/2011
73,420,10/30/2011,Not Specified,6,41.7,0.03,Regular Air,-14.56,5.78,5.37,Tony Sayre,Alberta,West,Small Business,Office Supplies,Paper,Xerox 1950,Small Box,0.36,11/1/2011
429,2882,8/21/2011,High,23,3872.87,0.03,Delivery Truck,565.34,160.98,30,Yoseph Carroll,Alberta,West,Consumer,Furniture,Chairs & Chairmats,Office Star - Mid Back Dual function Ergonomic High Back Chair with 2-Way Adjustable Arms,Jumbo Drum,0.62,8/23/2011
430,2882,8/21/2011,High,9,356.72,0.07,Regular Air,12.61,40.98,1.99,Yoseph Carroll,Alberta,West,Consumer,Technology,Computer Peripherals,"Imation Printable White 80 Minute CD-R Spindle, 50/Pack",Small Pack,0.44,8/22/2011
666,4672,11/6/2011,Critical,20,152.44,0.08,Regular Air,-16.64,7.7,3.68,Alan Dominguez,Alberta,West,Corporate,Furniture,Office Furnishings,Deflect-O¨ Glasstiqueª Clear Desk Accessories,Wrap Bag,0.52,11/7/2011
1046,7680,4/8/2011,Not Specified,32,1141.37,0.04,Regular Air,-0.14,35.44,19.99,Jim Karlsson,Alberta,West,Small Business,Office Supplies,Paper,Xerox 1880,Small Box,0.38,4/8/2011
1267,9221,1/3/2011,Low,9,79.64,0.03,Regular Air,-377.74,3.25,49,Christopher Conant,Alberta,West,Consumer,Office Supplies,Appliances,"Bravo IIª Megaboss¨ 12-Amp Hard Body Upright, Replacement Belts, 2 Belts per Pack",Large Box,0.56,1/7/2011
1268,9221,1/3/2011,Low,25,1527.42,0.04,Regular Air,326.40,60.98,19.99,Christopher Conant,Alberta,West,Consumer,Office Supplies,Envelopes,"Tyvek Interoffice Envelopes, 9 1/2"" x 12 1/2"", 100/Box",Small Box,0.38,1/7/2011
1280,9286,4/3/2011,Critical,26,123.16,0.1,Regular Air,45.79,4.98,0.8,Tonja Turnell,Alberta,West,Consumer,Office Supplies,Paper,Rediform S.O.S. Phone Message Books,Wrap Bag,0.36,4/5/2011
1377,9955,9/4/2011,Critical,37,2912.015,0.09,Regular Air,698.17,95.99,4.9,Liz Pelletier,Alberta,West,Corporate,Technology,Telephones and Communication,T60,Small Box,0.56,9/6/2011
1498,10820,12/27/2011,Not Specified,49,2072.12,0.04,Express Air,365.23,40.97,8.99,Cyma Kinney,Alberta,West,Small Business,Office Supplies,Pens & Art Supplies,Sanford 52201 APSCO Electric Pencil Sharpener,Small Pack,0.59,12/28/2011
1499,10820,12/27/2011,Not Specified,33,151.19,0.06,Regular Air,-13.45,4.71,0.7,Cyma Kinney,Alberta,West,Small Business,Office Supplies,Rubber Bands,Sterling Rubber Bands by Alliance,Wrap Bag,0.85,12/27/2011
1606,11651,2/22/2011,Medium,19,65.85,0.07,Express Air,3.90,3.28,0.98,Erica Smith,Alberta,West,Small Business,Office Supplies,Pens & Art Supplies,Newell 329,Wrap Bag,0.59,2/24/2011
1653,11910,6/15/2011,High,21,49.23,0.01,Regular Air,-77.71,1.98,4.77,Christopher Conant,Alberta,West,Home Office,Office Supplies,Binders and Binder Accessories,Avery Reinforcements for Hole-Punch Pages,Small Box,0.4,6/17/2011
1831,13126,10/19/2011,Not Specified,43,24233.54,0.07,Regular Air,6492.67,599.99,24.49,Raymond Book,Alberta,West,Consumer,Technology,Copiers and Fax,Canon PC1080F Personal Copier,Large Box,0.5,10/20/2011
1832,13126,10/19/2011,Not Specified,45,6325.65,0.02,Delivery Truck,114.46,135.99,28.63,Raymond Book,Alberta,West,Consumer,Furniture,Chairs & Chairmats,Global Deluxe High-Back Office Chair in Storm,Jumbo Drum,0.76,10/21/2011
1833,13126,10/19/2011,Not Specified,2,380.62,0.02,Delivery Truck,-301.73,179.29,29.21,Raymond Book,Alberta,West,Consumer,Furniture,Tables,"Bevis Round Conference Table Top, X-Base",Jumbo Box,0.74,10/21/2011
2380,17253,8/17/2011,Critical,13,50.19,0.08,Regular Air,-64.39,3.52,6.83,Roy Phan,Alberta,West,Corporate,Office Supplies,Binders and Binder Accessories,Self-Adhesive Ring Binder Labels,Small Box,0.38,8/19/2011
2385,17287,4/5/2011,High,38,5793.46,0.01,Regular Air,2477.77,150.98,13.99,Shui Tom,Alberta,West,Home Office,Technology,Office Machines,Canon MP41DH Printing Calculator,Medium Box,0.38,4/6/2011
2386,17287,4/5/2011,High,11,4558.21,0.06,Regular Air,993.81,415.88,11.37,Shui Tom,Alberta,West,Home Office,Office Supplies,Storage & Organization,Deluxe Rollaway Locking File with Drawer,Small Box,0.57,4/7/2011
2387,17287,4/5/2011,High,26,4361.6985,0.05,Regular Air,1069.79,195.99,4.2,Shui Tom,Alberta,West,Home Office,Technology,Telephones and Communication,T65,Small Box,0.56,4/7/2011
2559,18503,5/5/2011,Not Specified,46,6637.63,0.03,Delivery Truck,1487.94,145.45,17.85,Sarah Brown,Alberta,West,Consumer,Technology,Office Machines,Panasonic KX-P1150 Dot Matrix Printer,Jumbo Drum,0.56,5/7/2011
2560,18503,5/5/2011,Not Specified,13,928.9055,0.06,Regular Air,-23.93,85.99,2.79,Sarah Brown,Alberta,West,Consumer,Technology,Telephones and Communication,6340,Small Box,0.58,5/7/2011
3116,22375,4/7/2011,Not Specified,43,816.11,0.04,Regular Air,66.14,18.97,9.54,Christine Abelman,Alberta,West,Corporate,Office Supplies,Paper,Xerox 1939,Small Box,0.37,4/8/2011
3509,24996,9/25/2011,Critical,36,1793.24,0.01,Regular Air,739.36,46.89,5.1,Roy Phan,Alberta,West,Consumer,Office Supplies,Appliances,Bionaire Personal Warm Mist Humidifier/Vaporizer,Medium Box,0.46,9/26/2011
3510,24996,9/25/2011,Critical,2,143.667,0.09,Regular Air,-363.55,85.99,1.25,Roy Phan,Alberta,West,Consumer,Technology,Telephones and Communication,Accessory8,Small Pack,0.39,9/27/2011
3738,26723,3/3/2011,Low,8,441.8045,0.03,Regular Air,-201.49,65.99,7.69,Roy Phan,Alberta,West,Consumer,Technology,Telephones and Communication,5190,Small Box,0.59,3/8/2011
4170,29569,7/3/2011,High,46,27720.98,0.07,Regular Air,11984.40,599.99,24.49,Raymond Book,Alberta,West,Consumer,Technology,Copiers and Fax,Hewlett Packard LaserJet 3310 Copier,Large Box,0.37,7/4/2011
4171,29569,7/3/2011,High,29,520.13,0.1,Regular Air,127.55,18.97,5.21,Raymond Book,Alberta,West,Consumer,Office Supplies,Paper,Xerox 1887,Small Box,0.37,7/5/2011
4197,29827,7/14/2011,Critical,35,926.65,0.01,Regular Air,-75.38,26.31,5.89,Raymond Book,Alberta,West,Consumer,Technology,Computer Peripherals,"Micro Innovations Micro 3000 Keyboard, Black",Small Box,0.75,7/15/2011
4393,31271,4/20/2011,Low,4,43.29,0.03,Regular Air,-0.36,8.37,10.16,Clay Cheatham,Alberta,West,Small Business,Furniture,Office Furnishings,Westinghouse Clip-On Gooseneck Lamps,Large Box,0.59,4/27/2011
4406,31399,11/5/2011,Not Specified,9,337.2035,0.09,Regular Air,-120.93,45.99,4.99,Adrian Shami,Alberta,West,Consumer,Technology,Telephones and Communication,KF 788,Small Box,0.56,11/6/2011
4498,32007,2/5/2011,Low,41,17448.75,0.06,Delivery Truck,9.93,417.4,75.23,Tonja Turnell,Alberta,West,Consumer,Furniture,Tables,Bretford ÒJust In TimeÓ Height-Adjustable Multi-Task Work Tables,Jumbo Box,0.79,2/9/2011
4750,33764,2/10/2011,Critical,4,539.82,0,Regular Air,-64.78,120.33,19.99,Tony Sayre,Alberta,West,Small Business,Office Supplies,Storage & Organization,Iceberg Mobile Mega Data/Printer Cart ¨,Small Box,0.59,2/12/2011
4751,33764,2/10/2011,Critical,6,1029.8855,0.06,Express Air,-620.83,205.99,8.99,Tony Sayre,Alberta,West,Small Business,Technology,Telephones and Communication,TimeportP7382,Small Box,0.56,2/11/2011
4974,35366,7/12/2011,Low,23,149.31,0.06,Regular Air,-98.42,6.48,7.81,Raymond Book,Alberta,West,Consumer,Office Supplies,Paper,Xerox 209,Small Box,0.37,7/19/2011
5122,36482,7/5/2011,Medium,7,55.68,0.1,Express Air,-7.40,5.98,5.15,Erica Smith,Alberta,West,Small Business,Office Supplies,Paper,Xerox 193,Small Box,0.36,7/6/2011
5123,36482,7/5/2011,Medium,47,14588.28,0.06,Delivery Truck,861.78,328.14,91.05,Erica Smith,Alberta,West,Small Business,Office Supplies,Appliances,"Sanyo Counter Height Refrigerator with Crisper, 3.6 Cubic Foot, Stainless Steel/Black",Jumbo Drum,0.57,7/6/2011
5124,36482,7/5/2011,Medium,27,2675.08,0.07,Express Air,489.58,105.34,24.49,Erica Smith,Alberta,West,Small Business,Furniture,Office Furnishings,Deflect-o DuraMat Antistatic Studded Beveled Mat for Medium Pile Carpeting,Large Box,0.61,7/7/2011
5644,39937,5/23/2011,Medium,42,113.33,0.07,Regular Air,-0.40,2.78,1.49,Raymond Book,Alberta,West,Consumer,Office Supplies,Binders and Binder Accessories,Acco Suede Grain Vinyl Round Ring Binder,Small Box,0.39,5/23/2011
5658,40034,3/10/2011,Medium,47,603.69,0,Express Air,131.39,12.28,4.86,Yoseph Carroll,Alberta,West,Consumer,Office Supplies,Paper,Xerox 1933,Small Box,0.38,3/11/2011
6111,43298,7/10/2011,Not Specified,33,5964.19,0.1,Regular Air,988.20,199.99,24.49,Tonja Turnell,Alberta,West,Consumer,Technology,Copiers and Fax,Canon PC-428 Personal Copier,Large Box,0.46,7/12/2011
6112,43298,7/10/2011,Not Specified,15,109.2,0.03,Regular Air,-50.27,6.48,7.37,Tonja Turnell,Alberta,West,Consumer,Office Supplies,Paper,Xerox 210,Small Box,0.37,7/12/2011
6288,44516,6/29/2011,Critical,17,57.96,0.06,Regular Air,-47.32,3.28,3.97,Andrew Roberts,Alberta,West,Small Business,Office Supplies,Pens & Art Supplies,Newell 342,Wrap Bag,0.56,6/29/2011
7109,50726,10/31/2011,Low,45,9248.74,0,Delivery Truck,2532.00,200.98,23.76,Ruben Dartt,Alberta,West,Corporate,Furniture,Chairs & Chairmats,"Global Leather Highback Executive Chair with Pneumatic Height Adjustment, Black",Jumbo Drum,0.58,11/4/2011
7110,50726,10/31/2011,Low,21,98.88,0.07,Express Air,36.01,4.13,0.99,Ruben Dartt,Alberta,West,Corporate,Office Supplies,Labels,Avery 491,Small Box,0.39,10/31/2011
7119,50790,7/16/2011,Critical,47,255.65,0,Regular Air,-148.80,4.97,5.71,Christopher Conant,Alberta,West,Home Office,Furniture,Office Furnishings,"DAX Value U-Channel Document Frames, Easel Back",Medium Box,0.54,7/18/2011
1219,8961,6/28/2011,Low,48,4644.87,0.08,Delivery Truck,-1291.39,100.8,60,Jessica Myrick,Alberta,West,Small Business,Furniture,Tables,"Barricks 18"" x 48"" Non-Folding Utility Table with Bottom Storage Shelf",Jumbo Drum,0.59,7/3/2011
2082,14883,5/6/2011,Low,38,978.4,0.07,Delivery Truck,-211.58,25.98,14.36,Jason Fortune,Alberta,West,Corporate,Furniture,Chairs & Chairmats,"Global Stack Chair without Arms, Black",Jumbo Drum,0.6,5/11/2011
2083,14883,5/6/2011,Low,47,5126.418,0.03,Regular Air,1557.64,125.99,2.5,Jason Fortune,Alberta,West,Corporate,Technology,Telephones and Communication,i2000,Small Box,0.6,5/15/2011
5577,39492,4/17/2011,Not Specified,31,5347.9875,0.01,Regular Air,1332.44,200.99,4.2,Jason Fortune,Alberta,West,Corporate,Technology,Telephones and Communication,2160i,Small Box,0.59,4/20/2011
7586,54279,7/30/2011,High,41,10071.09,0.1,Delivery Truck,1977.69,264.98,17.86,Harry Greene,Alberta,West,Corporate,Technology,Office Machines,Panasonic KX-P1131 Dot Matrix Printer,Jumbo Drum,0.58,7/31/2011
7906,56550,4/8/2011,Not Specified,37,823.78,0.03,Express Air,343.05,22.23,5.08,Frank Hawley,Alberta,West,Home Office,Furniture,Office Furnishings,"Executive Impressions 14""",Small Pack,0.41,4/10/2011
7907,56550,4/8/2011,Not Specified,8,469.8375,0,Regular Air,-159.24,65.99,8.99,Frank Hawley,Alberta,West,Home Office,Technology,Telephones and Communication,Talkabout T8367,Small Box,0.56,4/9/2011
